297	44715cf31eb963e2af05d9121142bae7	414	MobiDBLite	mobidb-lite	consensus disorder prediction	204	235	-	T	13-08-2026	-	-	-	-
297	44715cf31eb963e2af05d9121142bae7	414	Pfam	PF30021	Retroviral Gag protein N-terminal domain	12	94	1.8E-22	T	13-08-2026	IPR062189	Retroviral Gag protein, N-terminal domain 2	-	-
297	44715cf31eb963e2af05d9121142bae7	414	MobiDBLite	mobidb-lite	consensus disorder prediction	206	220	-	T	13-08-2026	-	-	-	-
297	44715cf31eb963e2af05d9121142bae7	414	MobiDBLite	mobidb-lite	consensus disorder prediction	221	235	-	T	13-08-2026	-	-	-	-
CopiaSL_13	87523d87844d0b7e7fd26683ef1afd16	296	Pfam	PF14244	Gag-polypeptide of LTR copia-type	24	70	1.8E-16	T	13-08-2026	IPR029472	Retrotransposon Copia-like, N-terminal	-	-
CopiaSL_13	87523d87844d0b7e7fd26683ef1afd16	296	PANTHER	PTHR37610	CCHC-TYPE DOMAIN-CONTAINING PROTEIN	16	251	3.4E-76	T	13-08-2026	-	-	-	-
CopiaSL_15	37b7e93bc4602bab01162e45928a9b90	349	PANTHER	PTHR37610	CCHC-TYPE DOMAIN-CONTAINING PROTEIN	1	219	2.6E-71	T	13-08-2026	-	-	-	-
CopiaSL_15	37b7e93bc4602bab01162e45928a9b90	349	Pfam	PF14244	Gag-polypeptide of LTR copia-type	6	52	2.2E-14	T	13-08-2026	IPR029472	Retrotransposon Copia-like, N-terminal	-	-
Pyret	bb0e0c942937ecf0c299ab166d223dce	638	Gene3D	G3DSA:4.10.60.10	-	227	278	1.1E-6	T	13-08-2026	-	-	-	-
Pyret	bb0e0c942937ecf0c299ab166d223dce	638	ProSiteProfiles	PS50158	Zinc finger CCHC-type profile.	234	250	10.031823	T	13-08-2026	IPR001878	Zinc finger, CCHC-type	GO:0003676(InterPro)|GO:0008270(InterPro)	Reactome:R-BTA-159231|Reactome:R-BTA-159236|Reactome:R-BTA-72163|Reactome:R-BTA-72165|Reactome:R-BTA-72203|Reactome:R-BTA-73856|Reactome:R-BTA-77595|Reactome:R-BTA-9770562|Reactome:R-CEL-159236|Reactome:R-CEL-72163|Reactome:R-CEL-73856|Reactome:R-DME-159231|Reactome:R-DME-159236|Reactome:R-DME-1834941|Reactome:R-DME-72163|Reactome:R-DME-72165|Reactome:R-DME-72203|Reactome:R-DME-73856|Reactome:R-DME-77595|Reactome:R-DME-8941326|Reactome:R-DME-9770562|Reactome:R-DME-9930044|Reactome:R-DRE-72165|Reactome:R-HSA-1169408|Reactome:R-HSA-159231|Reactome:R-HSA-159236|Reactome:R-HSA-162585|Reactome:R-HSA-162588|Reactome:R-HSA-162592|Reactome:R-HSA-162594|Reactome:R-HSA-164516|Reactome:R-HSA-164525|Reactome:R-HSA-164843|Reactome:R-HSA-168315|Reactome:R-HSA-173107|Reactome:R-HSA-174490|Reactome:R-HSA-174495|Reactome:R-HSA-175474|Reactome:R-HSA-175567|Reactome:R-HSA-177539|Reactome:R-HSA-180689|Reactome:R-HSA-180910|Reactome:R-HSA-429947|Reactome:R-HSA-452723|Reactome:R-HSA-6784531|Reactome:R-HSA-72163|Reactome:R-HSA-72165|Reactome:R-HSA-72187|Reactome:R-HSA-72203|Reactome:R-HSA-73856|Reactome:R-HSA-77595|Reactome:R-HSA-9013422|Reactome:R-HSA-9682706|Reactome:R-HSA-9694686|Reactome:R-HSA-9705671|Reactome:R-HSA-9770562|Reactome:R-HSA-9819196|Reactome:R-HSA-9820865|Reactome:R-HSA-983168|Reactome:R-HSA-9843970|Reactome:R-HSA-9918481|Reactome:R-HSA-9930044|Reactome:R-HSA-9931510|Reactome:R-MMU-159231|Reactome:R-MMU-159236|Reactome:R-MMU-72163|Reactome:R-MMU-72165|Reactome:R-MMU-72187|Reactome:R-MMU-72203|Reactome:R-MMU-73856|Reactome:R-MMU-77595|Reactome:R-MMU-9013422|Reactome:R-MMU-9770562|Reactome:R-MMU-983168|Reactome:R-MMU-9930044|Reactome:R-RNO-159231|Reactome:R-RNO-72165|Reactome:R-RNO-73856|Reactome:R-RNO-77595|Reactome:R-RNO-9770562|Reactome:R-SCE-983168|Reactome:R-SPO-9770562|Reactome:R-SPO-983168|Reactome:R-XTR-77595|Reactome:R-XTR-9770562
Pyret	bb0e0c942937ecf0c299ab166d223dce	638	PANTHER	PTHR15503	LDOC1 RELATED	51	255	2.0E-22	T	13-08-2026	IPR032567	RTL1-related	-	-
Pyret	bb0e0c942937ecf0c299ab166d223dce	638	SUPERFAMILY	SSF57756	Retrovirus zinc finger-like domains	222	257	4.54E-7	T	13-08-2026	IPR036875	Zinc finger, CCHC-type superfamily	GO:0003676(InterPro)|GO:0008270(InterPro)	Reactome:R-BTA-159231|Reactome:R-BTA-159236|Reactome:R-BTA-72163|Reactome:R-BTA-72165|Reactome:R-BTA-72203|Reactome:R-BTA-73856|Reactome:R-BTA-77595|Reactome:R-BTA-9770562|Reactome:R-CEL-159236|Reactome:R-CEL-72163|Reactome:R-CEL-73856|Reactome:R-DME-159231|Reactome:R-DME-159236|Reactome:R-DME-1834941|Reactome:R-DME-72163|Reactome:R-DME-72165|Reactome:R-DME-72203|Reactome:R-DME-73856|Reactome:R-DME-77595|Reactome:R-DME-9770562|Reactome:R-DRE-72165|Reactome:R-HSA-1169408|Reactome:R-HSA-159231|Reactome:R-HSA-159236|Reactome:R-HSA-162585|Reactome:R-HSA-162588|Reactome:R-HSA-162592|Reactome:R-HSA-162594|Reactome:R-HSA-164516|Reactome:R-HSA-164525|Reactome:R-HSA-164843|Reactome:R-HSA-168315|Reactome:R-HSA-173107|Reactome:R-HSA-174490|Reactome:R-HSA-174495|Reactome:R-HSA-175474|Reactome:R-HSA-175567|Reactome:R-HSA-177539|Reactome:R-HSA-180689|Reactome:R-HSA-180910|Reactome:R-HSA-429947|Reactome:R-HSA-452723|Reactome:R-HSA-6784531|Reactome:R-HSA-72163|Reactome:R-HSA-72165|Reactome:R-HSA-72187|Reactome:R-HSA-72203|Reactome:R-HSA-73856|Reactome:R-HSA-77595|Reactome:R-HSA-9013422|Reactome:R-HSA-9682706|Reactome:R-HSA-9694686|Reactome:R-HSA-9705671|Reactome:R-HSA-9770562|Reactome:R-HSA-9819196|Reactome:R-HSA-9820865|Reactome:R-HSA-983168|Reactome:R-HSA-9918481|Reactome:R-HSA-9930044|Reactome:R-MMU-159231|Reactome:R-MMU-159236|Reactome:R-MMU-72163|Reactome:R-MMU-72165|Reactome:R-MMU-72187|Reactome:R-MMU-72203|Reactome:R-MMU-73856|Reactome:R-MMU-77595|Reactome:R-MMU-9013422|Reactome:R-MMU-9770562|Reactome:R-MMU-983168|Reactome:R-RNO-159231|Reactome:R-RNO-72165|Reactome:R-RNO-73856|Reactome:R-RNO-77595|Reactome:R-RNO-9770562|Reactome:R-SCE-983168|Reactome:R-SPO-9770562|Reactome:R-SPO-983168|Reactome:R-XTR-77595|Reactome:R-XTR-9770562
Pyret	bb0e0c942937ecf0c299ab166d223dce	638	Pfam	PF30901	PEG10/RTL1, C-terminal capsid-like domain	80	153	7.0E-17	T	13-08-2026	IPR063300	PEG10/RTL1, C-terminal capsid-like domain	-	-
Pyret	bb0e0c942937ecf0c299ab166d223dce	638	MobiDBLite	mobidb-lite	consensus disorder prediction	177	194	-	T	13-08-2026	-	-	-	-
Pyret	bb0e0c942937ecf0c299ab166d223dce	638	MobiDBLite	mobidb-lite	consensus disorder prediction	177	196	-	T	13-08-2026	-	-	-	-
Pyret	bb0e0c942937ecf0c299ab166d223dce	638	MobiDBLite	mobidb-lite	consensus disorder prediction	337	346	-	T	13-08-2026	-	-	-	-
Pyret	bb0e0c942937ecf0c299ab166d223dce	638	MobiDBLite	mobidb-lite	consensus disorder prediction	337	393	-	T	13-08-2026	-	-	-	-
Pyret	bb0e0c942937ecf0c299ab166d223dce	638	MobiDBLite	mobidb-lite	consensus disorder prediction	373	383	-	T	13-08-2026	-	-	-	-
CopiaSL_05	1d56a740e333b8a29e40e8301070ebae	298	PANTHER	PTHR37610	CCHC-TYPE DOMAIN-CONTAINING PROTEIN	17	235	2.2E-60	T	13-08-2026	-	-	-	-
CopiaSL_05	1d56a740e333b8a29e40e8301070ebae	298	Coils	Coil	Coil	257	260	-	T	13-08-2026	-	-	-	-
CopiaSL_05	1d56a740e333b8a29e40e8301070ebae	298	Pfam	PF14244	Gag-polypeptide of LTR copia-type	30	68	3.0E-8	T	13-08-2026	IPR029472	Retrotransposon Copia-like, N-terminal	-	-
CopiaSL_05	1d56a740e333b8a29e40e8301070ebae	298	Coils	Coil	Coil	235	239	-	T	13-08-2026	-	-	-	-
Zam	03a30977fb8d7c958d6da6b3a05fe9d8	343	MobiDBLite	mobidb-lite	consensus disorder prediction	260	301	-	T	13-08-2026	-	-	-	-
HMS-Beagle	a87a7f0f0d345e200f874b37466ea54f	467	MobiDBLite	mobidb-lite	consensus disorder prediction	272	284	-	T	13-08-2026	-	-	-	-
HMS-Beagle	a87a7f0f0d345e200f874b37466ea54f	467	MobiDBLite	mobidb-lite	consensus disorder prediction	1	17	-	T	13-08-2026	-	-	-	-
HMS-Beagle	a87a7f0f0d345e200f874b37466ea54f	467	MobiDBLite	mobidb-lite	consensus disorder prediction	358	377	-	T	13-08-2026	-	-	-	-
HMS-Beagle	a87a7f0f0d345e200f874b37466ea54f	467	MobiDBLite	mobidb-lite	consensus disorder prediction	272	351	-	T	13-08-2026	-	-	-	-
HMS-Beagle	a87a7f0f0d345e200f874b37466ea54f	467	MobiDBLite	mobidb-lite	consensus disorder prediction	1	27	-	T	13-08-2026	-	-	-	-
CopiaSL_monotypic|Chr06_2s27	040d6b1a66d6e5018fa8fb68889b5456	398	Pfam	PF14244	Gag-polypeptide of LTR copia-type	31	77	5.4E-12	T	13-08-2026	IPR029472	Retrotransposon Copia-like, N-terminal	-	-
CopiaSL_monotypic|Chr06_2s27	040d6b1a66d6e5018fa8fb68889b5456	398	PANTHER	PTHR37610	CCHC-TYPE DOMAIN-CONTAINING PROTEIN	26	259	8.0E-77	T	13-08-2026	-	-	-	-
CopiaSL_monotypic|Chr06_2s27	040d6b1a66d6e5018fa8fb68889b5456	398	SUPERFAMILY	SSF57756	Retrovirus zinc finger-like domains	308	336	5.76E-5	T	13-08-2026	IPR036875	Zinc finger, CCHC-type superfamily	GO:0003676(InterPro)|GO:0008270(InterPro)	Reactome:R-BTA-159231|Reactome:R-BTA-159236|Reactome:R-BTA-72163|Reactome:R-BTA-72165|Reactome:R-BTA-72203|Reactome:R-BTA-73856|Reactome:R-BTA-77595|Reactome:R-BTA-9770562|Reactome:R-CEL-159236|Reactome:R-CEL-72163|Reactome:R-CEL-73856|Reactome:R-DME-159231|Reactome:R-DME-159236|Reactome:R-DME-1834941|Reactome:R-DME-72163|Reactome:R-DME-72165|Reactome:R-DME-72203|Reactome:R-DME-73856|Reactome:R-DME-77595|Reactome:R-DME-9770562|Reactome:R-DRE-72165|Reactome:R-HSA-1169408|Reactome:R-HSA-159231|Reactome:R-HSA-159236|Reactome:R-HSA-162585|Reactome:R-HSA-162588|Reactome:R-HSA-162592|Reactome:R-HSA-162594|Reactome:R-HSA-164516|Reactome:R-HSA-164525|Reactome:R-HSA-164843|Reactome:R-HSA-168315|Reactome:R-HSA-173107|Reactome:R-HSA-174490|Reactome:R-HSA-174495|Reactome:R-HSA-175474|Reactome:R-HSA-175567|Reactome:R-HSA-177539|Reactome:R-HSA-180689|Reactome:R-HSA-180910|Reactome:R-HSA-429947|Reactome:R-HSA-452723|Reactome:R-HSA-6784531|Reactome:R-HSA-72163|Reactome:R-HSA-72165|Reactome:R-HSA-72187|Reactome:R-HSA-72203|Reactome:R-HSA-73856|Reactome:R-HSA-77595|Reactome:R-HSA-9013422|Reactome:R-HSA-9682706|Reactome:R-HSA-9694686|Reactome:R-HSA-9705671|Reactome:R-HSA-9770562|Reactome:R-HSA-9819196|Reactome:R-HSA-9820865|Reactome:R-HSA-983168|Reactome:R-HSA-9918481|Reactome:R-HSA-9930044|Reactome:R-MMU-159231|Reactome:R-MMU-159236|Reactome:R-MMU-72163|Reactome:R-MMU-72165|Reactome:R-MMU-72187|Reactome:R-MMU-72203|Reactome:R-MMU-73856|Reactome:R-MMU-77595|Reactome:R-MMU-9013422|Reactome:R-MMU-9770562|Reactome:R-MMU-983168|Reactome:R-RNO-159231|Reactome:R-RNO-72165|Reactome:R-RNO-73856|Reactome:R-RNO-77595|Reactome:R-RNO-9770562|Reactome:R-SCE-983168|Reactome:R-SPO-9770562|Reactome:R-SPO-983168|Reactome:R-XTR-77595|Reactome:R-XTR-9770562
CopiaSL_monotypic|Chr06_2s27	040d6b1a66d6e5018fa8fb68889b5456	398	ProSiteProfiles	PS50158	Zinc finger CCHC-type profile.	318	331	8.713199	T	13-08-2026	IPR001878	Zinc finger, CCHC-type	GO:0003676(InterPro)|GO:0008270(InterPro)	Reactome:R-BTA-159231|Reactome:R-BTA-159236|Reactome:R-BTA-72163|Reactome:R-BTA-72165|Reactome:R-BTA-72203|Reactome:R-BTA-73856|Reactome:R-BTA-77595|Reactome:R-BTA-9770562|Reactome:R-CEL-159236|Reactome:R-CEL-72163|Reactome:R-CEL-73856|Reactome:R-DME-159231|Reactome:R-DME-159236|Reactome:R-DME-1834941|Reactome:R-DME-72163|Reactome:R-DME-72165|Reactome:R-DME-72203|Reactome:R-DME-73856|Reactome:R-DME-77595|Reactome:R-DME-8941326|Reactome:R-DME-9770562|Reactome:R-DME-9930044|Reactome:R-DRE-72165|Reactome:R-HSA-1169408|Reactome:R-HSA-159231|Reactome:R-HSA-159236|Reactome:R-HSA-162585|Reactome:R-HSA-162588|Reactome:R-HSA-162592|Reactome:R-HSA-162594|Reactome:R-HSA-164516|Reactome:R-HSA-164525|Reactome:R-HSA-164843|Reactome:R-HSA-168315|Reactome:R-HSA-173107|Reactome:R-HSA-174490|Reactome:R-HSA-174495|Reactome:R-HSA-175474|Reactome:R-HSA-175567|Reactome:R-HSA-177539|Reactome:R-HSA-180689|Reactome:R-HSA-180910|Reactome:R-HSA-429947|Reactome:R-HSA-452723|Reactome:R-HSA-6784531|Reactome:R-HSA-72163|Reactome:R-HSA-72165|Reactome:R-HSA-72187|Reactome:R-HSA-72203|Reactome:R-HSA-73856|Reactome:R-HSA-77595|Reactome:R-HSA-9013422|Reactome:R-HSA-9682706|Reactome:R-HSA-9694686|Reactome:R-HSA-9705671|Reactome:R-HSA-9770562|Reactome:R-HSA-9819196|Reactome:R-HSA-9820865|Reactome:R-HSA-983168|Reactome:R-HSA-9843970|Reactome:R-HSA-9918481|Reactome:R-HSA-9930044|Reactome:R-HSA-9931510|Reactome:R-MMU-159231|Reactome:R-MMU-159236|Reactome:R-MMU-72163|Reactome:R-MMU-72165|Reactome:R-MMU-72187|Reactome:R-MMU-72203|Reactome:R-MMU-73856|Reactome:R-MMU-77595|Reactome:R-MMU-9013422|Reactome:R-MMU-9770562|Reactome:R-MMU-983168|Reactome:R-MMU-9930044|Reactome:R-RNO-159231|Reactome:R-RNO-72165|Reactome:R-RNO-73856|Reactome:R-RNO-77595|Reactome:R-RNO-9770562|Reactome:R-SCE-983168|Reactome:R-SPO-9770562|Reactome:R-SPO-983168|Reactome:R-XTR-77595|Reactome:R-XTR-9770562
CopiaSL_12	a6bc5e204f4dde40a5086828ac2888c5	260	PANTHER	PTHR37610	CCHC-TYPE DOMAIN-CONTAINING PROTEIN	1	232	2.0E-68	T	13-08-2026	-	-	-	-
CopiaSL_12	a6bc5e204f4dde40a5086828ac2888c5	260	Pfam	PF14244	Gag-polypeptide of LTR copia-type	5	50	4.3E-12	T	13-08-2026	IPR029472	Retrotransposon Copia-like, N-terminal	-	-
CopiaSL_16	9a00240812a9ca48bc5eae132f9a02d2	382	Pfam	PF14244	Gag-polypeptide of LTR copia-type	27	57	0.01	T	13-08-2026	IPR029472	Retrotransposon Copia-like, N-terminal	-	-
CopiaSL_16	9a00240812a9ca48bc5eae132f9a02d2	382	PANTHER	PTHR37610	CCHC-TYPE DOMAIN-CONTAINING PROTEIN	20	236	3.5E-61	T	13-08-2026	-	-	-	-
CopiaSL_16	9a00240812a9ca48bc5eae132f9a02d2	382	MobiDBLite	mobidb-lite	consensus disorder prediction	275	285	-	T	13-08-2026	-	-	-	-
CopiaSL_16	9a00240812a9ca48bc5eae132f9a02d2	382	MobiDBLite	mobidb-lite	consensus disorder prediction	254	291	-	T	13-08-2026	-	-	-	-
CopiaSL_16	9a00240812a9ca48bc5eae132f9a02d2	382	MobiDBLite	mobidb-lite	consensus disorder prediction	261	273	-	T	13-08-2026	-	-	-	-
CopiaSL_monotypic|Chr04_2s28	f6b4b98e1bd0c4ef5f1d01e4bf5f9266	278	PANTHER	PTHR37610	CCHC-TYPE DOMAIN-CONTAINING PROTEIN	2	211	5.0E-69	T	13-08-2026	-	-	-	-
CopiaSL_monotypic|Chr04_2s28	f6b4b98e1bd0c4ef5f1d01e4bf5f9266	278	Pfam	PF14244	Gag-polypeptide of LTR copia-type	7	51	1.3E-12	T	13-08-2026	IPR029472	Retrotransposon Copia-like, N-terminal	-	-
Cer3	ebe852ec059c969714e548695718cd37	514	MobiDBLite	mobidb-lite	consensus disorder prediction	186	196	-	T	13-08-2026	-	-	-	-
Cer3	ebe852ec059c969714e548695718cd37	514	MobiDBLite	mobidb-lite	consensus disorder prediction	130	222	-	T	13-08-2026	-	-	-	-
Cer3	ebe852ec059c969714e548695718cd37	514	MobiDBLite	mobidb-lite	consensus disorder prediction	130	144	-	T	13-08-2026	-	-	-	-
Cer3	ebe852ec059c969714e548695718cd37	514	MobiDBLite	mobidb-lite	consensus disorder prediction	164	185	-	T	13-08-2026	-	-	-	-
Cer3	ebe852ec059c969714e548695718cd37	514	Coils	Coil	Coil	107	141	-	T	13-08-2026	-	-	-	-
Cigr-1	d6595b0880959421f197ffa936446270	300	MobiDBLite	mobidb-lite	consensus disorder prediction	198	210	-	T	13-08-2026	-	-	-	-
Cigr-1	d6595b0880959421f197ffa936446270	300	MobiDBLite	mobidb-lite	consensus disorder prediction	178	210	-	T	13-08-2026	-	-	-	-
Cigr-1	d6595b0880959421f197ffa936446270	300	MobiDBLite	mobidb-lite	consensus disorder prediction	185	196	-	T	13-08-2026	-	-	-	-
Cigr-1	d6595b0880959421f197ffa936446270	300	PANTHER	PTHR33198	ANK_REP_REGION DOMAIN-CONTAINING PROTEIN-RELATED	50	250	1.2E-15	T	13-08-2026	-	-	-	-
Cigr-1	d6595b0880959421f197ffa936446270	300	Pfam	PF00098	Zinc knuckle	244	258	0.73	T	13-08-2026	IPR001878	Zinc finger, CCHC-type	GO:0003676(InterPro)|GO:0008270(InterPro)	Reactome:R-BTA-159231|Reactome:R-BTA-159236|Reactome:R-BTA-72163|Reactome:R-BTA-72165|Reactome:R-BTA-72203|Reactome:R-BTA-73856|Reactome:R-BTA-77595|Reactome:R-BTA-9770562|Reactome:R-CEL-159236|Reactome:R-CEL-72163|Reactome:R-CEL-73856|Reactome:R-DME-159231|Reactome:R-DME-159236|Reactome:R-DME-1834941|Reactome:R-DME-72163|Reactome:R-DME-72165|Reactome:R-DME-72203|Reactome:R-DME-73856|Reactome:R-DME-77595|Reactome:R-DME-8941326|Reactome:R-DME-9770562|Reactome:R-DME-9930044|Reactome:R-DRE-72165|Reactome:R-HSA-1169408|Reactome:R-HSA-159231|Reactome:R-HSA-159236|Reactome:R-HSA-162585|Reactome:R-HSA-162588|Reactome:R-HSA-162592|Reactome:R-HSA-162594|Reactome:R-HSA-164516|Reactome:R-HSA-164525|Reactome:R-HSA-164843|Reactome:R-HSA-168315|Reactome:R-HSA-173107|Reactome:R-HSA-174490|Reactome:R-HSA-174495|Reactome:R-HSA-175474|Reactome:R-HSA-175567|Reactome:R-HSA-177539|Reactome:R-HSA-180689|Reactome:R-HSA-180910|Reactome:R-HSA-429947|Reactome:R-HSA-452723|Reactome:R-HSA-6784531|Reactome:R-HSA-72163|Reactome:R-HSA-72165|Reactome:R-HSA-72187|Reactome:R-HSA-72203|Reactome:R-HSA-73856|Reactome:R-HSA-77595|Reactome:R-HSA-9013422|Reactome:R-HSA-9682706|Reactome:R-HSA-9694686|Reactome:R-HSA-9705671|Reactome:R-HSA-9770562|Reactome:R-HSA-9819196|Reactome:R-HSA-9820865|Reactome:R-HSA-983168|Reactome:R-HSA-9843970|Reactome:R-HSA-9918481|Reactome:R-HSA-9930044|Reactome:R-HSA-9931510|Reactome:R-MMU-159231|Reactome:R-MMU-159236|Reactome:R-MMU-72163|Reactome:R-MMU-72165|Reactome:R-MMU-72187|Reactome:R-MMU-72203|Reactome:R-MMU-73856|Reactome:R-MMU-77595|Reactome:R-MMU-9013422|Reactome:R-MMU-9770562|Reactome:R-MMU-983168|Reactome:R-MMU-9930044|Reactome:R-RNO-159231|Reactome:R-RNO-72165|Reactome:R-RNO-73856|Reactome:R-RNO-77595|Reactome:R-RNO-9770562|Reactome:R-SCE-983168|Reactome:R-SPO-9770562|Reactome:R-SPO-983168|Reactome:R-XTR-77595|Reactome:R-XTR-9770562
Cigr-1	d6595b0880959421f197ffa936446270	300	SUPERFAMILY	SSF57756	Retrovirus zinc finger-like domains	221	261	1.78E-6	T	13-08-2026	IPR036875	Zinc finger, CCHC-type superfamily	GO:0003676(InterPro)|GO:0008270(InterPro)	Reactome:R-BTA-159231|Reactome:R-BTA-159236|Reactome:R-BTA-72163|Reactome:R-BTA-72165|Reactome:R-BTA-72203|Reactome:R-BTA-73856|Reactome:R-BTA-77595|Reactome:R-BTA-9770562|Reactome:R-CEL-159236|Reactome:R-CEL-72163|Reactome:R-CEL-73856|Reactome:R-DME-159231|Reactome:R-DME-159236|Reactome:R-DME-1834941|Reactome:R-DME-72163|Reactome:R-DME-72165|Reactome:R-DME-72203|Reactome:R-DME-73856|Reactome:R-DME-77595|Reactome:R-DME-9770562|Reactome:R-DRE-72165|Reactome:R-HSA-1169408|Reactome:R-HSA-159231|Reactome:R-HSA-159236|Reactome:R-HSA-162585|Reactome:R-HSA-162588|Reactome:R-HSA-162592|Reactome:R-HSA-162594|Reactome:R-HSA-164516|Reactome:R-HSA-164525|Reactome:R-HSA-164843|Reactome:R-HSA-168315|Reactome:R-HSA-173107|Reactome:R-HSA-174490|Reactome:R-HSA-174495|Reactome:R-HSA-175474|Reactome:R-HSA-175567|Reactome:R-HSA-177539|Reactome:R-HSA-180689|Reactome:R-HSA-180910|Reactome:R-HSA-429947|Reactome:R-HSA-452723|Reactome:R-HSA-6784531|Reactome:R-HSA-72163|Reactome:R-HSA-72165|Reactome:R-HSA-72187|Reactome:R-HSA-72203|Reactome:R-HSA-73856|Reactome:R-HSA-77595|Reactome:R-HSA-9013422|Reactome:R-HSA-9682706|Reactome:R-HSA-9694686|Reactome:R-HSA-9705671|Reactome:R-HSA-9770562|Reactome:R-HSA-9819196|Reactome:R-HSA-9820865|Reactome:R-HSA-983168|Reactome:R-HSA-9918481|Reactome:R-HSA-9930044|Reactome:R-MMU-159231|Reactome:R-MMU-159236|Reactome:R-MMU-72163|Reactome:R-MMU-72165|Reactome:R-MMU-72187|Reactome:R-MMU-72203|Reactome:R-MMU-73856|Reactome:R-MMU-77595|Reactome:R-MMU-9013422|Reactome:R-MMU-9770562|Reactome:R-MMU-983168|Reactome:R-RNO-159231|Reactome:R-RNO-72165|Reactome:R-RNO-73856|Reactome:R-RNO-77595|Reactome:R-RNO-9770562|Reactome:R-SCE-983168|Reactome:R-SPO-9770562|Reactome:R-SPO-983168|Reactome:R-XTR-77595|Reactome:R-XTR-9770562
Cigr-1	d6595b0880959421f197ffa936446270	300	Gene3D	G3DSA:4.10.60.10	-	212	261	6.6E-8	T	13-08-2026	-	-	-	-
Cigr-1	d6595b0880959421f197ffa936446270	300	Coils	Coil	Coil	114	134	-	T	13-08-2026	-	-	-	-
Cigr-1	d6595b0880959421f197ffa936446270	300	SMART	SM00343	c2hcfinal6	243	259	0.0038	T	13-08-2026	IPR001878	Zinc finger, CCHC-type	GO:0003676(InterPro)|GO:0008270(InterPro)	Reactome:R-BTA-159231|Reactome:R-BTA-159236|Reactome:R-BTA-72163|Reactome:R-BTA-72165|Reactome:R-BTA-72203|Reactome:R-BTA-73856|Reactome:R-BTA-77595|Reactome:R-BTA-9770562|Reactome:R-CEL-159236|Reactome:R-CEL-72163|Reactome:R-CEL-73856|Reactome:R-DME-159231|Reactome:R-DME-159236|Reactome:R-DME-1834941|Reactome:R-DME-72163|Reactome:R-DME-72165|Reactome:R-DME-72203|Reactome:R-DME-73856|Reactome:R-DME-77595|Reactome:R-DME-8941326|Reactome:R-DME-9770562|Reactome:R-DME-9930044|Reactome:R-DRE-72165|Reactome:R-HSA-1169408|Reactome:R-HSA-159231|Reactome:R-HSA-159236|Reactome:R-HSA-162585|Reactome:R-HSA-162588|Reactome:R-HSA-162592|Reactome:R-HSA-162594|Reactome:R-HSA-164516|Reactome:R-HSA-164525|Reactome:R-HSA-164843|Reactome:R-HSA-168315|Reactome:R-HSA-173107|Reactome:R-HSA-174490|Reactome:R-HSA-174495|Reactome:R-HSA-175474|Reactome:R-HSA-175567|Reactome:R-HSA-177539|Reactome:R-HSA-180689|Reactome:R-HSA-180910|Reactome:R-HSA-429947|Reactome:R-HSA-452723|Reactome:R-HSA-6784531|Reactome:R-HSA-72163|Reactome:R-HSA-72165|Reactome:R-HSA-72187|Reactome:R-HSA-72203|Reactome:R-HSA-73856|Reactome:R-HSA-77595|Reactome:R-HSA-9013422|Reactome:R-HSA-9682706|Reactome:R-HSA-9694686|Reactome:R-HSA-9705671|Reactome:R-HSA-9770562|Reactome:R-HSA-9819196|Reactome:R-HSA-9820865|Reactome:R-HSA-983168|Reactome:R-HSA-9843970|Reactome:R-HSA-9918481|Reactome:R-HSA-9930044|Reactome:R-HSA-9931510|Reactome:R-MMU-159231|Reactome:R-MMU-159236|Reactome:R-MMU-72163|Reactome:R-MMU-72165|Reactome:R-MMU-72187|Reactome:R-MMU-72203|Reactome:R-MMU-73856|Reactome:R-MMU-77595|Reactome:R-MMU-9013422|Reactome:R-MMU-9770562|Reactome:R-MMU-983168|Reactome:R-MMU-9930044|Reactome:R-RNO-159231|Reactome:R-RNO-72165|Reactome:R-RNO-73856|Reactome:R-RNO-77595|Reactome:R-RNO-9770562|Reactome:R-SCE-983168|Reactome:R-SPO-9770562|Reactome:R-SPO-983168|Reactome:R-XTR-77595|Reactome:R-XTR-9770562
Cigr-1	d6595b0880959421f197ffa936446270	300	SMART	SM00343	c2hcfinal6	223	239	0.21	T	13-08-2026	IPR001878	Zinc finger, CCHC-type	GO:0003676(InterPro)|GO:0008270(InterPro)	Reactome:R-BTA-159231|Reactome:R-BTA-159236|Reactome:R-BTA-72163|Reactome:R-BTA-72165|Reactome:R-BTA-72203|Reactome:R-BTA-73856|Reactome:R-BTA-77595|Reactome:R-BTA-9770562|Reactome:R-CEL-159236|Reactome:R-CEL-72163|Reactome:R-CEL-73856|Reactome:R-DME-159231|Reactome:R-DME-159236|Reactome:R-DME-1834941|Reactome:R-DME-72163|Reactome:R-DME-72165|Reactome:R-DME-72203|Reactome:R-DME-73856|Reactome:R-DME-77595|Reactome:R-DME-8941326|Reactome:R-DME-9770562|Reactome:R-DME-9930044|Reactome:R-DRE-72165|Reactome:R-HSA-1169408|Reactome:R-HSA-159231|Reactome:R-HSA-159236|Reactome:R-HSA-162585|Reactome:R-HSA-162588|Reactome:R-HSA-162592|Reactome:R-HSA-162594|Reactome:R-HSA-164516|Reactome:R-HSA-164525|Reactome:R-HSA-164843|Reactome:R-HSA-168315|Reactome:R-HSA-173107|Reactome:R-HSA-174490|Reactome:R-HSA-174495|Reactome:R-HSA-175474|Reactome:R-HSA-175567|Reactome:R-HSA-177539|Reactome:R-HSA-180689|Reactome:R-HSA-180910|Reactome:R-HSA-429947|Reactome:R-HSA-452723|Reactome:R-HSA-6784531|Reactome:R-HSA-72163|Reactome:R-HSA-72165|Reactome:R-HSA-72187|Reactome:R-HSA-72203|Reactome:R-HSA-73856|Reactome:R-HSA-77595|Reactome:R-HSA-9013422|Reactome:R-HSA-9682706|Reactome:R-HSA-9694686|Reactome:R-HSA-9705671|Reactome:R-HSA-9770562|Reactome:R-HSA-9819196|Reactome:R-HSA-9820865|Reactome:R-HSA-983168|Reactome:R-HSA-9843970|Reactome:R-HSA-9918481|Reactome:R-HSA-9930044|Reactome:R-HSA-9931510|Reactome:R-MMU-159231|Reactome:R-MMU-159236|Reactome:R-MMU-72163|Reactome:R-MMU-72165|Reactome:R-MMU-72187|Reactome:R-MMU-72203|Reactome:R-MMU-73856|Reactome:R-MMU-77595|Reactome:R-MMU-9013422|Reactome:R-MMU-9770562|Reactome:R-MMU-983168|Reactome:R-MMU-9930044|Reactome:R-RNO-159231|Reactome:R-RNO-72165|Reactome:R-RNO-73856|Reactome:R-RNO-77595|Reactome:R-RNO-9770562|Reactome:R-SCE-983168|Reactome:R-SPO-9770562|Reactome:R-SPO-983168|Reactome:R-XTR-77595|Reactome:R-XTR-9770562
Cigr-1	d6595b0880959421f197ffa936446270	300	ProSiteProfiles	PS50158	Zinc finger CCHC-type profile.	244	259	10.081271	T	13-08-2026	IPR001878	Zinc finger, CCHC-type	GO:0003676(InterPro)|GO:0008270(InterPro)	Reactome:R-BTA-159231|Reactome:R-BTA-159236|Reactome:R-BTA-72163|Reactome:R-BTA-72165|Reactome:R-BTA-72203|Reactome:R-BTA-73856|Reactome:R-BTA-77595|Reactome:R-BTA-9770562|Reactome:R-CEL-159236|Reactome:R-CEL-72163|Reactome:R-CEL-73856|Reactome:R-DME-159231|Reactome:R-DME-159236|Reactome:R-DME-1834941|Reactome:R-DME-72163|Reactome:R-DME-72165|Reactome:R-DME-72203|Reactome:R-DME-73856|Reactome:R-DME-77595|Reactome:R-DME-8941326|Reactome:R-DME-9770562|Reactome:R-DME-9930044|Reactome:R-DRE-72165|Reactome:R-HSA-1169408|Reactome:R-HSA-159231|Reactome:R-HSA-159236|Reactome:R-HSA-162585|Reactome:R-HSA-162588|Reactome:R-HSA-162592|Reactome:R-HSA-162594|Reactome:R-HSA-164516|Reactome:R-HSA-164525|Reactome:R-HSA-164843|Reactome:R-HSA-168315|Reactome:R-HSA-173107|Reactome:R-HSA-174490|Reactome:R-HSA-174495|Reactome:R-HSA-175474|Reactome:R-HSA-175567|Reactome:R-HSA-177539|Reactome:R-HSA-180689|Reactome:R-HSA-180910|Reactome:R-HSA-429947|Reactome:R-HSA-452723|Reactome:R-HSA-6784531|Reactome:R-HSA-72163|Reactome:R-HSA-72165|Reactome:R-HSA-72187|Reactome:R-HSA-72203|Reactome:R-HSA-73856|Reactome:R-HSA-77595|Reactome:R-HSA-9013422|Reactome:R-HSA-9682706|Reactome:R-HSA-9694686|Reactome:R-HSA-9705671|Reactome:R-HSA-9770562|Reactome:R-HSA-9819196|Reactome:R-HSA-9820865|Reactome:R-HSA-983168|Reactome:R-HSA-9843970|Reactome:R-HSA-9918481|Reactome:R-HSA-9930044|Reactome:R-HSA-9931510|Reactome:R-MMU-159231|Reactome:R-MMU-159236|Reactome:R-MMU-72163|Reactome:R-MMU-72165|Reactome:R-MMU-72187|Reactome:R-MMU-72203|Reactome:R-MMU-73856|Reactome:R-MMU-77595|Reactome:R-MMU-9013422|Reactome:R-MMU-9770562|Reactome:R-MMU-983168|Reactome:R-MMU-9930044|Reactome:R-RNO-159231|Reactome:R-RNO-72165|Reactome:R-RNO-73856|Reactome:R-RNO-77595|Reactome:R-RNO-9770562|Reactome:R-SCE-983168|Reactome:R-SPO-9770562|Reactome:R-SPO-983168|Reactome:R-XTR-77595|Reactome:R-XTR-9770562
CopiaSL_22	5be2b613c536cbd65e1a45a9f9c85fa7	217	Pfam	PF14223	gag-polypeptide of LTR copia-type	20	192	3.2E-22	T	13-08-2026	IPR061502	Copia/RE1/RE2-like, N-terminal domain	-	-
CopiaSL_22	5be2b613c536cbd65e1a45a9f9c85fa7	217	PANTHER	PTHR35317	OS04G0629600 PROTEIN	8	198	1.9E-45	T	13-08-2026	-	-	-	-
CopiaSL_39	87b06b17461e8d009ce69a6beeadfe6d	307	PANTHER	PTHR37610	CCHC-TYPE DOMAIN-CONTAINING PROTEIN	1	233	1.5E-50	T	13-08-2026	-	-	-	-
CopiaSL_06	e2b468f028298fe4839a0b871f10068e	164	PANTHER	PTHR37610	CCHC-TYPE DOMAIN-CONTAINING PROTEIN	3	160	4.8E-46	T	13-08-2026	-	-	-	-
Sushi-ichi	34dafa2798d799db227e3479fbc1faa7	371	MobiDBLite	mobidb-lite	consensus disorder prediction	1	37	-	T	13-08-2026	-	-	-	-
Sushi-ichi	34dafa2798d799db227e3479fbc1faa7	371	MobiDBLite	mobidb-lite	consensus disorder prediction	271	338	-	T	13-08-2026	-	-	-	-
Sushi-ichi	34dafa2798d799db227e3479fbc1faa7	371	PANTHER	PTHR15503	LDOC1 RELATED	55	364	9.7E-35	T	13-08-2026	IPR032567	RTL1-related	-	-
Sushi-ichi	34dafa2798d799db227e3479fbc1faa7	371	Pfam	PF03732	Retrotransposon-derived protein PEG10, N-terminal capsid-like domain	113	189	1.8E-9	T	13-08-2026	IPR005162	Retrotransposon-derived protein PEG10, N-terminal capsid-like domain	-	-
Sushi-ichi	34dafa2798d799db227e3479fbc1faa7	371	Pfam	PF30901	PEG10/RTL1, C-terminal capsid-like domain	197	270	1.2E-21	T	13-08-2026	IPR063300	PEG10/RTL1, C-terminal capsid-like domain	-	-
Sushi-ichi	34dafa2798d799db227e3479fbc1faa7	371	MobiDBLite	mobidb-lite	consensus disorder prediction	93	108	-	T	13-08-2026	-	-	-	-
Sushi-ichi	34dafa2798d799db227e3479fbc1faa7	371	ProSiteProfiles	PS50158	Zinc finger CCHC-type profile.	348	362	8.647267	T	13-08-2026	IPR001878	Zinc finger, CCHC-type	GO:0003676(InterPro)|GO:0008270(InterPro)	Reactome:R-BTA-159231|Reactome:R-BTA-159236|Reactome:R-BTA-72163|Reactome:R-BTA-72165|Reactome:R-BTA-72203|Reactome:R-BTA-73856|Reactome:R-BTA-77595|Reactome:R-BTA-9770562|Reactome:R-CEL-159236|Reactome:R-CEL-72163|Reactome:R-CEL-73856|Reactome:R-DME-159231|Reactome:R-DME-159236|Reactome:R-DME-1834941|Reactome:R-DME-72163|Reactome:R-DME-72165|Reactome:R-DME-72203|Reactome:R-DME-73856|Reactome:R-DME-77595|Reactome:R-DME-8941326|Reactome:R-DME-9770562|Reactome:R-DME-9930044|Reactome:R-DRE-72165|Reactome:R-HSA-1169408|Reactome:R-HSA-159231|Reactome:R-HSA-159236|Reactome:R-HSA-162585|Reactome:R-HSA-162588|Reactome:R-HSA-162592|Reactome:R-HSA-162594|Reactome:R-HSA-164516|Reactome:R-HSA-164525|Reactome:R-HSA-164843|Reactome:R-HSA-168315|Reactome:R-HSA-173107|Reactome:R-HSA-174490|Reactome:R-HSA-174495|Reactome:R-HSA-175474|Reactome:R-HSA-175567|Reactome:R-HSA-177539|Reactome:R-HSA-180689|Reactome:R-HSA-180910|Reactome:R-HSA-429947|Reactome:R-HSA-452723|Reactome:R-HSA-6784531|Reactome:R-HSA-72163|Reactome:R-HSA-72165|Reactome:R-HSA-72187|Reactome:R-HSA-72203|Reactome:R-HSA-73856|Reactome:R-HSA-77595|Reactome:R-HSA-9013422|Reactome:R-HSA-9682706|Reactome:R-HSA-9694686|Reactome:R-HSA-9705671|Reactome:R-HSA-9770562|Reactome:R-HSA-9819196|Reactome:R-HSA-9820865|Reactome:R-HSA-983168|Reactome:R-HSA-9843970|Reactome:R-HSA-9918481|Reactome:R-HSA-9930044|Reactome:R-HSA-9931510|Reactome:R-MMU-159231|Reactome:R-MMU-159236|Reactome:R-MMU-72163|Reactome:R-MMU-72165|Reactome:R-MMU-72187|Reactome:R-MMU-72203|Reactome:R-MMU-73856|Reactome:R-MMU-77595|Reactome:R-MMU-9013422|Reactome:R-MMU-9770562|Reactome:R-MMU-983168|Reactome:R-MMU-9930044|Reactome:R-RNO-159231|Reactome:R-RNO-72165|Reactome:R-RNO-73856|Reactome:R-RNO-77595|Reactome:R-RNO-9770562|Reactome:R-SCE-983168|Reactome:R-SPO-9770562|Reactome:R-SPO-983168|Reactome:R-XTR-77595|Reactome:R-XTR-9770562
Sushi-ichi	34dafa2798d799db227e3479fbc1faa7	371	MobiDBLite	mobidb-lite	consensus disorder prediction	1	11	-	T	13-08-2026	-	-	-	-
Sushi-ichi	34dafa2798d799db227e3479fbc1faa7	371	SUPERFAMILY	SSF57756	Retrovirus zinc finger-like domains	331	368	7.95E-7	T	13-08-2026	IPR036875	Zinc finger, CCHC-type superfamily	GO:0003676(InterPro)|GO:0008270(InterPro)	Reactome:R-BTA-159231|Reactome:R-BTA-159236|Reactome:R-BTA-72163|Reactome:R-BTA-72165|Reactome:R-BTA-72203|Reactome:R-BTA-73856|Reactome:R-BTA-77595|Reactome:R-BTA-9770562|Reactome:R-CEL-159236|Reactome:R-CEL-72163|Reactome:R-CEL-73856|Reactome:R-DME-159231|Reactome:R-DME-159236|Reactome:R-DME-1834941|Reactome:R-DME-72163|Reactome:R-DME-72165|Reactome:R-DME-72203|Reactome:R-DME-73856|Reactome:R-DME-77595|Reactome:R-DME-9770562|Reactome:R-DRE-72165|Reactome:R-HSA-1169408|Reactome:R-HSA-159231|Reactome:R-HSA-159236|Reactome:R-HSA-162585|Reactome:R-HSA-162588|Reactome:R-HSA-162592|Reactome:R-HSA-162594|Reactome:R-HSA-164516|Reactome:R-HSA-164525|Reactome:R-HSA-164843|Reactome:R-HSA-168315|Reactome:R-HSA-173107|Reactome:R-HSA-174490|Reactome:R-HSA-174495|Reactome:R-HSA-175474|Reactome:R-HSA-175567|Reactome:R-HSA-177539|Reactome:R-HSA-180689|Reactome:R-HSA-180910|Reactome:R-HSA-429947|Reactome:R-HSA-452723|Reactome:R-HSA-6784531|Reactome:R-HSA-72163|Reactome:R-HSA-72165|Reactome:R-HSA-72187|Reactome:R-HSA-72203|Reactome:R-HSA-73856|Reactome:R-HSA-77595|Reactome:R-HSA-9013422|Reactome:R-HSA-9682706|Reactome:R-HSA-9694686|Reactome:R-HSA-9705671|Reactome:R-HSA-9770562|Reactome:R-HSA-9819196|Reactome:R-HSA-9820865|Reactome:R-HSA-983168|Reactome:R-HSA-9918481|Reactome:R-HSA-9930044|Reactome:R-MMU-159231|Reactome:R-MMU-159236|Reactome:R-MMU-72163|Reactome:R-MMU-72165|Reactome:R-MMU-72187|Reactome:R-MMU-72203|Reactome:R-MMU-73856|Reactome:R-MMU-77595|Reactome:R-MMU-9013422|Reactome:R-MMU-9770562|Reactome:R-MMU-983168|Reactome:R-RNO-159231|Reactome:R-RNO-72165|Reactome:R-RNO-73856|Reactome:R-RNO-77595|Reactome:R-RNO-9770562|Reactome:R-SCE-983168|Reactome:R-SPO-9770562|Reactome:R-SPO-983168|Reactome:R-XTR-77595|Reactome:R-XTR-9770562
Sushi-ichi	34dafa2798d799db227e3479fbc1faa7	371	Gene3D	G3DSA:4.10.60.10	-	326	371	2.4E-6	T	13-08-2026	-	-	-	-
Sushi-ichi	34dafa2798d799db227e3479fbc1faa7	371	MobiDBLite	mobidb-lite	consensus disorder prediction	89	108	-	T	13-08-2026	-	-	-	-
Sushi-ichi	34dafa2798d799db227e3479fbc1faa7	371	MobiDBLite	mobidb-lite	consensus disorder prediction	282	304	-	T	13-08-2026	-	-	-	-
CopiaSL_09	2b48750cd2bb511fc12c576a6d957e40	277	PANTHER	PTHR37610	CCHC-TYPE DOMAIN-CONTAINING PROTEIN	1	209	2.5E-63	T	13-08-2026	-	-	-	-
CopiaSL_09	2b48750cd2bb511fc12c576a6d957e40	277	Pfam	PF14244	Gag-polypeptide of LTR copia-type	7	51	1.2E-9	T	13-08-2026	IPR029472	Retrotransposon Copia-like, N-terminal	-	-
CopiaSL_30	2e082c8284a73ad57546aff4c5bcea39	238	MobiDBLite	mobidb-lite	consensus disorder prediction	211	221	-	T	13-08-2026	-	-	-	-
CopiaSL_30	2e082c8284a73ad57546aff4c5bcea39	238	MobiDBLite	mobidb-lite	consensus disorder prediction	188	238	-	T	13-08-2026	-	-	-	-
CopiaSL_30	2e082c8284a73ad57546aff4c5bcea39	238	Pfam	PF14223	gag-polypeptide of LTR copia-type	26	184	8.8E-21	T	13-08-2026	IPR061502	Copia/RE1/RE2-like, N-terminal domain	-	-
CopiaSL_04	6d917b87c496209ec06bef9e07e2040d	135	Pfam	PF14244	Gag-polypeptide of LTR copia-type	5	51	1.5E-12	T	13-08-2026	IPR029472	Retrotransposon Copia-like, N-terminal	-	-
CopiaSL_04	6d917b87c496209ec06bef9e07e2040d	135	PANTHER	PTHR37610	CCHC-TYPE DOMAIN-CONTAINING PROTEIN	1	135	4.4E-52	T	13-08-2026	-	-	-	-
Kabuki	3feb35d6a2f9cd15d6a2617bb2c7072d	257	Pfam	PF30931	Domain of unknown function (DUF8764)	81	156	4.4E-25	T	13-08-2026	IPR061825	Domain of unknown function DUF8764	-	-
Kabuki	3feb35d6a2f9cd15d6a2617bb2c7072d	257	MobiDBLite	mobidb-lite	consensus disorder prediction	199	224	-	T	13-08-2026	-	-	-	-
Kabuki	3feb35d6a2f9cd15d6a2617bb2c7072d	257	PANTHER	PTHR33327	ENDONUCLEASE	6	254	8.9E-46	T	13-08-2026	-	-	-	-
CopiaSL_21	d1c63e09fcc5664085750c6338fede8b	213	Pfam	PF14223	gag-polypeptide of LTR copia-type	17	190	2.7E-21	T	13-08-2026	IPR061502	Copia/RE1/RE2-like, N-terminal domain	-	-
CopiaSL_21	d1c63e09fcc5664085750c6338fede8b	213	PANTHER	PTHR35317	OS04G0629600 PROTEIN	3	195	4.7E-41	T	13-08-2026	-	-	-	-
Grasshopper	1bcfb0bdd6055518c972dd13209df617	349	MobiDBLite	mobidb-lite	consensus disorder prediction	239	305	-	T	13-08-2026	-	-	-	-
Grasshopper	1bcfb0bdd6055518c972dd13209df617	349	ProSiteProfiles	PS50158	Zinc finger CCHC-type profile.	311	324	9.108787	T	13-08-2026	IPR001878	Zinc finger, CCHC-type	GO:0003676(InterPro)|GO:0008270(InterPro)	Reactome:R-BTA-159231|Reactome:R-BTA-159236|Reactome:R-BTA-72163|Reactome:R-BTA-72165|Reactome:R-BTA-72203|Reactome:R-BTA-73856|Reactome:R-BTA-77595|Reactome:R-BTA-9770562|Reactome:R-CEL-159236|Reactome:R-CEL-72163|Reactome:R-CEL-73856|Reactome:R-DME-159231|Reactome:R-DME-159236|Reactome:R-DME-1834941|Reactome:R-DME-72163|Reactome:R-DME-72165|Reactome:R-DME-72203|Reactome:R-DME-73856|Reactome:R-DME-77595|Reactome:R-DME-8941326|Reactome:R-DME-9770562|Reactome:R-DME-9930044|Reactome:R-DRE-72165|Reactome:R-HSA-1169408|Reactome:R-HSA-159231|Reactome:R-HSA-159236|Reactome:R-HSA-162585|Reactome:R-HSA-162588|Reactome:R-HSA-162592|Reactome:R-HSA-162594|Reactome:R-HSA-164516|Reactome:R-HSA-164525|Reactome:R-HSA-164843|Reactome:R-HSA-168315|Reactome:R-HSA-173107|Reactome:R-HSA-174490|Reactome:R-HSA-174495|Reactome:R-HSA-175474|Reactome:R-HSA-175567|Reactome:R-HSA-177539|Reactome:R-HSA-180689|Reactome:R-HSA-180910|Reactome:R-HSA-429947|Reactome:R-HSA-452723|Reactome:R-HSA-6784531|Reactome:R-HSA-72163|Reactome:R-HSA-72165|Reactome:R-HSA-72187|Reactome:R-HSA-72203|Reactome:R-HSA-73856|Reactome:R-HSA-77595|Reactome:R-HSA-9013422|Reactome:R-HSA-9682706|Reactome:R-HSA-9694686|Reactome:R-HSA-9705671|Reactome:R-HSA-9770562|Reactome:R-HSA-9819196|Reactome:R-HSA-9820865|Reactome:R-HSA-983168|Reactome:R-HSA-9843970|Reactome:R-HSA-9918481|Reactome:R-HSA-9930044|Reactome:R-HSA-9931510|Reactome:R-MMU-159231|Reactome:R-MMU-159236|Reactome:R-MMU-72163|Reactome:R-MMU-72165|Reactome:R-MMU-72187|Reactome:R-MMU-72203|Reactome:R-MMU-73856|Reactome:R-MMU-77595|Reactome:R-MMU-9013422|Reactome:R-MMU-9770562|Reactome:R-MMU-983168|Reactome:R-MMU-9930044|Reactome:R-RNO-159231|Reactome:R-RNO-72165|Reactome:R-RNO-73856|Reactome:R-RNO-77595|Reactome:R-RNO-9770562|Reactome:R-SCE-983168|Reactome:R-SPO-9770562|Reactome:R-SPO-983168|Reactome:R-XTR-77595|Reactome:R-XTR-9770562
CopiaSL_19	9778b6f57251a2a7ab86ba9d1878ac1c	480	SUPERFAMILY	SSF57756	Retrovirus zinc finger-like domains	277	302	2.09E-7	T	13-08-2026	IPR036875	Zinc finger, CCHC-type superfamily	GO:0003676(InterPro)|GO:0008270(InterPro)	Reactome:R-BTA-159231|Reactome:R-BTA-159236|Reactome:R-BTA-72163|Reactome:R-BTA-72165|Reactome:R-BTA-72203|Reactome:R-BTA-73856|Reactome:R-BTA-77595|Reactome:R-BTA-9770562|Reactome:R-CEL-159236|Reactome:R-CEL-72163|Reactome:R-CEL-73856|Reactome:R-DME-159231|Reactome:R-DME-159236|Reactome:R-DME-1834941|Reactome:R-DME-72163|Reactome:R-DME-72165|Reactome:R-DME-72203|Reactome:R-DME-73856|Reactome:R-DME-77595|Reactome:R-DME-9770562|Reactome:R-DRE-72165|Reactome:R-HSA-1169408|Reactome:R-HSA-159231|Reactome:R-HSA-159236|Reactome:R-HSA-162585|Reactome:R-HSA-162588|Reactome:R-HSA-162592|Reactome:R-HSA-162594|Reactome:R-HSA-164516|Reactome:R-HSA-164525|Reactome:R-HSA-164843|Reactome:R-HSA-168315|Reactome:R-HSA-173107|Reactome:R-HSA-174490|Reactome:R-HSA-174495|Reactome:R-HSA-175474|Reactome:R-HSA-175567|Reactome:R-HSA-177539|Reactome:R-HSA-180689|Reactome:R-HSA-180910|Reactome:R-HSA-429947|Reactome:R-HSA-452723|Reactome:R-HSA-6784531|Reactome:R-HSA-72163|Reactome:R-HSA-72165|Reactome:R-HSA-72187|Reactome:R-HSA-72203|Reactome:R-HSA-73856|Reactome:R-HSA-77595|Reactome:R-HSA-9013422|Reactome:R-HSA-9682706|Reactome:R-HSA-9694686|Reactome:R-HSA-9705671|Reactome:R-HSA-9770562|Reactome:R-HSA-9819196|Reactome:R-HSA-9820865|Reactome:R-HSA-983168|Reactome:R-HSA-9918481|Reactome:R-HSA-9930044|Reactome:R-MMU-159231|Reactome:R-MMU-159236|Reactome:R-MMU-72163|Reactome:R-MMU-72165|Reactome:R-MMU-72187|Reactome:R-MMU-72203|Reactome:R-MMU-73856|Reactome:R-MMU-77595|Reactome:R-MMU-9013422|Reactome:R-MMU-9770562|Reactome:R-MMU-983168|Reactome:R-RNO-159231|Reactome:R-RNO-72165|Reactome:R-RNO-73856|Reactome:R-RNO-77595|Reactome:R-RNO-9770562|Reactome:R-SCE-983168|Reactome:R-SPO-9770562|Reactome:R-SPO-983168|Reactome:R-XTR-77595|Reactome:R-XTR-9770562
CopiaSL_19	9778b6f57251a2a7ab86ba9d1878ac1c	480	Gene3D	G3DSA:4.10.60.10	-	276	320	1.5E-8	T	13-08-2026	-	-	-	-
CopiaSL_19	9778b6f57251a2a7ab86ba9d1878ac1c	480	ProSiteProfiles	PS50158	Zinc finger CCHC-type profile.	281	295	11.037273	T	13-08-2026	IPR001878	Zinc finger, CCHC-type	GO:0003676(InterPro)|GO:0008270(InterPro)	Reactome:R-BTA-159231|Reactome:R-BTA-159236|Reactome:R-BTA-72163|Reactome:R-BTA-72165|Reactome:R-BTA-72203|Reactome:R-BTA-73856|Reactome:R-BTA-77595|Reactome:R-BTA-9770562|Reactome:R-CEL-159236|Reactome:R-CEL-72163|Reactome:R-CEL-73856|Reactome:R-DME-159231|Reactome:R-DME-159236|Reactome:R-DME-1834941|Reactome:R-DME-72163|Reactome:R-DME-72165|Reactome:R-DME-72203|Reactome:R-DME-73856|Reactome:R-DME-77595|Reactome:R-DME-8941326|Reactome:R-DME-9770562|Reactome:R-DME-9930044|Reactome:R-DRE-72165|Reactome:R-HSA-1169408|Reactome:R-HSA-159231|Reactome:R-HSA-159236|Reactome:R-HSA-162585|Reactome:R-HSA-162588|Reactome:R-HSA-162592|Reactome:R-HSA-162594|Reactome:R-HSA-164516|Reactome:R-HSA-164525|Reactome:R-HSA-164843|Reactome:R-HSA-168315|Reactome:R-HSA-173107|Reactome:R-HSA-174490|Reactome:R-HSA-174495|Reactome:R-HSA-175474|Reactome:R-HSA-175567|Reactome:R-HSA-177539|Reactome:R-HSA-180689|Reactome:R-HSA-180910|Reactome:R-HSA-429947|Reactome:R-HSA-452723|Reactome:R-HSA-6784531|Reactome:R-HSA-72163|Reactome:R-HSA-72165|Reactome:R-HSA-72187|Reactome:R-HSA-72203|Reactome:R-HSA-73856|Reactome:R-HSA-77595|Reactome:R-HSA-9013422|Reactome:R-HSA-9682706|Reactome:R-HSA-9694686|Reactome:R-HSA-9705671|Reactome:R-HSA-9770562|Reactome:R-HSA-9819196|Reactome:R-HSA-9820865|Reactome:R-HSA-983168|Reactome:R-HSA-9843970|Reactome:R-HSA-9918481|Reactome:R-HSA-9930044|Reactome:R-HSA-9931510|Reactome:R-MMU-159231|Reactome:R-MMU-159236|Reactome:R-MMU-72163|Reactome:R-MMU-72165|Reactome:R-MMU-72187|Reactome:R-MMU-72203|Reactome:R-MMU-73856|Reactome:R-MMU-77595|Reactome:R-MMU-9013422|Reactome:R-MMU-9770562|Reactome:R-MMU-983168|Reactome:R-MMU-9930044|Reactome:R-RNO-159231|Reactome:R-RNO-72165|Reactome:R-RNO-73856|Reactome:R-RNO-77595|Reactome:R-RNO-9770562|Reactome:R-SCE-983168|Reactome:R-SPO-9770562|Reactome:R-SPO-983168|Reactome:R-XTR-77595|Reactome:R-XTR-9770562
CopiaSL_19	9778b6f57251a2a7ab86ba9d1878ac1c	480	Pfam	PF00098	Zinc knuckle	280	295	0.0063	T	13-08-2026	IPR001878	Zinc finger, CCHC-type	GO:0003676(InterPro)|GO:0008270(InterPro)	Reactome:R-BTA-159231|Reactome:R-BTA-159236|Reactome:R-BTA-72163|Reactome:R-BTA-72165|Reactome:R-BTA-72203|Reactome:R-BTA-73856|Reactome:R-BTA-77595|Reactome:R-BTA-9770562|Reactome:R-CEL-159236|Reactome:R-CEL-72163|Reactome:R-CEL-73856|Reactome:R-DME-159231|Reactome:R-DME-159236|Reactome:R-DME-1834941|Reactome:R-DME-72163|Reactome:R-DME-72165|Reactome:R-DME-72203|Reactome:R-DME-73856|Reactome:R-DME-77595|Reactome:R-DME-8941326|Reactome:R-DME-9770562|Reactome:R-DME-9930044|Reactome:R-DRE-72165|Reactome:R-HSA-1169408|Reactome:R-HSA-159231|Reactome:R-HSA-159236|Reactome:R-HSA-162585|Reactome:R-HSA-162588|Reactome:R-HSA-162592|Reactome:R-HSA-162594|Reactome:R-HSA-164516|Reactome:R-HSA-164525|Reactome:R-HSA-164843|Reactome:R-HSA-168315|Reactome:R-HSA-173107|Reactome:R-HSA-174490|Reactome:R-HSA-174495|Reactome:R-HSA-175474|Reactome:R-HSA-175567|Reactome:R-HSA-177539|Reactome:R-HSA-180689|Reactome:R-HSA-180910|Reactome:R-HSA-429947|Reactome:R-HSA-452723|Reactome:R-HSA-6784531|Reactome:R-HSA-72163|Reactome:R-HSA-72165|Reactome:R-HSA-72187|Reactome:R-HSA-72203|Reactome:R-HSA-73856|Reactome:R-HSA-77595|Reactome:R-HSA-9013422|Reactome:R-HSA-9682706|Reactome:R-HSA-9694686|Reactome:R-HSA-9705671|Reactome:R-HSA-9770562|Reactome:R-HSA-9819196|Reactome:R-HSA-9820865|Reactome:R-HSA-983168|Reactome:R-HSA-9843970|Reactome:R-HSA-9918481|Reactome:R-HSA-9930044|Reactome:R-HSA-9931510|Reactome:R-MMU-159231|Reactome:R-MMU-159236|Reactome:R-MMU-72163|Reactome:R-MMU-72165|Reactome:R-MMU-72187|Reactome:R-MMU-72203|Reactome:R-MMU-73856|Reactome:R-MMU-77595|Reactome:R-MMU-9013422|Reactome:R-MMU-9770562|Reactome:R-MMU-983168|Reactome:R-MMU-9930044|Reactome:R-RNO-159231|Reactome:R-RNO-72165|Reactome:R-RNO-73856|Reactome:R-RNO-77595|Reactome:R-RNO-9770562|Reactome:R-SCE-983168|Reactome:R-SPO-9770562|Reactome:R-SPO-983168|Reactome:R-XTR-77595|Reactome:R-XTR-9770562
CopiaSL_19	9778b6f57251a2a7ab86ba9d1878ac1c	480	Pfam	PF14223	gag-polypeptide of LTR copia-type	31	218	6.0E-24	T	13-08-2026	IPR061502	Copia/RE1/RE2-like, N-terminal domain	-	-
CopiaSL_19	9778b6f57251a2a7ab86ba9d1878ac1c	480	PANTHER	PTHR34676	DUF4219 DOMAIN-CONTAINING PROTEIN-RELATED	36	232	2.2E-45	T	13-08-2026	-	-	-	-
CopiaSL_19	9778b6f57251a2a7ab86ba9d1878ac1c	480	SMART	SM00343	c2hcfinal6	280	296	2.6E-4	T	13-08-2026	IPR001878	Zinc finger, CCHC-type	GO:0003676(InterPro)|GO:0008270(InterPro)	Reactome:R-BTA-159231|Reactome:R-BTA-159236|Reactome:R-BTA-72163|Reactome:R-BTA-72165|Reactome:R-BTA-72203|Reactome:R-BTA-73856|Reactome:R-BTA-77595|Reactome:R-BTA-9770562|Reactome:R-CEL-159236|Reactome:R-CEL-72163|Reactome:R-CEL-73856|Reactome:R-DME-159231|Reactome:R-DME-159236|Reactome:R-DME-1834941|Reactome:R-DME-72163|Reactome:R-DME-72165|Reactome:R-DME-72203|Reactome:R-DME-73856|Reactome:R-DME-77595|Reactome:R-DME-8941326|Reactome:R-DME-9770562|Reactome:R-DME-9930044|Reactome:R-DRE-72165|Reactome:R-HSA-1169408|Reactome:R-HSA-159231|Reactome:R-HSA-159236|Reactome:R-HSA-162585|Reactome:R-HSA-162588|Reactome:R-HSA-162592|Reactome:R-HSA-162594|Reactome:R-HSA-164516|Reactome:R-HSA-164525|Reactome:R-HSA-164843|Reactome:R-HSA-168315|Reactome:R-HSA-173107|Reactome:R-HSA-174490|Reactome:R-HSA-174495|Reactome:R-HSA-175474|Reactome:R-HSA-175567|Reactome:R-HSA-177539|Reactome:R-HSA-180689|Reactome:R-HSA-180910|Reactome:R-HSA-429947|Reactome:R-HSA-452723|Reactome:R-HSA-6784531|Reactome:R-HSA-72163|Reactome:R-HSA-72165|Reactome:R-HSA-72187|Reactome:R-HSA-72203|Reactome:R-HSA-73856|Reactome:R-HSA-77595|Reactome:R-HSA-9013422|Reactome:R-HSA-9682706|Reactome:R-HSA-9694686|Reactome:R-HSA-9705671|Reactome:R-HSA-9770562|Reactome:R-HSA-9819196|Reactome:R-HSA-9820865|Reactome:R-HSA-983168|Reactome:R-HSA-9843970|Reactome:R-HSA-9918481|Reactome:R-HSA-9930044|Reactome:R-HSA-9931510|Reactome:R-MMU-159231|Reactome:R-MMU-159236|Reactome:R-MMU-72163|Reactome:R-MMU-72165|Reactome:R-MMU-72187|Reactome:R-MMU-72203|Reactome:R-MMU-73856|Reactome:R-MMU-77595|Reactome:R-MMU-9013422|Reactome:R-MMU-9770562|Reactome:R-MMU-983168|Reactome:R-MMU-9930044|Reactome:R-RNO-159231|Reactome:R-RNO-72165|Reactome:R-RNO-73856|Reactome:R-RNO-77595|Reactome:R-RNO-9770562|Reactome:R-SCE-983168|Reactome:R-SPO-9770562|Reactome:R-SPO-983168|Reactome:R-XTR-77595|Reactome:R-XTR-9770562
CopiaSL_19	9778b6f57251a2a7ab86ba9d1878ac1c	480	Coils	Coil	Coil	414	434	-	T	13-08-2026	-	-	-	-
CopiaSL_18	a4fda15e01b38b0fd038d0ea0c299053	604	SMART	SM00343	c2hcfinal6	270	286	0.032	T	13-08-2026	IPR001878	Zinc finger, CCHC-type	GO:0003676(InterPro)|GO:0008270(InterPro)	Reactome:R-BTA-159231|Reactome:R-BTA-159236|Reactome:R-BTA-72163|Reactome:R-BTA-72165|Reactome:R-BTA-72203|Reactome:R-BTA-73856|Reactome:R-BTA-77595|Reactome:R-BTA-9770562|Reactome:R-CEL-159236|Reactome:R-CEL-72163|Reactome:R-CEL-73856|Reactome:R-DME-159231|Reactome:R-DME-159236|Reactome:R-DME-1834941|Reactome:R-DME-72163|Reactome:R-DME-72165|Reactome:R-DME-72203|Reactome:R-DME-73856|Reactome:R-DME-77595|Reactome:R-DME-8941326|Reactome:R-DME-9770562|Reactome:R-DME-9930044|Reactome:R-DRE-72165|Reactome:R-HSA-1169408|Reactome:R-HSA-159231|Reactome:R-HSA-159236|Reactome:R-HSA-162585|Reactome:R-HSA-162588|Reactome:R-HSA-162592|Reactome:R-HSA-162594|Reactome:R-HSA-164516|Reactome:R-HSA-164525|Reactome:R-HSA-164843|Reactome:R-HSA-168315|Reactome:R-HSA-173107|Reactome:R-HSA-174490|Reactome:R-HSA-174495|Reactome:R-HSA-175474|Reactome:R-HSA-175567|Reactome:R-HSA-177539|Reactome:R-HSA-180689|Reactome:R-HSA-180910|Reactome:R-HSA-429947|Reactome:R-HSA-452723|Reactome:R-HSA-6784531|Reactome:R-HSA-72163|Reactome:R-HSA-72165|Reactome:R-HSA-72187|Reactome:R-HSA-72203|Reactome:R-HSA-73856|Reactome:R-HSA-77595|Reactome:R-HSA-9013422|Reactome:R-HSA-9682706|Reactome:R-HSA-9694686|Reactome:R-HSA-9705671|Reactome:R-HSA-9770562|Reactome:R-HSA-9819196|Reactome:R-HSA-9820865|Reactome:R-HSA-983168|Reactome:R-HSA-9843970|Reactome:R-HSA-9918481|Reactome:R-HSA-9930044|Reactome:R-HSA-9931510|Reactome:R-MMU-159231|Reactome:R-MMU-159236|Reactome:R-MMU-72163|Reactome:R-MMU-72165|Reactome:R-MMU-72187|Reactome:R-MMU-72203|Reactome:R-MMU-73856|Reactome:R-MMU-77595|Reactome:R-MMU-9013422|Reactome:R-MMU-9770562|Reactome:R-MMU-983168|Reactome:R-MMU-9930044|Reactome:R-RNO-159231|Reactome:R-RNO-72165|Reactome:R-RNO-73856|Reactome:R-RNO-77595|Reactome:R-RNO-9770562|Reactome:R-SCE-983168|Reactome:R-SPO-9770562|Reactome:R-SPO-983168|Reactome:R-XTR-77595|Reactome:R-XTR-9770562
CopiaSL_18	a4fda15e01b38b0fd038d0ea0c299053	604	SMART	SM00343	c2hcfinal6	536	552	0.11	T	13-08-2026	IPR001878	Zinc finger, CCHC-type	GO:0003676(InterPro)|GO:0008270(InterPro)	Reactome:R-BTA-159231|Reactome:R-BTA-159236|Reactome:R-BTA-72163|Reactome:R-BTA-72165|Reactome:R-BTA-72203|Reactome:R-BTA-73856|Reactome:R-BTA-77595|Reactome:R-BTA-9770562|Reactome:R-CEL-159236|Reactome:R-CEL-72163|Reactome:R-CEL-73856|Reactome:R-DME-159231|Reactome:R-DME-159236|Reactome:R-DME-1834941|Reactome:R-DME-72163|Reactome:R-DME-72165|Reactome:R-DME-72203|Reactome:R-DME-73856|Reactome:R-DME-77595|Reactome:R-DME-8941326|Reactome:R-DME-9770562|Reactome:R-DME-9930044|Reactome:R-DRE-72165|Reactome:R-HSA-1169408|Reactome:R-HSA-159231|Reactome:R-HSA-159236|Reactome:R-HSA-162585|Reactome:R-HSA-162588|Reactome:R-HSA-162592|Reactome:R-HSA-162594|Reactome:R-HSA-164516|Reactome:R-HSA-164525|Reactome:R-HSA-164843|Reactome:R-HSA-168315|Reactome:R-HSA-173107|Reactome:R-HSA-174490|Reactome:R-HSA-174495|Reactome:R-HSA-175474|Reactome:R-HSA-175567|Reactome:R-HSA-177539|Reactome:R-HSA-180689|Reactome:R-HSA-180910|Reactome:R-HSA-429947|Reactome:R-HSA-452723|Reactome:R-HSA-6784531|Reactome:R-HSA-72163|Reactome:R-HSA-72165|Reactome:R-HSA-72187|Reactome:R-HSA-72203|Reactome:R-HSA-73856|Reactome:R-HSA-77595|Reactome:R-HSA-9013422|Reactome:R-HSA-9682706|Reactome:R-HSA-9694686|Reactome:R-HSA-9705671|Reactome:R-HSA-9770562|Reactome:R-HSA-9819196|Reactome:R-HSA-9820865|Reactome:R-HSA-983168|Reactome:R-HSA-9843970|Reactome:R-HSA-9918481|Reactome:R-HSA-9930044|Reactome:R-HSA-9931510|Reactome:R-MMU-159231|Reactome:R-MMU-159236|Reactome:R-MMU-72163|Reactome:R-MMU-72165|Reactome:R-MMU-72187|Reactome:R-MMU-72203|Reactome:R-MMU-73856|Reactome:R-MMU-77595|Reactome:R-MMU-9013422|Reactome:R-MMU-9770562|Reactome:R-MMU-983168|Reactome:R-MMU-9930044|Reactome:R-RNO-159231|Reactome:R-RNO-72165|Reactome:R-RNO-73856|Reactome:R-RNO-77595|Reactome:R-RNO-9770562|Reactome:R-SCE-983168|Reactome:R-SPO-9770562|Reactome:R-SPO-983168|Reactome:R-XTR-77595|Reactome:R-XTR-9770562
CopiaSL_18	a4fda15e01b38b0fd038d0ea0c299053	604	Pfam	PF14223	gag-polypeptide of LTR copia-type	70	163	4.4E-14	T	13-08-2026	IPR061502	Copia/RE1/RE2-like, N-terminal domain	-	-
CopiaSL_18	a4fda15e01b38b0fd038d0ea0c299053	604	Gene3D	G3DSA:4.10.60.10	-	263	319	3.5E-8	T	13-08-2026	-	-	-	-
CopiaSL_18	a4fda15e01b38b0fd038d0ea0c299053	604	PANTHER	PTHR34676	DUF4219 DOMAIN-CONTAINING PROTEIN-RELATED	37	265	2.2E-36	T	13-08-2026	-	-	-	-
CopiaSL_18	a4fda15e01b38b0fd038d0ea0c299053	604	ProSiteProfiles	PS50158	Zinc finger CCHC-type profile.	537	552	8.531888	T	13-08-2026	IPR001878	Zinc finger, CCHC-type	GO:0003676(InterPro)|GO:0008270(InterPro)	Reactome:R-BTA-159231|Reactome:R-BTA-159236|Reactome:R-BTA-72163|Reactome:R-BTA-72165|Reactome:R-BTA-72203|Reactome:R-BTA-73856|Reactome:R-BTA-77595|Reactome:R-BTA-9770562|Reactome:R-CEL-159236|Reactome:R-CEL-72163|Reactome:R-CEL-73856|Reactome:R-DME-159231|Reactome:R-DME-159236|Reactome:R-DME-1834941|Reactome:R-DME-72163|Reactome:R-DME-72165|Reactome:R-DME-72203|Reactome:R-DME-73856|Reactome:R-DME-77595|Reactome:R-DME-8941326|Reactome:R-DME-9770562|Reactome:R-DME-9930044|Reactome:R-DRE-72165|Reactome:R-HSA-1169408|Reactome:R-HSA-159231|Reactome:R-HSA-159236|Reactome:R-HSA-162585|Reactome:R-HSA-162588|Reactome:R-HSA-162592|Reactome:R-HSA-162594|Reactome:R-HSA-164516|Reactome:R-HSA-164525|Reactome:R-HSA-164843|Reactome:R-HSA-168315|Reactome:R-HSA-173107|Reactome:R-HSA-174490|Reactome:R-HSA-174495|Reactome:R-HSA-175474|Reactome:R-HSA-175567|Reactome:R-HSA-177539|Reactome:R-HSA-180689|Reactome:R-HSA-180910|Reactome:R-HSA-429947|Reactome:R-HSA-452723|Reactome:R-HSA-6784531|Reactome:R-HSA-72163|Reactome:R-HSA-72165|Reactome:R-HSA-72187|Reactome:R-HSA-72203|Reactome:R-HSA-73856|Reactome:R-HSA-77595|Reactome:R-HSA-9013422|Reactome:R-HSA-9682706|Reactome:R-HSA-9694686|Reactome:R-HSA-9705671|Reactome:R-HSA-9770562|Reactome:R-HSA-9819196|Reactome:R-HSA-9820865|Reactome:R-HSA-983168|Reactome:R-HSA-9843970|Reactome:R-HSA-9918481|Reactome:R-HSA-9930044|Reactome:R-HSA-9931510|Reactome:R-MMU-159231|Reactome:R-MMU-159236|Reactome:R-MMU-72163|Reactome:R-MMU-72165|Reactome:R-MMU-72187|Reactome:R-MMU-72203|Reactome:R-MMU-73856|Reactome:R-MMU-77595|Reactome:R-MMU-9013422|Reactome:R-MMU-9770562|Reactome:R-MMU-983168|Reactome:R-MMU-9930044|Reactome:R-RNO-159231|Reactome:R-RNO-72165|Reactome:R-RNO-73856|Reactome:R-RNO-77595|Reactome:R-RNO-9770562|Reactome:R-SCE-983168|Reactome:R-SPO-9770562|Reactome:R-SPO-983168|Reactome:R-XTR-77595|Reactome:R-XTR-9770562
CopiaSL_18	a4fda15e01b38b0fd038d0ea0c299053	604	Coils	Coil	Coil	473	473	-	T	13-08-2026	-	-	-	-
CopiaSL_18	a4fda15e01b38b0fd038d0ea0c299053	604	MobiDBLite	mobidb-lite	consensus disorder prediction	554	569	-	T	13-08-2026	-	-	-	-
CopiaSL_18	a4fda15e01b38b0fd038d0ea0c299053	604	MobiDBLite	mobidb-lite	consensus disorder prediction	553	581	-	T	13-08-2026	-	-	-	-
CopiaSL_18	a4fda15e01b38b0fd038d0ea0c299053	604	Coils	Coil	Coil	436	456	-	T	13-08-2026	-	-	-	-
CopiaSL_20	d2dc18b3e419cc8cc27baeb28504e95e	295	Pfam	PF14223	gag-polypeptide of LTR copia-type	22	197	3.3E-24	T	13-08-2026	IPR061502	Copia/RE1/RE2-like, N-terminal domain	-	-
CopiaSL_20	d2dc18b3e419cc8cc27baeb28504e95e	295	Coils	Coil	Coil	219	224	-	T	13-08-2026	-	-	-	-
CopiaSL_20	d2dc18b3e419cc8cc27baeb28504e95e	295	PANTHER	PTHR35317	OS04G0629600 PROTEIN	8	209	3.3E-42	T	13-08-2026	-	-	-	-
CopiaSL_35	2f675f5a585d265162b1b09d2c7f8d0e	264	Gene3D	G3DSA:4.10.60.10	-	223	260	6.1E-6	T	13-08-2026	-	-	-	-
CopiaSL_35	2f675f5a585d265162b1b09d2c7f8d0e	264	Pfam	PF14223	gag-polypeptide of LTR copia-type	24	181	5.4E-25	T	13-08-2026	IPR061502	Copia/RE1/RE2-like, N-terminal domain	-	-
CopiaSL_35	2f675f5a585d265162b1b09d2c7f8d0e	264	Coils	Coil	Coil	225	227	-	T	13-08-2026	-	-	-	-
CopiaSL_35	2f675f5a585d265162b1b09d2c7f8d0e	264	MobiDBLite	mobidb-lite	consensus disorder prediction	244	264	-	T	13-08-2026	-	-	-	-
CopiaSL_35	2f675f5a585d265162b1b09d2c7f8d0e	264	ProSiteProfiles	PS50158	Zinc finger CCHC-type profile.	228	242	9.702167	T	13-08-2026	IPR001878	Zinc finger, CCHC-type	GO:0003676(InterPro)|GO:0008270(InterPro)	Reactome:R-BTA-159231|Reactome:R-BTA-159236|Reactome:R-BTA-72163|Reactome:R-BTA-72165|Reactome:R-BTA-72203|Reactome:R-BTA-73856|Reactome:R-BTA-77595|Reactome:R-BTA-9770562|Reactome:R-CEL-159236|Reactome:R-CEL-72163|Reactome:R-CEL-73856|Reactome:R-DME-159231|Reactome:R-DME-159236|Reactome:R-DME-1834941|Reactome:R-DME-72163|Reactome:R-DME-72165|Reactome:R-DME-72203|Reactome:R-DME-73856|Reactome:R-DME-77595|Reactome:R-DME-8941326|Reactome:R-DME-9770562|Reactome:R-DME-9930044|Reactome:R-DRE-72165|Reactome:R-HSA-1169408|Reactome:R-HSA-159231|Reactome:R-HSA-159236|Reactome:R-HSA-162585|Reactome:R-HSA-162588|Reactome:R-HSA-162592|Reactome:R-HSA-162594|Reactome:R-HSA-164516|Reactome:R-HSA-164525|Reactome:R-HSA-164843|Reactome:R-HSA-168315|Reactome:R-HSA-173107|Reactome:R-HSA-174490|Reactome:R-HSA-174495|Reactome:R-HSA-175474|Reactome:R-HSA-175567|Reactome:R-HSA-177539|Reactome:R-HSA-180689|Reactome:R-HSA-180910|Reactome:R-HSA-429947|Reactome:R-HSA-452723|Reactome:R-HSA-6784531|Reactome:R-HSA-72163|Reactome:R-HSA-72165|Reactome:R-HSA-72187|Reactome:R-HSA-72203|Reactome:R-HSA-73856|Reactome:R-HSA-77595|Reactome:R-HSA-9013422|Reactome:R-HSA-9682706|Reactome:R-HSA-9694686|Reactome:R-HSA-9705671|Reactome:R-HSA-9770562|Reactome:R-HSA-9819196|Reactome:R-HSA-9820865|Reactome:R-HSA-983168|Reactome:R-HSA-9843970|Reactome:R-HSA-9918481|Reactome:R-HSA-9930044|Reactome:R-HSA-9931510|Reactome:R-MMU-159231|Reactome:R-MMU-159236|Reactome:R-MMU-72163|Reactome:R-MMU-72165|Reactome:R-MMU-72187|Reactome:R-MMU-72203|Reactome:R-MMU-73856|Reactome:R-MMU-77595|Reactome:R-MMU-9013422|Reactome:R-MMU-9770562|Reactome:R-MMU-983168|Reactome:R-MMU-9930044|Reactome:R-RNO-159231|Reactome:R-RNO-72165|Reactome:R-RNO-73856|Reactome:R-RNO-77595|Reactome:R-RNO-9770562|Reactome:R-SCE-983168|Reactome:R-SPO-9770562|Reactome:R-SPO-983168|Reactome:R-XTR-77595|Reactome:R-XTR-9770562
CopiaSL_35	2f675f5a585d265162b1b09d2c7f8d0e	264	PANTHER	PTHR47481	-	14	201	6.5E-13	T	13-08-2026	-	-	-	-
CopiaSL_35	2f675f5a585d265162b1b09d2c7f8d0e	264	SUPERFAMILY	SSF57756	Retrovirus zinc finger-like domains	223	247	2.97E-6	T	13-08-2026	IPR036875	Zinc finger, CCHC-type superfamily	GO:0003676(InterPro)|GO:0008270(InterPro)	Reactome:R-BTA-159231|Reactome:R-BTA-159236|Reactome:R-BTA-72163|Reactome:R-BTA-72165|Reactome:R-BTA-72203|Reactome:R-BTA-73856|Reactome:R-BTA-77595|Reactome:R-BTA-9770562|Reactome:R-CEL-159236|Reactome:R-CEL-72163|Reactome:R-CEL-73856|Reactome:R-DME-159231|Reactome:R-DME-159236|Reactome:R-DME-1834941|Reactome:R-DME-72163|Reactome:R-DME-72165|Reactome:R-DME-72203|Reactome:R-DME-73856|Reactome:R-DME-77595|Reactome:R-DME-9770562|Reactome:R-DRE-72165|Reactome:R-HSA-1169408|Reactome:R-HSA-159231|Reactome:R-HSA-159236|Reactome:R-HSA-162585|Reactome:R-HSA-162588|Reactome:R-HSA-162592|Reactome:R-HSA-162594|Reactome:R-HSA-164516|Reactome:R-HSA-164525|Reactome:R-HSA-164843|Reactome:R-HSA-168315|Reactome:R-HSA-173107|Reactome:R-HSA-174490|Reactome:R-HSA-174495|Reactome:R-HSA-175474|Reactome:R-HSA-175567|Reactome:R-HSA-177539|Reactome:R-HSA-180689|Reactome:R-HSA-180910|Reactome:R-HSA-429947|Reactome:R-HSA-452723|Reactome:R-HSA-6784531|Reactome:R-HSA-72163|Reactome:R-HSA-72165|Reactome:R-HSA-72187|Reactome:R-HSA-72203|Reactome:R-HSA-73856|Reactome:R-HSA-77595|Reactome:R-HSA-9013422|Reactome:R-HSA-9682706|Reactome:R-HSA-9694686|Reactome:R-HSA-9705671|Reactome:R-HSA-9770562|Reactome:R-HSA-9819196|Reactome:R-HSA-9820865|Reactome:R-HSA-983168|Reactome:R-HSA-9918481|Reactome:R-HSA-9930044|Reactome:R-MMU-159231|Reactome:R-MMU-159236|Reactome:R-MMU-72163|Reactome:R-MMU-72165|Reactome:R-MMU-72187|Reactome:R-MMU-72203|Reactome:R-MMU-73856|Reactome:R-MMU-77595|Reactome:R-MMU-9013422|Reactome:R-MMU-9770562|Reactome:R-MMU-983168|Reactome:R-RNO-159231|Reactome:R-RNO-72165|Reactome:R-RNO-73856|Reactome:R-RNO-77595|Reactome:R-RNO-9770562|Reactome:R-SCE-983168|Reactome:R-SPO-9770562|Reactome:R-SPO-983168|Reactome:R-XTR-77595|Reactome:R-XTR-9770562
CopiaSL_monotypic|Chr01_1s365	c818f1e0f11cdf0a9a74307691b9f7f5	113	PANTHER	PTHR34222	GAG_PRE-INTEGRS DOMAIN-CONTAINING PROTEIN	10	109	5.2E-33	T	13-08-2026	-	-	-	-
CopiaSL_37	887030ad17b0c2b31ad5a625adf14590	265	Pfam	PF14223	gag-polypeptide of LTR copia-type	24	186	8.6E-23	T	13-08-2026	IPR061502	Copia/RE1/RE2-like, N-terminal domain	-	-
CopiaSL_37	887030ad17b0c2b31ad5a625adf14590	265	SUPERFAMILY	SSF57756	Retrovirus zinc finger-like domains	218	242	6.02E-7	T	13-08-2026	IPR036875	Zinc finger, CCHC-type superfamily	GO:0003676(InterPro)|GO:0008270(InterPro)	Reactome:R-BTA-159231|Reactome:R-BTA-159236|Reactome:R-BTA-72163|Reactome:R-BTA-72165|Reactome:R-BTA-72203|Reactome:R-BTA-73856|Reactome:R-BTA-77595|Reactome:R-BTA-9770562|Reactome:R-CEL-159236|Reactome:R-CEL-72163|Reactome:R-CEL-73856|Reactome:R-DME-159231|Reactome:R-DME-159236|Reactome:R-DME-1834941|Reactome:R-DME-72163|Reactome:R-DME-72165|Reactome:R-DME-72203|Reactome:R-DME-73856|Reactome:R-DME-77595|Reactome:R-DME-9770562|Reactome:R-DRE-72165|Reactome:R-HSA-1169408|Reactome:R-HSA-159231|Reactome:R-HSA-159236|Reactome:R-HSA-162585|Reactome:R-HSA-162588|Reactome:R-HSA-162592|Reactome:R-HSA-162594|Reactome:R-HSA-164516|Reactome:R-HSA-164525|Reactome:R-HSA-164843|Reactome:R-HSA-168315|Reactome:R-HSA-173107|Reactome:R-HSA-174490|Reactome:R-HSA-174495|Reactome:R-HSA-175474|Reactome:R-HSA-175567|Reactome:R-HSA-177539|Reactome:R-HSA-180689|Reactome:R-HSA-180910|Reactome:R-HSA-429947|Reactome:R-HSA-452723|Reactome:R-HSA-6784531|Reactome:R-HSA-72163|Reactome:R-HSA-72165|Reactome:R-HSA-72187|Reactome:R-HSA-72203|Reactome:R-HSA-73856|Reactome:R-HSA-77595|Reactome:R-HSA-9013422|Reactome:R-HSA-9682706|Reactome:R-HSA-9694686|Reactome:R-HSA-9705671|Reactome:R-HSA-9770562|Reactome:R-HSA-9819196|Reactome:R-HSA-9820865|Reactome:R-HSA-983168|Reactome:R-HSA-9918481|Reactome:R-HSA-9930044|Reactome:R-MMU-159231|Reactome:R-MMU-159236|Reactome:R-MMU-72163|Reactome:R-MMU-72165|Reactome:R-MMU-72187|Reactome:R-MMU-72203|Reactome:R-MMU-73856|Reactome:R-MMU-77595|Reactome:R-MMU-9013422|Reactome:R-MMU-9770562|Reactome:R-MMU-983168|Reactome:R-RNO-159231|Reactome:R-RNO-72165|Reactome:R-RNO-73856|Reactome:R-RNO-77595|Reactome:R-RNO-9770562|Reactome:R-SCE-983168|Reactome:R-SPO-9770562|Reactome:R-SPO-983168|Reactome:R-XTR-77595|Reactome:R-XTR-9770562
CopiaSL_37	887030ad17b0c2b31ad5a625adf14590	265	Pfam	PF00098	Zinc knuckle	224	239	0.97	T	13-08-2026	IPR001878	Zinc finger, CCHC-type	GO:0003676(InterPro)|GO:0008270(InterPro)	Reactome:R-BTA-159231|Reactome:R-BTA-159236|Reactome:R-BTA-72163|Reactome:R-BTA-72165|Reactome:R-BTA-72203|Reactome:R-BTA-73856|Reactome:R-BTA-77595|Reactome:R-BTA-9770562|Reactome:R-CEL-159236|Reactome:R-CEL-72163|Reactome:R-CEL-73856|Reactome:R-DME-159231|Reactome:R-DME-159236|Reactome:R-DME-1834941|Reactome:R-DME-72163|Reactome:R-DME-72165|Reactome:R-DME-72203|Reactome:R-DME-73856|Reactome:R-DME-77595|Reactome:R-DME-8941326|Reactome:R-DME-9770562|Reactome:R-DME-9930044|Reactome:R-DRE-72165|Reactome:R-HSA-1169408|Reactome:R-HSA-159231|Reactome:R-HSA-159236|Reactome:R-HSA-162585|Reactome:R-HSA-162588|Reactome:R-HSA-162592|Reactome:R-HSA-162594|Reactome:R-HSA-164516|Reactome:R-HSA-164525|Reactome:R-HSA-164843|Reactome:R-HSA-168315|Reactome:R-HSA-173107|Reactome:R-HSA-174490|Reactome:R-HSA-174495|Reactome:R-HSA-175474|Reactome:R-HSA-175567|Reactome:R-HSA-177539|Reactome:R-HSA-180689|Reactome:R-HSA-180910|Reactome:R-HSA-429947|Reactome:R-HSA-452723|Reactome:R-HSA-6784531|Reactome:R-HSA-72163|Reactome:R-HSA-72165|Reactome:R-HSA-72187|Reactome:R-HSA-72203|Reactome:R-HSA-73856|Reactome:R-HSA-77595|Reactome:R-HSA-9013422|Reactome:R-HSA-9682706|Reactome:R-HSA-9694686|Reactome:R-HSA-9705671|Reactome:R-HSA-9770562|Reactome:R-HSA-9819196|Reactome:R-HSA-9820865|Reactome:R-HSA-983168|Reactome:R-HSA-9843970|Reactome:R-HSA-9918481|Reactome:R-HSA-9930044|Reactome:R-HSA-9931510|Reactome:R-MMU-159231|Reactome:R-MMU-159236|Reactome:R-MMU-72163|Reactome:R-MMU-72165|Reactome:R-MMU-72187|Reactome:R-MMU-72203|Reactome:R-MMU-73856|Reactome:R-MMU-77595|Reactome:R-MMU-9013422|Reactome:R-MMU-9770562|Reactome:R-MMU-983168|Reactome:R-MMU-9930044|Reactome:R-RNO-159231|Reactome:R-RNO-72165|Reactome:R-RNO-73856|Reactome:R-RNO-77595|Reactome:R-RNO-9770562|Reactome:R-SCE-983168|Reactome:R-SPO-9770562|Reactome:R-SPO-983168|Reactome:R-XTR-77595|Reactome:R-XTR-9770562
CopiaSL_37	887030ad17b0c2b31ad5a625adf14590	265	SMART	SM00343	c2hcfinal6	224	240	0.0078	T	13-08-2026	IPR001878	Zinc finger, CCHC-type	GO:0003676(InterPro)|GO:0008270(InterPro)	Reactome:R-BTA-159231|Reactome:R-BTA-159236|Reactome:R-BTA-72163|Reactome:R-BTA-72165|Reactome:R-BTA-72203|Reactome:R-BTA-73856|Reactome:R-BTA-77595|Reactome:R-BTA-9770562|Reactome:R-CEL-159236|Reactome:R-CEL-72163|Reactome:R-CEL-73856|Reactome:R-DME-159231|Reactome:R-DME-159236|Reactome:R-DME-1834941|Reactome:R-DME-72163|Reactome:R-DME-72165|Reactome:R-DME-72203|Reactome:R-DME-73856|Reactome:R-DME-77595|Reactome:R-DME-8941326|Reactome:R-DME-9770562|Reactome:R-DME-9930044|Reactome:R-DRE-72165|Reactome:R-HSA-1169408|Reactome:R-HSA-159231|Reactome:R-HSA-159236|Reactome:R-HSA-162585|Reactome:R-HSA-162588|Reactome:R-HSA-162592|Reactome:R-HSA-162594|Reactome:R-HSA-164516|Reactome:R-HSA-164525|Reactome:R-HSA-164843|Reactome:R-HSA-168315|Reactome:R-HSA-173107|Reactome:R-HSA-174490|Reactome:R-HSA-174495|Reactome:R-HSA-175474|Reactome:R-HSA-175567|Reactome:R-HSA-177539|Reactome:R-HSA-180689|Reactome:R-HSA-180910|Reactome:R-HSA-429947|Reactome:R-HSA-452723|Reactome:R-HSA-6784531|Reactome:R-HSA-72163|Reactome:R-HSA-72165|Reactome:R-HSA-72187|Reactome:R-HSA-72203|Reactome:R-HSA-73856|Reactome:R-HSA-77595|Reactome:R-HSA-9013422|Reactome:R-HSA-9682706|Reactome:R-HSA-9694686|Reactome:R-HSA-9705671|Reactome:R-HSA-9770562|Reactome:R-HSA-9819196|Reactome:R-HSA-9820865|Reactome:R-HSA-983168|Reactome:R-HSA-9843970|Reactome:R-HSA-9918481|Reactome:R-HSA-9930044|Reactome:R-HSA-9931510|Reactome:R-MMU-159231|Reactome:R-MMU-159236|Reactome:R-MMU-72163|Reactome:R-MMU-72165|Reactome:R-MMU-72187|Reactome:R-MMU-72203|Reactome:R-MMU-73856|Reactome:R-MMU-77595|Reactome:R-MMU-9013422|Reactome:R-MMU-9770562|Reactome:R-MMU-983168|Reactome:R-MMU-9930044|Reactome:R-RNO-159231|Reactome:R-RNO-72165|Reactome:R-RNO-73856|Reactome:R-RNO-77595|Reactome:R-RNO-9770562|Reactome:R-SCE-983168|Reactome:R-SPO-9770562|Reactome:R-SPO-983168|Reactome:R-XTR-77595|Reactome:R-XTR-9770562
CopiaSL_37	887030ad17b0c2b31ad5a625adf14590	265	Gene3D	G3DSA:4.10.60.10	-	212	245	3.4E-6	T	13-08-2026	-	-	-	-
Dane-1	cd6eb6e0f2ab5347aa7ec511bb9b3745	263	Coils	Coil	Coil	126	146	-	T	13-08-2026	-	-	-	-
Dane-1	cd6eb6e0f2ab5347aa7ec511bb9b3745	263	ProSiteProfiles	PS50158	Zinc finger CCHC-type profile.	205	219	9.224166	T	13-08-2026	IPR001878	Zinc finger, CCHC-type	GO:0003676(InterPro)|GO:0008270(InterPro)	Reactome:R-BTA-159231|Reactome:R-BTA-159236|Reactome:R-BTA-72163|Reactome:R-BTA-72165|Reactome:R-BTA-72203|Reactome:R-BTA-73856|Reactome:R-BTA-77595|Reactome:R-BTA-9770562|Reactome:R-CEL-159236|Reactome:R-CEL-72163|Reactome:R-CEL-73856|Reactome:R-DME-159231|Reactome:R-DME-159236|Reactome:R-DME-1834941|Reactome:R-DME-72163|Reactome:R-DME-72165|Reactome:R-DME-72203|Reactome:R-DME-73856|Reactome:R-DME-77595|Reactome:R-DME-8941326|Reactome:R-DME-9770562|Reactome:R-DME-9930044|Reactome:R-DRE-72165|Reactome:R-HSA-1169408|Reactome:R-HSA-159231|Reactome:R-HSA-159236|Reactome:R-HSA-162585|Reactome:R-HSA-162588|Reactome:R-HSA-162592|Reactome:R-HSA-162594|Reactome:R-HSA-164516|Reactome:R-HSA-164525|Reactome:R-HSA-164843|Reactome:R-HSA-168315|Reactome:R-HSA-173107|Reactome:R-HSA-174490|Reactome:R-HSA-174495|Reactome:R-HSA-175474|Reactome:R-HSA-175567|Reactome:R-HSA-177539|Reactome:R-HSA-180689|Reactome:R-HSA-180910|Reactome:R-HSA-429947|Reactome:R-HSA-452723|Reactome:R-HSA-6784531|Reactome:R-HSA-72163|Reactome:R-HSA-72165|Reactome:R-HSA-72187|Reactome:R-HSA-72203|Reactome:R-HSA-73856|Reactome:R-HSA-77595|Reactome:R-HSA-9013422|Reactome:R-HSA-9682706|Reactome:R-HSA-9694686|Reactome:R-HSA-9705671|Reactome:R-HSA-9770562|Reactome:R-HSA-9819196|Reactome:R-HSA-9820865|Reactome:R-HSA-983168|Reactome:R-HSA-9843970|Reactome:R-HSA-9918481|Reactome:R-HSA-9930044|Reactome:R-HSA-9931510|Reactome:R-MMU-159231|Reactome:R-MMU-159236|Reactome:R-MMU-72163|Reactome:R-MMU-72165|Reactome:R-MMU-72187|Reactome:R-MMU-72203|Reactome:R-MMU-73856|Reactome:R-MMU-77595|Reactome:R-MMU-9013422|Reactome:R-MMU-9770562|Reactome:R-MMU-983168|Reactome:R-MMU-9930044|Reactome:R-RNO-159231|Reactome:R-RNO-72165|Reactome:R-RNO-73856|Reactome:R-RNO-77595|Reactome:R-RNO-9770562|Reactome:R-SCE-983168|Reactome:R-SPO-9770562|Reactome:R-SPO-983168|Reactome:R-XTR-77595|Reactome:R-XTR-9770562
Dane-1	cd6eb6e0f2ab5347aa7ec511bb9b3745	263	SMART	SM00343	c2hcfinal6	204	220	0.0061	T	13-08-2026	IPR001878	Zinc finger, CCHC-type	GO:0003676(InterPro)|GO:0008270(InterPro)	Reactome:R-BTA-159231|Reactome:R-BTA-159236|Reactome:R-BTA-72163|Reactome:R-BTA-72165|Reactome:R-BTA-72203|Reactome:R-BTA-73856|Reactome:R-BTA-77595|Reactome:R-BTA-9770562|Reactome:R-CEL-159236|Reactome:R-CEL-72163|Reactome:R-CEL-73856|Reactome:R-DME-159231|Reactome:R-DME-159236|Reactome:R-DME-1834941|Reactome:R-DME-72163|Reactome:R-DME-72165|Reactome:R-DME-72203|Reactome:R-DME-73856|Reactome:R-DME-77595|Reactome:R-DME-8941326|Reactome:R-DME-9770562|Reactome:R-DME-9930044|Reactome:R-DRE-72165|Reactome:R-HSA-1169408|Reactome:R-HSA-159231|Reactome:R-HSA-159236|Reactome:R-HSA-162585|Reactome:R-HSA-162588|Reactome:R-HSA-162592|Reactome:R-HSA-162594|Reactome:R-HSA-164516|Reactome:R-HSA-164525|Reactome:R-HSA-164843|Reactome:R-HSA-168315|Reactome:R-HSA-173107|Reactome:R-HSA-174490|Reactome:R-HSA-174495|Reactome:R-HSA-175474|Reactome:R-HSA-175567|Reactome:R-HSA-177539|Reactome:R-HSA-180689|Reactome:R-HSA-180910|Reactome:R-HSA-429947|Reactome:R-HSA-452723|Reactome:R-HSA-6784531|Reactome:R-HSA-72163|Reactome:R-HSA-72165|Reactome:R-HSA-72187|Reactome:R-HSA-72203|Reactome:R-HSA-73856|Reactome:R-HSA-77595|Reactome:R-HSA-9013422|Reactome:R-HSA-9682706|Reactome:R-HSA-9694686|Reactome:R-HSA-9705671|Reactome:R-HSA-9770562|Reactome:R-HSA-9819196|Reactome:R-HSA-9820865|Reactome:R-HSA-983168|Reactome:R-HSA-9843970|Reactome:R-HSA-9918481|Reactome:R-HSA-9930044|Reactome:R-HSA-9931510|Reactome:R-MMU-159231|Reactome:R-MMU-159236|Reactome:R-MMU-72163|Reactome:R-MMU-72165|Reactome:R-MMU-72187|Reactome:R-MMU-72203|Reactome:R-MMU-73856|Reactome:R-MMU-77595|Reactome:R-MMU-9013422|Reactome:R-MMU-9770562|Reactome:R-MMU-983168|Reactome:R-MMU-9930044|Reactome:R-RNO-159231|Reactome:R-RNO-72165|Reactome:R-RNO-73856|Reactome:R-RNO-77595|Reactome:R-RNO-9770562|Reactome:R-SCE-983168|Reactome:R-SPO-9770562|Reactome:R-SPO-983168|Reactome:R-XTR-77595|Reactome:R-XTR-9770562
Dane-1	cd6eb6e0f2ab5347aa7ec511bb9b3745	263	Pfam	PF00098	Zinc knuckle	204	220	0.26	T	13-08-2026	IPR001878	Zinc finger, CCHC-type	GO:0003676(InterPro)|GO:0008270(InterPro)	Reactome:R-BTA-159231|Reactome:R-BTA-159236|Reactome:R-BTA-72163|Reactome:R-BTA-72165|Reactome:R-BTA-72203|Reactome:R-BTA-73856|Reactome:R-BTA-77595|Reactome:R-BTA-9770562|Reactome:R-CEL-159236|Reactome:R-CEL-72163|Reactome:R-CEL-73856|Reactome:R-DME-159231|Reactome:R-DME-159236|Reactome:R-DME-1834941|Reactome:R-DME-72163|Reactome:R-DME-72165|Reactome:R-DME-72203|Reactome:R-DME-73856|Reactome:R-DME-77595|Reactome:R-DME-8941326|Reactome:R-DME-9770562|Reactome:R-DME-9930044|Reactome:R-DRE-72165|Reactome:R-HSA-1169408|Reactome:R-HSA-159231|Reactome:R-HSA-159236|Reactome:R-HSA-162585|Reactome:R-HSA-162588|Reactome:R-HSA-162592|Reactome:R-HSA-162594|Reactome:R-HSA-164516|Reactome:R-HSA-164525|Reactome:R-HSA-164843|Reactome:R-HSA-168315|Reactome:R-HSA-173107|Reactome:R-HSA-174490|Reactome:R-HSA-174495|Reactome:R-HSA-175474|Reactome:R-HSA-175567|Reactome:R-HSA-177539|Reactome:R-HSA-180689|Reactome:R-HSA-180910|Reactome:R-HSA-429947|Reactome:R-HSA-452723|Reactome:R-HSA-6784531|Reactome:R-HSA-72163|Reactome:R-HSA-72165|Reactome:R-HSA-72187|Reactome:R-HSA-72203|Reactome:R-HSA-73856|Reactome:R-HSA-77595|Reactome:R-HSA-9013422|Reactome:R-HSA-9682706|Reactome:R-HSA-9694686|Reactome:R-HSA-9705671|Reactome:R-HSA-9770562|Reactome:R-HSA-9819196|Reactome:R-HSA-9820865|Reactome:R-HSA-983168|Reactome:R-HSA-9843970|Reactome:R-HSA-9918481|Reactome:R-HSA-9930044|Reactome:R-HSA-9931510|Reactome:R-MMU-159231|Reactome:R-MMU-159236|Reactome:R-MMU-72163|Reactome:R-MMU-72165|Reactome:R-MMU-72187|Reactome:R-MMU-72203|Reactome:R-MMU-73856|Reactome:R-MMU-77595|Reactome:R-MMU-9013422|Reactome:R-MMU-9770562|Reactome:R-MMU-983168|Reactome:R-MMU-9930044|Reactome:R-RNO-159231|Reactome:R-RNO-72165|Reactome:R-RNO-73856|Reactome:R-RNO-77595|Reactome:R-RNO-9770562|Reactome:R-SCE-983168|Reactome:R-SPO-9770562|Reactome:R-SPO-983168|Reactome:R-XTR-77595|Reactome:R-XTR-9770562
Dane-1	cd6eb6e0f2ab5347aa7ec511bb9b3745	263	Gene3D	G3DSA:4.10.60.10	-	196	229	2.3E-5	T	13-08-2026	-	-	-	-
Dane-1	cd6eb6e0f2ab5347aa7ec511bb9b3745	263	SUPERFAMILY	SSF57756	Retrovirus zinc finger-like domains	195	224	1.8E-5	T	13-08-2026	IPR036875	Zinc finger, CCHC-type superfamily	GO:0003676(InterPro)|GO:0008270(InterPro)	Reactome:R-BTA-159231|Reactome:R-BTA-159236|Reactome:R-BTA-72163|Reactome:R-BTA-72165|Reactome:R-BTA-72203|Reactome:R-BTA-73856|Reactome:R-BTA-77595|Reactome:R-BTA-9770562|Reactome:R-CEL-159236|Reactome:R-CEL-72163|Reactome:R-CEL-73856|Reactome:R-DME-159231|Reactome:R-DME-159236|Reactome:R-DME-1834941|Reactome:R-DME-72163|Reactome:R-DME-72165|Reactome:R-DME-72203|Reactome:R-DME-73856|Reactome:R-DME-77595|Reactome:R-DME-9770562|Reactome:R-DRE-72165|Reactome:R-HSA-1169408|Reactome:R-HSA-159231|Reactome:R-HSA-159236|Reactome:R-HSA-162585|Reactome:R-HSA-162588|Reactome:R-HSA-162592|Reactome:R-HSA-162594|Reactome:R-HSA-164516|Reactome:R-HSA-164525|Reactome:R-HSA-164843|Reactome:R-HSA-168315|Reactome:R-HSA-173107|Reactome:R-HSA-174490|Reactome:R-HSA-174495|Reactome:R-HSA-175474|Reactome:R-HSA-175567|Reactome:R-HSA-177539|Reactome:R-HSA-180689|Reactome:R-HSA-180910|Reactome:R-HSA-429947|Reactome:R-HSA-452723|Reactome:R-HSA-6784531|Reactome:R-HSA-72163|Reactome:R-HSA-72165|Reactome:R-HSA-72187|Reactome:R-HSA-72203|Reactome:R-HSA-73856|Reactome:R-HSA-77595|Reactome:R-HSA-9013422|Reactome:R-HSA-9682706|Reactome:R-HSA-9694686|Reactome:R-HSA-9705671|Reactome:R-HSA-9770562|Reactome:R-HSA-9819196|Reactome:R-HSA-9820865|Reactome:R-HSA-983168|Reactome:R-HSA-9918481|Reactome:R-HSA-9930044|Reactome:R-MMU-159231|Reactome:R-MMU-159236|Reactome:R-MMU-72163|Reactome:R-MMU-72165|Reactome:R-MMU-72187|Reactome:R-MMU-72203|Reactome:R-MMU-73856|Reactome:R-MMU-77595|Reactome:R-MMU-9013422|Reactome:R-MMU-9770562|Reactome:R-MMU-983168|Reactome:R-RNO-159231|Reactome:R-RNO-72165|Reactome:R-RNO-73856|Reactome:R-RNO-77595|Reactome:R-RNO-9770562|Reactome:R-SCE-983168|Reactome:R-SPO-9770562|Reactome:R-SPO-983168|Reactome:R-XTR-77595|Reactome:R-XTR-9770562
CopiaSL_32	37b157faa31c75d55bb13b61e723ad7b	219	ProSiteProfiles	PS50158	Zinc finger CCHC-type profile.	191	206	10.905412	T	13-08-2026	IPR001878	Zinc finger, CCHC-type	GO:0003676(InterPro)|GO:0008270(InterPro)	Reactome:R-BTA-159231|Reactome:R-BTA-159236|Reactome:R-BTA-72163|Reactome:R-BTA-72165|Reactome:R-BTA-72203|Reactome:R-BTA-73856|Reactome:R-BTA-77595|Reactome:R-BTA-9770562|Reactome:R-CEL-159236|Reactome:R-CEL-72163|Reactome:R-CEL-73856|Reactome:R-DME-159231|Reactome:R-DME-159236|Reactome:R-DME-1834941|Reactome:R-DME-72163|Reactome:R-DME-72165|Reactome:R-DME-72203|Reactome:R-DME-73856|Reactome:R-DME-77595|Reactome:R-DME-8941326|Reactome:R-DME-9770562|Reactome:R-DME-9930044|Reactome:R-DRE-72165|Reactome:R-HSA-1169408|Reactome:R-HSA-159231|Reactome:R-HSA-159236|Reactome:R-HSA-162585|Reactome:R-HSA-162588|Reactome:R-HSA-162592|Reactome:R-HSA-162594|Reactome:R-HSA-164516|Reactome:R-HSA-164525|Reactome:R-HSA-164843|Reactome:R-HSA-168315|Reactome:R-HSA-173107|Reactome:R-HSA-174490|Reactome:R-HSA-174495|Reactome:R-HSA-175474|Reactome:R-HSA-175567|Reactome:R-HSA-177539|Reactome:R-HSA-180689|Reactome:R-HSA-180910|Reactome:R-HSA-429947|Reactome:R-HSA-452723|Reactome:R-HSA-6784531|Reactome:R-HSA-72163|Reactome:R-HSA-72165|Reactome:R-HSA-72187|Reactome:R-HSA-72203|Reactome:R-HSA-73856|Reactome:R-HSA-77595|Reactome:R-HSA-9013422|Reactome:R-HSA-9682706|Reactome:R-HSA-9694686|Reactome:R-HSA-9705671|Reactome:R-HSA-9770562|Reactome:R-HSA-9819196|Reactome:R-HSA-9820865|Reactome:R-HSA-983168|Reactome:R-HSA-9843970|Reactome:R-HSA-9918481|Reactome:R-HSA-9930044|Reactome:R-HSA-9931510|Reactome:R-MMU-159231|Reactome:R-MMU-159236|Reactome:R-MMU-72163|Reactome:R-MMU-72165|Reactome:R-MMU-72187|Reactome:R-MMU-72203|Reactome:R-MMU-73856|Reactome:R-MMU-77595|Reactome:R-MMU-9013422|Reactome:R-MMU-9770562|Reactome:R-MMU-983168|Reactome:R-MMU-9930044|Reactome:R-RNO-159231|Reactome:R-RNO-72165|Reactome:R-RNO-73856|Reactome:R-RNO-77595|Reactome:R-RNO-9770562|Reactome:R-SCE-983168|Reactome:R-SPO-9770562|Reactome:R-SPO-983168|Reactome:R-XTR-77595|Reactome:R-XTR-9770562
CopiaSL_32	37b157faa31c75d55bb13b61e723ad7b	219	Gene3D	G3DSA:4.10.60.10	-	178	215	1.8E-8	T	13-08-2026	-	-	-	-
CopiaSL_32	37b157faa31c75d55bb13b61e723ad7b	219	SMART	SM00343	c2hcfinal6	190	206	2.7E-5	T	13-08-2026	IPR001878	Zinc finger, CCHC-type	GO:0003676(InterPro)|GO:0008270(InterPro)	Reactome:R-BTA-159231|Reactome:R-BTA-159236|Reactome:R-BTA-72163|Reactome:R-BTA-72165|Reactome:R-BTA-72203|Reactome:R-BTA-73856|Reactome:R-BTA-77595|Reactome:R-BTA-9770562|Reactome:R-CEL-159236|Reactome:R-CEL-72163|Reactome:R-CEL-73856|Reactome:R-DME-159231|Reactome:R-DME-159236|Reactome:R-DME-1834941|Reactome:R-DME-72163|Reactome:R-DME-72165|Reactome:R-DME-72203|Reactome:R-DME-73856|Reactome:R-DME-77595|Reactome:R-DME-8941326|Reactome:R-DME-9770562|Reactome:R-DME-9930044|Reactome:R-DRE-72165|Reactome:R-HSA-1169408|Reactome:R-HSA-159231|Reactome:R-HSA-159236|Reactome:R-HSA-162585|Reactome:R-HSA-162588|Reactome:R-HSA-162592|Reactome:R-HSA-162594|Reactome:R-HSA-164516|Reactome:R-HSA-164525|Reactome:R-HSA-164843|Reactome:R-HSA-168315|Reactome:R-HSA-173107|Reactome:R-HSA-174490|Reactome:R-HSA-174495|Reactome:R-HSA-175474|Reactome:R-HSA-175567|Reactome:R-HSA-177539|Reactome:R-HSA-180689|Reactome:R-HSA-180910|Reactome:R-HSA-429947|Reactome:R-HSA-452723|Reactome:R-HSA-6784531|Reactome:R-HSA-72163|Reactome:R-HSA-72165|Reactome:R-HSA-72187|Reactome:R-HSA-72203|Reactome:R-HSA-73856|Reactome:R-HSA-77595|Reactome:R-HSA-9013422|Reactome:R-HSA-9682706|Reactome:R-HSA-9694686|Reactome:R-HSA-9705671|Reactome:R-HSA-9770562|Reactome:R-HSA-9819196|Reactome:R-HSA-9820865|Reactome:R-HSA-983168|Reactome:R-HSA-9843970|Reactome:R-HSA-9918481|Reactome:R-HSA-9930044|Reactome:R-HSA-9931510|Reactome:R-MMU-159231|Reactome:R-MMU-159236|Reactome:R-MMU-72163|Reactome:R-MMU-72165|Reactome:R-MMU-72187|Reactome:R-MMU-72203|Reactome:R-MMU-73856|Reactome:R-MMU-77595|Reactome:R-MMU-9013422|Reactome:R-MMU-9770562|Reactome:R-MMU-983168|Reactome:R-MMU-9930044|Reactome:R-RNO-159231|Reactome:R-RNO-72165|Reactome:R-RNO-73856|Reactome:R-RNO-77595|Reactome:R-RNO-9770562|Reactome:R-SCE-983168|Reactome:R-SPO-9770562|Reactome:R-SPO-983168|Reactome:R-XTR-77595|Reactome:R-XTR-9770562
CopiaSL_32	37b157faa31c75d55bb13b61e723ad7b	219	Pfam	PF00098	Zinc knuckle	190	206	4.7E-4	T	13-08-2026	IPR001878	Zinc finger, CCHC-type	GO:0003676(InterPro)|GO:0008270(InterPro)	Reactome:R-BTA-159231|Reactome:R-BTA-159236|Reactome:R-BTA-72163|Reactome:R-BTA-72165|Reactome:R-BTA-72203|Reactome:R-BTA-73856|Reactome:R-BTA-77595|Reactome:R-BTA-9770562|Reactome:R-CEL-159236|Reactome:R-CEL-72163|Reactome:R-CEL-73856|Reactome:R-DME-159231|Reactome:R-DME-159236|Reactome:R-DME-1834941|Reactome:R-DME-72163|Reactome:R-DME-72165|Reactome:R-DME-72203|Reactome:R-DME-73856|Reactome:R-DME-77595|Reactome:R-DME-8941326|Reactome:R-DME-9770562|Reactome:R-DME-9930044|Reactome:R-DRE-72165|Reactome:R-HSA-1169408|Reactome:R-HSA-159231|Reactome:R-HSA-159236|Reactome:R-HSA-162585|Reactome:R-HSA-162588|Reactome:R-HSA-162592|Reactome:R-HSA-162594|Reactome:R-HSA-164516|Reactome:R-HSA-164525|Reactome:R-HSA-164843|Reactome:R-HSA-168315|Reactome:R-HSA-173107|Reactome:R-HSA-174490|Reactome:R-HSA-174495|Reactome:R-HSA-175474|Reactome:R-HSA-175567|Reactome:R-HSA-177539|Reactome:R-HSA-180689|Reactome:R-HSA-180910|Reactome:R-HSA-429947|Reactome:R-HSA-452723|Reactome:R-HSA-6784531|Reactome:R-HSA-72163|Reactome:R-HSA-72165|Reactome:R-HSA-72187|Reactome:R-HSA-72203|Reactome:R-HSA-73856|Reactome:R-HSA-77595|Reactome:R-HSA-9013422|Reactome:R-HSA-9682706|Reactome:R-HSA-9694686|Reactome:R-HSA-9705671|Reactome:R-HSA-9770562|Reactome:R-HSA-9819196|Reactome:R-HSA-9820865|Reactome:R-HSA-983168|Reactome:R-HSA-9843970|Reactome:R-HSA-9918481|Reactome:R-HSA-9930044|Reactome:R-HSA-9931510|Reactome:R-MMU-159231|Reactome:R-MMU-159236|Reactome:R-MMU-72163|Reactome:R-MMU-72165|Reactome:R-MMU-72187|Reactome:R-MMU-72203|Reactome:R-MMU-73856|Reactome:R-MMU-77595|Reactome:R-MMU-9013422|Reactome:R-MMU-9770562|Reactome:R-MMU-983168|Reactome:R-MMU-9930044|Reactome:R-RNO-159231|Reactome:R-RNO-72165|Reactome:R-RNO-73856|Reactome:R-RNO-77595|Reactome:R-RNO-9770562|Reactome:R-SCE-983168|Reactome:R-SPO-9770562|Reactome:R-SPO-983168|Reactome:R-XTR-77595|Reactome:R-XTR-9770562
CopiaSL_32	37b157faa31c75d55bb13b61e723ad7b	219	SUPERFAMILY	SSF57756	Retrovirus zinc finger-like domains	174	212	1.71E-9	T	13-08-2026	IPR036875	Zinc finger, CCHC-type superfamily	GO:0003676(InterPro)|GO:0008270(InterPro)	Reactome:R-BTA-159231|Reactome:R-BTA-159236|Reactome:R-BTA-72163|Reactome:R-BTA-72165|Reactome:R-BTA-72203|Reactome:R-BTA-73856|Reactome:R-BTA-77595|Reactome:R-BTA-9770562|Reactome:R-CEL-159236|Reactome:R-CEL-72163|Reactome:R-CEL-73856|Reactome:R-DME-159231|Reactome:R-DME-159236|Reactome:R-DME-1834941|Reactome:R-DME-72163|Reactome:R-DME-72165|Reactome:R-DME-72203|Reactome:R-DME-73856|Reactome:R-DME-77595|Reactome:R-DME-9770562|Reactome:R-DRE-72165|Reactome:R-HSA-1169408|Reactome:R-HSA-159231|Reactome:R-HSA-159236|Reactome:R-HSA-162585|Reactome:R-HSA-162588|Reactome:R-HSA-162592|Reactome:R-HSA-162594|Reactome:R-HSA-164516|Reactome:R-HSA-164525|Reactome:R-HSA-164843|Reactome:R-HSA-168315|Reactome:R-HSA-173107|Reactome:R-HSA-174490|Reactome:R-HSA-174495|Reactome:R-HSA-175474|Reactome:R-HSA-175567|Reactome:R-HSA-177539|Reactome:R-HSA-180689|Reactome:R-HSA-180910|Reactome:R-HSA-429947|Reactome:R-HSA-452723|Reactome:R-HSA-6784531|Reactome:R-HSA-72163|Reactome:R-HSA-72165|Reactome:R-HSA-72187|Reactome:R-HSA-72203|Reactome:R-HSA-73856|Reactome:R-HSA-77595|Reactome:R-HSA-9013422|Reactome:R-HSA-9682706|Reactome:R-HSA-9694686|Reactome:R-HSA-9705671|Reactome:R-HSA-9770562|Reactome:R-HSA-9819196|Reactome:R-HSA-9820865|Reactome:R-HSA-983168|Reactome:R-HSA-9918481|Reactome:R-HSA-9930044|Reactome:R-MMU-159231|Reactome:R-MMU-159236|Reactome:R-MMU-72163|Reactome:R-MMU-72165|Reactome:R-MMU-72187|Reactome:R-MMU-72203|Reactome:R-MMU-73856|Reactome:R-MMU-77595|Reactome:R-MMU-9013422|Reactome:R-MMU-9770562|Reactome:R-MMU-983168|Reactome:R-RNO-159231|Reactome:R-RNO-72165|Reactome:R-RNO-73856|Reactome:R-RNO-77595|Reactome:R-RNO-9770562|Reactome:R-SCE-983168|Reactome:R-SPO-9770562|Reactome:R-SPO-983168|Reactome:R-XTR-77595|Reactome:R-XTR-9770562
CopiaSL_32	37b157faa31c75d55bb13b61e723ad7b	219	PANTHER	PTHR47481	-	11	206	3.0E-19	T	13-08-2026	-	-	-	-
CopiaSL_32	37b157faa31c75d55bb13b61e723ad7b	219	MobiDBLite	mobidb-lite	consensus disorder prediction	162	172	-	T	13-08-2026	-	-	-	-
CopiaSL_32	37b157faa31c75d55bb13b61e723ad7b	219	MobiDBLite	mobidb-lite	consensus disorder prediction	151	219	-	T	13-08-2026	-	-	-	-
CopiaSL_32	37b157faa31c75d55bb13b61e723ad7b	219	MobiDBLite	mobidb-lite	consensus disorder prediction	174	188	-	T	13-08-2026	-	-	-	-
CopiaSL_32	37b157faa31c75d55bb13b61e723ad7b	219	MobiDBLite	mobidb-lite	consensus disorder prediction	198	219	-	T	13-08-2026	-	-	-	-
CopiaSL_32	37b157faa31c75d55bb13b61e723ad7b	219	Pfam	PF14223	gag-polypeptide of LTR copia-type	2	151	2.0E-30	T	13-08-2026	IPR061502	Copia/RE1/RE2-like, N-terminal domain	-	-
CopiaSL_36	4b8c32f50eef37a981dfcd3187c38bab	248	Gene3D	G3DSA:4.10.60.10	-	193	247	2.3E-15	T	13-08-2026	-	-	-	-
CopiaSL_36	4b8c32f50eef37a981dfcd3187c38bab	248	ProSiteProfiles	PS50158	Zinc finger CCHC-type profile.	222	237	8.713199	T	13-08-2026	IPR001878	Zinc finger, CCHC-type	GO:0003676(InterPro)|GO:0008270(InterPro)	Reactome:R-BTA-159231|Reactome:R-BTA-159236|Reactome:R-BTA-72163|Reactome:R-BTA-72165|Reactome:R-BTA-72203|Reactome:R-BTA-73856|Reactome:R-BTA-77595|Reactome:R-BTA-9770562|Reactome:R-CEL-159236|Reactome:R-CEL-72163|Reactome:R-CEL-73856|Reactome:R-DME-159231|Reactome:R-DME-159236|Reactome:R-DME-1834941|Reactome:R-DME-72163|Reactome:R-DME-72165|Reactome:R-DME-72203|Reactome:R-DME-73856|Reactome:R-DME-77595|Reactome:R-DME-8941326|Reactome:R-DME-9770562|Reactome:R-DME-9930044|Reactome:R-DRE-72165|Reactome:R-HSA-1169408|Reactome:R-HSA-159231|Reactome:R-HSA-159236|Reactome:R-HSA-162585|Reactome:R-HSA-162588|Reactome:R-HSA-162592|Reactome:R-HSA-162594|Reactome:R-HSA-164516|Reactome:R-HSA-164525|Reactome:R-HSA-164843|Reactome:R-HSA-168315|Reactome:R-HSA-173107|Reactome:R-HSA-174490|Reactome:R-HSA-174495|Reactome:R-HSA-175474|Reactome:R-HSA-175567|Reactome:R-HSA-177539|Reactome:R-HSA-180689|Reactome:R-HSA-180910|Reactome:R-HSA-429947|Reactome:R-HSA-452723|Reactome:R-HSA-6784531|Reactome:R-HSA-72163|Reactome:R-HSA-72165|Reactome:R-HSA-72187|Reactome:R-HSA-72203|Reactome:R-HSA-73856|Reactome:R-HSA-77595|Reactome:R-HSA-9013422|Reactome:R-HSA-9682706|Reactome:R-HSA-9694686|Reactome:R-HSA-9705671|Reactome:R-HSA-9770562|Reactome:R-HSA-9819196|Reactome:R-HSA-9820865|Reactome:R-HSA-983168|Reactome:R-HSA-9843970|Reactome:R-HSA-9918481|Reactome:R-HSA-9930044|Reactome:R-HSA-9931510|Reactome:R-MMU-159231|Reactome:R-MMU-159236|Reactome:R-MMU-72163|Reactome:R-MMU-72165|Reactome:R-MMU-72187|Reactome:R-MMU-72203|Reactome:R-MMU-73856|Reactome:R-MMU-77595|Reactome:R-MMU-9013422|Reactome:R-MMU-9770562|Reactome:R-MMU-983168|Reactome:R-MMU-9930044|Reactome:R-RNO-159231|Reactome:R-RNO-72165|Reactome:R-RNO-73856|Reactome:R-RNO-77595|Reactome:R-RNO-9770562|Reactome:R-SCE-983168|Reactome:R-SPO-9770562|Reactome:R-SPO-983168|Reactome:R-XTR-77595|Reactome:R-XTR-9770562
CopiaSL_36	4b8c32f50eef37a981dfcd3187c38bab	248	Pfam	PF14223	gag-polypeptide of LTR copia-type	38	187	7.9E-18	T	13-08-2026	IPR061502	Copia/RE1/RE2-like, N-terminal domain	-	-
CopiaSL_36	4b8c32f50eef37a981dfcd3187c38bab	248	SUPERFAMILY	SSF57756	Retrovirus zinc finger-like domains	206	240	3.77E-9	T	13-08-2026	IPR036875	Zinc finger, CCHC-type superfamily	GO:0003676(InterPro)|GO:0008270(InterPro)	Reactome:R-BTA-159231|Reactome:R-BTA-159236|Reactome:R-BTA-72163|Reactome:R-BTA-72165|Reactome:R-BTA-72203|Reactome:R-BTA-73856|Reactome:R-BTA-77595|Reactome:R-BTA-9770562|Reactome:R-CEL-159236|Reactome:R-CEL-72163|Reactome:R-CEL-73856|Reactome:R-DME-159231|Reactome:R-DME-159236|Reactome:R-DME-1834941|Reactome:R-DME-72163|Reactome:R-DME-72165|Reactome:R-DME-72203|Reactome:R-DME-73856|Reactome:R-DME-77595|Reactome:R-DME-9770562|Reactome:R-DRE-72165|Reactome:R-HSA-1169408|Reactome:R-HSA-159231|Reactome:R-HSA-159236|Reactome:R-HSA-162585|Reactome:R-HSA-162588|Reactome:R-HSA-162592|Reactome:R-HSA-162594|Reactome:R-HSA-164516|Reactome:R-HSA-164525|Reactome:R-HSA-164843|Reactome:R-HSA-168315|Reactome:R-HSA-173107|Reactome:R-HSA-174490|Reactome:R-HSA-174495|Reactome:R-HSA-175474|Reactome:R-HSA-175567|Reactome:R-HSA-177539|Reactome:R-HSA-180689|Reactome:R-HSA-180910|Reactome:R-HSA-429947|Reactome:R-HSA-452723|Reactome:R-HSA-6784531|Reactome:R-HSA-72163|Reactome:R-HSA-72165|Reactome:R-HSA-72187|Reactome:R-HSA-72203|Reactome:R-HSA-73856|Reactome:R-HSA-77595|Reactome:R-HSA-9013422|Reactome:R-HSA-9682706|Reactome:R-HSA-9694686|Reactome:R-HSA-9705671|Reactome:R-HSA-9770562|Reactome:R-HSA-9819196|Reactome:R-HSA-9820865|Reactome:R-HSA-983168|Reactome:R-HSA-9918481|Reactome:R-HSA-9930044|Reactome:R-MMU-159231|Reactome:R-MMU-159236|Reactome:R-MMU-72163|Reactome:R-MMU-72165|Reactome:R-MMU-72187|Reactome:R-MMU-72203|Reactome:R-MMU-73856|Reactome:R-MMU-77595|Reactome:R-MMU-9013422|Reactome:R-MMU-9770562|Reactome:R-MMU-983168|Reactome:R-RNO-159231|Reactome:R-RNO-72165|Reactome:R-RNO-73856|Reactome:R-RNO-77595|Reactome:R-RNO-9770562|Reactome:R-SCE-983168|Reactome:R-SPO-9770562|Reactome:R-SPO-983168|Reactome:R-XTR-77595|Reactome:R-XTR-9770562
CopiaSL_monotypic|Chr05_2s15	49fd906aa3df487f833b46d78f6b8a3f	57	PANTHER	PTHR47481	-	3	56	2.3E-9	T	13-08-2026	-	-	-	-
CopiaSL_01	beff9fea40f05753bbec3b207784a576	311	Pfam	PF14223	gag-polypeptide of LTR copia-type	18	203	5.7E-18	T	13-08-2026	IPR061502	Copia/RE1/RE2-like, N-terminal domain	-	-
CopiaSL_01	beff9fea40f05753bbec3b207784a576	311	Coils	Coil	Coil	251	251	-	T	13-08-2026	-	-	-	-
CopiaSL_01	beff9fea40f05753bbec3b207784a576	311	PANTHER	PTHR47481	-	2	221	7.1E-28	T	13-08-2026	-	-	-	-
CopiaSL_01	beff9fea40f05753bbec3b207784a576	311	Coils	Coil	Coil	222	224	-	T	13-08-2026	-	-	-	-
CopiaSL_10	c8a3a54dcfddcc3f53976192b4ec6cd1	270	Pfam	PF14244	Gag-polypeptide of LTR copia-type	6	49	3.5E-8	T	13-08-2026	IPR029472	Retrotransposon Copia-like, N-terminal	-	-
CopiaSL_10	c8a3a54dcfddcc3f53976192b4ec6cd1	270	PANTHER	PTHR37610	CCHC-TYPE DOMAIN-CONTAINING PROTEIN	1	235	8.7E-56	T	13-08-2026	-	-	-	-
CopiaSL_monotypic|Chr01_3s35	ad6d5229ad219685a4a57f00187814de	306	Pfam	PF14244	Gag-polypeptide of LTR copia-type	6	51	6.0E-10	T	13-08-2026	IPR029472	Retrotransposon Copia-like, N-terminal	-	-
CopiaSL_monotypic|Chr01_3s35	ad6d5229ad219685a4a57f00187814de	306	PANTHER	PTHR37610	CCHC-TYPE DOMAIN-CONTAINING PROTEIN	1	215	1.0E-61	T	13-08-2026	-	-	-	-
CopiaSL_24	516203d26b78b26069edeb83d701f8a7	254	Pfam	PF14223	gag-polypeptide of LTR copia-type	4	116	3.5E-18	T	13-08-2026	IPR061502	Copia/RE1/RE2-like, N-terminal domain	-	-
CopiaSL_24	516203d26b78b26069edeb83d701f8a7	254	PANTHER	PTHR35317	OS04G0629600 PROTEIN	11	221	9.3E-34	T	13-08-2026	-	-	-	-
CopiaSL_24	516203d26b78b26069edeb83d701f8a7	254	SUPERFAMILY	SSF57756	Retrovirus zinc finger-like domains	185	222	8.72E-5	T	13-08-2026	IPR036875	Zinc finger, CCHC-type superfamily	GO:0003676(InterPro)|GO:0008270(InterPro)	Reactome:R-BTA-159231|Reactome:R-BTA-159236|Reactome:R-BTA-72163|Reactome:R-BTA-72165|Reactome:R-BTA-72203|Reactome:R-BTA-73856|Reactome:R-BTA-77595|Reactome:R-BTA-9770562|Reactome:R-CEL-159236|Reactome:R-CEL-72163|Reactome:R-CEL-73856|Reactome:R-DME-159231|Reactome:R-DME-159236|Reactome:R-DME-1834941|Reactome:R-DME-72163|Reactome:R-DME-72165|Reactome:R-DME-72203|Reactome:R-DME-73856|Reactome:R-DME-77595|Reactome:R-DME-9770562|Reactome:R-DRE-72165|Reactome:R-HSA-1169408|Reactome:R-HSA-159231|Reactome:R-HSA-159236|Reactome:R-HSA-162585|Reactome:R-HSA-162588|Reactome:R-HSA-162592|Reactome:R-HSA-162594|Reactome:R-HSA-164516|Reactome:R-HSA-164525|Reactome:R-HSA-164843|Reactome:R-HSA-168315|Reactome:R-HSA-173107|Reactome:R-HSA-174490|Reactome:R-HSA-174495|Reactome:R-HSA-175474|Reactome:R-HSA-175567|Reactome:R-HSA-177539|Reactome:R-HSA-180689|Reactome:R-HSA-180910|Reactome:R-HSA-429947|Reactome:R-HSA-452723|Reactome:R-HSA-6784531|Reactome:R-HSA-72163|Reactome:R-HSA-72165|Reactome:R-HSA-72187|Reactome:R-HSA-72203|Reactome:R-HSA-73856|Reactome:R-HSA-77595|Reactome:R-HSA-9013422|Reactome:R-HSA-9682706|Reactome:R-HSA-9694686|Reactome:R-HSA-9705671|Reactome:R-HSA-9770562|Reactome:R-HSA-9819196|Reactome:R-HSA-9820865|Reactome:R-HSA-983168|Reactome:R-HSA-9918481|Reactome:R-HSA-9930044|Reactome:R-MMU-159231|Reactome:R-MMU-159236|Reactome:R-MMU-72163|Reactome:R-MMU-72165|Reactome:R-MMU-72187|Reactome:R-MMU-72203|Reactome:R-MMU-73856|Reactome:R-MMU-77595|Reactome:R-MMU-9013422|Reactome:R-MMU-9770562|Reactome:R-MMU-983168|Reactome:R-RNO-159231|Reactome:R-RNO-72165|Reactome:R-RNO-73856|Reactome:R-RNO-77595|Reactome:R-RNO-9770562|Reactome:R-SCE-983168|Reactome:R-SPO-9770562|Reactome:R-SPO-983168|Reactome:R-XTR-77595|Reactome:R-XTR-9770562
CopiaSL_24	516203d26b78b26069edeb83d701f8a7	254	Coils	Coil	Coil	133	149	-	T	13-08-2026	-	-	-	-
Gypsy	914c231c8dd87652c1f8e3f792c54819	451	MobiDBLite	mobidb-lite	consensus disorder prediction	352	364	-	T	13-08-2026	-	-	-	-
Gypsy	914c231c8dd87652c1f8e3f792c54819	451	MobiDBLite	mobidb-lite	consensus disorder prediction	419	451	-	T	13-08-2026	-	-	-	-
Gypsy	914c231c8dd87652c1f8e3f792c54819	451	MobiDBLite	mobidb-lite	consensus disorder prediction	332	344	-	T	13-08-2026	-	-	-	-
Gypsy	914c231c8dd87652c1f8e3f792c54819	451	MobiDBLite	mobidb-lite	consensus disorder prediction	313	324	-	T	13-08-2026	-	-	-	-
Gypsy	914c231c8dd87652c1f8e3f792c54819	451	MobiDBLite	mobidb-lite	consensus disorder prediction	298	407	-	T	13-08-2026	-	-	-	-
Gypsy	914c231c8dd87652c1f8e3f792c54819	451	Coils	Coil	Coil	404	424	-	T	13-08-2026	-	-	-	-
Gypsy	914c231c8dd87652c1f8e3f792c54819	451	MobiDBLite	mobidb-lite	consensus disorder prediction	398	407	-	T	13-08-2026	-	-	-	-
CopiaSL_11	23f33e1c31ca2a92614220e651baf631	279	Pfam	PF14244	Gag-polypeptide of LTR copia-type	10	54	6.8E-8	T	13-08-2026	IPR029472	Retrotransposon Copia-like, N-terminal	-	-
CopiaSL_11	23f33e1c31ca2a92614220e651baf631	279	PANTHER	PTHR37610	CCHC-TYPE DOMAIN-CONTAINING PROTEIN	2	213	7.0E-64	T	13-08-2026	-	-	-	-
CopiaSL_34	34bcdf48d0deb6379236c895d2ea196d	202	Pfam	PF14223	gag-polypeptide of LTR copia-type	28	185	1.7E-23	T	13-08-2026	IPR061502	Copia/RE1/RE2-like, N-terminal domain	-	-
CopiaSL_34	34bcdf48d0deb6379236c895d2ea196d	202	MobiDBLite	mobidb-lite	consensus disorder prediction	160	202	-	T	13-08-2026	-	-	-	-
CopiaSL_34	34bcdf48d0deb6379236c895d2ea196d	202	PANTHER	PTHR47481	-	7	189	5.5E-9	T	13-08-2026	-	-	-	-
Real	240af256b93f54ecf1346fe2ab12bd59	406	MobiDBLite	mobidb-lite	consensus disorder prediction	391	406	-	T	13-08-2026	-	-	-	-
Real	240af256b93f54ecf1346fe2ab12bd59	406	Pfam	PF00098	Zinc knuckle	355	370	3.3E-4	T	13-08-2026	IPR001878	Zinc finger, CCHC-type	GO:0003676(InterPro)|GO:0008270(InterPro)	Reactome:R-BTA-159231|Reactome:R-BTA-159236|Reactome:R-BTA-72163|Reactome:R-BTA-72165|Reactome:R-BTA-72203|Reactome:R-BTA-73856|Reactome:R-BTA-77595|Reactome:R-BTA-9770562|Reactome:R-CEL-159236|Reactome:R-CEL-72163|Reactome:R-CEL-73856|Reactome:R-DME-159231|Reactome:R-DME-159236|Reactome:R-DME-1834941|Reactome:R-DME-72163|Reactome:R-DME-72165|Reactome:R-DME-72203|Reactome:R-DME-73856|Reactome:R-DME-77595|Reactome:R-DME-8941326|Reactome:R-DME-9770562|Reactome:R-DME-9930044|Reactome:R-DRE-72165|Reactome:R-HSA-1169408|Reactome:R-HSA-159231|Reactome:R-HSA-159236|Reactome:R-HSA-162585|Reactome:R-HSA-162588|Reactome:R-HSA-162592|Reactome:R-HSA-162594|Reactome:R-HSA-164516|Reactome:R-HSA-164525|Reactome:R-HSA-164843|Reactome:R-HSA-168315|Reactome:R-HSA-173107|Reactome:R-HSA-174490|Reactome:R-HSA-174495|Reactome:R-HSA-175474|Reactome:R-HSA-175567|Reactome:R-HSA-177539|Reactome:R-HSA-180689|Reactome:R-HSA-180910|Reactome:R-HSA-429947|Reactome:R-HSA-452723|Reactome:R-HSA-6784531|Reactome:R-HSA-72163|Reactome:R-HSA-72165|Reactome:R-HSA-72187|Reactome:R-HSA-72203|Reactome:R-HSA-73856|Reactome:R-HSA-77595|Reactome:R-HSA-9013422|Reactome:R-HSA-9682706|Reactome:R-HSA-9694686|Reactome:R-HSA-9705671|Reactome:R-HSA-9770562|Reactome:R-HSA-9819196|Reactome:R-HSA-9820865|Reactome:R-HSA-983168|Reactome:R-HSA-9843970|Reactome:R-HSA-9918481|Reactome:R-HSA-9930044|Reactome:R-HSA-9931510|Reactome:R-MMU-159231|Reactome:R-MMU-159236|Reactome:R-MMU-72163|Reactome:R-MMU-72165|Reactome:R-MMU-72187|Reactome:R-MMU-72203|Reactome:R-MMU-73856|Reactome:R-MMU-77595|Reactome:R-MMU-9013422|Reactome:R-MMU-9770562|Reactome:R-MMU-983168|Reactome:R-MMU-9930044|Reactome:R-RNO-159231|Reactome:R-RNO-72165|Reactome:R-RNO-73856|Reactome:R-RNO-77595|Reactome:R-RNO-9770562|Reactome:R-SCE-983168|Reactome:R-SPO-9770562|Reactome:R-SPO-983168|Reactome:R-XTR-77595|Reactome:R-XTR-9770562
Real	240af256b93f54ecf1346fe2ab12bd59	406	Pfam	PF30901	PEG10/RTL1, C-terminal capsid-like domain	222	294	1.9E-7	T	13-08-2026	IPR063300	PEG10/RTL1, C-terminal capsid-like domain	-	-
Real	240af256b93f54ecf1346fe2ab12bd59	406	MobiDBLite	mobidb-lite	consensus disorder prediction	136	145	-	T	13-08-2026	-	-	-	-
Real	240af256b93f54ecf1346fe2ab12bd59	406	SUPERFAMILY	SSF57756	Retrovirus zinc finger-like domains	346	376	2.49E-7	T	13-08-2026	IPR036875	Zinc finger, CCHC-type superfamily	GO:0003676(InterPro)|GO:0008270(InterPro)	Reactome:R-BTA-159231|Reactome:R-BTA-159236|Reactome:R-BTA-72163|Reactome:R-BTA-72165|Reactome:R-BTA-72203|Reactome:R-BTA-73856|Reactome:R-BTA-77595|Reactome:R-BTA-9770562|Reactome:R-CEL-159236|Reactome:R-CEL-72163|Reactome:R-CEL-73856|Reactome:R-DME-159231|Reactome:R-DME-159236|Reactome:R-DME-1834941|Reactome:R-DME-72163|Reactome:R-DME-72165|Reactome:R-DME-72203|Reactome:R-DME-73856|Reactome:R-DME-77595|Reactome:R-DME-9770562|Reactome:R-DRE-72165|Reactome:R-HSA-1169408|Reactome:R-HSA-159231|Reactome:R-HSA-159236|Reactome:R-HSA-162585|Reactome:R-HSA-162588|Reactome:R-HSA-162592|Reactome:R-HSA-162594|Reactome:R-HSA-164516|Reactome:R-HSA-164525|Reactome:R-HSA-164843|Reactome:R-HSA-168315|Reactome:R-HSA-173107|Reactome:R-HSA-174490|Reactome:R-HSA-174495|Reactome:R-HSA-175474|Reactome:R-HSA-175567|Reactome:R-HSA-177539|Reactome:R-HSA-180689|Reactome:R-HSA-180910|Reactome:R-HSA-429947|Reactome:R-HSA-452723|Reactome:R-HSA-6784531|Reactome:R-HSA-72163|Reactome:R-HSA-72165|Reactome:R-HSA-72187|Reactome:R-HSA-72203|Reactome:R-HSA-73856|Reactome:R-HSA-77595|Reactome:R-HSA-9013422|Reactome:R-HSA-9682706|Reactome:R-HSA-9694686|Reactome:R-HSA-9705671|Reactome:R-HSA-9770562|Reactome:R-HSA-9819196|Reactome:R-HSA-9820865|Reactome:R-HSA-983168|Reactome:R-HSA-9918481|Reactome:R-HSA-9930044|Reactome:R-MMU-159231|Reactome:R-MMU-159236|Reactome:R-MMU-72163|Reactome:R-MMU-72165|Reactome:R-MMU-72187|Reactome:R-MMU-72203|Reactome:R-MMU-73856|Reactome:R-MMU-77595|Reactome:R-MMU-9013422|Reactome:R-MMU-9770562|Reactome:R-MMU-983168|Reactome:R-RNO-159231|Reactome:R-RNO-72165|Reactome:R-RNO-73856|Reactome:R-RNO-77595|Reactome:R-RNO-9770562|Reactome:R-SCE-983168|Reactome:R-SPO-9770562|Reactome:R-SPO-983168|Reactome:R-XTR-77595|Reactome:R-XTR-9770562
Real	240af256b93f54ecf1346fe2ab12bd59	406	ProSiteProfiles	PS50158	Zinc finger CCHC-type profile.	356	371	11.218585	T	13-08-2026	IPR001878	Zinc finger, CCHC-type	GO:0003676(InterPro)|GO:0008270(InterPro)	Reactome:R-BTA-159231|Reactome:R-BTA-159236|Reactome:R-BTA-72163|Reactome:R-BTA-72165|Reactome:R-BTA-72203|Reactome:R-BTA-73856|Reactome:R-BTA-77595|Reactome:R-BTA-9770562|Reactome:R-CEL-159236|Reactome:R-CEL-72163|Reactome:R-CEL-73856|Reactome:R-DME-159231|Reactome:R-DME-159236|Reactome:R-DME-1834941|Reactome:R-DME-72163|Reactome:R-DME-72165|Reactome:R-DME-72203|Reactome:R-DME-73856|Reactome:R-DME-77595|Reactome:R-DME-8941326|Reactome:R-DME-9770562|Reactome:R-DME-9930044|Reactome:R-DRE-72165|Reactome:R-HSA-1169408|Reactome:R-HSA-159231|Reactome:R-HSA-159236|Reactome:R-HSA-162585|Reactome:R-HSA-162588|Reactome:R-HSA-162592|Reactome:R-HSA-162594|Reactome:R-HSA-164516|Reactome:R-HSA-164525|Reactome:R-HSA-164843|Reactome:R-HSA-168315|Reactome:R-HSA-173107|Reactome:R-HSA-174490|Reactome:R-HSA-174495|Reactome:R-HSA-175474|Reactome:R-HSA-175567|Reactome:R-HSA-177539|Reactome:R-HSA-180689|Reactome:R-HSA-180910|Reactome:R-HSA-429947|Reactome:R-HSA-452723|Reactome:R-HSA-6784531|Reactome:R-HSA-72163|Reactome:R-HSA-72165|Reactome:R-HSA-72187|Reactome:R-HSA-72203|Reactome:R-HSA-73856|Reactome:R-HSA-77595|Reactome:R-HSA-9013422|Reactome:R-HSA-9682706|Reactome:R-HSA-9694686|Reactome:R-HSA-9705671|Reactome:R-HSA-9770562|Reactome:R-HSA-9819196|Reactome:R-HSA-9820865|Reactome:R-HSA-983168|Reactome:R-HSA-9843970|Reactome:R-HSA-9918481|Reactome:R-HSA-9930044|Reactome:R-HSA-9931510|Reactome:R-MMU-159231|Reactome:R-MMU-159236|Reactome:R-MMU-72163|Reactome:R-MMU-72165|Reactome:R-MMU-72187|Reactome:R-MMU-72203|Reactome:R-MMU-73856|Reactome:R-MMU-77595|Reactome:R-MMU-9013422|Reactome:R-MMU-9770562|Reactome:R-MMU-983168|Reactome:R-MMU-9930044|Reactome:R-RNO-159231|Reactome:R-RNO-72165|Reactome:R-RNO-73856|Reactome:R-RNO-77595|Reactome:R-RNO-9770562|Reactome:R-SCE-983168|Reactome:R-SPO-9770562|Reactome:R-SPO-983168|Reactome:R-XTR-77595|Reactome:R-XTR-9770562
Real	240af256b93f54ecf1346fe2ab12bd59	406	SMART	SM00343	c2hcfinal6	355	371	4.7E-6	T	13-08-2026	IPR001878	Zinc finger, CCHC-type	GO:0003676(InterPro)|GO:0008270(InterPro)	Reactome:R-BTA-159231|Reactome:R-BTA-159236|Reactome:R-BTA-72163|Reactome:R-BTA-72165|Reactome:R-BTA-72203|Reactome:R-BTA-73856|Reactome:R-BTA-77595|Reactome:R-BTA-9770562|Reactome:R-CEL-159236|Reactome:R-CEL-72163|Reactome:R-CEL-73856|Reactome:R-DME-159231|Reactome:R-DME-159236|Reactome:R-DME-1834941|Reactome:R-DME-72163|Reactome:R-DME-72165|Reactome:R-DME-72203|Reactome:R-DME-73856|Reactome:R-DME-77595|Reactome:R-DME-8941326|Reactome:R-DME-9770562|Reactome:R-DME-9930044|Reactome:R-DRE-72165|Reactome:R-HSA-1169408|Reactome:R-HSA-159231|Reactome:R-HSA-159236|Reactome:R-HSA-162585|Reactome:R-HSA-162588|Reactome:R-HSA-162592|Reactome:R-HSA-162594|Reactome:R-HSA-164516|Reactome:R-HSA-164525|Reactome:R-HSA-164843|Reactome:R-HSA-168315|Reactome:R-HSA-173107|Reactome:R-HSA-174490|Reactome:R-HSA-174495|Reactome:R-HSA-175474|Reactome:R-HSA-175567|Reactome:R-HSA-177539|Reactome:R-HSA-180689|Reactome:R-HSA-180910|Reactome:R-HSA-429947|Reactome:R-HSA-452723|Reactome:R-HSA-6784531|Reactome:R-HSA-72163|Reactome:R-HSA-72165|Reactome:R-HSA-72187|Reactome:R-HSA-72203|Reactome:R-HSA-73856|Reactome:R-HSA-77595|Reactome:R-HSA-9013422|Reactome:R-HSA-9682706|Reactome:R-HSA-9694686|Reactome:R-HSA-9705671|Reactome:R-HSA-9770562|Reactome:R-HSA-9819196|Reactome:R-HSA-9820865|Reactome:R-HSA-983168|Reactome:R-HSA-9843970|Reactome:R-HSA-9918481|Reactome:R-HSA-9930044|Reactome:R-HSA-9931510|Reactome:R-MMU-159231|Reactome:R-MMU-159236|Reactome:R-MMU-72163|Reactome:R-MMU-72165|Reactome:R-MMU-72187|Reactome:R-MMU-72203|Reactome:R-MMU-73856|Reactome:R-MMU-77595|Reactome:R-MMU-9013422|Reactome:R-MMU-9770562|Reactome:R-MMU-983168|Reactome:R-MMU-9930044|Reactome:R-RNO-159231|Reactome:R-RNO-72165|Reactome:R-RNO-73856|Reactome:R-RNO-77595|Reactome:R-RNO-9770562|Reactome:R-SCE-983168|Reactome:R-SPO-9770562|Reactome:R-SPO-983168|Reactome:R-XTR-77595|Reactome:R-XTR-9770562
Real	240af256b93f54ecf1346fe2ab12bd59	406	MobiDBLite	mobidb-lite	consensus disorder prediction	307	351	-	T	13-08-2026	-	-	-	-
Real	240af256b93f54ecf1346fe2ab12bd59	406	PANTHER	PTHR15503	LDOC1 RELATED	89	376	2.7E-14	T	13-08-2026	IPR032567	RTL1-related	-	-
Real	240af256b93f54ecf1346fe2ab12bd59	406	Coils	Coil	Coil	386	406	-	T	13-08-2026	-	-	-	-
Real	240af256b93f54ecf1346fe2ab12bd59	406	MobiDBLite	mobidb-lite	consensus disorder prediction	369	406	-	T	13-08-2026	-	-	-	-
Real	240af256b93f54ecf1346fe2ab12bd59	406	MobiDBLite	mobidb-lite	consensus disorder prediction	102	145	-	T	13-08-2026	-	-	-	-
Real	240af256b93f54ecf1346fe2ab12bd59	406	Gene3D	G3DSA:4.10.60.10	-	344	390	6.6E-8	T	13-08-2026	-	-	-	-
Real	240af256b93f54ecf1346fe2ab12bd59	406	MobiDBLite	mobidb-lite	consensus disorder prediction	59	78	-	T	13-08-2026	-	-	-	-
Real	240af256b93f54ecf1346fe2ab12bd59	406	MobiDBLite	mobidb-lite	consensus disorder prediction	112	122	-	T	13-08-2026	-	-	-	-
Real	240af256b93f54ecf1346fe2ab12bd59	406	MobiDBLite	mobidb-lite	consensus disorder prediction	102	111	-	T	13-08-2026	-	-	-	-
Mdg1	a55bd3a2647a961ccc819edafb1ef3c5	451	MobiDBLite	mobidb-lite	consensus disorder prediction	370	427	-	T	13-08-2026	-	-	-	-
Mdg1	a55bd3a2647a961ccc819edafb1ef3c5	451	MobiDBLite	mobidb-lite	consensus disorder prediction	394	418	-	T	13-08-2026	-	-	-	-
Mdg1	a55bd3a2647a961ccc819edafb1ef3c5	451	MobiDBLite	mobidb-lite	consensus disorder prediction	432	451	-	T	13-08-2026	-	-	-	-
Mdg1	a55bd3a2647a961ccc819edafb1ef3c5	451	MobiDBLite	mobidb-lite	consensus disorder prediction	370	393	-	T	13-08-2026	-	-	-	-
MGLR3	180aeb84d3d610150dfd3451960eef22	459	MobiDBLite	mobidb-lite	consensus disorder prediction	357	388	-	T	13-08-2026	-	-	-	-
MGLR3	180aeb84d3d610150dfd3451960eef22	459	MobiDBLite	mobidb-lite	consensus disorder prediction	17	37	-	T	13-08-2026	-	-	-	-
MGLR3	180aeb84d3d610150dfd3451960eef22	459	SMART	SM00343	c2hcfinal6	406	422	2.3E-4	T	13-08-2026	IPR001878	Zinc finger, CCHC-type	GO:0003676(InterPro)|GO:0008270(InterPro)	Reactome:R-BTA-159231|Reactome:R-BTA-159236|Reactome:R-BTA-72163|Reactome:R-BTA-72165|Reactome:R-BTA-72203|Reactome:R-BTA-73856|Reactome:R-BTA-77595|Reactome:R-BTA-9770562|Reactome:R-CEL-159236|Reactome:R-CEL-72163|Reactome:R-CEL-73856|Reactome:R-DME-159231|Reactome:R-DME-159236|Reactome:R-DME-1834941|Reactome:R-DME-72163|Reactome:R-DME-72165|Reactome:R-DME-72203|Reactome:R-DME-73856|Reactome:R-DME-77595|Reactome:R-DME-8941326|Reactome:R-DME-9770562|Reactome:R-DME-9930044|Reactome:R-DRE-72165|Reactome:R-HSA-1169408|Reactome:R-HSA-159231|Reactome:R-HSA-159236|Reactome:R-HSA-162585|Reactome:R-HSA-162588|Reactome:R-HSA-162592|Reactome:R-HSA-162594|Reactome:R-HSA-164516|Reactome:R-HSA-164525|Reactome:R-HSA-164843|Reactome:R-HSA-168315|Reactome:R-HSA-173107|Reactome:R-HSA-174490|Reactome:R-HSA-174495|Reactome:R-HSA-175474|Reactome:R-HSA-175567|Reactome:R-HSA-177539|Reactome:R-HSA-180689|Reactome:R-HSA-180910|Reactome:R-HSA-429947|Reactome:R-HSA-452723|Reactome:R-HSA-6784531|Reactome:R-HSA-72163|Reactome:R-HSA-72165|Reactome:R-HSA-72187|Reactome:R-HSA-72203|Reactome:R-HSA-73856|Reactome:R-HSA-77595|Reactome:R-HSA-9013422|Reactome:R-HSA-9682706|Reactome:R-HSA-9694686|Reactome:R-HSA-9705671|Reactome:R-HSA-9770562|Reactome:R-HSA-9819196|Reactome:R-HSA-9820865|Reactome:R-HSA-983168|Reactome:R-HSA-9843970|Reactome:R-HSA-9918481|Reactome:R-HSA-9930044|Reactome:R-HSA-9931510|Reactome:R-MMU-159231|Reactome:R-MMU-159236|Reactome:R-MMU-72163|Reactome:R-MMU-72165|Reactome:R-MMU-72187|Reactome:R-MMU-72203|Reactome:R-MMU-73856|Reactome:R-MMU-77595|Reactome:R-MMU-9013422|Reactome:R-MMU-9770562|Reactome:R-MMU-983168|Reactome:R-MMU-9930044|Reactome:R-RNO-159231|Reactome:R-RNO-72165|Reactome:R-RNO-73856|Reactome:R-RNO-77595|Reactome:R-RNO-9770562|Reactome:R-SCE-983168|Reactome:R-SPO-9770562|Reactome:R-SPO-983168|Reactome:R-XTR-77595|Reactome:R-XTR-9770562
MGLR3	180aeb84d3d610150dfd3451960eef22	459	MobiDBLite	mobidb-lite	consensus disorder prediction	1	81	-	T	13-08-2026	-	-	-	-
MGLR3	180aeb84d3d610150dfd3451960eef22	459	Coils	Coil	Coil	108	149	-	T	13-08-2026	-	-	-	-
MGLR3	180aeb84d3d610150dfd3451960eef22	459	MobiDBLite	mobidb-lite	consensus disorder prediction	159	184	-	T	13-08-2026	-	-	-	-
MGLR3	180aeb84d3d610150dfd3451960eef22	459	MobiDBLite	mobidb-lite	consensus disorder prediction	63	81	-	T	13-08-2026	-	-	-	-
MGLR3	180aeb84d3d610150dfd3451960eef22	459	Gene3D	G3DSA:4.10.60.10	-	383	431	2.6E-7	T	13-08-2026	-	-	-	-
MGLR3	180aeb84d3d610150dfd3451960eef22	459	Pfam	PF00098	Zinc knuckle	405	422	0.061	T	13-08-2026	IPR001878	Zinc finger, CCHC-type	GO:0003676(InterPro)|GO:0008270(InterPro)	Reactome:R-BTA-159231|Reactome:R-BTA-159236|Reactome:R-BTA-72163|Reactome:R-BTA-72165|Reactome:R-BTA-72203|Reactome:R-BTA-73856|Reactome:R-BTA-77595|Reactome:R-BTA-9770562|Reactome:R-CEL-159236|Reactome:R-CEL-72163|Reactome:R-CEL-73856|Reactome:R-DME-159231|Reactome:R-DME-159236|Reactome:R-DME-1834941|Reactome:R-DME-72163|Reactome:R-DME-72165|Reactome:R-DME-72203|Reactome:R-DME-73856|Reactome:R-DME-77595|Reactome:R-DME-8941326|Reactome:R-DME-9770562|Reactome:R-DME-9930044|Reactome:R-DRE-72165|Reactome:R-HSA-1169408|Reactome:R-HSA-159231|Reactome:R-HSA-159236|Reactome:R-HSA-162585|Reactome:R-HSA-162588|Reactome:R-HSA-162592|Reactome:R-HSA-162594|Reactome:R-HSA-164516|Reactome:R-HSA-164525|Reactome:R-HSA-164843|Reactome:R-HSA-168315|Reactome:R-HSA-173107|Reactome:R-HSA-174490|Reactome:R-HSA-174495|Reactome:R-HSA-175474|Reactome:R-HSA-175567|Reactome:R-HSA-177539|Reactome:R-HSA-180689|Reactome:R-HSA-180910|Reactome:R-HSA-429947|Reactome:R-HSA-452723|Reactome:R-HSA-6784531|Reactome:R-HSA-72163|Reactome:R-HSA-72165|Reactome:R-HSA-72187|Reactome:R-HSA-72203|Reactome:R-HSA-73856|Reactome:R-HSA-77595|Reactome:R-HSA-9013422|Reactome:R-HSA-9682706|Reactome:R-HSA-9694686|Reactome:R-HSA-9705671|Reactome:R-HSA-9770562|Reactome:R-HSA-9819196|Reactome:R-HSA-9820865|Reactome:R-HSA-983168|Reactome:R-HSA-9843970|Reactome:R-HSA-9918481|Reactome:R-HSA-9930044|Reactome:R-HSA-9931510|Reactome:R-MMU-159231|Reactome:R-MMU-159236|Reactome:R-MMU-72163|Reactome:R-MMU-72165|Reactome:R-MMU-72187|Reactome:R-MMU-72203|Reactome:R-MMU-73856|Reactome:R-MMU-77595|Reactome:R-MMU-9013422|Reactome:R-MMU-9770562|Reactome:R-MMU-983168|Reactome:R-MMU-9930044|Reactome:R-RNO-159231|Reactome:R-RNO-72165|Reactome:R-RNO-73856|Reactome:R-RNO-77595|Reactome:R-RNO-9770562|Reactome:R-SCE-983168|Reactome:R-SPO-9770562|Reactome:R-SPO-983168|Reactome:R-XTR-77595|Reactome:R-XTR-9770562
MGLR3	180aeb84d3d610150dfd3451960eef22	459	ProSiteProfiles	PS50158	Zinc finger CCHC-type profile.	406	422	10.213134	T	13-08-2026	IPR001878	Zinc finger, CCHC-type	GO:0003676(InterPro)|GO:0008270(InterPro)	Reactome:R-BTA-159231|Reactome:R-BTA-159236|Reactome:R-BTA-72163|Reactome:R-BTA-72165|Reactome:R-BTA-72203|Reactome:R-BTA-73856|Reactome:R-BTA-77595|Reactome:R-BTA-9770562|Reactome:R-CEL-159236|Reactome:R-CEL-72163|Reactome:R-CEL-73856|Reactome:R-DME-159231|Reactome:R-DME-159236|Reactome:R-DME-1834941|Reactome:R-DME-72163|Reactome:R-DME-72165|Reactome:R-DME-72203|Reactome:R-DME-73856|Reactome:R-DME-77595|Reactome:R-DME-8941326|Reactome:R-DME-9770562|Reactome:R-DME-9930044|Reactome:R-DRE-72165|Reactome:R-HSA-1169408|Reactome:R-HSA-159231|Reactome:R-HSA-159236|Reactome:R-HSA-162585|Reactome:R-HSA-162588|Reactome:R-HSA-162592|Reactome:R-HSA-162594|Reactome:R-HSA-164516|Reactome:R-HSA-164525|Reactome:R-HSA-164843|Reactome:R-HSA-168315|Reactome:R-HSA-173107|Reactome:R-HSA-174490|Reactome:R-HSA-174495|Reactome:R-HSA-175474|Reactome:R-HSA-175567|Reactome:R-HSA-177539|Reactome:R-HSA-180689|Reactome:R-HSA-180910|Reactome:R-HSA-429947|Reactome:R-HSA-452723|Reactome:R-HSA-6784531|Reactome:R-HSA-72163|Reactome:R-HSA-72165|Reactome:R-HSA-72187|Reactome:R-HSA-72203|Reactome:R-HSA-73856|Reactome:R-HSA-77595|Reactome:R-HSA-9013422|Reactome:R-HSA-9682706|Reactome:R-HSA-9694686|Reactome:R-HSA-9705671|Reactome:R-HSA-9770562|Reactome:R-HSA-9819196|Reactome:R-HSA-9820865|Reactome:R-HSA-983168|Reactome:R-HSA-9843970|Reactome:R-HSA-9918481|Reactome:R-HSA-9930044|Reactome:R-HSA-9931510|Reactome:R-MMU-159231|Reactome:R-MMU-159236|Reactome:R-MMU-72163|Reactome:R-MMU-72165|Reactome:R-MMU-72187|Reactome:R-MMU-72203|Reactome:R-MMU-73856|Reactome:R-MMU-77595|Reactome:R-MMU-9013422|Reactome:R-MMU-9770562|Reactome:R-MMU-983168|Reactome:R-MMU-9930044|Reactome:R-RNO-159231|Reactome:R-RNO-72165|Reactome:R-RNO-73856|Reactome:R-RNO-77595|Reactome:R-RNO-9770562|Reactome:R-SCE-983168|Reactome:R-SPO-9770562|Reactome:R-SPO-983168|Reactome:R-XTR-77595|Reactome:R-XTR-9770562
MGLR3	180aeb84d3d610150dfd3451960eef22	459	MobiDBLite	mobidb-lite	consensus disorder prediction	358	384	-	T	13-08-2026	-	-	-	-
MGLR3	180aeb84d3d610150dfd3451960eef22	459	SUPERFAMILY	SSF57756	Retrovirus zinc finger-like domains	402	426	5.76E-7	T	13-08-2026	IPR036875	Zinc finger, CCHC-type superfamily	GO:0003676(InterPro)|GO:0008270(InterPro)	Reactome:R-BTA-159231|Reactome:R-BTA-159236|Reactome:R-BTA-72163|Reactome:R-BTA-72165|Reactome:R-BTA-72203|Reactome:R-BTA-73856|Reactome:R-BTA-77595|Reactome:R-BTA-9770562|Reactome:R-CEL-159236|Reactome:R-CEL-72163|Reactome:R-CEL-73856|Reactome:R-DME-159231|Reactome:R-DME-159236|Reactome:R-DME-1834941|Reactome:R-DME-72163|Reactome:R-DME-72165|Reactome:R-DME-72203|Reactome:R-DME-73856|Reactome:R-DME-77595|Reactome:R-DME-9770562|Reactome:R-DRE-72165|Reactome:R-HSA-1169408|Reactome:R-HSA-159231|Reactome:R-HSA-159236|Reactome:R-HSA-162585|Reactome:R-HSA-162588|Reactome:R-HSA-162592|Reactome:R-HSA-162594|Reactome:R-HSA-164516|Reactome:R-HSA-164525|Reactome:R-HSA-164843|Reactome:R-HSA-168315|Reactome:R-HSA-173107|Reactome:R-HSA-174490|Reactome:R-HSA-174495|Reactome:R-HSA-175474|Reactome:R-HSA-175567|Reactome:R-HSA-177539|Reactome:R-HSA-180689|Reactome:R-HSA-180910|Reactome:R-HSA-429947|Reactome:R-HSA-452723|Reactome:R-HSA-6784531|Reactome:R-HSA-72163|Reactome:R-HSA-72165|Reactome:R-HSA-72187|Reactome:R-HSA-72203|Reactome:R-HSA-73856|Reactome:R-HSA-77595|Reactome:R-HSA-9013422|Reactome:R-HSA-9682706|Reactome:R-HSA-9694686|Reactome:R-HSA-9705671|Reactome:R-HSA-9770562|Reactome:R-HSA-9819196|Reactome:R-HSA-9820865|Reactome:R-HSA-983168|Reactome:R-HSA-9918481|Reactome:R-HSA-9930044|Reactome:R-MMU-159231|Reactome:R-MMU-159236|Reactome:R-MMU-72163|Reactome:R-MMU-72165|Reactome:R-MMU-72187|Reactome:R-MMU-72203|Reactome:R-MMU-73856|Reactome:R-MMU-77595|Reactome:R-MMU-9013422|Reactome:R-MMU-9770562|Reactome:R-MMU-983168|Reactome:R-RNO-159231|Reactome:R-RNO-72165|Reactome:R-RNO-73856|Reactome:R-RNO-77595|Reactome:R-RNO-9770562|Reactome:R-SCE-983168|Reactome:R-SPO-9770562|Reactome:R-SPO-983168|Reactome:R-XTR-77595|Reactome:R-XTR-9770562
CopiaSL_monotypic|Chr08_1s11	04a290433881868e407207f7d23490b5	181	PANTHER	PTHR35317	OS04G0629600 PROTEIN	9	174	6.2E-42	T	13-08-2026	-	-	-	-
CopiaSL_monotypic|Chr08_1s11	04a290433881868e407207f7d23490b5	181	Pfam	PF14223	gag-polypeptide of LTR copia-type	25	180	1.9E-21	T	13-08-2026	IPR061502	Copia/RE1/RE2-like, N-terminal domain	-	-
CopiaSL_08	0b6b996e4513cdf30648359f73a69599	322	PANTHER	PTHR37610	CCHC-TYPE DOMAIN-CONTAINING PROTEIN	1	202	2.6E-63	T	13-08-2026	-	-	-	-
CopiaSL_08	0b6b996e4513cdf30648359f73a69599	322	Coils	Coil	Coil	202	202	-	T	13-08-2026	-	-	-	-
CopiaSL_08	0b6b996e4513cdf30648359f73a69599	322	Pfam	PF14244	Gag-polypeptide of LTR copia-type	5	50	1.0E-11	T	13-08-2026	IPR029472	Retrotransposon Copia-like, N-terminal	-	-
CopiaSL_08	0b6b996e4513cdf30648359f73a69599	322	Coils	Coil	Coil	220	222	-	T	13-08-2026	-	-	-	-
Cer2	44bdae6ad219e7416fa8bcb79d19c502	613	SUPERFAMILY	SSF57756	Retrovirus zinc finger-like domains	451	482	2.72E-5	T	13-08-2026	IPR036875	Zinc finger, CCHC-type superfamily	GO:0003676(InterPro)|GO:0008270(InterPro)	Reactome:R-BTA-159231|Reactome:R-BTA-159236|Reactome:R-BTA-72163|Reactome:R-BTA-72165|Reactome:R-BTA-72203|Reactome:R-BTA-73856|Reactome:R-BTA-77595|Reactome:R-BTA-9770562|Reactome:R-CEL-159236|Reactome:R-CEL-72163|Reactome:R-CEL-73856|Reactome:R-DME-159231|Reactome:R-DME-159236|Reactome:R-DME-1834941|Reactome:R-DME-72163|Reactome:R-DME-72165|Reactome:R-DME-72203|Reactome:R-DME-73856|Reactome:R-DME-77595|Reactome:R-DME-9770562|Reactome:R-DRE-72165|Reactome:R-HSA-1169408|Reactome:R-HSA-159231|Reactome:R-HSA-159236|Reactome:R-HSA-162585|Reactome:R-HSA-162588|Reactome:R-HSA-162592|Reactome:R-HSA-162594|Reactome:R-HSA-164516|Reactome:R-HSA-164525|Reactome:R-HSA-164843|Reactome:R-HSA-168315|Reactome:R-HSA-173107|Reactome:R-HSA-174490|Reactome:R-HSA-174495|Reactome:R-HSA-175474|Reactome:R-HSA-175567|Reactome:R-HSA-177539|Reactome:R-HSA-180689|Reactome:R-HSA-180910|Reactome:R-HSA-429947|Reactome:R-HSA-452723|Reactome:R-HSA-6784531|Reactome:R-HSA-72163|Reactome:R-HSA-72165|Reactome:R-HSA-72187|Reactome:R-HSA-72203|Reactome:R-HSA-73856|Reactome:R-HSA-77595|Reactome:R-HSA-9013422|Reactome:R-HSA-9682706|Reactome:R-HSA-9694686|Reactome:R-HSA-9705671|Reactome:R-HSA-9770562|Reactome:R-HSA-9819196|Reactome:R-HSA-9820865|Reactome:R-HSA-983168|Reactome:R-HSA-9918481|Reactome:R-HSA-9930044|Reactome:R-MMU-159231|Reactome:R-MMU-159236|Reactome:R-MMU-72163|Reactome:R-MMU-72165|Reactome:R-MMU-72187|Reactome:R-MMU-72203|Reactome:R-MMU-73856|Reactome:R-MMU-77595|Reactome:R-MMU-9013422|Reactome:R-MMU-9770562|Reactome:R-MMU-983168|Reactome:R-RNO-159231|Reactome:R-RNO-72165|Reactome:R-RNO-73856|Reactome:R-RNO-77595|Reactome:R-RNO-9770562|Reactome:R-SCE-983168|Reactome:R-SPO-9770562|Reactome:R-SPO-983168|Reactome:R-XTR-77595|Reactome:R-XTR-9770562
Cer2	44bdae6ad219e7416fa8bcb79d19c502	613	Coils	Coil	Coil	99	126	-	T	13-08-2026	-	-	-	-
Cer2	44bdae6ad219e7416fa8bcb79d19c502	613	MobiDBLite	mobidb-lite	consensus disorder prediction	478	503	-	T	13-08-2026	-	-	-	-
Cer2	44bdae6ad219e7416fa8bcb79d19c502	613	MobiDBLite	mobidb-lite	consensus disorder prediction	191	207	-	T	13-08-2026	-	-	-	-
Cer2	44bdae6ad219e7416fa8bcb79d19c502	613	MobiDBLite	mobidb-lite	consensus disorder prediction	485	503	-	T	13-08-2026	-	-	-	-
Cer2	44bdae6ad219e7416fa8bcb79d19c502	613	MobiDBLite	mobidb-lite	consensus disorder prediction	127	168	-	T	13-08-2026	-	-	-	-
Cer2	44bdae6ad219e7416fa8bcb79d19c502	613	MobiDBLite	mobidb-lite	consensus disorder prediction	191	215	-	T	13-08-2026	-	-	-	-
Cer2	44bdae6ad219e7416fa8bcb79d19c502	613	MobiDBLite	mobidb-lite	consensus disorder prediction	228	251	-	T	13-08-2026	-	-	-	-
Cer2	44bdae6ad219e7416fa8bcb79d19c502	613	ProSiteProfiles	PS50158	Zinc finger CCHC-type profile.	461	474	8.89451	T	13-08-2026	IPR001878	Zinc finger, CCHC-type	GO:0003676(InterPro)|GO:0008270(InterPro)	Reactome:R-BTA-159231|Reactome:R-BTA-159236|Reactome:R-BTA-72163|Reactome:R-BTA-72165|Reactome:R-BTA-72203|Reactome:R-BTA-73856|Reactome:R-BTA-77595|Reactome:R-BTA-9770562|Reactome:R-CEL-159236|Reactome:R-CEL-72163|Reactome:R-CEL-73856|Reactome:R-DME-159231|Reactome:R-DME-159236|Reactome:R-DME-1834941|Reactome:R-DME-72163|Reactome:R-DME-72165|Reactome:R-DME-72203|Reactome:R-DME-73856|Reactome:R-DME-77595|Reactome:R-DME-8941326|Reactome:R-DME-9770562|Reactome:R-DME-9930044|Reactome:R-DRE-72165|Reactome:R-HSA-1169408|Reactome:R-HSA-159231|Reactome:R-HSA-159236|Reactome:R-HSA-162585|Reactome:R-HSA-162588|Reactome:R-HSA-162592|Reactome:R-HSA-162594|Reactome:R-HSA-164516|Reactome:R-HSA-164525|Reactome:R-HSA-164843|Reactome:R-HSA-168315|Reactome:R-HSA-173107|Reactome:R-HSA-174490|Reactome:R-HSA-174495|Reactome:R-HSA-175474|Reactome:R-HSA-175567|Reactome:R-HSA-177539|Reactome:R-HSA-180689|Reactome:R-HSA-180910|Reactome:R-HSA-429947|Reactome:R-HSA-452723|Reactome:R-HSA-6784531|Reactome:R-HSA-72163|Reactome:R-HSA-72165|Reactome:R-HSA-72187|Reactome:R-HSA-72203|Reactome:R-HSA-73856|Reactome:R-HSA-77595|Reactome:R-HSA-9013422|Reactome:R-HSA-9682706|Reactome:R-HSA-9694686|Reactome:R-HSA-9705671|Reactome:R-HSA-9770562|Reactome:R-HSA-9819196|Reactome:R-HSA-9820865|Reactome:R-HSA-983168|Reactome:R-HSA-9843970|Reactome:R-HSA-9918481|Reactome:R-HSA-9930044|Reactome:R-HSA-9931510|Reactome:R-MMU-159231|Reactome:R-MMU-159236|Reactome:R-MMU-72163|Reactome:R-MMU-72165|Reactome:R-MMU-72187|Reactome:R-MMU-72203|Reactome:R-MMU-73856|Reactome:R-MMU-77595|Reactome:R-MMU-9013422|Reactome:R-MMU-9770562|Reactome:R-MMU-983168|Reactome:R-MMU-9930044|Reactome:R-RNO-159231|Reactome:R-RNO-72165|Reactome:R-RNO-73856|Reactome:R-RNO-77595|Reactome:R-RNO-9770562|Reactome:R-SCE-983168|Reactome:R-SPO-9770562|Reactome:R-SPO-983168|Reactome:R-XTR-77595|Reactome:R-XTR-9770562
CopiaSL_26	035497b4903d22c146012214c7d97247	210	SUPERFAMILY	SSF57756	Retrovirus zinc finger-like domains	190	210	9.42E-6	T	13-08-2026	IPR036875	Zinc finger, CCHC-type superfamily	GO:0003676(InterPro)|GO:0008270(InterPro)	Reactome:R-BTA-159231|Reactome:R-BTA-159236|Reactome:R-BTA-72163|Reactome:R-BTA-72165|Reactome:R-BTA-72203|Reactome:R-BTA-73856|Reactome:R-BTA-77595|Reactome:R-BTA-9770562|Reactome:R-CEL-159236|Reactome:R-CEL-72163|Reactome:R-CEL-73856|Reactome:R-DME-159231|Reactome:R-DME-159236|Reactome:R-DME-1834941|Reactome:R-DME-72163|Reactome:R-DME-72165|Reactome:R-DME-72203|Reactome:R-DME-73856|Reactome:R-DME-77595|Reactome:R-DME-9770562|Reactome:R-DRE-72165|Reactome:R-HSA-1169408|Reactome:R-HSA-159231|Reactome:R-HSA-159236|Reactome:R-HSA-162585|Reactome:R-HSA-162588|Reactome:R-HSA-162592|Reactome:R-HSA-162594|Reactome:R-HSA-164516|Reactome:R-HSA-164525|Reactome:R-HSA-164843|Reactome:R-HSA-168315|Reactome:R-HSA-173107|Reactome:R-HSA-174490|Reactome:R-HSA-174495|Reactome:R-HSA-175474|Reactome:R-HSA-175567|Reactome:R-HSA-177539|Reactome:R-HSA-180689|Reactome:R-HSA-180910|Reactome:R-HSA-429947|Reactome:R-HSA-452723|Reactome:R-HSA-6784531|Reactome:R-HSA-72163|Reactome:R-HSA-72165|Reactome:R-HSA-72187|Reactome:R-HSA-72203|Reactome:R-HSA-73856|Reactome:R-HSA-77595|Reactome:R-HSA-9013422|Reactome:R-HSA-9682706|Reactome:R-HSA-9694686|Reactome:R-HSA-9705671|Reactome:R-HSA-9770562|Reactome:R-HSA-9819196|Reactome:R-HSA-9820865|Reactome:R-HSA-983168|Reactome:R-HSA-9918481|Reactome:R-HSA-9930044|Reactome:R-MMU-159231|Reactome:R-MMU-159236|Reactome:R-MMU-72163|Reactome:R-MMU-72165|Reactome:R-MMU-72187|Reactome:R-MMU-72203|Reactome:R-MMU-73856|Reactome:R-MMU-77595|Reactome:R-MMU-9013422|Reactome:R-MMU-9770562|Reactome:R-MMU-983168|Reactome:R-RNO-159231|Reactome:R-RNO-72165|Reactome:R-RNO-73856|Reactome:R-RNO-77595|Reactome:R-RNO-9770562|Reactome:R-SCE-983168|Reactome:R-SPO-9770562|Reactome:R-SPO-983168|Reactome:R-XTR-77595|Reactome:R-XTR-9770562
CopiaSL_26	035497b4903d22c146012214c7d97247	210	PANTHER	PTHR47592	PBF68 PROTEIN	6	210	1.8E-31	T	13-08-2026	-	-	-	-
CopiaSL_26	035497b4903d22c146012214c7d97247	210	Coils	Coil	Coil	146	150	-	T	13-08-2026	-	-	-	-
CopiaSL_26	035497b4903d22c146012214c7d97247	210	Coils	Coil	Coil	124	129	-	T	13-08-2026	-	-	-	-
CopiaSL_26	035497b4903d22c146012214c7d97247	210	ProSiteProfiles	PS50158	Zinc finger CCHC-type profile.	197	210	9.834029	T	13-08-2026	IPR001878	Zinc finger, CCHC-type	GO:0003676(InterPro)|GO:0008270(InterPro)	Reactome:R-BTA-159231|Reactome:R-BTA-159236|Reactome:R-BTA-72163|Reactome:R-BTA-72165|Reactome:R-BTA-72203|Reactome:R-BTA-73856|Reactome:R-BTA-77595|Reactome:R-BTA-9770562|Reactome:R-CEL-159236|Reactome:R-CEL-72163|Reactome:R-CEL-73856|Reactome:R-DME-159231|Reactome:R-DME-159236|Reactome:R-DME-1834941|Reactome:R-DME-72163|Reactome:R-DME-72165|Reactome:R-DME-72203|Reactome:R-DME-73856|Reactome:R-DME-77595|Reactome:R-DME-8941326|Reactome:R-DME-9770562|Reactome:R-DME-9930044|Reactome:R-DRE-72165|Reactome:R-HSA-1169408|Reactome:R-HSA-159231|Reactome:R-HSA-159236|Reactome:R-HSA-162585|Reactome:R-HSA-162588|Reactome:R-HSA-162592|Reactome:R-HSA-162594|Reactome:R-HSA-164516|Reactome:R-HSA-164525|Reactome:R-HSA-164843|Reactome:R-HSA-168315|Reactome:R-HSA-173107|Reactome:R-HSA-174490|Reactome:R-HSA-174495|Reactome:R-HSA-175474|Reactome:R-HSA-175567|Reactome:R-HSA-177539|Reactome:R-HSA-180689|Reactome:R-HSA-180910|Reactome:R-HSA-429947|Reactome:R-HSA-452723|Reactome:R-HSA-6784531|Reactome:R-HSA-72163|Reactome:R-HSA-72165|Reactome:R-HSA-72187|Reactome:R-HSA-72203|Reactome:R-HSA-73856|Reactome:R-HSA-77595|Reactome:R-HSA-9013422|Reactome:R-HSA-9682706|Reactome:R-HSA-9694686|Reactome:R-HSA-9705671|Reactome:R-HSA-9770562|Reactome:R-HSA-9819196|Reactome:R-HSA-9820865|Reactome:R-HSA-983168|Reactome:R-HSA-9843970|Reactome:R-HSA-9918481|Reactome:R-HSA-9930044|Reactome:R-HSA-9931510|Reactome:R-MMU-159231|Reactome:R-MMU-159236|Reactome:R-MMU-72163|Reactome:R-MMU-72165|Reactome:R-MMU-72187|Reactome:R-MMU-72203|Reactome:R-MMU-73856|Reactome:R-MMU-77595|Reactome:R-MMU-9013422|Reactome:R-MMU-9770562|Reactome:R-MMU-983168|Reactome:R-MMU-9930044|Reactome:R-RNO-159231|Reactome:R-RNO-72165|Reactome:R-RNO-73856|Reactome:R-RNO-77595|Reactome:R-RNO-9770562|Reactome:R-SCE-983168|Reactome:R-SPO-9770562|Reactome:R-SPO-983168|Reactome:R-XTR-77595|Reactome:R-XTR-9770562
CopiaSL_26	035497b4903d22c146012214c7d97247	210	Pfam	PF14223	gag-polypeptide of LTR copia-type	10	129	6.6E-21	T	13-08-2026	IPR061502	Copia/RE1/RE2-like, N-terminal domain	-	-
Burdock	658506d7aeb16db3c6ee60413b789134	497	Coils	Coil	Coil	64	91	-	T	13-08-2026	-	-	-	-
Burdock	658506d7aeb16db3c6ee60413b789134	497	MobiDBLite	mobidb-lite	consensus disorder prediction	308	320	-	T	13-08-2026	-	-	-	-
Burdock	658506d7aeb16db3c6ee60413b789134	497	MobiDBLite	mobidb-lite	consensus disorder prediction	363	377	-	T	13-08-2026	-	-	-	-
Burdock	658506d7aeb16db3c6ee60413b789134	497	MobiDBLite	mobidb-lite	consensus disorder prediction	308	466	-	T	13-08-2026	-	-	-	-
Burdock	658506d7aeb16db3c6ee60413b789134	497	Coils	Coil	Coil	466	486	-	T	13-08-2026	-	-	-	-
Burdock	658506d7aeb16db3c6ee60413b789134	497	MobiDBLite	mobidb-lite	consensus disorder prediction	378	421	-	T	13-08-2026	-	-	-	-
Burdock	658506d7aeb16db3c6ee60413b789134	497	MobiDBLite	mobidb-lite	consensus disorder prediction	431	448	-	T	13-08-2026	-	-	-	-
Burdock	658506d7aeb16db3c6ee60413b789134	497	MobiDBLite	mobidb-lite	consensus disorder prediction	452	466	-	T	13-08-2026	-	-	-	-
Cft-1	5ae456502dac5e5476ac596713a8122d	639	MobiDBLite	mobidb-lite	consensus disorder prediction	240	249	-	T	13-08-2026	-	-	-	-
Cft-1	5ae456502dac5e5476ac596713a8122d	639	Pfam	PF30901	PEG10/RTL1, C-terminal capsid-like domain	110	183	2.2E-13	T	13-08-2026	IPR063300	PEG10/RTL1, C-terminal capsid-like domain	-	-
Cft-1	5ae456502dac5e5476ac596713a8122d	639	ProSiteProfiles	PS50158	Zinc finger CCHC-type profile.	260	274	11.004309	T	13-08-2026	IPR001878	Zinc finger, CCHC-type	GO:0003676(InterPro)|GO:0008270(InterPro)	Reactome:R-BTA-159231|Reactome:R-BTA-159236|Reactome:R-BTA-72163|Reactome:R-BTA-72165|Reactome:R-BTA-72203|Reactome:R-BTA-73856|Reactome:R-BTA-77595|Reactome:R-BTA-9770562|Reactome:R-CEL-159236|Reactome:R-CEL-72163|Reactome:R-CEL-73856|Reactome:R-DME-159231|Reactome:R-DME-159236|Reactome:R-DME-1834941|Reactome:R-DME-72163|Reactome:R-DME-72165|Reactome:R-DME-72203|Reactome:R-DME-73856|Reactome:R-DME-77595|Reactome:R-DME-8941326|Reactome:R-DME-9770562|Reactome:R-DME-9930044|Reactome:R-DRE-72165|Reactome:R-HSA-1169408|Reactome:R-HSA-159231|Reactome:R-HSA-159236|Reactome:R-HSA-162585|Reactome:R-HSA-162588|Reactome:R-HSA-162592|Reactome:R-HSA-162594|Reactome:R-HSA-164516|Reactome:R-HSA-164525|Reactome:R-HSA-164843|Reactome:R-HSA-168315|Reactome:R-HSA-173107|Reactome:R-HSA-174490|Reactome:R-HSA-174495|Reactome:R-HSA-175474|Reactome:R-HSA-175567|Reactome:R-HSA-177539|Reactome:R-HSA-180689|Reactome:R-HSA-180910|Reactome:R-HSA-429947|Reactome:R-HSA-452723|Reactome:R-HSA-6784531|Reactome:R-HSA-72163|Reactome:R-HSA-72165|Reactome:R-HSA-72187|Reactome:R-HSA-72203|Reactome:R-HSA-73856|Reactome:R-HSA-77595|Reactome:R-HSA-9013422|Reactome:R-HSA-9682706|Reactome:R-HSA-9694686|Reactome:R-HSA-9705671|Reactome:R-HSA-9770562|Reactome:R-HSA-9819196|Reactome:R-HSA-9820865|Reactome:R-HSA-983168|Reactome:R-HSA-9843970|Reactome:R-HSA-9918481|Reactome:R-HSA-9930044|Reactome:R-HSA-9931510|Reactome:R-MMU-159231|Reactome:R-MMU-159236|Reactome:R-MMU-72163|Reactome:R-MMU-72165|Reactome:R-MMU-72187|Reactome:R-MMU-72203|Reactome:R-MMU-73856|Reactome:R-MMU-77595|Reactome:R-MMU-9013422|Reactome:R-MMU-9770562|Reactome:R-MMU-983168|Reactome:R-MMU-9930044|Reactome:R-RNO-159231|Reactome:R-RNO-72165|Reactome:R-RNO-73856|Reactome:R-RNO-77595|Reactome:R-RNO-9770562|Reactome:R-SCE-983168|Reactome:R-SPO-9770562|Reactome:R-SPO-983168|Reactome:R-XTR-77595|Reactome:R-XTR-9770562
Cft-1	5ae456502dac5e5476ac596713a8122d	639	MobiDBLite	mobidb-lite	consensus disorder prediction	208	224	-	T	13-08-2026	-	-	-	-
Cft-1	5ae456502dac5e5476ac596713a8122d	639	MobiDBLite	mobidb-lite	consensus disorder prediction	196	262	-	T	13-08-2026	-	-	-	-
Cft-1	5ae456502dac5e5476ac596713a8122d	639	Gene3D	G3DSA:4.10.60.10	-	253	301	6.1E-8	T	13-08-2026	-	-	-	-
Cft-1	5ae456502dac5e5476ac596713a8122d	639	SMART	SM00343	c2hcfinal6	259	275	7.9E-5	T	13-08-2026	IPR001878	Zinc finger, CCHC-type	GO:0003676(InterPro)|GO:0008270(InterPro)	Reactome:R-BTA-159231|Reactome:R-BTA-159236|Reactome:R-BTA-72163|Reactome:R-BTA-72165|Reactome:R-BTA-72203|Reactome:R-BTA-73856|Reactome:R-BTA-77595|Reactome:R-BTA-9770562|Reactome:R-CEL-159236|Reactome:R-CEL-72163|Reactome:R-CEL-73856|Reactome:R-DME-159231|Reactome:R-DME-159236|Reactome:R-DME-1834941|Reactome:R-DME-72163|Reactome:R-DME-72165|Reactome:R-DME-72203|Reactome:R-DME-73856|Reactome:R-DME-77595|Reactome:R-DME-8941326|Reactome:R-DME-9770562|Reactome:R-DME-9930044|Reactome:R-DRE-72165|Reactome:R-HSA-1169408|Reactome:R-HSA-159231|Reactome:R-HSA-159236|Reactome:R-HSA-162585|Reactome:R-HSA-162588|Reactome:R-HSA-162592|Reactome:R-HSA-162594|Reactome:R-HSA-164516|Reactome:R-HSA-164525|Reactome:R-HSA-164843|Reactome:R-HSA-168315|Reactome:R-HSA-173107|Reactome:R-HSA-174490|Reactome:R-HSA-174495|Reactome:R-HSA-175474|Reactome:R-HSA-175567|Reactome:R-HSA-177539|Reactome:R-HSA-180689|Reactome:R-HSA-180910|Reactome:R-HSA-429947|Reactome:R-HSA-452723|Reactome:R-HSA-6784531|Reactome:R-HSA-72163|Reactome:R-HSA-72165|Reactome:R-HSA-72187|Reactome:R-HSA-72203|Reactome:R-HSA-73856|Reactome:R-HSA-77595|Reactome:R-HSA-9013422|Reactome:R-HSA-9682706|Reactome:R-HSA-9694686|Reactome:R-HSA-9705671|Reactome:R-HSA-9770562|Reactome:R-HSA-9819196|Reactome:R-HSA-9820865|Reactome:R-HSA-983168|Reactome:R-HSA-9843970|Reactome:R-HSA-9918481|Reactome:R-HSA-9930044|Reactome:R-HSA-9931510|Reactome:R-MMU-159231|Reactome:R-MMU-159236|Reactome:R-MMU-72163|Reactome:R-MMU-72165|Reactome:R-MMU-72187|Reactome:R-MMU-72203|Reactome:R-MMU-73856|Reactome:R-MMU-77595|Reactome:R-MMU-9013422|Reactome:R-MMU-9770562|Reactome:R-MMU-983168|Reactome:R-MMU-9930044|Reactome:R-RNO-159231|Reactome:R-RNO-72165|Reactome:R-RNO-73856|Reactome:R-RNO-77595|Reactome:R-RNO-9770562|Reactome:R-SCE-983168|Reactome:R-SPO-9770562|Reactome:R-SPO-983168|Reactome:R-XTR-77595|Reactome:R-XTR-9770562
Cft-1	5ae456502dac5e5476ac596713a8122d	639	MobiDBLite	mobidb-lite	consensus disorder prediction	458	486	-	T	13-08-2026	-	-	-	-
Cft-1	5ae456502dac5e5476ac596713a8122d	639	MobiDBLite	mobidb-lite	consensus disorder prediction	608	617	-	T	13-08-2026	-	-	-	-
Cft-1	5ae456502dac5e5476ac596713a8122d	639	Pfam	PF00098	Zinc knuckle	258	274	0.066	T	13-08-2026	IPR001878	Zinc finger, CCHC-type	GO:0003676(InterPro)|GO:0008270(InterPro)	Reactome:R-BTA-159231|Reactome:R-BTA-159236|Reactome:R-BTA-72163|Reactome:R-BTA-72165|Reactome:R-BTA-72203|Reactome:R-BTA-73856|Reactome:R-BTA-77595|Reactome:R-BTA-9770562|Reactome:R-CEL-159236|Reactome:R-CEL-72163|Reactome:R-CEL-73856|Reactome:R-DME-159231|Reactome:R-DME-159236|Reactome:R-DME-1834941|Reactome:R-DME-72163|Reactome:R-DME-72165|Reactome:R-DME-72203|Reactome:R-DME-73856|Reactome:R-DME-77595|Reactome:R-DME-8941326|Reactome:R-DME-9770562|Reactome:R-DME-9930044|Reactome:R-DRE-72165|Reactome:R-HSA-1169408|Reactome:R-HSA-159231|Reactome:R-HSA-159236|Reactome:R-HSA-162585|Reactome:R-HSA-162588|Reactome:R-HSA-162592|Reactome:R-HSA-162594|Reactome:R-HSA-164516|Reactome:R-HSA-164525|Reactome:R-HSA-164843|Reactome:R-HSA-168315|Reactome:R-HSA-173107|Reactome:R-HSA-174490|Reactome:R-HSA-174495|Reactome:R-HSA-175474|Reactome:R-HSA-175567|Reactome:R-HSA-177539|Reactome:R-HSA-180689|Reactome:R-HSA-180910|Reactome:R-HSA-429947|Reactome:R-HSA-452723|Reactome:R-HSA-6784531|Reactome:R-HSA-72163|Reactome:R-HSA-72165|Reactome:R-HSA-72187|Reactome:R-HSA-72203|Reactome:R-HSA-73856|Reactome:R-HSA-77595|Reactome:R-HSA-9013422|Reactome:R-HSA-9682706|Reactome:R-HSA-9694686|Reactome:R-HSA-9705671|Reactome:R-HSA-9770562|Reactome:R-HSA-9819196|Reactome:R-HSA-9820865|Reactome:R-HSA-983168|Reactome:R-HSA-9843970|Reactome:R-HSA-9918481|Reactome:R-HSA-9930044|Reactome:R-HSA-9931510|Reactome:R-MMU-159231|Reactome:R-MMU-159236|Reactome:R-MMU-72163|Reactome:R-MMU-72165|Reactome:R-MMU-72187|Reactome:R-MMU-72203|Reactome:R-MMU-73856|Reactome:R-MMU-77595|Reactome:R-MMU-9013422|Reactome:R-MMU-9770562|Reactome:R-MMU-983168|Reactome:R-MMU-9930044|Reactome:R-RNO-159231|Reactome:R-RNO-72165|Reactome:R-RNO-73856|Reactome:R-RNO-77595|Reactome:R-RNO-9770562|Reactome:R-SCE-983168|Reactome:R-SPO-9770562|Reactome:R-SPO-983168|Reactome:R-XTR-77595|Reactome:R-XTR-9770562
Cft-1	5ae456502dac5e5476ac596713a8122d	639	MobiDBLite	mobidb-lite	consensus disorder prediction	422	492	-	T	13-08-2026	-	-	-	-
Cft-1	5ae456502dac5e5476ac596713a8122d	639	MobiDBLite	mobidb-lite	consensus disorder prediction	608	639	-	T	13-08-2026	-	-	-	-
Cft-1	5ae456502dac5e5476ac596713a8122d	639	PANTHER	PTHR15503	LDOC1 RELATED	16	276	1.1E-16	T	13-08-2026	IPR032567	RTL1-related	-	-
Cft-1	5ae456502dac5e5476ac596713a8122d	639	MobiDBLite	mobidb-lite	consensus disorder prediction	629	639	-	T	13-08-2026	-	-	-	-
Cft-1	5ae456502dac5e5476ac596713a8122d	639	MobiDBLite	mobidb-lite	consensus disorder prediction	619	628	-	T	13-08-2026	-	-	-	-
Cft-1	5ae456502dac5e5476ac596713a8122d	639	SUPERFAMILY	SSF57756	Retrovirus zinc finger-like domains	244	277	6.73E-8	T	13-08-2026	IPR036875	Zinc finger, CCHC-type superfamily	GO:0003676(InterPro)|GO:0008270(InterPro)	Reactome:R-BTA-159231|Reactome:R-BTA-159236|Reactome:R-BTA-72163|Reactome:R-BTA-72165|Reactome:R-BTA-72203|Reactome:R-BTA-73856|Reactome:R-BTA-77595|Reactome:R-BTA-9770562|Reactome:R-CEL-159236|Reactome:R-CEL-72163|Reactome:R-CEL-73856|Reactome:R-DME-159231|Reactome:R-DME-159236|Reactome:R-DME-1834941|Reactome:R-DME-72163|Reactome:R-DME-72165|Reactome:R-DME-72203|Reactome:R-DME-73856|Reactome:R-DME-77595|Reactome:R-DME-9770562|Reactome:R-DRE-72165|Reactome:R-HSA-1169408|Reactome:R-HSA-159231|Reactome:R-HSA-159236|Reactome:R-HSA-162585|Reactome:R-HSA-162588|Reactome:R-HSA-162592|Reactome:R-HSA-162594|Reactome:R-HSA-164516|Reactome:R-HSA-164525|Reactome:R-HSA-164843|Reactome:R-HSA-168315|Reactome:R-HSA-173107|Reactome:R-HSA-174490|Reactome:R-HSA-174495|Reactome:R-HSA-175474|Reactome:R-HSA-175567|Reactome:R-HSA-177539|Reactome:R-HSA-180689|Reactome:R-HSA-180910|Reactome:R-HSA-429947|Reactome:R-HSA-452723|Reactome:R-HSA-6784531|Reactome:R-HSA-72163|Reactome:R-HSA-72165|Reactome:R-HSA-72187|Reactome:R-HSA-72203|Reactome:R-HSA-73856|Reactome:R-HSA-77595|Reactome:R-HSA-9013422|Reactome:R-HSA-9682706|Reactome:R-HSA-9694686|Reactome:R-HSA-9705671|Reactome:R-HSA-9770562|Reactome:R-HSA-9819196|Reactome:R-HSA-9820865|Reactome:R-HSA-983168|Reactome:R-HSA-9918481|Reactome:R-HSA-9930044|Reactome:R-MMU-159231|Reactome:R-MMU-159236|Reactome:R-MMU-72163|Reactome:R-MMU-72165|Reactome:R-MMU-72187|Reactome:R-MMU-72203|Reactome:R-MMU-73856|Reactome:R-MMU-77595|Reactome:R-MMU-9013422|Reactome:R-MMU-9770562|Reactome:R-MMU-983168|Reactome:R-RNO-159231|Reactome:R-RNO-72165|Reactome:R-RNO-73856|Reactome:R-RNO-77595|Reactome:R-RNO-9770562|Reactome:R-SCE-983168|Reactome:R-SPO-9770562|Reactome:R-SPO-983168|Reactome:R-XTR-77595|Reactome:R-XTR-9770562
Cft-1	5ae456502dac5e5476ac596713a8122d	639	Pfam	PF03716	WCCH motif	373	397	1.2E-4	T	13-08-2026	IPR005159	WCCH motif	-	-
CopiaSL_monotypic|Chr03_2s28	38f6c507a616e612b7db394575d63327	279	PANTHER	PTHR37610	CCHC-TYPE DOMAIN-CONTAINING PROTEIN	2	212	1.1E-64	T	13-08-2026	-	-	-	-
CopiaSL_monotypic|Chr03_2s28	38f6c507a616e612b7db394575d63327	279	Pfam	PF14244	Gag-polypeptide of LTR copia-type	10	54	1.1E-8	T	13-08-2026	IPR029472	Retrotransposon Copia-like, N-terminal	-	-
Yoyo	9aa7751d3f85c917186473f169bdf1dc	470	MobiDBLite	mobidb-lite	consensus disorder prediction	22	33	-	T	13-08-2026	-	-	-	-
Yoyo	9aa7751d3f85c917186473f169bdf1dc	470	MobiDBLite	mobidb-lite	consensus disorder prediction	8	21	-	T	13-08-2026	-	-	-	-
Yoyo	9aa7751d3f85c917186473f169bdf1dc	470	MobiDBLite	mobidb-lite	consensus disorder prediction	1	38	-	T	13-08-2026	-	-	-	-
Osvaldo	cb1368cdd1488ba19fd20bcdb182e8de	413	MobiDBLite	mobidb-lite	consensus disorder prediction	320	332	-	T	13-08-2026	-	-	-	-
Osvaldo	cb1368cdd1488ba19fd20bcdb182e8de	413	SUPERFAMILY	SSF57756	Retrovirus zinc finger-like domains	349	391	3.66E-6	T	13-08-2026	IPR036875	Zinc finger, CCHC-type superfamily	GO:0003676(InterPro)|GO:0008270(InterPro)	Reactome:R-BTA-159231|Reactome:R-BTA-159236|Reactome:R-BTA-72163|Reactome:R-BTA-72165|Reactome:R-BTA-72203|Reactome:R-BTA-73856|Reactome:R-BTA-77595|Reactome:R-BTA-9770562|Reactome:R-CEL-159236|Reactome:R-CEL-72163|Reactome:R-CEL-73856|Reactome:R-DME-159231|Reactome:R-DME-159236|Reactome:R-DME-1834941|Reactome:R-DME-72163|Reactome:R-DME-72165|Reactome:R-DME-72203|Reactome:R-DME-73856|Reactome:R-DME-77595|Reactome:R-DME-9770562|Reactome:R-DRE-72165|Reactome:R-HSA-1169408|Reactome:R-HSA-159231|Reactome:R-HSA-159236|Reactome:R-HSA-162585|Reactome:R-HSA-162588|Reactome:R-HSA-162592|Reactome:R-HSA-162594|Reactome:R-HSA-164516|Reactome:R-HSA-164525|Reactome:R-HSA-164843|Reactome:R-HSA-168315|Reactome:R-HSA-173107|Reactome:R-HSA-174490|Reactome:R-HSA-174495|Reactome:R-HSA-175474|Reactome:R-HSA-175567|Reactome:R-HSA-177539|Reactome:R-HSA-180689|Reactome:R-HSA-180910|Reactome:R-HSA-429947|Reactome:R-HSA-452723|Reactome:R-HSA-6784531|Reactome:R-HSA-72163|Reactome:R-HSA-72165|Reactome:R-HSA-72187|Reactome:R-HSA-72203|Reactome:R-HSA-73856|Reactome:R-HSA-77595|Reactome:R-HSA-9013422|Reactome:R-HSA-9682706|Reactome:R-HSA-9694686|Reactome:R-HSA-9705671|Reactome:R-HSA-9770562|Reactome:R-HSA-9819196|Reactome:R-HSA-9820865|Reactome:R-HSA-983168|Reactome:R-HSA-9918481|Reactome:R-HSA-9930044|Reactome:R-MMU-159231|Reactome:R-MMU-159236|Reactome:R-MMU-72163|Reactome:R-MMU-72165|Reactome:R-MMU-72187|Reactome:R-MMU-72203|Reactome:R-MMU-73856|Reactome:R-MMU-77595|Reactome:R-MMU-9013422|Reactome:R-MMU-9770562|Reactome:R-MMU-983168|Reactome:R-RNO-159231|Reactome:R-RNO-72165|Reactome:R-RNO-73856|Reactome:R-RNO-77595|Reactome:R-RNO-9770562|Reactome:R-SCE-983168|Reactome:R-SPO-9770562|Reactome:R-SPO-983168|Reactome:R-XTR-77595|Reactome:R-XTR-9770562
Osvaldo	cb1368cdd1488ba19fd20bcdb182e8de	413	MobiDBLite	mobidb-lite	consensus disorder prediction	88	116	-	T	13-08-2026	-	-	-	-
Osvaldo	cb1368cdd1488ba19fd20bcdb182e8de	413	ProSiteProfiles	PS50158	Zinc finger CCHC-type profile.	354	369	8.729682	T	13-08-2026	IPR001878	Zinc finger, CCHC-type	GO:0003676(InterPro)|GO:0008270(InterPro)	Reactome:R-BTA-159231|Reactome:R-BTA-159236|Reactome:R-BTA-72163|Reactome:R-BTA-72165|Reactome:R-BTA-72203|Reactome:R-BTA-73856|Reactome:R-BTA-77595|Reactome:R-BTA-9770562|Reactome:R-CEL-159236|Reactome:R-CEL-72163|Reactome:R-CEL-73856|Reactome:R-DME-159231|Reactome:R-DME-159236|Reactome:R-DME-1834941|Reactome:R-DME-72163|Reactome:R-DME-72165|Reactome:R-DME-72203|Reactome:R-DME-73856|Reactome:R-DME-77595|Reactome:R-DME-8941326|Reactome:R-DME-9770562|Reactome:R-DME-9930044|Reactome:R-DRE-72165|Reactome:R-HSA-1169408|Reactome:R-HSA-159231|Reactome:R-HSA-159236|Reactome:R-HSA-162585|Reactome:R-HSA-162588|Reactome:R-HSA-162592|Reactome:R-HSA-162594|Reactome:R-HSA-164516|Reactome:R-HSA-164525|Reactome:R-HSA-164843|Reactome:R-HSA-168315|Reactome:R-HSA-173107|Reactome:R-HSA-174490|Reactome:R-HSA-174495|Reactome:R-HSA-175474|Reactome:R-HSA-175567|Reactome:R-HSA-177539|Reactome:R-HSA-180689|Reactome:R-HSA-180910|Reactome:R-HSA-429947|Reactome:R-HSA-452723|Reactome:R-HSA-6784531|Reactome:R-HSA-72163|Reactome:R-HSA-72165|Reactome:R-HSA-72187|Reactome:R-HSA-72203|Reactome:R-HSA-73856|Reactome:R-HSA-77595|Reactome:R-HSA-9013422|Reactome:R-HSA-9682706|Reactome:R-HSA-9694686|Reactome:R-HSA-9705671|Reactome:R-HSA-9770562|Reactome:R-HSA-9819196|Reactome:R-HSA-9820865|Reactome:R-HSA-983168|Reactome:R-HSA-9843970|Reactome:R-HSA-9918481|Reactome:R-HSA-9930044|Reactome:R-HSA-9931510|Reactome:R-MMU-159231|Reactome:R-MMU-159236|Reactome:R-MMU-72163|Reactome:R-MMU-72165|Reactome:R-MMU-72187|Reactome:R-MMU-72203|Reactome:R-MMU-73856|Reactome:R-MMU-77595|Reactome:R-MMU-9013422|Reactome:R-MMU-9770562|Reactome:R-MMU-983168|Reactome:R-MMU-9930044|Reactome:R-RNO-159231|Reactome:R-RNO-72165|Reactome:R-RNO-73856|Reactome:R-RNO-77595|Reactome:R-RNO-9770562|Reactome:R-SCE-983168|Reactome:R-SPO-9770562|Reactome:R-SPO-983168|Reactome:R-XTR-77595|Reactome:R-XTR-9770562
Osvaldo	cb1368cdd1488ba19fd20bcdb182e8de	413	Coils	Coil	Coil	281	301	-	T	13-08-2026	-	-	-	-
Osvaldo	cb1368cdd1488ba19fd20bcdb182e8de	413	MobiDBLite	mobidb-lite	consensus disorder prediction	309	353	-	T	13-08-2026	-	-	-	-
Osvaldo	cb1368cdd1488ba19fd20bcdb182e8de	413	MobiDBLite	mobidb-lite	consensus disorder prediction	84	131	-	T	13-08-2026	-	-	-	-
Osvaldo	cb1368cdd1488ba19fd20bcdb182e8de	413	MobiDBLite	mobidb-lite	consensus disorder prediction	392	413	-	T	13-08-2026	-	-	-	-
CopiaSL_monotypic|Chr03_2s27	32b71916ae7046edb1d024b73e1b2cae	210	PANTHER	PTHR34222	GAG_PRE-INTEGRS DOMAIN-CONTAINING PROTEIN	17	210	5.3E-43	T	13-08-2026	-	-	-	-
CopiaSL_27	ad735097359aa72cfb9ee6322320e3e1	131	Pfam	PF14223	gag-polypeptide of LTR copia-type	1	107	6.8E-13	T	13-08-2026	IPR061502	Copia/RE1/RE2-like, N-terminal domain	-	-
CopiaSL_27	ad735097359aa72cfb9ee6322320e3e1	131	PANTHER	PTHR47592	PBF68 PROTEIN	2	117	3.8E-17	T	13-08-2026	-	-	-	-
CopiaSL_monotypic|Chr04_2s41	5f78c61dc52fbc6a327f46daa05a2cdd	207	Coils	Coil	Coil	84	104	-	T	13-08-2026	-	-	-	-
CopiaSL_monotypic|Chr04_2s41	5f78c61dc52fbc6a327f46daa05a2cdd	207	PANTHER	PTHR37610	CCHC-TYPE DOMAIN-CONTAINING PROTEIN	1	205	2.9E-67	T	13-08-2026	-	-	-	-
CopiaSL_monotypic|Chr04_2s41	5f78c61dc52fbc6a327f46daa05a2cdd	207	Pfam	PF14244	Gag-polypeptide of LTR copia-type	3	50	2.1E-17	T	13-08-2026	IPR029472	Retrotransposon Copia-like, N-terminal	-	-
412	e13039dc5d692d62316cd7a64f46d1af	687	TMHMM	TMhelix	Region of a membrane-bound protein predicted to be embedded in the membrane.	188	210	-	T	13-08-2026	-	-	-	-
412	e13039dc5d692d62316cd7a64f46d1af	687	Phobius	NON_CYTOPLASMIC_DOMAIN	Region of a membrane-bound protein predicted to be outside the membrane, in the extracellular region.	1	187	-	T	13-08-2026	-	-	-	-
412	e13039dc5d692d62316cd7a64f46d1af	687	Phobius	TRANSMEMBRANE	Region of a membrane-bound protein predicted to be embedded in the membrane.	188	211	-	T	13-08-2026	-	-	-	-
412	e13039dc5d692d62316cd7a64f46d1af	687	Coils	Coil	Coil	377	397	-	T	13-08-2026	-	-	-	-
412	e13039dc5d692d62316cd7a64f46d1af	687	Coils	Coil	Coil	279	299	-	T	13-08-2026	-	-	-	-
412	e13039dc5d692d62316cd7a64f46d1af	687	MobiDBLite	mobidb-lite	consensus disorder prediction	588	597	-	T	13-08-2026	-	-	-	-
412	e13039dc5d692d62316cd7a64f46d1af	687	MobiDBLite	mobidb-lite	consensus disorder prediction	604	666	-	T	13-08-2026	-	-	-	-
412	e13039dc5d692d62316cd7a64f46d1af	687	MobiDBLite	mobidb-lite	consensus disorder prediction	586	666	-	T	13-08-2026	-	-	-	-
412	e13039dc5d692d62316cd7a64f46d1af	687	Phobius	CYTOPLASMIC_DOMAIN	Region of a membrane-bound protein predicted to be outside the membrane, in the cytoplasm.	212	687	-	T	13-08-2026	-	-	-	-
412	e13039dc5d692d62316cd7a64f46d1af	687	Coils	Coil	Coil	243	263	-	T	13-08-2026	-	-	-	-
Pyggy	8ee51d1ffc8d880e0b408c357e042e1c	402	SMART	SM00343	c2hcfinal6	356	372	2.1E-6	T	13-08-2026	IPR001878	Zinc finger, CCHC-type	GO:0003676(InterPro)|GO:0008270(InterPro)	Reactome:R-BTA-159231|Reactome:R-BTA-159236|Reactome:R-BTA-72163|Reactome:R-BTA-72165|Reactome:R-BTA-72203|Reactome:R-BTA-73856|Reactome:R-BTA-77595|Reactome:R-BTA-9770562|Reactome:R-CEL-159236|Reactome:R-CEL-72163|Reactome:R-CEL-73856|Reactome:R-DME-159231|Reactome:R-DME-159236|Reactome:R-DME-1834941|Reactome:R-DME-72163|Reactome:R-DME-72165|Reactome:R-DME-72203|Reactome:R-DME-73856|Reactome:R-DME-77595|Reactome:R-DME-8941326|Reactome:R-DME-9770562|Reactome:R-DME-9930044|Reactome:R-DRE-72165|Reactome:R-HSA-1169408|Reactome:R-HSA-159231|Reactome:R-HSA-159236|Reactome:R-HSA-162585|Reactome:R-HSA-162588|Reactome:R-HSA-162592|Reactome:R-HSA-162594|Reactome:R-HSA-164516|Reactome:R-HSA-164525|Reactome:R-HSA-164843|Reactome:R-HSA-168315|Reactome:R-HSA-173107|Reactome:R-HSA-174490|Reactome:R-HSA-174495|Reactome:R-HSA-175474|Reactome:R-HSA-175567|Reactome:R-HSA-177539|Reactome:R-HSA-180689|Reactome:R-HSA-180910|Reactome:R-HSA-429947|Reactome:R-HSA-452723|Reactome:R-HSA-6784531|Reactome:R-HSA-72163|Reactome:R-HSA-72165|Reactome:R-HSA-72187|Reactome:R-HSA-72203|Reactome:R-HSA-73856|Reactome:R-HSA-77595|Reactome:R-HSA-9013422|Reactome:R-HSA-9682706|Reactome:R-HSA-9694686|Reactome:R-HSA-9705671|Reactome:R-HSA-9770562|Reactome:R-HSA-9819196|Reactome:R-HSA-9820865|Reactome:R-HSA-983168|Reactome:R-HSA-9843970|Reactome:R-HSA-9918481|Reactome:R-HSA-9930044|Reactome:R-HSA-9931510|Reactome:R-MMU-159231|Reactome:R-MMU-159236|Reactome:R-MMU-72163|Reactome:R-MMU-72165|Reactome:R-MMU-72187|Reactome:R-MMU-72203|Reactome:R-MMU-73856|Reactome:R-MMU-77595|Reactome:R-MMU-9013422|Reactome:R-MMU-9770562|Reactome:R-MMU-983168|Reactome:R-MMU-9930044|Reactome:R-RNO-159231|Reactome:R-RNO-72165|Reactome:R-RNO-73856|Reactome:R-RNO-77595|Reactome:R-RNO-9770562|Reactome:R-SCE-983168|Reactome:R-SPO-9770562|Reactome:R-SPO-983168|Reactome:R-XTR-77595|Reactome:R-XTR-9770562
Pyggy	8ee51d1ffc8d880e0b408c357e042e1c	402	Pfam	PF00098	Zinc knuckle	356	372	3.3E-4	T	13-08-2026	IPR001878	Zinc finger, CCHC-type	GO:0003676(InterPro)|GO:0008270(InterPro)	Reactome:R-BTA-159231|Reactome:R-BTA-159236|Reactome:R-BTA-72163|Reactome:R-BTA-72165|Reactome:R-BTA-72203|Reactome:R-BTA-73856|Reactome:R-BTA-77595|Reactome:R-BTA-9770562|Reactome:R-CEL-159236|Reactome:R-CEL-72163|Reactome:R-CEL-73856|Reactome:R-DME-159231|Reactome:R-DME-159236|Reactome:R-DME-1834941|Reactome:R-DME-72163|Reactome:R-DME-72165|Reactome:R-DME-72203|Reactome:R-DME-73856|Reactome:R-DME-77595|Reactome:R-DME-8941326|Reactome:R-DME-9770562|Reactome:R-DME-9930044|Reactome:R-DRE-72165|Reactome:R-HSA-1169408|Reactome:R-HSA-159231|Reactome:R-HSA-159236|Reactome:R-HSA-162585|Reactome:R-HSA-162588|Reactome:R-HSA-162592|Reactome:R-HSA-162594|Reactome:R-HSA-164516|Reactome:R-HSA-164525|Reactome:R-HSA-164843|Reactome:R-HSA-168315|Reactome:R-HSA-173107|Reactome:R-HSA-174490|Reactome:R-HSA-174495|Reactome:R-HSA-175474|Reactome:R-HSA-175567|Reactome:R-HSA-177539|Reactome:R-HSA-180689|Reactome:R-HSA-180910|Reactome:R-HSA-429947|Reactome:R-HSA-452723|Reactome:R-HSA-6784531|Reactome:R-HSA-72163|Reactome:R-HSA-72165|Reactome:R-HSA-72187|Reactome:R-HSA-72203|Reactome:R-HSA-73856|Reactome:R-HSA-77595|Reactome:R-HSA-9013422|Reactome:R-HSA-9682706|Reactome:R-HSA-9694686|Reactome:R-HSA-9705671|Reactome:R-HSA-9770562|Reactome:R-HSA-9819196|Reactome:R-HSA-9820865|Reactome:R-HSA-983168|Reactome:R-HSA-9843970|Reactome:R-HSA-9918481|Reactome:R-HSA-9930044|Reactome:R-HSA-9931510|Reactome:R-MMU-159231|Reactome:R-MMU-159236|Reactome:R-MMU-72163|Reactome:R-MMU-72165|Reactome:R-MMU-72187|Reactome:R-MMU-72203|Reactome:R-MMU-73856|Reactome:R-MMU-77595|Reactome:R-MMU-9013422|Reactome:R-MMU-9770562|Reactome:R-MMU-983168|Reactome:R-MMU-9930044|Reactome:R-RNO-159231|Reactome:R-RNO-72165|Reactome:R-RNO-73856|Reactome:R-RNO-77595|Reactome:R-RNO-9770562|Reactome:R-SCE-983168|Reactome:R-SPO-9770562|Reactome:R-SPO-983168|Reactome:R-XTR-77595|Reactome:R-XTR-9770562
Pyggy	8ee51d1ffc8d880e0b408c357e042e1c	402	ProSiteProfiles	PS50158	Zinc finger CCHC-type profile.	356	372	11.66362	T	13-08-2026	IPR001878	Zinc finger, CCHC-type	GO:0003676(InterPro)|GO:0008270(InterPro)	Reactome:R-BTA-159231|Reactome:R-BTA-159236|Reactome:R-BTA-72163|Reactome:R-BTA-72165|Reactome:R-BTA-72203|Reactome:R-BTA-73856|Reactome:R-BTA-77595|Reactome:R-BTA-9770562|Reactome:R-CEL-159236|Reactome:R-CEL-72163|Reactome:R-CEL-73856|Reactome:R-DME-159231|Reactome:R-DME-159236|Reactome:R-DME-1834941|Reactome:R-DME-72163|Reactome:R-DME-72165|Reactome:R-DME-72203|Reactome:R-DME-73856|Reactome:R-DME-77595|Reactome:R-DME-8941326|Reactome:R-DME-9770562|Reactome:R-DME-9930044|Reactome:R-DRE-72165|Reactome:R-HSA-1169408|Reactome:R-HSA-159231|Reactome:R-HSA-159236|Reactome:R-HSA-162585|Reactome:R-HSA-162588|Reactome:R-HSA-162592|Reactome:R-HSA-162594|Reactome:R-HSA-164516|Reactome:R-HSA-164525|Reactome:R-HSA-164843|Reactome:R-HSA-168315|Reactome:R-HSA-173107|Reactome:R-HSA-174490|Reactome:R-HSA-174495|Reactome:R-HSA-175474|Reactome:R-HSA-175567|Reactome:R-HSA-177539|Reactome:R-HSA-180689|Reactome:R-HSA-180910|Reactome:R-HSA-429947|Reactome:R-HSA-452723|Reactome:R-HSA-6784531|Reactome:R-HSA-72163|Reactome:R-HSA-72165|Reactome:R-HSA-72187|Reactome:R-HSA-72203|Reactome:R-HSA-73856|Reactome:R-HSA-77595|Reactome:R-HSA-9013422|Reactome:R-HSA-9682706|Reactome:R-HSA-9694686|Reactome:R-HSA-9705671|Reactome:R-HSA-9770562|Reactome:R-HSA-9819196|Reactome:R-HSA-9820865|Reactome:R-HSA-983168|Reactome:R-HSA-9843970|Reactome:R-HSA-9918481|Reactome:R-HSA-9930044|Reactome:R-HSA-9931510|Reactome:R-MMU-159231|Reactome:R-MMU-159236|Reactome:R-MMU-72163|Reactome:R-MMU-72165|Reactome:R-MMU-72187|Reactome:R-MMU-72203|Reactome:R-MMU-73856|Reactome:R-MMU-77595|Reactome:R-MMU-9013422|Reactome:R-MMU-9770562|Reactome:R-MMU-983168|Reactome:R-MMU-9930044|Reactome:R-RNO-159231|Reactome:R-RNO-72165|Reactome:R-RNO-73856|Reactome:R-RNO-77595|Reactome:R-RNO-9770562|Reactome:R-SCE-983168|Reactome:R-SPO-9770562|Reactome:R-SPO-983168|Reactome:R-XTR-77595|Reactome:R-XTR-9770562
Pyggy	8ee51d1ffc8d880e0b408c357e042e1c	402	MobiDBLite	mobidb-lite	consensus disorder prediction	371	402	-	T	13-08-2026	-	-	-	-
Pyggy	8ee51d1ffc8d880e0b408c357e042e1c	402	SUPERFAMILY	SSF57756	Retrovirus zinc finger-like domains	341	377	3.84E-9	T	13-08-2026	IPR036875	Zinc finger, CCHC-type superfamily	GO:0003676(InterPro)|GO:0008270(InterPro)	Reactome:R-BTA-159231|Reactome:R-BTA-159236|Reactome:R-BTA-72163|Reactome:R-BTA-72165|Reactome:R-BTA-72203|Reactome:R-BTA-73856|Reactome:R-BTA-77595|Reactome:R-BTA-9770562|Reactome:R-CEL-159236|Reactome:R-CEL-72163|Reactome:R-CEL-73856|Reactome:R-DME-159231|Reactome:R-DME-159236|Reactome:R-DME-1834941|Reactome:R-DME-72163|Reactome:R-DME-72165|Reactome:R-DME-72203|Reactome:R-DME-73856|Reactome:R-DME-77595|Reactome:R-DME-9770562|Reactome:R-DRE-72165|Reactome:R-HSA-1169408|Reactome:R-HSA-159231|Reactome:R-HSA-159236|Reactome:R-HSA-162585|Reactome:R-HSA-162588|Reactome:R-HSA-162592|Reactome:R-HSA-162594|Reactome:R-HSA-164516|Reactome:R-HSA-164525|Reactome:R-HSA-164843|Reactome:R-HSA-168315|Reactome:R-HSA-173107|Reactome:R-HSA-174490|Reactome:R-HSA-174495|Reactome:R-HSA-175474|Reactome:R-HSA-175567|Reactome:R-HSA-177539|Reactome:R-HSA-180689|Reactome:R-HSA-180910|Reactome:R-HSA-429947|Reactome:R-HSA-452723|Reactome:R-HSA-6784531|Reactome:R-HSA-72163|Reactome:R-HSA-72165|Reactome:R-HSA-72187|Reactome:R-HSA-72203|Reactome:R-HSA-73856|Reactome:R-HSA-77595|Reactome:R-HSA-9013422|Reactome:R-HSA-9682706|Reactome:R-HSA-9694686|Reactome:R-HSA-9705671|Reactome:R-HSA-9770562|Reactome:R-HSA-9819196|Reactome:R-HSA-9820865|Reactome:R-HSA-983168|Reactome:R-HSA-9918481|Reactome:R-HSA-9930044|Reactome:R-MMU-159231|Reactome:R-MMU-159236|Reactome:R-MMU-72163|Reactome:R-MMU-72165|Reactome:R-MMU-72187|Reactome:R-MMU-72203|Reactome:R-MMU-73856|Reactome:R-MMU-77595|Reactome:R-MMU-9013422|Reactome:R-MMU-9770562|Reactome:R-MMU-983168|Reactome:R-RNO-159231|Reactome:R-RNO-72165|Reactome:R-RNO-73856|Reactome:R-RNO-77595|Reactome:R-RNO-9770562|Reactome:R-SCE-983168|Reactome:R-SPO-9770562|Reactome:R-SPO-983168|Reactome:R-XTR-77595|Reactome:R-XTR-9770562
Pyggy	8ee51d1ffc8d880e0b408c357e042e1c	402	PANTHER	PTHR15503	LDOC1 RELATED	78	374	5.6E-15	T	13-08-2026	IPR032567	RTL1-related	-	-
Pyggy	8ee51d1ffc8d880e0b408c357e042e1c	402	MobiDBLite	mobidb-lite	consensus disorder prediction	116	144	-	T	13-08-2026	-	-	-	-
Pyggy	8ee51d1ffc8d880e0b408c357e042e1c	402	MobiDBLite	mobidb-lite	consensus disorder prediction	59	89	-	T	13-08-2026	-	-	-	-
Pyggy	8ee51d1ffc8d880e0b408c357e042e1c	402	MobiDBLite	mobidb-lite	consensus disorder prediction	67	87	-	T	13-08-2026	-	-	-	-
Pyggy	8ee51d1ffc8d880e0b408c357e042e1c	402	MobiDBLite	mobidb-lite	consensus disorder prediction	344	353	-	T	13-08-2026	-	-	-	-
Pyggy	8ee51d1ffc8d880e0b408c357e042e1c	402	Gene3D	G3DSA:4.10.60.10	-	310	387	1.5E-7	T	13-08-2026	-	-	-	-
Pyggy	8ee51d1ffc8d880e0b408c357e042e1c	402	MobiDBLite	mobidb-lite	consensus disorder prediction	312	353	-	T	13-08-2026	-	-	-	-
Pyggy	8ee51d1ffc8d880e0b408c357e042e1c	402	Pfam	PF30901	PEG10/RTL1, C-terminal capsid-like domain	225	296	3.5E-8	T	13-08-2026	IPR063300	PEG10/RTL1, C-terminal capsid-like domain	-	-
Ulysses	3e81e3042ca6975afb5dde0ae9a346ca	482	MobiDBLite	mobidb-lite	consensus disorder prediction	1	45	-	T	13-08-2026	-	-	-	-
Ulysses	3e81e3042ca6975afb5dde0ae9a346ca	482	MobiDBLite	mobidb-lite	consensus disorder prediction	455	482	-	T	13-08-2026	-	-	-	-
Ulysses	3e81e3042ca6975afb5dde0ae9a346ca	482	PANTHER	PTHR33223	CCHC-TYPE DOMAIN-CONTAINING PROTEIN	227	362	1.6E-9	T	13-08-2026	-	-	-	-
Ulysses	3e81e3042ca6975afb5dde0ae9a346ca	482	MobiDBLite	mobidb-lite	consensus disorder prediction	144	154	-	T	13-08-2026	-	-	-	-
Ulysses	3e81e3042ca6975afb5dde0ae9a346ca	482	MobiDBLite	mobidb-lite	consensus disorder prediction	473	482	-	T	13-08-2026	-	-	-	-
Ulysses	3e81e3042ca6975afb5dde0ae9a346ca	482	MobiDBLite	mobidb-lite	consensus disorder prediction	118	174	-	T	13-08-2026	-	-	-	-
CopiaSL_31	0c0ecdd979ccf5156b97585483afa9bc	280	PANTHER	PTHR35317	OS04G0629600 PROTEIN	10	197	2.4E-11	T	13-08-2026	-	-	-	-
CopiaSL_31	0c0ecdd979ccf5156b97585483afa9bc	280	MobiDBLite	mobidb-lite	consensus disorder prediction	259	280	-	T	13-08-2026	-	-	-	-
CopiaSL_31	0c0ecdd979ccf5156b97585483afa9bc	280	MobiDBLite	mobidb-lite	consensus disorder prediction	259	274	-	T	13-08-2026	-	-	-	-
CopiaSL_31	0c0ecdd979ccf5156b97585483afa9bc	280	Pfam	PF14223	gag-polypeptide of LTR copia-type	26	196	8.8E-31	T	13-08-2026	IPR061502	Copia/RE1/RE2-like, N-terminal domain	-	-
CopiaSL_31	0c0ecdd979ccf5156b97585483afa9bc	280	Coils	Coil	Coil	234	235	-	T	13-08-2026	-	-	-	-
CopiaSL_31	0c0ecdd979ccf5156b97585483afa9bc	280	Coils	Coil	Coil	207	209	-	T	13-08-2026	-	-	-	-
Springer	a4cecffc20f5cad686d11d7560b3cc54	454	MobiDBLite	mobidb-lite	consensus disorder prediction	305	322	-	T	13-08-2026	-	-	-	-
Springer	a4cecffc20f5cad686d11d7560b3cc54	454	MobiDBLite	mobidb-lite	consensus disorder prediction	376	390	-	T	13-08-2026	-	-	-	-
Springer	a4cecffc20f5cad686d11d7560b3cc54	454	MobiDBLite	mobidb-lite	consensus disorder prediction	1	34	-	T	13-08-2026	-	-	-	-
Springer	a4cecffc20f5cad686d11d7560b3cc54	454	MobiDBLite	mobidb-lite	consensus disorder prediction	300	409	-	T	13-08-2026	-	-	-	-
Springer	a4cecffc20f5cad686d11d7560b3cc54	454	MobiDBLite	mobidb-lite	consensus disorder prediction	351	361	-	T	13-08-2026	-	-	-	-
Springer	a4cecffc20f5cad686d11d7560b3cc54	454	Coils	Coil	Coil	55	75	-	T	13-08-2026	-	-	-	-
CopiaSL_monotypic|Chr02_1s25	d9276d61e3b4f3e63b94de457a104eb8	116	PANTHER	PTHR47481	-	8	114	1.3E-33	T	13-08-2026	-	-	-	-
CopiaSL_monotypic|Chr02_1s25	d9276d61e3b4f3e63b94de457a104eb8	116	Pfam	PF14223	gag-polypeptide of LTR copia-type	7	103	9.8E-12	T	13-08-2026	IPR061502	Copia/RE1/RE2-like, N-terminal domain	-	-
Tv1	389bf5d3c537a0fb53f23285e1b5f39d	261	MobiDBLite	mobidb-lite	consensus disorder prediction	218	239	-	T	13-08-2026	-	-	-	-
Tv1	389bf5d3c537a0fb53f23285e1b5f39d	261	MobiDBLite	mobidb-lite	consensus disorder prediction	197	217	-	T	13-08-2026	-	-	-	-
Tv1	389bf5d3c537a0fb53f23285e1b5f39d	261	MobiDBLite	mobidb-lite	consensus disorder prediction	242	261	-	T	13-08-2026	-	-	-	-
Tv1	389bf5d3c537a0fb53f23285e1b5f39d	261	Pfam	PF30021	Retroviral Gag protein N-terminal domain	8	91	2.1E-24	T	13-08-2026	IPR062189	Retroviral Gag protein, N-terminal domain 2	-	-
Tv1	389bf5d3c537a0fb53f23285e1b5f39d	261	MobiDBLite	mobidb-lite	consensus disorder prediction	187	261	-	T	13-08-2026	-	-	-	-
Maggy	1018d226ed744996c87cf6430bb01a6a	457	MobiDBLite	mobidb-lite	consensus disorder prediction	157	169	-	T	13-08-2026	-	-	-	-
Maggy	1018d226ed744996c87cf6430bb01a6a	457	MobiDBLite	mobidb-lite	consensus disorder prediction	326	335	-	T	13-08-2026	-	-	-	-
Maggy	1018d226ed744996c87cf6430bb01a6a	457	PANTHER	PTHR15503	LDOC1 RELATED	137	406	9.7E-11	T	13-08-2026	IPR032567	RTL1-related	-	-
Maggy	1018d226ed744996c87cf6430bb01a6a	457	Gene3D	G3DSA:4.10.60.10	-	379	435	2.3E-5	T	13-08-2026	-	-	-	-
Maggy	1018d226ed744996c87cf6430bb01a6a	457	MobiDBLite	mobidb-lite	consensus disorder prediction	143	169	-	T	13-08-2026	-	-	-	-
Maggy	1018d226ed744996c87cf6430bb01a6a	457	Coils	Coil	Coil	56	78	-	T	13-08-2026	-	-	-	-
Maggy	1018d226ed744996c87cf6430bb01a6a	457	SMART	SM00343	c2hcfinal6	386	402	0.0066	T	13-08-2026	IPR001878	Zinc finger, CCHC-type	GO:0003676(InterPro)|GO:0008270(InterPro)	Reactome:R-BTA-159231|Reactome:R-BTA-159236|Reactome:R-BTA-72163|Reactome:R-BTA-72165|Reactome:R-BTA-72203|Reactome:R-BTA-73856|Reactome:R-BTA-77595|Reactome:R-BTA-9770562|Reactome:R-CEL-159236|Reactome:R-CEL-72163|Reactome:R-CEL-73856|Reactome:R-DME-159231|Reactome:R-DME-159236|Reactome:R-DME-1834941|Reactome:R-DME-72163|Reactome:R-DME-72165|Reactome:R-DME-72203|Reactome:R-DME-73856|Reactome:R-DME-77595|Reactome:R-DME-8941326|Reactome:R-DME-9770562|Reactome:R-DME-9930044|Reactome:R-DRE-72165|Reactome:R-HSA-1169408|Reactome:R-HSA-159231|Reactome:R-HSA-159236|Reactome:R-HSA-162585|Reactome:R-HSA-162588|Reactome:R-HSA-162592|Reactome:R-HSA-162594|Reactome:R-HSA-164516|Reactome:R-HSA-164525|Reactome:R-HSA-164843|Reactome:R-HSA-168315|Reactome:R-HSA-173107|Reactome:R-HSA-174490|Reactome:R-HSA-174495|Reactome:R-HSA-175474|Reactome:R-HSA-175567|Reactome:R-HSA-177539|Reactome:R-HSA-180689|Reactome:R-HSA-180910|Reactome:R-HSA-429947|Reactome:R-HSA-452723|Reactome:R-HSA-6784531|Reactome:R-HSA-72163|Reactome:R-HSA-72165|Reactome:R-HSA-72187|Reactome:R-HSA-72203|Reactome:R-HSA-73856|Reactome:R-HSA-77595|Reactome:R-HSA-9013422|Reactome:R-HSA-9682706|Reactome:R-HSA-9694686|Reactome:R-HSA-9705671|Reactome:R-HSA-9770562|Reactome:R-HSA-9819196|Reactome:R-HSA-9820865|Reactome:R-HSA-983168|Reactome:R-HSA-9843970|Reactome:R-HSA-9918481|Reactome:R-HSA-9930044|Reactome:R-HSA-9931510|Reactome:R-MMU-159231|Reactome:R-MMU-159236|Reactome:R-MMU-72163|Reactome:R-MMU-72165|Reactome:R-MMU-72187|Reactome:R-MMU-72203|Reactome:R-MMU-73856|Reactome:R-MMU-77595|Reactome:R-MMU-9013422|Reactome:R-MMU-9770562|Reactome:R-MMU-983168|Reactome:R-MMU-9930044|Reactome:R-RNO-159231|Reactome:R-RNO-72165|Reactome:R-RNO-73856|Reactome:R-RNO-77595|Reactome:R-RNO-9770562|Reactome:R-SCE-983168|Reactome:R-SPO-9770562|Reactome:R-SPO-983168|Reactome:R-XTR-77595|Reactome:R-XTR-9770562
Maggy	1018d226ed744996c87cf6430bb01a6a	457	SUPERFAMILY	SSF57756	Retrovirus zinc finger-like domains	373	408	1.36E-5	T	13-08-2026	IPR036875	Zinc finger, CCHC-type superfamily	GO:0003676(InterPro)|GO:0008270(InterPro)	Reactome:R-BTA-159231|Reactome:R-BTA-159236|Reactome:R-BTA-72163|Reactome:R-BTA-72165|Reactome:R-BTA-72203|Reactome:R-BTA-73856|Reactome:R-BTA-77595|Reactome:R-BTA-9770562|Reactome:R-CEL-159236|Reactome:R-CEL-72163|Reactome:R-CEL-73856|Reactome:R-DME-159231|Reactome:R-DME-159236|Reactome:R-DME-1834941|Reactome:R-DME-72163|Reactome:R-DME-72165|Reactome:R-DME-72203|Reactome:R-DME-73856|Reactome:R-DME-77595|Reactome:R-DME-9770562|Reactome:R-DRE-72165|Reactome:R-HSA-1169408|Reactome:R-HSA-159231|Reactome:R-HSA-159236|Reactome:R-HSA-162585|Reactome:R-HSA-162588|Reactome:R-HSA-162592|Reactome:R-HSA-162594|Reactome:R-HSA-164516|Reactome:R-HSA-164525|Reactome:R-HSA-164843|Reactome:R-HSA-168315|Reactome:R-HSA-173107|Reactome:R-HSA-174490|Reactome:R-HSA-174495|Reactome:R-HSA-175474|Reactome:R-HSA-175567|Reactome:R-HSA-177539|Reactome:R-HSA-180689|Reactome:R-HSA-180910|Reactome:R-HSA-429947|Reactome:R-HSA-452723|Reactome:R-HSA-6784531|Reactome:R-HSA-72163|Reactome:R-HSA-72165|Reactome:R-HSA-72187|Reactome:R-HSA-72203|Reactome:R-HSA-73856|Reactome:R-HSA-77595|Reactome:R-HSA-9013422|Reactome:R-HSA-9682706|Reactome:R-HSA-9694686|Reactome:R-HSA-9705671|Reactome:R-HSA-9770562|Reactome:R-HSA-9819196|Reactome:R-HSA-9820865|Reactome:R-HSA-983168|Reactome:R-HSA-9918481|Reactome:R-HSA-9930044|Reactome:R-MMU-159231|Reactome:R-MMU-159236|Reactome:R-MMU-72163|Reactome:R-MMU-72165|Reactome:R-MMU-72187|Reactome:R-MMU-72203|Reactome:R-MMU-73856|Reactome:R-MMU-77595|Reactome:R-MMU-9013422|Reactome:R-MMU-9770562|Reactome:R-MMU-983168|Reactome:R-RNO-159231|Reactome:R-RNO-72165|Reactome:R-RNO-73856|Reactome:R-RNO-77595|Reactome:R-RNO-9770562|Reactome:R-SCE-983168|Reactome:R-SPO-9770562|Reactome:R-SPO-983168|Reactome:R-XTR-77595|Reactome:R-XTR-9770562
Maggy	1018d226ed744996c87cf6430bb01a6a	457	Pfam	PF30901	PEG10/RTL1, C-terminal capsid-like domain	248	322	1.3E-4	T	13-08-2026	IPR063300	PEG10/RTL1, C-terminal capsid-like domain	-	-
Maggy	1018d226ed744996c87cf6430bb01a6a	457	MobiDBLite	mobidb-lite	consensus disorder prediction	401	457	-	T	13-08-2026	-	-	-	-
Maggy	1018d226ed744996c87cf6430bb01a6a	457	MobiDBLite	mobidb-lite	consensus disorder prediction	326	378	-	T	13-08-2026	-	-	-	-
Maggy	1018d226ed744996c87cf6430bb01a6a	457	Pfam	PF16297	RTL1/3-8/LDOC, capsid-like domain	155	241	0.0041	T	13-08-2026	IPR032549	RTL1/3-8/LDOC, capsid-like domain	-	-
Maggy	1018d226ed744996c87cf6430bb01a6a	457	ProSiteProfiles	PS50158	Zinc finger CCHC-type profile.	387	402	8.943958	T	13-08-2026	IPR001878	Zinc finger, CCHC-type	GO:0003676(InterPro)|GO:0008270(InterPro)	Reactome:R-BTA-159231|Reactome:R-BTA-159236|Reactome:R-BTA-72163|Reactome:R-BTA-72165|Reactome:R-BTA-72203|Reactome:R-BTA-73856|Reactome:R-BTA-77595|Reactome:R-BTA-9770562|Reactome:R-CEL-159236|Reactome:R-CEL-72163|Reactome:R-CEL-73856|Reactome:R-DME-159231|Reactome:R-DME-159236|Reactome:R-DME-1834941|Reactome:R-DME-72163|Reactome:R-DME-72165|Reactome:R-DME-72203|Reactome:R-DME-73856|Reactome:R-DME-77595|Reactome:R-DME-8941326|Reactome:R-DME-9770562|Reactome:R-DME-9930044|Reactome:R-DRE-72165|Reactome:R-HSA-1169408|Reactome:R-HSA-159231|Reactome:R-HSA-159236|Reactome:R-HSA-162585|Reactome:R-HSA-162588|Reactome:R-HSA-162592|Reactome:R-HSA-162594|Reactome:R-HSA-164516|Reactome:R-HSA-164525|Reactome:R-HSA-164843|Reactome:R-HSA-168315|Reactome:R-HSA-173107|Reactome:R-HSA-174490|Reactome:R-HSA-174495|Reactome:R-HSA-175474|Reactome:R-HSA-175567|Reactome:R-HSA-177539|Reactome:R-HSA-180689|Reactome:R-HSA-180910|Reactome:R-HSA-429947|Reactome:R-HSA-452723|Reactome:R-HSA-6784531|Reactome:R-HSA-72163|Reactome:R-HSA-72165|Reactome:R-HSA-72187|Reactome:R-HSA-72203|Reactome:R-HSA-73856|Reactome:R-HSA-77595|Reactome:R-HSA-9013422|Reactome:R-HSA-9682706|Reactome:R-HSA-9694686|Reactome:R-HSA-9705671|Reactome:R-HSA-9770562|Reactome:R-HSA-9819196|Reactome:R-HSA-9820865|Reactome:R-HSA-983168|Reactome:R-HSA-9843970|Reactome:R-HSA-9918481|Reactome:R-HSA-9930044|Reactome:R-HSA-9931510|Reactome:R-MMU-159231|Reactome:R-MMU-159236|Reactome:R-MMU-72163|Reactome:R-MMU-72165|Reactome:R-MMU-72187|Reactome:R-MMU-72203|Reactome:R-MMU-73856|Reactome:R-MMU-77595|Reactome:R-MMU-9013422|Reactome:R-MMU-9770562|Reactome:R-MMU-983168|Reactome:R-MMU-9930044|Reactome:R-RNO-159231|Reactome:R-RNO-72165|Reactome:R-RNO-73856|Reactome:R-RNO-77595|Reactome:R-RNO-9770562|Reactome:R-SCE-983168|Reactome:R-SPO-9770562|Reactome:R-SPO-983168|Reactome:R-XTR-77595|Reactome:R-XTR-9770562
Maggy	1018d226ed744996c87cf6430bb01a6a	457	MobiDBLite	mobidb-lite	consensus disorder prediction	336	352	-	T	13-08-2026	-	-	-	-
CopiaSL_monotypic|Chr07_1s01	bbea6319a68c15ac8a7a6acc0a583545	185	Pfam	PF14223	gag-polypeptide of LTR copia-type	28	184	5.5E-14	T	13-08-2026	IPR061502	Copia/RE1/RE2-like, N-terminal domain	-	-
CopiaSL_monotypic|Chr07_1s01	bbea6319a68c15ac8a7a6acc0a583545	185	PANTHER	PTHR47481	-	5	184	7.4E-44	T	13-08-2026	-	-	-	-
Tom	2418c6ef6f83d8811807bf8a25a274db	398	MobiDBLite	mobidb-lite	consensus disorder prediction	322	331	-	T	13-08-2026	-	-	-	-
Tom	2418c6ef6f83d8811807bf8a25a274db	398	MobiDBLite	mobidb-lite	consensus disorder prediction	262	331	-	T	13-08-2026	-	-	-	-
Tom	2418c6ef6f83d8811807bf8a25a274db	398	MobiDBLite	mobidb-lite	consensus disorder prediction	374	398	-	T	13-08-2026	-	-	-	-
Tom	2418c6ef6f83d8811807bf8a25a274db	398	MobiDBLite	mobidb-lite	consensus disorder prediction	293	318	-	T	13-08-2026	-	-	-	-
Tom	2418c6ef6f83d8811807bf8a25a274db	398	Pfam	PF30021	Retroviral Gag protein N-terminal domain	15	97	5.0E-25	T	13-08-2026	IPR062189	Retroviral Gag protein, N-terminal domain 2	-	-
CopiaSL_14	3c7403af8342f679ae3b53a84a9977f0	354	MobiDBLite	mobidb-lite	consensus disorder prediction	302	322	-	T	13-08-2026	-	-	-	-
CopiaSL_14	3c7403af8342f679ae3b53a84a9977f0	354	Pfam	PF14244	Gag-polypeptide of LTR copia-type	6	53	1.2E-14	T	13-08-2026	IPR029472	Retrotransposon Copia-like, N-terminal	-	-
CopiaSL_14	3c7403af8342f679ae3b53a84a9977f0	354	PANTHER	PTHR37610	CCHC-TYPE DOMAIN-CONTAINING PROTEIN	1	223	4.2E-76	T	13-08-2026	-	-	-	-
CopiaSL_14	3c7403af8342f679ae3b53a84a9977f0	354	SUPERFAMILY	SSF57756	Retrovirus zinc finger-like domains	265	299	6.28E-5	T	13-08-2026	IPR036875	Zinc finger, CCHC-type superfamily	GO:0003676(InterPro)|GO:0008270(InterPro)	Reactome:R-BTA-159231|Reactome:R-BTA-159236|Reactome:R-BTA-72163|Reactome:R-BTA-72165|Reactome:R-BTA-72203|Reactome:R-BTA-73856|Reactome:R-BTA-77595|Reactome:R-BTA-9770562|Reactome:R-CEL-159236|Reactome:R-CEL-72163|Reactome:R-CEL-73856|Reactome:R-DME-159231|Reactome:R-DME-159236|Reactome:R-DME-1834941|Reactome:R-DME-72163|Reactome:R-DME-72165|Reactome:R-DME-72203|Reactome:R-DME-73856|Reactome:R-DME-77595|Reactome:R-DME-9770562|Reactome:R-DRE-72165|Reactome:R-HSA-1169408|Reactome:R-HSA-159231|Reactome:R-HSA-159236|Reactome:R-HSA-162585|Reactome:R-HSA-162588|Reactome:R-HSA-162592|Reactome:R-HSA-162594|Reactome:R-HSA-164516|Reactome:R-HSA-164525|Reactome:R-HSA-164843|Reactome:R-HSA-168315|Reactome:R-HSA-173107|Reactome:R-HSA-174490|Reactome:R-HSA-174495|Reactome:R-HSA-175474|Reactome:R-HSA-175567|Reactome:R-HSA-177539|Reactome:R-HSA-180689|Reactome:R-HSA-180910|Reactome:R-HSA-429947|Reactome:R-HSA-452723|Reactome:R-HSA-6784531|Reactome:R-HSA-72163|Reactome:R-HSA-72165|Reactome:R-HSA-72187|Reactome:R-HSA-72203|Reactome:R-HSA-73856|Reactome:R-HSA-77595|Reactome:R-HSA-9013422|Reactome:R-HSA-9682706|Reactome:R-HSA-9694686|Reactome:R-HSA-9705671|Reactome:R-HSA-9770562|Reactome:R-HSA-9819196|Reactome:R-HSA-9820865|Reactome:R-HSA-983168|Reactome:R-HSA-9918481|Reactome:R-HSA-9930044|Reactome:R-MMU-159231|Reactome:R-MMU-159236|Reactome:R-MMU-72163|Reactome:R-MMU-72165|Reactome:R-MMU-72187|Reactome:R-MMU-72203|Reactome:R-MMU-73856|Reactome:R-MMU-77595|Reactome:R-MMU-9013422|Reactome:R-MMU-9770562|Reactome:R-MMU-983168|Reactome:R-RNO-159231|Reactome:R-RNO-72165|Reactome:R-RNO-73856|Reactome:R-RNO-77595|Reactome:R-RNO-9770562|Reactome:R-SCE-983168|Reactome:R-SPO-9770562|Reactome:R-SPO-983168|Reactome:R-XTR-77595|Reactome:R-XTR-9770562
CopiaSL_monotypic|Chr01_1s076	5d046965998a9653e8dca0438e7d7d0d	282	PANTHER	PTHR37610	CCHC-TYPE DOMAIN-CONTAINING PROTEIN	1	217	1.2E-73	T	13-08-2026	-	-	-	-
CopiaSL_monotypic|Chr01_1s076	5d046965998a9653e8dca0438e7d7d0d	282	Pfam	PF14244	Gag-polypeptide of LTR copia-type	6	53	1.5E-15	T	13-08-2026	IPR029472	Retrotransposon Copia-like, N-terminal	-	-
CopiaSL_23	2fcb3bff793d5a852fec871caf6cd8e6	303	Coils	Coil	Coil	107	127	-	T	13-08-2026	-	-	-	-
CopiaSL_23	2fcb3bff793d5a852fec871caf6cd8e6	303	SUPERFAMILY	SSF57756	Retrovirus zinc finger-like domains	252	289	1.44E-6	T	13-08-2026	IPR036875	Zinc finger, CCHC-type superfamily	GO:0003676(InterPro)|GO:0008270(InterPro)	Reactome:R-BTA-159231|Reactome:R-BTA-159236|Reactome:R-BTA-72163|Reactome:R-BTA-72165|Reactome:R-BTA-72203|Reactome:R-BTA-73856|Reactome:R-BTA-77595|Reactome:R-BTA-9770562|Reactome:R-CEL-159236|Reactome:R-CEL-72163|Reactome:R-CEL-73856|Reactome:R-DME-159231|Reactome:R-DME-159236|Reactome:R-DME-1834941|Reactome:R-DME-72163|Reactome:R-DME-72165|Reactome:R-DME-72203|Reactome:R-DME-73856|Reactome:R-DME-77595|Reactome:R-DME-9770562|Reactome:R-DRE-72165|Reactome:R-HSA-1169408|Reactome:R-HSA-159231|Reactome:R-HSA-159236|Reactome:R-HSA-162585|Reactome:R-HSA-162588|Reactome:R-HSA-162592|Reactome:R-HSA-162594|Reactome:R-HSA-164516|Reactome:R-HSA-164525|Reactome:R-HSA-164843|Reactome:R-HSA-168315|Reactome:R-HSA-173107|Reactome:R-HSA-174490|Reactome:R-HSA-174495|Reactome:R-HSA-175474|Reactome:R-HSA-175567|Reactome:R-HSA-177539|Reactome:R-HSA-180689|Reactome:R-HSA-180910|Reactome:R-HSA-429947|Reactome:R-HSA-452723|Reactome:R-HSA-6784531|Reactome:R-HSA-72163|Reactome:R-HSA-72165|Reactome:R-HSA-72187|Reactome:R-HSA-72203|Reactome:R-HSA-73856|Reactome:R-HSA-77595|Reactome:R-HSA-9013422|Reactome:R-HSA-9682706|Reactome:R-HSA-9694686|Reactome:R-HSA-9705671|Reactome:R-HSA-9770562|Reactome:R-HSA-9819196|Reactome:R-HSA-9820865|Reactome:R-HSA-983168|Reactome:R-HSA-9918481|Reactome:R-HSA-9930044|Reactome:R-MMU-159231|Reactome:R-MMU-159236|Reactome:R-MMU-72163|Reactome:R-MMU-72165|Reactome:R-MMU-72187|Reactome:R-MMU-72203|Reactome:R-MMU-73856|Reactome:R-MMU-77595|Reactome:R-MMU-9013422|Reactome:R-MMU-9770562|Reactome:R-MMU-983168|Reactome:R-RNO-159231|Reactome:R-RNO-72165|Reactome:R-RNO-73856|Reactome:R-RNO-77595|Reactome:R-RNO-9770562|Reactome:R-SCE-983168|Reactome:R-SPO-9770562|Reactome:R-SPO-983168|Reactome:R-XTR-77595|Reactome:R-XTR-9770562
CopiaSL_23	2fcb3bff793d5a852fec871caf6cd8e6	303	ProSiteProfiles	PS50158	Zinc finger CCHC-type profile.	272	285	9.158235	T	13-08-2026	IPR001878	Zinc finger, CCHC-type	GO:0003676(InterPro)|GO:0008270(InterPro)	Reactome:R-BTA-159231|Reactome:R-BTA-159236|Reactome:R-BTA-72163|Reactome:R-BTA-72165|Reactome:R-BTA-72203|Reactome:R-BTA-73856|Reactome:R-BTA-77595|Reactome:R-BTA-9770562|Reactome:R-CEL-159236|Reactome:R-CEL-72163|Reactome:R-CEL-73856|Reactome:R-DME-159231|Reactome:R-DME-159236|Reactome:R-DME-1834941|Reactome:R-DME-72163|Reactome:R-DME-72165|Reactome:R-DME-72203|Reactome:R-DME-73856|Reactome:R-DME-77595|Reactome:R-DME-8941326|Reactome:R-DME-9770562|Reactome:R-DME-9930044|Reactome:R-DRE-72165|Reactome:R-HSA-1169408|Reactome:R-HSA-159231|Reactome:R-HSA-159236|Reactome:R-HSA-162585|Reactome:R-HSA-162588|Reactome:R-HSA-162592|Reactome:R-HSA-162594|Reactome:R-HSA-164516|Reactome:R-HSA-164525|Reactome:R-HSA-164843|Reactome:R-HSA-168315|Reactome:R-HSA-173107|Reactome:R-HSA-174490|Reactome:R-HSA-174495|Reactome:R-HSA-175474|Reactome:R-HSA-175567|Reactome:R-HSA-177539|Reactome:R-HSA-180689|Reactome:R-HSA-180910|Reactome:R-HSA-429947|Reactome:R-HSA-452723|Reactome:R-HSA-6784531|Reactome:R-HSA-72163|Reactome:R-HSA-72165|Reactome:R-HSA-72187|Reactome:R-HSA-72203|Reactome:R-HSA-73856|Reactome:R-HSA-77595|Reactome:R-HSA-9013422|Reactome:R-HSA-9682706|Reactome:R-HSA-9694686|Reactome:R-HSA-9705671|Reactome:R-HSA-9770562|Reactome:R-HSA-9819196|Reactome:R-HSA-9820865|Reactome:R-HSA-983168|Reactome:R-HSA-9843970|Reactome:R-HSA-9918481|Reactome:R-HSA-9930044|Reactome:R-HSA-9931510|Reactome:R-MMU-159231|Reactome:R-MMU-159236|Reactome:R-MMU-72163|Reactome:R-MMU-72165|Reactome:R-MMU-72187|Reactome:R-MMU-72203|Reactome:R-MMU-73856|Reactome:R-MMU-77595|Reactome:R-MMU-9013422|Reactome:R-MMU-9770562|Reactome:R-MMU-983168|Reactome:R-MMU-9930044|Reactome:R-RNO-159231|Reactome:R-RNO-72165|Reactome:R-RNO-73856|Reactome:R-RNO-77595|Reactome:R-RNO-9770562|Reactome:R-SCE-983168|Reactome:R-SPO-9770562|Reactome:R-SPO-983168|Reactome:R-XTR-77595|Reactome:R-XTR-9770562
CopiaSL_23	2fcb3bff793d5a852fec871caf6cd8e6	303	Pfam	PF14223	gag-polypeptide of LTR copia-type	26	182	9.1E-22	T	13-08-2026	IPR061502	Copia/RE1/RE2-like, N-terminal domain	-	-
CopiaSL_23	2fcb3bff793d5a852fec871caf6cd8e6	303	Coils	Coil	Coil	246	247	-	T	13-08-2026	-	-	-	-
CopiaSL_23	2fcb3bff793d5a852fec871caf6cd8e6	303	PANTHER	PTHR35317	OS04G0629600 PROTEIN	10	253	1.4E-43	T	13-08-2026	-	-	-	-
CopiaSL_monotypic|Chr01_1s357	b74b71c067492acf0396349f492bb7c0	292	PANTHER	PTHR47481	-	3	265	1.0E-16	T	13-08-2026	-	-	-	-
CopiaSL_monotypic|Chr01_1s357	b74b71c067492acf0396349f492bb7c0	292	Pfam	PF14223	gag-polypeptide of LTR copia-type	18	193	3.2E-11	T	13-08-2026	IPR061502	Copia/RE1/RE2-like, N-terminal domain	-	-
CopiaSL_monotypic|Chr01_1s357	b74b71c067492acf0396349f492bb7c0	292	MobiDBLite	mobidb-lite	consensus disorder prediction	245	264	-	T	13-08-2026	-	-	-	-
CopiaSL_monotypic|Chr01_1s357	b74b71c067492acf0396349f492bb7c0	292	MobiDBLite	mobidb-lite	consensus disorder prediction	250	260	-	T	13-08-2026	-	-	-	-
Nomad	e58dce21f5c94bf5bcb2237dbaf2346f	417	MobiDBLite	mobidb-lite	consensus disorder prediction	407	417	-	T	13-08-2026	-	-	-	-
Nomad	e58dce21f5c94bf5bcb2237dbaf2346f	417	Coils	Coil	Coil	19	39	-	T	13-08-2026	-	-	-	-
Nomad	e58dce21f5c94bf5bcb2237dbaf2346f	417	MobiDBLite	mobidb-lite	consensus disorder prediction	350	417	-	T	13-08-2026	-	-	-	-
Nomad	e58dce21f5c94bf5bcb2237dbaf2346f	417	MobiDBLite	mobidb-lite	consensus disorder prediction	263	333	-	T	13-08-2026	-	-	-	-
Nomad	e58dce21f5c94bf5bcb2237dbaf2346f	417	MobiDBLite	mobidb-lite	consensus disorder prediction	287	298	-	T	13-08-2026	-	-	-	-
Nomad	e58dce21f5c94bf5bcb2237dbaf2346f	417	MobiDBLite	mobidb-lite	consensus disorder prediction	308	319	-	T	13-08-2026	-	-	-	-
Nomad	e58dce21f5c94bf5bcb2237dbaf2346f	417	MobiDBLite	mobidb-lite	consensus disorder prediction	320	331	-	T	13-08-2026	-	-	-	-
17.6	aa4c7ba2a2c2576cef23e6f1bdd6869f	439	Pfam	PF30021	Retroviral Gag protein N-terminal domain	14	97	7.3E-44	T	13-08-2026	IPR062189	Retroviral Gag protein, N-terminal domain 2	-	-
17.6	aa4c7ba2a2c2576cef23e6f1bdd6869f	439	MobiDBLite	mobidb-lite	consensus disorder prediction	313	333	-	T	13-08-2026	-	-	-	-
17.6	aa4c7ba2a2c2576cef23e6f1bdd6869f	439	MobiDBLite	mobidb-lite	consensus disorder prediction	266	312	-	T	13-08-2026	-	-	-	-
17.6	aa4c7ba2a2c2576cef23e6f1bdd6869f	439	Coils	Coil	Coil	122	142	-	T	13-08-2026	-	-	-	-
17.6	aa4c7ba2a2c2576cef23e6f1bdd6869f	439	MobiDBLite	mobidb-lite	consensus disorder prediction	245	255	-	T	13-08-2026	-	-	-	-
17.6	aa4c7ba2a2c2576cef23e6f1bdd6869f	439	MobiDBLite	mobidb-lite	consensus disorder prediction	412	439	-	T	13-08-2026	-	-	-	-
17.6	aa4c7ba2a2c2576cef23e6f1bdd6869f	439	MobiDBLite	mobidb-lite	consensus disorder prediction	243	353	-	T	13-08-2026	-	-	-	-
17.6	aa4c7ba2a2c2576cef23e6f1bdd6869f	439	MobiDBLite	mobidb-lite	consensus disorder prediction	203	224	-	T	13-08-2026	-	-	-	-
CopiaSL_25	dc3b6f73b857cd6c9ad79941c3588666	269	ProSiteProfiles	PS50158	Zinc finger CCHC-type profile.	247	262	9.735132	T	13-08-2026	IPR001878	Zinc finger, CCHC-type	GO:0003676(InterPro)|GO:0008270(InterPro)	Reactome:R-BTA-159231|Reactome:R-BTA-159236|Reactome:R-BTA-72163|Reactome:R-BTA-72165|Reactome:R-BTA-72203|Reactome:R-BTA-73856|Reactome:R-BTA-77595|Reactome:R-BTA-9770562|Reactome:R-CEL-159236|Reactome:R-CEL-72163|Reactome:R-CEL-73856|Reactome:R-DME-159231|Reactome:R-DME-159236|Reactome:R-DME-1834941|Reactome:R-DME-72163|Reactome:R-DME-72165|Reactome:R-DME-72203|Reactome:R-DME-73856|Reactome:R-DME-77595|Reactome:R-DME-8941326|Reactome:R-DME-9770562|Reactome:R-DME-9930044|Reactome:R-DRE-72165|Reactome:R-HSA-1169408|Reactome:R-HSA-159231|Reactome:R-HSA-159236|Reactome:R-HSA-162585|Reactome:R-HSA-162588|Reactome:R-HSA-162592|Reactome:R-HSA-162594|Reactome:R-HSA-164516|Reactome:R-HSA-164525|Reactome:R-HSA-164843|Reactome:R-HSA-168315|Reactome:R-HSA-173107|Reactome:R-HSA-174490|Reactome:R-HSA-174495|Reactome:R-HSA-175474|Reactome:R-HSA-175567|Reactome:R-HSA-177539|Reactome:R-HSA-180689|Reactome:R-HSA-180910|Reactome:R-HSA-429947|Reactome:R-HSA-452723|Reactome:R-HSA-6784531|Reactome:R-HSA-72163|Reactome:R-HSA-72165|Reactome:R-HSA-72187|Reactome:R-HSA-72203|Reactome:R-HSA-73856|Reactome:R-HSA-77595|Reactome:R-HSA-9013422|Reactome:R-HSA-9682706|Reactome:R-HSA-9694686|Reactome:R-HSA-9705671|Reactome:R-HSA-9770562|Reactome:R-HSA-9819196|Reactome:R-HSA-9820865|Reactome:R-HSA-983168|Reactome:R-HSA-9843970|Reactome:R-HSA-9918481|Reactome:R-HSA-9930044|Reactome:R-HSA-9931510|Reactome:R-MMU-159231|Reactome:R-MMU-159236|Reactome:R-MMU-72163|Reactome:R-MMU-72165|Reactome:R-MMU-72187|Reactome:R-MMU-72203|Reactome:R-MMU-73856|Reactome:R-MMU-77595|Reactome:R-MMU-9013422|Reactome:R-MMU-9770562|Reactome:R-MMU-983168|Reactome:R-MMU-9930044|Reactome:R-RNO-159231|Reactome:R-RNO-72165|Reactome:R-RNO-73856|Reactome:R-RNO-77595|Reactome:R-RNO-9770562|Reactome:R-SCE-983168|Reactome:R-SPO-9770562|Reactome:R-SPO-983168|Reactome:R-XTR-77595|Reactome:R-XTR-9770562
CopiaSL_25	dc3b6f73b857cd6c9ad79941c3588666	269	PANTHER	PTHR33325	ZINC FINGER, CCHC-TYPE-RELATED	1	269	8.6E-101	T	13-08-2026	-	-	-	-
CopiaSL_25	dc3b6f73b857cd6c9ad79941c3588666	269	SMART	SM00343	c2hcfinal6	247	263	0.0019	T	13-08-2026	IPR001878	Zinc finger, CCHC-type	GO:0003676(InterPro)|GO:0008270(InterPro)	Reactome:R-BTA-159231|Reactome:R-BTA-159236|Reactome:R-BTA-72163|Reactome:R-BTA-72165|Reactome:R-BTA-72203|Reactome:R-BTA-73856|Reactome:R-BTA-77595|Reactome:R-BTA-9770562|Reactome:R-CEL-159236|Reactome:R-CEL-72163|Reactome:R-CEL-73856|Reactome:R-DME-159231|Reactome:R-DME-159236|Reactome:R-DME-1834941|Reactome:R-DME-72163|Reactome:R-DME-72165|Reactome:R-DME-72203|Reactome:R-DME-73856|Reactome:R-DME-77595|Reactome:R-DME-8941326|Reactome:R-DME-9770562|Reactome:R-DME-9930044|Reactome:R-DRE-72165|Reactome:R-HSA-1169408|Reactome:R-HSA-159231|Reactome:R-HSA-159236|Reactome:R-HSA-162585|Reactome:R-HSA-162588|Reactome:R-HSA-162592|Reactome:R-HSA-162594|Reactome:R-HSA-164516|Reactome:R-HSA-164525|Reactome:R-HSA-164843|Reactome:R-HSA-168315|Reactome:R-HSA-173107|Reactome:R-HSA-174490|Reactome:R-HSA-174495|Reactome:R-HSA-175474|Reactome:R-HSA-175567|Reactome:R-HSA-177539|Reactome:R-HSA-180689|Reactome:R-HSA-180910|Reactome:R-HSA-429947|Reactome:R-HSA-452723|Reactome:R-HSA-6784531|Reactome:R-HSA-72163|Reactome:R-HSA-72165|Reactome:R-HSA-72187|Reactome:R-HSA-72203|Reactome:R-HSA-73856|Reactome:R-HSA-77595|Reactome:R-HSA-9013422|Reactome:R-HSA-9682706|Reactome:R-HSA-9694686|Reactome:R-HSA-9705671|Reactome:R-HSA-9770562|Reactome:R-HSA-9819196|Reactome:R-HSA-9820865|Reactome:R-HSA-983168|Reactome:R-HSA-9843970|Reactome:R-HSA-9918481|Reactome:R-HSA-9930044|Reactome:R-HSA-9931510|Reactome:R-MMU-159231|Reactome:R-MMU-159236|Reactome:R-MMU-72163|Reactome:R-MMU-72165|Reactome:R-MMU-72187|Reactome:R-MMU-72203|Reactome:R-MMU-73856|Reactome:R-MMU-77595|Reactome:R-MMU-9013422|Reactome:R-MMU-9770562|Reactome:R-MMU-983168|Reactome:R-MMU-9930044|Reactome:R-RNO-159231|Reactome:R-RNO-72165|Reactome:R-RNO-73856|Reactome:R-RNO-77595|Reactome:R-RNO-9770562|Reactome:R-SCE-983168|Reactome:R-SPO-9770562|Reactome:R-SPO-983168|Reactome:R-XTR-77595|Reactome:R-XTR-9770562
CopiaSL_25	dc3b6f73b857cd6c9ad79941c3588666	269	Gene3D	G3DSA:4.10.60.10	-	212	268	1.6E-5	T	13-08-2026	-	-	-	-
CopiaSL_25	dc3b6f73b857cd6c9ad79941c3588666	269	SUPERFAMILY	SSF57756	Retrovirus zinc finger-like domains	241	267	2.27E-5	T	13-08-2026	IPR036875	Zinc finger, CCHC-type superfamily	GO:0003676(InterPro)|GO:0008270(InterPro)	Reactome:R-BTA-159231|Reactome:R-BTA-159236|Reactome:R-BTA-72163|Reactome:R-BTA-72165|Reactome:R-BTA-72203|Reactome:R-BTA-73856|Reactome:R-BTA-77595|Reactome:R-BTA-9770562|Reactome:R-CEL-159236|Reactome:R-CEL-72163|Reactome:R-CEL-73856|Reactome:R-DME-159231|Reactome:R-DME-159236|Reactome:R-DME-1834941|Reactome:R-DME-72163|Reactome:R-DME-72165|Reactome:R-DME-72203|Reactome:R-DME-73856|Reactome:R-DME-77595|Reactome:R-DME-9770562|Reactome:R-DRE-72165|Reactome:R-HSA-1169408|Reactome:R-HSA-159231|Reactome:R-HSA-159236|Reactome:R-HSA-162585|Reactome:R-HSA-162588|Reactome:R-HSA-162592|Reactome:R-HSA-162594|Reactome:R-HSA-164516|Reactome:R-HSA-164525|Reactome:R-HSA-164843|Reactome:R-HSA-168315|Reactome:R-HSA-173107|Reactome:R-HSA-174490|Reactome:R-HSA-174495|Reactome:R-HSA-175474|Reactome:R-HSA-175567|Reactome:R-HSA-177539|Reactome:R-HSA-180689|Reactome:R-HSA-180910|Reactome:R-HSA-429947|Reactome:R-HSA-452723|Reactome:R-HSA-6784531|Reactome:R-HSA-72163|Reactome:R-HSA-72165|Reactome:R-HSA-72187|Reactome:R-HSA-72203|Reactome:R-HSA-73856|Reactome:R-HSA-77595|Reactome:R-HSA-9013422|Reactome:R-HSA-9682706|Reactome:R-HSA-9694686|Reactome:R-HSA-9705671|Reactome:R-HSA-9770562|Reactome:R-HSA-9819196|Reactome:R-HSA-9820865|Reactome:R-HSA-983168|Reactome:R-HSA-9918481|Reactome:R-HSA-9930044|Reactome:R-MMU-159231|Reactome:R-MMU-159236|Reactome:R-MMU-72163|Reactome:R-MMU-72165|Reactome:R-MMU-72187|Reactome:R-MMU-72203|Reactome:R-MMU-73856|Reactome:R-MMU-77595|Reactome:R-MMU-9013422|Reactome:R-MMU-9770562|Reactome:R-MMU-983168|Reactome:R-RNO-159231|Reactome:R-RNO-72165|Reactome:R-RNO-73856|Reactome:R-RNO-77595|Reactome:R-RNO-9770562|Reactome:R-SCE-983168|Reactome:R-SPO-9770562|Reactome:R-SPO-983168|Reactome:R-XTR-77595|Reactome:R-XTR-9770562
CopiaSL_25	dc3b6f73b857cd6c9ad79941c3588666	269	Pfam	PF00098	Zinc knuckle	246	262	0.26	T	13-08-2026	IPR001878	Zinc finger, CCHC-type	GO:0003676(InterPro)|GO:0008270(InterPro)	Reactome:R-BTA-159231|Reactome:R-BTA-159236|Reactome:R-BTA-72163|Reactome:R-BTA-72165|Reactome:R-BTA-72203|Reactome:R-BTA-73856|Reactome:R-BTA-77595|Reactome:R-BTA-9770562|Reactome:R-CEL-159236|Reactome:R-CEL-72163|Reactome:R-CEL-73856|Reactome:R-DME-159231|Reactome:R-DME-159236|Reactome:R-DME-1834941|Reactome:R-DME-72163|Reactome:R-DME-72165|Reactome:R-DME-72203|Reactome:R-DME-73856|Reactome:R-DME-77595|Reactome:R-DME-8941326|Reactome:R-DME-9770562|Reactome:R-DME-9930044|Reactome:R-DRE-72165|Reactome:R-HSA-1169408|Reactome:R-HSA-159231|Reactome:R-HSA-159236|Reactome:R-HSA-162585|Reactome:R-HSA-162588|Reactome:R-HSA-162592|Reactome:R-HSA-162594|Reactome:R-HSA-164516|Reactome:R-HSA-164525|Reactome:R-HSA-164843|Reactome:R-HSA-168315|Reactome:R-HSA-173107|Reactome:R-HSA-174490|Reactome:R-HSA-174495|Reactome:R-HSA-175474|Reactome:R-HSA-175567|Reactome:R-HSA-177539|Reactome:R-HSA-180689|Reactome:R-HSA-180910|Reactome:R-HSA-429947|Reactome:R-HSA-452723|Reactome:R-HSA-6784531|Reactome:R-HSA-72163|Reactome:R-HSA-72165|Reactome:R-HSA-72187|Reactome:R-HSA-72203|Reactome:R-HSA-73856|Reactome:R-HSA-77595|Reactome:R-HSA-9013422|Reactome:R-HSA-9682706|Reactome:R-HSA-9694686|Reactome:R-HSA-9705671|Reactome:R-HSA-9770562|Reactome:R-HSA-9819196|Reactome:R-HSA-9820865|Reactome:R-HSA-983168|Reactome:R-HSA-9843970|Reactome:R-HSA-9918481|Reactome:R-HSA-9930044|Reactome:R-HSA-9931510|Reactome:R-MMU-159231|Reactome:R-MMU-159236|Reactome:R-MMU-72163|Reactome:R-MMU-72165|Reactome:R-MMU-72187|Reactome:R-MMU-72203|Reactome:R-MMU-73856|Reactome:R-MMU-77595|Reactome:R-MMU-9013422|Reactome:R-MMU-9770562|Reactome:R-MMU-983168|Reactome:R-MMU-9930044|Reactome:R-RNO-159231|Reactome:R-RNO-72165|Reactome:R-RNO-73856|Reactome:R-RNO-77595|Reactome:R-RNO-9770562|Reactome:R-SCE-983168|Reactome:R-SPO-9770562|Reactome:R-SPO-983168|Reactome:R-XTR-77595|Reactome:R-XTR-9770562
Idefix	2c6e13a4feb731f8f3ee973065f6eed1	347	MobiDBLite	mobidb-lite	consensus disorder prediction	290	325	-	T	13-08-2026	-	-	-	-
Idefix	2c6e13a4feb731f8f3ee973065f6eed1	347	MobiDBLite	mobidb-lite	consensus disorder prediction	290	308	-	T	13-08-2026	-	-	-	-
Idefix	2c6e13a4feb731f8f3ee973065f6eed1	347	MobiDBLite	mobidb-lite	consensus disorder prediction	216	262	-	T	13-08-2026	-	-	-	-
Idefix	2c6e13a4feb731f8f3ee973065f6eed1	347	Pfam	PF30021	Retroviral Gag protein N-terminal domain	17	99	1.0E-12	T	13-08-2026	IPR062189	Retroviral Gag protein, N-terminal domain 2	-	-
Idefix	2c6e13a4feb731f8f3ee973065f6eed1	347	MobiDBLite	mobidb-lite	consensus disorder prediction	203	272	-	T	13-08-2026	-	-	-	-
CopiaSL_07	ebf482243cd46707531833a54fc187e6	226	PANTHER	PTHR37610	CCHC-TYPE DOMAIN-CONTAINING PROTEIN	16	222	8.5E-51	T	13-08-2026	-	-	-	-
CopiaSL_monotypic|Chr07_2s50	2266b61e8a706d8d8c7739627f351afd	141	PANTHER	PTHR37610	CCHC-TYPE DOMAIN-CONTAINING PROTEIN	12	141	3.2E-40	T	13-08-2026	-	-	-	-
CopiaSL_monotypic|Chr07_2s50	2266b61e8a706d8d8c7739627f351afd	141	Pfam	PF14244	Gag-polypeptide of LTR copia-type	19	64	3.9E-10	T	13-08-2026	IPR029472	Retrotransposon Copia-like, N-terminal	-	-
TF1	33b82606450f4138e019361ee10dac11	266	Pfam	PF12382	Retrotransposon peptidase	216	266	3.9E-23	T	13-08-2026	IPR024648	Transposon Tf2-1-like domain	-	-
marY1	6ed29f7047a22296130f62bb77549499	372	PANTHER	PTHR15503	LDOC1 RELATED	41	326	1.6E-12	T	13-08-2026	IPR032567	RTL1-related	-	-
marY1	6ed29f7047a22296130f62bb77549499	372	ProSiteProfiles	PS50158	Zinc finger CCHC-type profile.	306	320	10.262582	T	13-08-2026	IPR001878	Zinc finger, CCHC-type	GO:0003676(InterPro)|GO:0008270(InterPro)	Reactome:R-BTA-159231|Reactome:R-BTA-159236|Reactome:R-BTA-72163|Reactome:R-BTA-72165|Reactome:R-BTA-72203|Reactome:R-BTA-73856|Reactome:R-BTA-77595|Reactome:R-BTA-9770562|Reactome:R-CEL-159236|Reactome:R-CEL-72163|Reactome:R-CEL-73856|Reactome:R-DME-159231|Reactome:R-DME-159236|Reactome:R-DME-1834941|Reactome:R-DME-72163|Reactome:R-DME-72165|Reactome:R-DME-72203|Reactome:R-DME-73856|Reactome:R-DME-77595|Reactome:R-DME-8941326|Reactome:R-DME-9770562|Reactome:R-DME-9930044|Reactome:R-DRE-72165|Reactome:R-HSA-1169408|Reactome:R-HSA-159231|Reactome:R-HSA-159236|Reactome:R-HSA-162585|Reactome:R-HSA-162588|Reactome:R-HSA-162592|Reactome:R-HSA-162594|Reactome:R-HSA-164516|Reactome:R-HSA-164525|Reactome:R-HSA-164843|Reactome:R-HSA-168315|Reactome:R-HSA-173107|Reactome:R-HSA-174490|Reactome:R-HSA-174495|Reactome:R-HSA-175474|Reactome:R-HSA-175567|Reactome:R-HSA-177539|Reactome:R-HSA-180689|Reactome:R-HSA-180910|Reactome:R-HSA-429947|Reactome:R-HSA-452723|Reactome:R-HSA-6784531|Reactome:R-HSA-72163|Reactome:R-HSA-72165|Reactome:R-HSA-72187|Reactome:R-HSA-72203|Reactome:R-HSA-73856|Reactome:R-HSA-77595|Reactome:R-HSA-9013422|Reactome:R-HSA-9682706|Reactome:R-HSA-9694686|Reactome:R-HSA-9705671|Reactome:R-HSA-9770562|Reactome:R-HSA-9819196|Reactome:R-HSA-9820865|Reactome:R-HSA-983168|Reactome:R-HSA-9843970|Reactome:R-HSA-9918481|Reactome:R-HSA-9930044|Reactome:R-HSA-9931510|Reactome:R-MMU-159231|Reactome:R-MMU-159236|Reactome:R-MMU-72163|Reactome:R-MMU-72165|Reactome:R-MMU-72187|Reactome:R-MMU-72203|Reactome:R-MMU-73856|Reactome:R-MMU-77595|Reactome:R-MMU-9013422|Reactome:R-MMU-9770562|Reactome:R-MMU-983168|Reactome:R-MMU-9930044|Reactome:R-RNO-159231|Reactome:R-RNO-72165|Reactome:R-RNO-73856|Reactome:R-RNO-77595|Reactome:R-RNO-9770562|Reactome:R-SCE-983168|Reactome:R-SPO-9770562|Reactome:R-SPO-983168|Reactome:R-XTR-77595|Reactome:R-XTR-9770562
marY1	6ed29f7047a22296130f62bb77549499	372	SMART	SM00343	c2hcfinal6	305	321	0.0053	T	13-08-2026	IPR001878	Zinc finger, CCHC-type	GO:0003676(InterPro)|GO:0008270(InterPro)	Reactome:R-BTA-159231|Reactome:R-BTA-159236|Reactome:R-BTA-72163|Reactome:R-BTA-72165|Reactome:R-BTA-72203|Reactome:R-BTA-73856|Reactome:R-BTA-77595|Reactome:R-BTA-9770562|Reactome:R-CEL-159236|Reactome:R-CEL-72163|Reactome:R-CEL-73856|Reactome:R-DME-159231|Reactome:R-DME-159236|Reactome:R-DME-1834941|Reactome:R-DME-72163|Reactome:R-DME-72165|Reactome:R-DME-72203|Reactome:R-DME-73856|Reactome:R-DME-77595|Reactome:R-DME-8941326|Reactome:R-DME-9770562|Reactome:R-DME-9930044|Reactome:R-DRE-72165|Reactome:R-HSA-1169408|Reactome:R-HSA-159231|Reactome:R-HSA-159236|Reactome:R-HSA-162585|Reactome:R-HSA-162588|Reactome:R-HSA-162592|Reactome:R-HSA-162594|Reactome:R-HSA-164516|Reactome:R-HSA-164525|Reactome:R-HSA-164843|Reactome:R-HSA-168315|Reactome:R-HSA-173107|Reactome:R-HSA-174490|Reactome:R-HSA-174495|Reactome:R-HSA-175474|Reactome:R-HSA-175567|Reactome:R-HSA-177539|Reactome:R-HSA-180689|Reactome:R-HSA-180910|Reactome:R-HSA-429947|Reactome:R-HSA-452723|Reactome:R-HSA-6784531|Reactome:R-HSA-72163|Reactome:R-HSA-72165|Reactome:R-HSA-72187|Reactome:R-HSA-72203|Reactome:R-HSA-73856|Reactome:R-HSA-77595|Reactome:R-HSA-9013422|Reactome:R-HSA-9682706|Reactome:R-HSA-9694686|Reactome:R-HSA-9705671|Reactome:R-HSA-9770562|Reactome:R-HSA-9819196|Reactome:R-HSA-9820865|Reactome:R-HSA-983168|Reactome:R-HSA-9843970|Reactome:R-HSA-9918481|Reactome:R-HSA-9930044|Reactome:R-HSA-9931510|Reactome:R-MMU-159231|Reactome:R-MMU-159236|Reactome:R-MMU-72163|Reactome:R-MMU-72165|Reactome:R-MMU-72187|Reactome:R-MMU-72203|Reactome:R-MMU-73856|Reactome:R-MMU-77595|Reactome:R-MMU-9013422|Reactome:R-MMU-9770562|Reactome:R-MMU-983168|Reactome:R-MMU-9930044|Reactome:R-RNO-159231|Reactome:R-RNO-72165|Reactome:R-RNO-73856|Reactome:R-RNO-77595|Reactome:R-RNO-9770562|Reactome:R-SCE-983168|Reactome:R-SPO-9770562|Reactome:R-SPO-983168|Reactome:R-XTR-77595|Reactome:R-XTR-9770562
marY1	6ed29f7047a22296130f62bb77549499	372	SUPERFAMILY	SSF57756	Retrovirus zinc finger-like domains	295	325	9.63E-7	T	13-08-2026	IPR036875	Zinc finger, CCHC-type superfamily	GO:0003676(InterPro)|GO:0008270(InterPro)	Reactome:R-BTA-159231|Reactome:R-BTA-159236|Reactome:R-BTA-72163|Reactome:R-BTA-72165|Reactome:R-BTA-72203|Reactome:R-BTA-73856|Reactome:R-BTA-77595|Reactome:R-BTA-9770562|Reactome:R-CEL-159236|Reactome:R-CEL-72163|Reactome:R-CEL-73856|Reactome:R-DME-159231|Reactome:R-DME-159236|Reactome:R-DME-1834941|Reactome:R-DME-72163|Reactome:R-DME-72165|Reactome:R-DME-72203|Reactome:R-DME-73856|Reactome:R-DME-77595|Reactome:R-DME-9770562|Reactome:R-DRE-72165|Reactome:R-HSA-1169408|Reactome:R-HSA-159231|Reactome:R-HSA-159236|Reactome:R-HSA-162585|Reactome:R-HSA-162588|Reactome:R-HSA-162592|Reactome:R-HSA-162594|Reactome:R-HSA-164516|Reactome:R-HSA-164525|Reactome:R-HSA-164843|Reactome:R-HSA-168315|Reactome:R-HSA-173107|Reactome:R-HSA-174490|Reactome:R-HSA-174495|Reactome:R-HSA-175474|Reactome:R-HSA-175567|Reactome:R-HSA-177539|Reactome:R-HSA-180689|Reactome:R-HSA-180910|Reactome:R-HSA-429947|Reactome:R-HSA-452723|Reactome:R-HSA-6784531|Reactome:R-HSA-72163|Reactome:R-HSA-72165|Reactome:R-HSA-72187|Reactome:R-HSA-72203|Reactome:R-HSA-73856|Reactome:R-HSA-77595|Reactome:R-HSA-9013422|Reactome:R-HSA-9682706|Reactome:R-HSA-9694686|Reactome:R-HSA-9705671|Reactome:R-HSA-9770562|Reactome:R-HSA-9819196|Reactome:R-HSA-9820865|Reactome:R-HSA-983168|Reactome:R-HSA-9918481|Reactome:R-HSA-9930044|Reactome:R-MMU-159231|Reactome:R-MMU-159236|Reactome:R-MMU-72163|Reactome:R-MMU-72165|Reactome:R-MMU-72187|Reactome:R-MMU-72203|Reactome:R-MMU-73856|Reactome:R-MMU-77595|Reactome:R-MMU-9013422|Reactome:R-MMU-9770562|Reactome:R-MMU-983168|Reactome:R-RNO-159231|Reactome:R-RNO-72165|Reactome:R-RNO-73856|Reactome:R-RNO-77595|Reactome:R-RNO-9770562|Reactome:R-SCE-983168|Reactome:R-SPO-9770562|Reactome:R-SPO-983168|Reactome:R-XTR-77595|Reactome:R-XTR-9770562
marY1	6ed29f7047a22296130f62bb77549499	372	Pfam	PF00098	Zinc knuckle	306	321	0.53	T	13-08-2026	IPR001878	Zinc finger, CCHC-type	GO:0003676(InterPro)|GO:0008270(InterPro)	Reactome:R-BTA-159231|Reactome:R-BTA-159236|Reactome:R-BTA-72163|Reactome:R-BTA-72165|Reactome:R-BTA-72203|Reactome:R-BTA-73856|Reactome:R-BTA-77595|Reactome:R-BTA-9770562|Reactome:R-CEL-159236|Reactome:R-CEL-72163|Reactome:R-CEL-73856|Reactome:R-DME-159231|Reactome:R-DME-159236|Reactome:R-DME-1834941|Reactome:R-DME-72163|Reactome:R-DME-72165|Reactome:R-DME-72203|Reactome:R-DME-73856|Reactome:R-DME-77595|Reactome:R-DME-8941326|Reactome:R-DME-9770562|Reactome:R-DME-9930044|Reactome:R-DRE-72165|Reactome:R-HSA-1169408|Reactome:R-HSA-159231|Reactome:R-HSA-159236|Reactome:R-HSA-162585|Reactome:R-HSA-162588|Reactome:R-HSA-162592|Reactome:R-HSA-162594|Reactome:R-HSA-164516|Reactome:R-HSA-164525|Reactome:R-HSA-164843|Reactome:R-HSA-168315|Reactome:R-HSA-173107|Reactome:R-HSA-174490|Reactome:R-HSA-174495|Reactome:R-HSA-175474|Reactome:R-HSA-175567|Reactome:R-HSA-177539|Reactome:R-HSA-180689|Reactome:R-HSA-180910|Reactome:R-HSA-429947|Reactome:R-HSA-452723|Reactome:R-HSA-6784531|Reactome:R-HSA-72163|Reactome:R-HSA-72165|Reactome:R-HSA-72187|Reactome:R-HSA-72203|Reactome:R-HSA-73856|Reactome:R-HSA-77595|Reactome:R-HSA-9013422|Reactome:R-HSA-9682706|Reactome:R-HSA-9694686|Reactome:R-HSA-9705671|Reactome:R-HSA-9770562|Reactome:R-HSA-9819196|Reactome:R-HSA-9820865|Reactome:R-HSA-983168|Reactome:R-HSA-9843970|Reactome:R-HSA-9918481|Reactome:R-HSA-9930044|Reactome:R-HSA-9931510|Reactome:R-MMU-159231|Reactome:R-MMU-159236|Reactome:R-MMU-72163|Reactome:R-MMU-72165|Reactome:R-MMU-72187|Reactome:R-MMU-72203|Reactome:R-MMU-73856|Reactome:R-MMU-77595|Reactome:R-MMU-9013422|Reactome:R-MMU-9770562|Reactome:R-MMU-983168|Reactome:R-MMU-9930044|Reactome:R-RNO-159231|Reactome:R-RNO-72165|Reactome:R-RNO-73856|Reactome:R-RNO-77595|Reactome:R-RNO-9770562|Reactome:R-SCE-983168|Reactome:R-SPO-9770562|Reactome:R-SPO-983168|Reactome:R-XTR-77595|Reactome:R-XTR-9770562
marY1	6ed29f7047a22296130f62bb77549499	372	MobiDBLite	mobidb-lite	consensus disorder prediction	37	54	-	T	13-08-2026	-	-	-	-
marY1	6ed29f7047a22296130f62bb77549499	372	MobiDBLite	mobidb-lite	consensus disorder prediction	37	76	-	T	13-08-2026	-	-	-	-
Cgret	4f373be25dfce271d2a028b1f549a26c	837	MobiDBLite	mobidb-lite	consensus disorder prediction	341	350	-	T	13-08-2026	-	-	-	-
Cgret	4f373be25dfce271d2a028b1f549a26c	837	MobiDBLite	mobidb-lite	consensus disorder prediction	1	48	-	T	13-08-2026	-	-	-	-
Cgret	4f373be25dfce271d2a028b1f549a26c	837	SUPERFAMILY	SSF57756	Retrovirus zinc finger-like domains	348	387	1.17E-8	T	13-08-2026	IPR036875	Zinc finger, CCHC-type superfamily	GO:0003676(InterPro)|GO:0008270(InterPro)	Reactome:R-BTA-159231|Reactome:R-BTA-159236|Reactome:R-BTA-72163|Reactome:R-BTA-72165|Reactome:R-BTA-72203|Reactome:R-BTA-73856|Reactome:R-BTA-77595|Reactome:R-BTA-9770562|Reactome:R-CEL-159236|Reactome:R-CEL-72163|Reactome:R-CEL-73856|Reactome:R-DME-159231|Reactome:R-DME-159236|Reactome:R-DME-1834941|Reactome:R-DME-72163|Reactome:R-DME-72165|Reactome:R-DME-72203|Reactome:R-DME-73856|Reactome:R-DME-77595|Reactome:R-DME-9770562|Reactome:R-DRE-72165|Reactome:R-HSA-1169408|Reactome:R-HSA-159231|Reactome:R-HSA-159236|Reactome:R-HSA-162585|Reactome:R-HSA-162588|Reactome:R-HSA-162592|Reactome:R-HSA-162594|Reactome:R-HSA-164516|Reactome:R-HSA-164525|Reactome:R-HSA-164843|Reactome:R-HSA-168315|Reactome:R-HSA-173107|Reactome:R-HSA-174490|Reactome:R-HSA-174495|Reactome:R-HSA-175474|Reactome:R-HSA-175567|Reactome:R-HSA-177539|Reactome:R-HSA-180689|Reactome:R-HSA-180910|Reactome:R-HSA-429947|Reactome:R-HSA-452723|Reactome:R-HSA-6784531|Reactome:R-HSA-72163|Reactome:R-HSA-72165|Reactome:R-HSA-72187|Reactome:R-HSA-72203|Reactome:R-HSA-73856|Reactome:R-HSA-77595|Reactome:R-HSA-9013422|Reactome:R-HSA-9682706|Reactome:R-HSA-9694686|Reactome:R-HSA-9705671|Reactome:R-HSA-9770562|Reactome:R-HSA-9819196|Reactome:R-HSA-9820865|Reactome:R-HSA-983168|Reactome:R-HSA-9918481|Reactome:R-HSA-9930044|Reactome:R-MMU-159231|Reactome:R-MMU-159236|Reactome:R-MMU-72163|Reactome:R-MMU-72165|Reactome:R-MMU-72187|Reactome:R-MMU-72203|Reactome:R-MMU-73856|Reactome:R-MMU-77595|Reactome:R-MMU-9013422|Reactome:R-MMU-9770562|Reactome:R-MMU-983168|Reactome:R-RNO-159231|Reactome:R-RNO-72165|Reactome:R-RNO-73856|Reactome:R-RNO-77595|Reactome:R-RNO-9770562|Reactome:R-SCE-983168|Reactome:R-SPO-9770562|Reactome:R-SPO-983168|Reactome:R-XTR-77595|Reactome:R-XTR-9770562
Cgret	4f373be25dfce271d2a028b1f549a26c	837	ProSiteProfiles	PS50158	Zinc finger CCHC-type profile.	365	379	10.097754	T	13-08-2026	IPR001878	Zinc finger, CCHC-type	GO:0003676(InterPro)|GO:0008270(InterPro)	Reactome:R-BTA-159231|Reactome:R-BTA-159236|Reactome:R-BTA-72163|Reactome:R-BTA-72165|Reactome:R-BTA-72203|Reactome:R-BTA-73856|Reactome:R-BTA-77595|Reactome:R-BTA-9770562|Reactome:R-CEL-159236|Reactome:R-CEL-72163|Reactome:R-CEL-73856|Reactome:R-DME-159231|Reactome:R-DME-159236|Reactome:R-DME-1834941|Reactome:R-DME-72163|Reactome:R-DME-72165|Reactome:R-DME-72203|Reactome:R-DME-73856|Reactome:R-DME-77595|Reactome:R-DME-8941326|Reactome:R-DME-9770562|Reactome:R-DME-9930044|Reactome:R-DRE-72165|Reactome:R-HSA-1169408|Reactome:R-HSA-159231|Reactome:R-HSA-159236|Reactome:R-HSA-162585|Reactome:R-HSA-162588|Reactome:R-HSA-162592|Reactome:R-HSA-162594|Reactome:R-HSA-164516|Reactome:R-HSA-164525|Reactome:R-HSA-164843|Reactome:R-HSA-168315|Reactome:R-HSA-173107|Reactome:R-HSA-174490|Reactome:R-HSA-174495|Reactome:R-HSA-175474|Reactome:R-HSA-175567|Reactome:R-HSA-177539|Reactome:R-HSA-180689|Reactome:R-HSA-180910|Reactome:R-HSA-429947|Reactome:R-HSA-452723|Reactome:R-HSA-6784531|Reactome:R-HSA-72163|Reactome:R-HSA-72165|Reactome:R-HSA-72187|Reactome:R-HSA-72203|Reactome:R-HSA-73856|Reactome:R-HSA-77595|Reactome:R-HSA-9013422|Reactome:R-HSA-9682706|Reactome:R-HSA-9694686|Reactome:R-HSA-9705671|Reactome:R-HSA-9770562|Reactome:R-HSA-9819196|Reactome:R-HSA-9820865|Reactome:R-HSA-983168|Reactome:R-HSA-9843970|Reactome:R-HSA-9918481|Reactome:R-HSA-9930044|Reactome:R-HSA-9931510|Reactome:R-MMU-159231|Reactome:R-MMU-159236|Reactome:R-MMU-72163|Reactome:R-MMU-72165|Reactome:R-MMU-72187|Reactome:R-MMU-72203|Reactome:R-MMU-73856|Reactome:R-MMU-77595|Reactome:R-MMU-9013422|Reactome:R-MMU-9770562|Reactome:R-MMU-983168|Reactome:R-MMU-9930044|Reactome:R-RNO-159231|Reactome:R-RNO-72165|Reactome:R-RNO-73856|Reactome:R-RNO-77595|Reactome:R-RNO-9770562|Reactome:R-SCE-983168|Reactome:R-SPO-9770562|Reactome:R-SPO-983168|Reactome:R-XTR-77595|Reactome:R-XTR-9770562
Cgret	4f373be25dfce271d2a028b1f549a26c	837	Pfam	PF03732	Retrotransposon-derived protein PEG10, N-terminal capsid-like domain	108	198	1.5E-8	T	13-08-2026	IPR005162	Retrotransposon-derived protein PEG10, N-terminal capsid-like domain	-	-
Cgret	4f373be25dfce271d2a028b1f549a26c	837	Gene3D	G3DSA:4.10.60.10	-	351	424	3.8E-7	T	13-08-2026	-	-	-	-
Cgret	4f373be25dfce271d2a028b1f549a26c	837	PANTHER	PTHR15503	LDOC1 RELATED	64	504	2.7E-25	T	13-08-2026	IPR032567	RTL1-related	-	-
Cgret	4f373be25dfce271d2a028b1f549a26c	837	MobiDBLite	mobidb-lite	consensus disorder prediction	302	323	-	T	13-08-2026	-	-	-	-
Cgret	4f373be25dfce271d2a028b1f549a26c	837	MobiDBLite	mobidb-lite	consensus disorder prediction	420	439	-	T	13-08-2026	-	-	-	-
Cgret	4f373be25dfce271d2a028b1f549a26c	837	MobiDBLite	mobidb-lite	consensus disorder prediction	285	362	-	T	13-08-2026	-	-	-	-
Cgret	4f373be25dfce271d2a028b1f549a26c	837	Pfam	PF03716	WCCH motif	776	798	0.0071	T	13-08-2026	IPR005159	WCCH motif	-	-
Cgret	4f373be25dfce271d2a028b1f549a26c	837	Pfam	PF03716	WCCH motif	407	431	1.6E-5	T	13-08-2026	IPR005159	WCCH motif	-	-
Cgret	4f373be25dfce271d2a028b1f549a26c	837	Pfam	PF03716	WCCH motif	704	728	7.9E-4	T	13-08-2026	IPR005159	WCCH motif	-	-
Cgret	4f373be25dfce271d2a028b1f549a26c	837	Coils	Coil	Coil	35	93	-	T	13-08-2026	-	-	-	-
Cgret	4f373be25dfce271d2a028b1f549a26c	837	Pfam	PF00098	Zinc knuckle	364	379	0.066	T	13-08-2026	IPR001878	Zinc finger, CCHC-type	GO:0003676(InterPro)|GO:0008270(InterPro)	Reactome:R-BTA-159231|Reactome:R-BTA-159236|Reactome:R-BTA-72163|Reactome:R-BTA-72165|Reactome:R-BTA-72203|Reactome:R-BTA-73856|Reactome:R-BTA-77595|Reactome:R-BTA-9770562|Reactome:R-CEL-159236|Reactome:R-CEL-72163|Reactome:R-CEL-73856|Reactome:R-DME-159231|Reactome:R-DME-159236|Reactome:R-DME-1834941|Reactome:R-DME-72163|Reactome:R-DME-72165|Reactome:R-DME-72203|Reactome:R-DME-73856|Reactome:R-DME-77595|Reactome:R-DME-8941326|Reactome:R-DME-9770562|Reactome:R-DME-9930044|Reactome:R-DRE-72165|Reactome:R-HSA-1169408|Reactome:R-HSA-159231|Reactome:R-HSA-159236|Reactome:R-HSA-162585|Reactome:R-HSA-162588|Reactome:R-HSA-162592|Reactome:R-HSA-162594|Reactome:R-HSA-164516|Reactome:R-HSA-164525|Reactome:R-HSA-164843|Reactome:R-HSA-168315|Reactome:R-HSA-173107|Reactome:R-HSA-174490|Reactome:R-HSA-174495|Reactome:R-HSA-175474|Reactome:R-HSA-175567|Reactome:R-HSA-177539|Reactome:R-HSA-180689|Reactome:R-HSA-180910|Reactome:R-HSA-429947|Reactome:R-HSA-452723|Reactome:R-HSA-6784531|Reactome:R-HSA-72163|Reactome:R-HSA-72165|Reactome:R-HSA-72187|Reactome:R-HSA-72203|Reactome:R-HSA-73856|Reactome:R-HSA-77595|Reactome:R-HSA-9013422|Reactome:R-HSA-9682706|Reactome:R-HSA-9694686|Reactome:R-HSA-9705671|Reactome:R-HSA-9770562|Reactome:R-HSA-9819196|Reactome:R-HSA-9820865|Reactome:R-HSA-983168|Reactome:R-HSA-9843970|Reactome:R-HSA-9918481|Reactome:R-HSA-9930044|Reactome:R-HSA-9931510|Reactome:R-MMU-159231|Reactome:R-MMU-159236|Reactome:R-MMU-72163|Reactome:R-MMU-72165|Reactome:R-MMU-72187|Reactome:R-MMU-72203|Reactome:R-MMU-73856|Reactome:R-MMU-77595|Reactome:R-MMU-9013422|Reactome:R-MMU-9770562|Reactome:R-MMU-983168|Reactome:R-MMU-9930044|Reactome:R-RNO-159231|Reactome:R-RNO-72165|Reactome:R-RNO-73856|Reactome:R-RNO-77595|Reactome:R-RNO-9770562|Reactome:R-SCE-983168|Reactome:R-SPO-9770562|Reactome:R-SPO-983168|Reactome:R-XTR-77595|Reactome:R-XTR-9770562
Cgret	4f373be25dfce271d2a028b1f549a26c	837	SMART	SM00343	c2hcfinal6	364	380	2.9E-4	T	13-08-2026	IPR001878	Zinc finger, CCHC-type	GO:0003676(InterPro)|GO:0008270(InterPro)	Reactome:R-BTA-159231|Reactome:R-BTA-159236|Reactome:R-BTA-72163|Reactome:R-BTA-72165|Reactome:R-BTA-72203|Reactome:R-BTA-73856|Reactome:R-BTA-77595|Reactome:R-BTA-9770562|Reactome:R-CEL-159236|Reactome:R-CEL-72163|Reactome:R-CEL-73856|Reactome:R-DME-159231|Reactome:R-DME-159236|Reactome:R-DME-1834941|Reactome:R-DME-72163|Reactome:R-DME-72165|Reactome:R-DME-72203|Reactome:R-DME-73856|Reactome:R-DME-77595|Reactome:R-DME-8941326|Reactome:R-DME-9770562|Reactome:R-DME-9930044|Reactome:R-DRE-72165|Reactome:R-HSA-1169408|Reactome:R-HSA-159231|Reactome:R-HSA-159236|Reactome:R-HSA-162585|Reactome:R-HSA-162588|Reactome:R-HSA-162592|Reactome:R-HSA-162594|Reactome:R-HSA-164516|Reactome:R-HSA-164525|Reactome:R-HSA-164843|Reactome:R-HSA-168315|Reactome:R-HSA-173107|Reactome:R-HSA-174490|Reactome:R-HSA-174495|Reactome:R-HSA-175474|Reactome:R-HSA-175567|Reactome:R-HSA-177539|Reactome:R-HSA-180689|Reactome:R-HSA-180910|Reactome:R-HSA-429947|Reactome:R-HSA-452723|Reactome:R-HSA-6784531|Reactome:R-HSA-72163|Reactome:R-HSA-72165|Reactome:R-HSA-72187|Reactome:R-HSA-72203|Reactome:R-HSA-73856|Reactome:R-HSA-77595|Reactome:R-HSA-9013422|Reactome:R-HSA-9682706|Reactome:R-HSA-9694686|Reactome:R-HSA-9705671|Reactome:R-HSA-9770562|Reactome:R-HSA-9819196|Reactome:R-HSA-9820865|Reactome:R-HSA-983168|Reactome:R-HSA-9843970|Reactome:R-HSA-9918481|Reactome:R-HSA-9930044|Reactome:R-HSA-9931510|Reactome:R-MMU-159231|Reactome:R-MMU-159236|Reactome:R-MMU-72163|Reactome:R-MMU-72165|Reactome:R-MMU-72187|Reactome:R-MMU-72203|Reactome:R-MMU-73856|Reactome:R-MMU-77595|Reactome:R-MMU-9013422|Reactome:R-MMU-9770562|Reactome:R-MMU-983168|Reactome:R-MMU-9930044|Reactome:R-RNO-159231|Reactome:R-RNO-72165|Reactome:R-RNO-73856|Reactome:R-RNO-77595|Reactome:R-RNO-9770562|Reactome:R-SCE-983168|Reactome:R-SPO-9770562|Reactome:R-SPO-983168|Reactome:R-XTR-77595|Reactome:R-XTR-9770562
Cgret	4f373be25dfce271d2a028b1f549a26c	837	MobiDBLite	mobidb-lite	consensus disorder prediction	1	24	-	T	13-08-2026	-	-	-	-
Cgret	4f373be25dfce271d2a028b1f549a26c	837	MobiDBLite	mobidb-lite	consensus disorder prediction	324	333	-	T	13-08-2026	-	-	-	-
Cgret	4f373be25dfce271d2a028b1f549a26c	837	Pfam	PF30901	PEG10/RTL1, C-terminal capsid-like domain	208	281	2.1E-17	T	13-08-2026	IPR063300	PEG10/RTL1, C-terminal capsid-like domain	-	-
CopiaSL_28	bedbf62e27ce899a52f9d6270aed2b77	214	PANTHER	PTHR47592	PBF68 PROTEIN	3	211	4.7E-51	T	13-08-2026	-	-	-	-
CopiaSL_28	bedbf62e27ce899a52f9d6270aed2b77	214	Pfam	PF14223	gag-polypeptide of LTR copia-type	3	84	1.4E-8	T	13-08-2026	IPR061502	Copia/RE1/RE2-like, N-terminal domain	-	-
CsRN1	f87fcd7811bf23a84d6b25dc8db83177	250	PANTHER	PTHR33327	ENDONUCLEASE	4	249	3.3E-54	T	13-08-2026	-	-	-	-
CsRN1	f87fcd7811bf23a84d6b25dc8db83177	250	Coils	Coil	Coil	187	207	-	T	13-08-2026	-	-	-	-
CsRN1	f87fcd7811bf23a84d6b25dc8db83177	250	Pfam	PF30931	Domain of unknown function (DUF8764)	82	159	4.8E-21	T	13-08-2026	IPR061825	Domain of unknown function DUF8764	-	-
CsRN1	f87fcd7811bf23a84d6b25dc8db83177	250	MobiDBLite	mobidb-lite	consensus disorder prediction	161	180	-	T	13-08-2026	-	-	-	-
CopiaSL_29	deea6c16591f2d0dc13388551ae125b7	122	SUPERFAMILY	SSF57756	Retrovirus zinc finger-like domains	90	109	8.55E-5	T	13-08-2026	IPR036875	Zinc finger, CCHC-type superfamily	GO:0003676(InterPro)|GO:0008270(InterPro)	Reactome:R-BTA-159231|Reactome:R-BTA-159236|Reactome:R-BTA-72163|Reactome:R-BTA-72165|Reactome:R-BTA-72203|Reactome:R-BTA-73856|Reactome:R-BTA-77595|Reactome:R-BTA-9770562|Reactome:R-CEL-159236|Reactome:R-CEL-72163|Reactome:R-CEL-73856|Reactome:R-DME-159231|Reactome:R-DME-159236|Reactome:R-DME-1834941|Reactome:R-DME-72163|Reactome:R-DME-72165|Reactome:R-DME-72203|Reactome:R-DME-73856|Reactome:R-DME-77595|Reactome:R-DME-9770562|Reactome:R-DRE-72165|Reactome:R-HSA-1169408|Reactome:R-HSA-159231|Reactome:R-HSA-159236|Reactome:R-HSA-162585|Reactome:R-HSA-162588|Reactome:R-HSA-162592|Reactome:R-HSA-162594|Reactome:R-HSA-164516|Reactome:R-HSA-164525|Reactome:R-HSA-164843|Reactome:R-HSA-168315|Reactome:R-HSA-173107|Reactome:R-HSA-174490|Reactome:R-HSA-174495|Reactome:R-HSA-175474|Reactome:R-HSA-175567|Reactome:R-HSA-177539|Reactome:R-HSA-180689|Reactome:R-HSA-180910|Reactome:R-HSA-429947|Reactome:R-HSA-452723|Reactome:R-HSA-6784531|Reactome:R-HSA-72163|Reactome:R-HSA-72165|Reactome:R-HSA-72187|Reactome:R-HSA-72203|Reactome:R-HSA-73856|Reactome:R-HSA-77595|Reactome:R-HSA-9013422|Reactome:R-HSA-9682706|Reactome:R-HSA-9694686|Reactome:R-HSA-9705671|Reactome:R-HSA-9770562|Reactome:R-HSA-9819196|Reactome:R-HSA-9820865|Reactome:R-HSA-983168|Reactome:R-HSA-9918481|Reactome:R-HSA-9930044|Reactome:R-MMU-159231|Reactome:R-MMU-159236|Reactome:R-MMU-72163|Reactome:R-MMU-72165|Reactome:R-MMU-72187|Reactome:R-MMU-72203|Reactome:R-MMU-73856|Reactome:R-MMU-77595|Reactome:R-MMU-9013422|Reactome:R-MMU-9770562|Reactome:R-MMU-983168|Reactome:R-RNO-159231|Reactome:R-RNO-72165|Reactome:R-RNO-73856|Reactome:R-RNO-77595|Reactome:R-RNO-9770562|Reactome:R-SCE-983168|Reactome:R-SPO-9770562|Reactome:R-SPO-983168|Reactome:R-XTR-77595|Reactome:R-XTR-9770562
CopiaSL_29	deea6c16591f2d0dc13388551ae125b7	122	Coils	Coil	Coil	23	43	-	T	13-08-2026	-	-	-	-
CopiaSL_29	deea6c16591f2d0dc13388551ae125b7	122	ProSiteProfiles	PS50158	Zinc finger CCHC-type profile.	91	103	8.548371	T	13-08-2026	IPR001878	Zinc finger, CCHC-type	GO:0003676(InterPro)|GO:0008270(InterPro)	Reactome:R-BTA-159231|Reactome:R-BTA-159236|Reactome:R-BTA-72163|Reactome:R-BTA-72165|Reactome:R-BTA-72203|Reactome:R-BTA-73856|Reactome:R-BTA-77595|Reactome:R-BTA-9770562|Reactome:R-CEL-159236|Reactome:R-CEL-72163|Reactome:R-CEL-73856|Reactome:R-DME-159231|Reactome:R-DME-159236|Reactome:R-DME-1834941|Reactome:R-DME-72163|Reactome:R-DME-72165|Reactome:R-DME-72203|Reactome:R-DME-73856|Reactome:R-DME-77595|Reactome:R-DME-8941326|Reactome:R-DME-9770562|Reactome:R-DME-9930044|Reactome:R-DRE-72165|Reactome:R-HSA-1169408|Reactome:R-HSA-159231|Reactome:R-HSA-159236|Reactome:R-HSA-162585|Reactome:R-HSA-162588|Reactome:R-HSA-162592|Reactome:R-HSA-162594|Reactome:R-HSA-164516|Reactome:R-HSA-164525|Reactome:R-HSA-164843|Reactome:R-HSA-168315|Reactome:R-HSA-173107|Reactome:R-HSA-174490|Reactome:R-HSA-174495|Reactome:R-HSA-175474|Reactome:R-HSA-175567|Reactome:R-HSA-177539|Reactome:R-HSA-180689|Reactome:R-HSA-180910|Reactome:R-HSA-429947|Reactome:R-HSA-452723|Reactome:R-HSA-6784531|Reactome:R-HSA-72163|Reactome:R-HSA-72165|Reactome:R-HSA-72187|Reactome:R-HSA-72203|Reactome:R-HSA-73856|Reactome:R-HSA-77595|Reactome:R-HSA-9013422|Reactome:R-HSA-9682706|Reactome:R-HSA-9694686|Reactome:R-HSA-9705671|Reactome:R-HSA-9770562|Reactome:R-HSA-9819196|Reactome:R-HSA-9820865|Reactome:R-HSA-983168|Reactome:R-HSA-9843970|Reactome:R-HSA-9918481|Reactome:R-HSA-9930044|Reactome:R-HSA-9931510|Reactome:R-MMU-159231|Reactome:R-MMU-159236|Reactome:R-MMU-72163|Reactome:R-MMU-72165|Reactome:R-MMU-72187|Reactome:R-MMU-72203|Reactome:R-MMU-73856|Reactome:R-MMU-77595|Reactome:R-MMU-9013422|Reactome:R-MMU-9770562|Reactome:R-MMU-983168|Reactome:R-MMU-9930044|Reactome:R-RNO-159231|Reactome:R-RNO-72165|Reactome:R-RNO-73856|Reactome:R-RNO-77595|Reactome:R-RNO-9770562|Reactome:R-SCE-983168|Reactome:R-SPO-9770562|Reactome:R-SPO-983168|Reactome:R-XTR-77595|Reactome:R-XTR-9770562
CopiaSL_29	deea6c16591f2d0dc13388551ae125b7	122	MobiDBLite	mobidb-lite	consensus disorder prediction	41	122	-	T	13-08-2026	-	-	-	-
CopiaSL_29	deea6c16591f2d0dc13388551ae125b7	122	MobiDBLite	mobidb-lite	consensus disorder prediction	99	108	-	T	13-08-2026	-	-	-	-
CopiaSL_29	deea6c16591f2d0dc13388551ae125b7	122	MobiDBLite	mobidb-lite	consensus disorder prediction	70	87	-	T	13-08-2026	-	-	-	-
CopiaSL_29	deea6c16591f2d0dc13388551ae125b7	122	PANTHER	PTHR47592	PBF68 PROTEIN	9	120	1.4E-13	T	13-08-2026	-	-	-	-
Skippy	898cf873207ef71bcc1bb9b545e80184	853	Pfam	PF30901	PEG10/RTL1, C-terminal capsid-like domain	217	289	3.2E-13	T	13-08-2026	IPR063300	PEG10/RTL1, C-terminal capsid-like domain	-	-
Skippy	898cf873207ef71bcc1bb9b545e80184	853	Pfam	PF16297	RTL1/3-8/LDOC, capsid-like domain	119	174	0.0042	T	13-08-2026	IPR032549	RTL1/3-8/LDOC, capsid-like domain	-	-
Skippy	898cf873207ef71bcc1bb9b545e80184	853	Coils	Coil	Coil	55	82	-	T	13-08-2026	-	-	-	-
Skippy	898cf873207ef71bcc1bb9b545e80184	853	MobiDBLite	mobidb-lite	consensus disorder prediction	1	57	-	T	13-08-2026	-	-	-	-
Skippy	898cf873207ef71bcc1bb9b545e80184	853	MobiDBLite	mobidb-lite	consensus disorder prediction	443	482	-	T	13-08-2026	-	-	-	-
Skippy	898cf873207ef71bcc1bb9b545e80184	853	Pfam	PF03716	WCCH motif	653	676	1.6E-4	T	13-08-2026	IPR005159	WCCH motif	-	-
Skippy	898cf873207ef71bcc1bb9b545e80184	853	MobiDBLite	mobidb-lite	consensus disorder prediction	458	471	-	T	13-08-2026	-	-	-	-
Skippy	898cf873207ef71bcc1bb9b545e80184	853	Coils	Coil	Coil	753	773	-	T	13-08-2026	-	-	-	-
Skippy	898cf873207ef71bcc1bb9b545e80184	853	MobiDBLite	mobidb-lite	consensus disorder prediction	315	326	-	T	13-08-2026	-	-	-	-
Skippy	898cf873207ef71bcc1bb9b545e80184	853	ProSiteProfiles	PS50158	Zinc finger CCHC-type profile.	346	361	10.905412	T	13-08-2026	IPR001878	Zinc finger, CCHC-type	GO:0003676(InterPro)|GO:0008270(InterPro)	Reactome:R-BTA-159231|Reactome:R-BTA-159236|Reactome:R-BTA-72163|Reactome:R-BTA-72165|Reactome:R-BTA-72203|Reactome:R-BTA-73856|Reactome:R-BTA-77595|Reactome:R-BTA-9770562|Reactome:R-CEL-159236|Reactome:R-CEL-72163|Reactome:R-CEL-73856|Reactome:R-DME-159231|Reactome:R-DME-159236|Reactome:R-DME-1834941|Reactome:R-DME-72163|Reactome:R-DME-72165|Reactome:R-DME-72203|Reactome:R-DME-73856|Reactome:R-DME-77595|Reactome:R-DME-8941326|Reactome:R-DME-9770562|Reactome:R-DME-9930044|Reactome:R-DRE-72165|Reactome:R-HSA-1169408|Reactome:R-HSA-159231|Reactome:R-HSA-159236|Reactome:R-HSA-162585|Reactome:R-HSA-162588|Reactome:R-HSA-162592|Reactome:R-HSA-162594|Reactome:R-HSA-164516|Reactome:R-HSA-164525|Reactome:R-HSA-164843|Reactome:R-HSA-168315|Reactome:R-HSA-173107|Reactome:R-HSA-174490|Reactome:R-HSA-174495|Reactome:R-HSA-175474|Reactome:R-HSA-175567|Reactome:R-HSA-177539|Reactome:R-HSA-180689|Reactome:R-HSA-180910|Reactome:R-HSA-429947|Reactome:R-HSA-452723|Reactome:R-HSA-6784531|Reactome:R-HSA-72163|Reactome:R-HSA-72165|Reactome:R-HSA-72187|Reactome:R-HSA-72203|Reactome:R-HSA-73856|Reactome:R-HSA-77595|Reactome:R-HSA-9013422|Reactome:R-HSA-9682706|Reactome:R-HSA-9694686|Reactome:R-HSA-9705671|Reactome:R-HSA-9770562|Reactome:R-HSA-9819196|Reactome:R-HSA-9820865|Reactome:R-HSA-983168|Reactome:R-HSA-9843970|Reactome:R-HSA-9918481|Reactome:R-HSA-9930044|Reactome:R-HSA-9931510|Reactome:R-MMU-159231|Reactome:R-MMU-159236|Reactome:R-MMU-72163|Reactome:R-MMU-72165|Reactome:R-MMU-72187|Reactome:R-MMU-72203|Reactome:R-MMU-73856|Reactome:R-MMU-77595|Reactome:R-MMU-9013422|Reactome:R-MMU-9770562|Reactome:R-MMU-983168|Reactome:R-MMU-9930044|Reactome:R-RNO-159231|Reactome:R-RNO-72165|Reactome:R-RNO-73856|Reactome:R-RNO-77595|Reactome:R-RNO-9770562|Reactome:R-SCE-983168|Reactome:R-SPO-9770562|Reactome:R-SPO-983168|Reactome:R-XTR-77595|Reactome:R-XTR-9770562
Skippy	898cf873207ef71bcc1bb9b545e80184	853	MobiDBLite	mobidb-lite	consensus disorder prediction	295	332	-	T	13-08-2026	-	-	-	-
Skippy	898cf873207ef71bcc1bb9b545e80184	853	Pfam	PF00098	Zinc knuckle	345	361	0.064	T	13-08-2026	IPR001878	Zinc finger, CCHC-type	GO:0003676(InterPro)|GO:0008270(InterPro)	Reactome:R-BTA-159231|Reactome:R-BTA-159236|Reactome:R-BTA-72163|Reactome:R-BTA-72165|Reactome:R-BTA-72203|Reactome:R-BTA-73856|Reactome:R-BTA-77595|Reactome:R-BTA-9770562|Reactome:R-CEL-159236|Reactome:R-CEL-72163|Reactome:R-CEL-73856|Reactome:R-DME-159231|Reactome:R-DME-159236|Reactome:R-DME-1834941|Reactome:R-DME-72163|Reactome:R-DME-72165|Reactome:R-DME-72203|Reactome:R-DME-73856|Reactome:R-DME-77595|Reactome:R-DME-8941326|Reactome:R-DME-9770562|Reactome:R-DME-9930044|Reactome:R-DRE-72165|Reactome:R-HSA-1169408|Reactome:R-HSA-159231|Reactome:R-HSA-159236|Reactome:R-HSA-162585|Reactome:R-HSA-162588|Reactome:R-HSA-162592|Reactome:R-HSA-162594|Reactome:R-HSA-164516|Reactome:R-HSA-164525|Reactome:R-HSA-164843|Reactome:R-HSA-168315|Reactome:R-HSA-173107|Reactome:R-HSA-174490|Reactome:R-HSA-174495|Reactome:R-HSA-175474|Reactome:R-HSA-175567|Reactome:R-HSA-177539|Reactome:R-HSA-180689|Reactome:R-HSA-180910|Reactome:R-HSA-429947|Reactome:R-HSA-452723|Reactome:R-HSA-6784531|Reactome:R-HSA-72163|Reactome:R-HSA-72165|Reactome:R-HSA-72187|Reactome:R-HSA-72203|Reactome:R-HSA-73856|Reactome:R-HSA-77595|Reactome:R-HSA-9013422|Reactome:R-HSA-9682706|Reactome:R-HSA-9694686|Reactome:R-HSA-9705671|Reactome:R-HSA-9770562|Reactome:R-HSA-9819196|Reactome:R-HSA-9820865|Reactome:R-HSA-983168|Reactome:R-HSA-9843970|Reactome:R-HSA-9918481|Reactome:R-HSA-9930044|Reactome:R-HSA-9931510|Reactome:R-MMU-159231|Reactome:R-MMU-159236|Reactome:R-MMU-72163|Reactome:R-MMU-72165|Reactome:R-MMU-72187|Reactome:R-MMU-72203|Reactome:R-MMU-73856|Reactome:R-MMU-77595|Reactome:R-MMU-9013422|Reactome:R-MMU-9770562|Reactome:R-MMU-983168|Reactome:R-MMU-9930044|Reactome:R-RNO-159231|Reactome:R-RNO-72165|Reactome:R-RNO-73856|Reactome:R-RNO-77595|Reactome:R-RNO-9770562|Reactome:R-SCE-983168|Reactome:R-SPO-9770562|Reactome:R-SPO-983168|Reactome:R-XTR-77595|Reactome:R-XTR-9770562
Skippy	898cf873207ef71bcc1bb9b545e80184	853	Gene3D	G3DSA:4.10.60.10	-	326	383	2.5E-7	T	13-08-2026	-	-	-	-
Skippy	898cf873207ef71bcc1bb9b545e80184	853	PANTHER	PTHR15503	LDOC1 RELATED	51	366	1.9E-15	T	13-08-2026	IPR032567	RTL1-related	-	-
Skippy	898cf873207ef71bcc1bb9b545e80184	853	SMART	SM00343	c2hcfinal6	345	361	4.1E-4	T	13-08-2026	IPR001878	Zinc finger, CCHC-type	GO:0003676(InterPro)|GO:0008270(InterPro)	Reactome:R-BTA-159231|Reactome:R-BTA-159236|Reactome:R-BTA-72163|Reactome:R-BTA-72165|Reactome:R-BTA-72203|Reactome:R-BTA-73856|Reactome:R-BTA-77595|Reactome:R-BTA-9770562|Reactome:R-CEL-159236|Reactome:R-CEL-72163|Reactome:R-CEL-73856|Reactome:R-DME-159231|Reactome:R-DME-159236|Reactome:R-DME-1834941|Reactome:R-DME-72163|Reactome:R-DME-72165|Reactome:R-DME-72203|Reactome:R-DME-73856|Reactome:R-DME-77595|Reactome:R-DME-8941326|Reactome:R-DME-9770562|Reactome:R-DME-9930044|Reactome:R-DRE-72165|Reactome:R-HSA-1169408|Reactome:R-HSA-159231|Reactome:R-HSA-159236|Reactome:R-HSA-162585|Reactome:R-HSA-162588|Reactome:R-HSA-162592|Reactome:R-HSA-162594|Reactome:R-HSA-164516|Reactome:R-HSA-164525|Reactome:R-HSA-164843|Reactome:R-HSA-168315|Reactome:R-HSA-173107|Reactome:R-HSA-174490|Reactome:R-HSA-174495|Reactome:R-HSA-175474|Reactome:R-HSA-175567|Reactome:R-HSA-177539|Reactome:R-HSA-180689|Reactome:R-HSA-180910|Reactome:R-HSA-429947|Reactome:R-HSA-452723|Reactome:R-HSA-6784531|Reactome:R-HSA-72163|Reactome:R-HSA-72165|Reactome:R-HSA-72187|Reactome:R-HSA-72203|Reactome:R-HSA-73856|Reactome:R-HSA-77595|Reactome:R-HSA-9013422|Reactome:R-HSA-9682706|Reactome:R-HSA-9694686|Reactome:R-HSA-9705671|Reactome:R-HSA-9770562|Reactome:R-HSA-9819196|Reactome:R-HSA-9820865|Reactome:R-HSA-983168|Reactome:R-HSA-9843970|Reactome:R-HSA-9918481|Reactome:R-HSA-9930044|Reactome:R-HSA-9931510|Reactome:R-MMU-159231|Reactome:R-MMU-159236|Reactome:R-MMU-72163|Reactome:R-MMU-72165|Reactome:R-MMU-72187|Reactome:R-MMU-72203|Reactome:R-MMU-73856|Reactome:R-MMU-77595|Reactome:R-MMU-9013422|Reactome:R-MMU-9770562|Reactome:R-MMU-983168|Reactome:R-MMU-9930044|Reactome:R-RNO-159231|Reactome:R-RNO-72165|Reactome:R-RNO-73856|Reactome:R-RNO-77595|Reactome:R-RNO-9770562|Reactome:R-SCE-983168|Reactome:R-SPO-9770562|Reactome:R-SPO-983168|Reactome:R-XTR-77595|Reactome:R-XTR-9770562
Skippy	898cf873207ef71bcc1bb9b545e80184	853	SUPERFAMILY	SSF57756	Retrovirus zinc finger-like domains	338	368	5.58E-8	T	13-08-2026	IPR036875	Zinc finger, CCHC-type superfamily	GO:0003676(InterPro)|GO:0008270(InterPro)	Reactome:R-BTA-159231|Reactome:R-BTA-159236|Reactome:R-BTA-72163|Reactome:R-BTA-72165|Reactome:R-BTA-72203|Reactome:R-BTA-73856|Reactome:R-BTA-77595|Reactome:R-BTA-9770562|Reactome:R-CEL-159236|Reactome:R-CEL-72163|Reactome:R-CEL-73856|Reactome:R-DME-159231|Reactome:R-DME-159236|Reactome:R-DME-1834941|Reactome:R-DME-72163|Reactome:R-DME-72165|Reactome:R-DME-72203|Reactome:R-DME-73856|Reactome:R-DME-77595|Reactome:R-DME-9770562|Reactome:R-DRE-72165|Reactome:R-HSA-1169408|Reactome:R-HSA-159231|Reactome:R-HSA-159236|Reactome:R-HSA-162585|Reactome:R-HSA-162588|Reactome:R-HSA-162592|Reactome:R-HSA-162594|Reactome:R-HSA-164516|Reactome:R-HSA-164525|Reactome:R-HSA-164843|Reactome:R-HSA-168315|Reactome:R-HSA-173107|Reactome:R-HSA-174490|Reactome:R-HSA-174495|Reactome:R-HSA-175474|Reactome:R-HSA-175567|Reactome:R-HSA-177539|Reactome:R-HSA-180689|Reactome:R-HSA-180910|Reactome:R-HSA-429947|Reactome:R-HSA-452723|Reactome:R-HSA-6784531|Reactome:R-HSA-72163|Reactome:R-HSA-72165|Reactome:R-HSA-72187|Reactome:R-HSA-72203|Reactome:R-HSA-73856|Reactome:R-HSA-77595|Reactome:R-HSA-9013422|Reactome:R-HSA-9682706|Reactome:R-HSA-9694686|Reactome:R-HSA-9705671|Reactome:R-HSA-9770562|Reactome:R-HSA-9819196|Reactome:R-HSA-9820865|Reactome:R-HSA-983168|Reactome:R-HSA-9918481|Reactome:R-HSA-9930044|Reactome:R-MMU-159231|Reactome:R-MMU-159236|Reactome:R-MMU-72163|Reactome:R-MMU-72165|Reactome:R-MMU-72187|Reactome:R-MMU-72203|Reactome:R-MMU-73856|Reactome:R-MMU-77595|Reactome:R-MMU-9013422|Reactome:R-MMU-9770562|Reactome:R-MMU-983168|Reactome:R-RNO-159231|Reactome:R-RNO-72165|Reactome:R-RNO-73856|Reactome:R-RNO-77595|Reactome:R-RNO-9770562|Reactome:R-SCE-983168|Reactome:R-SPO-9770562|Reactome:R-SPO-983168|Reactome:R-XTR-77595|Reactome:R-XTR-9770562
Skippy	898cf873207ef71bcc1bb9b545e80184	853	MobiDBLite	mobidb-lite	consensus disorder prediction	1	19	-	T	13-08-2026	-	-	-	-
Skippy	898cf873207ef71bcc1bb9b545e80184	853	Coils	Coil	Coil	456	481	-	T	13-08-2026	-	-	-	-
TF2	dca2c69de0c5d8f53cd90d2915b546b0	269	MobiDBLite	mobidb-lite	consensus disorder prediction	199	231	-	T	13-08-2026	-	-	-	-
TF2	dca2c69de0c5d8f53cd90d2915b546b0	269	MobiDBLite	mobidb-lite	consensus disorder prediction	218	231	-	T	13-08-2026	-	-	-	-
TF2	dca2c69de0c5d8f53cd90d2915b546b0	269	Pfam	PF12382	Retrotransposon peptidase	219	269	6.4E-23	T	13-08-2026	IPR024648	Transposon Tf2-1-like domain	-	-
Woot	ba8b8b8767537d356ef79b24812187db	425	MobiDBLite	mobidb-lite	consensus disorder prediction	314	342	-	T	13-08-2026	-	-	-	-
Woot	ba8b8b8767537d356ef79b24812187db	425	MobiDBLite	mobidb-lite	consensus disorder prediction	85	95	-	T	13-08-2026	-	-	-	-
Woot	ba8b8b8767537d356ef79b24812187db	425	MobiDBLite	mobidb-lite	consensus disorder prediction	55	118	-	T	13-08-2026	-	-	-	-
Woot	ba8b8b8767537d356ef79b24812187db	425	MobiDBLite	mobidb-lite	consensus disorder prediction	297	425	-	T	13-08-2026	-	-	-	-
Woot	ba8b8b8767537d356ef79b24812187db	425	MobiDBLite	mobidb-lite	consensus disorder prediction	104	114	-	T	13-08-2026	-	-	-	-
Woot	ba8b8b8767537d356ef79b24812187db	425	MobiDBLite	mobidb-lite	consensus disorder prediction	372	399	-	T	13-08-2026	-	-	-	-
Woot	ba8b8b8767537d356ef79b24812187db	425	MobiDBLite	mobidb-lite	consensus disorder prediction	416	425	-	T	13-08-2026	-	-	-	-
Ted	2f4a78730ce93e9d934d0a638abeea65	410	MobiDBLite	mobidb-lite	consensus disorder prediction	399	410	-	T	13-08-2026	-	-	-	-
Ted	2f4a78730ce93e9d934d0a638abeea65	410	MobiDBLite	mobidb-lite	consensus disorder prediction	380	410	-	T	13-08-2026	-	-	-	-
CopiaSL_monotypic|Chr04_2s65	e1f855c7f88f91d14fcb0465a5f81435	307	PANTHER	PTHR37610	CCHC-TYPE DOMAIN-CONTAINING PROTEIN	1	221	3.4E-61	T	13-08-2026	-	-	-	-
CopiaSL_monotypic|Chr04_2s65	e1f855c7f88f91d14fcb0465a5f81435	307	Coils	Coil	Coil	271	271	-	T	13-08-2026	-	-	-	-
CopiaSL_monotypic|Chr04_2s65	e1f855c7f88f91d14fcb0465a5f81435	307	Coils	Coil	Coil	232	236	-	T	13-08-2026	-	-	-	-
CopiaSL_monotypic|Chr04_2s65	e1f855c7f88f91d14fcb0465a5f81435	307	Pfam	PF14244	Gag-polypeptide of LTR copia-type	5	51	2.9E-5	T	13-08-2026	IPR029472	Retrotransposon Copia-like, N-terminal	-	-
CopiaSL_monotypic|Chr04_2s44	c46c4916ddd6e0f3aed925d970dc8f3c	197	PANTHER	PTHR37610	CCHC-TYPE DOMAIN-CONTAINING PROTEIN	10	196	3.6E-51	T	13-08-2026	-	-	-	-
CopiaSL_monotypic|Chr04_2s44	c46c4916ddd6e0f3aed925d970dc8f3c	197	Pfam	PF14244	Gag-polypeptide of LTR copia-type	17	62	6.1E-8	T	13-08-2026	IPR029472	Retrotransposon Copia-like, N-terminal	-	-
Gypsyvir	eacb418138fe656893d6c6c39928c8d0	451	MobiDBLite	mobidb-lite	consensus disorder prediction	300	410	-	T	13-08-2026	-	-	-	-
Gypsyvir	eacb418138fe656893d6c6c39928c8d0	451	MobiDBLite	mobidb-lite	consensus disorder prediction	300	311	-	T	13-08-2026	-	-	-	-
Gypsyvir	eacb418138fe656893d6c6c39928c8d0	451	MobiDBLite	mobidb-lite	consensus disorder prediction	353	373	-	T	13-08-2026	-	-	-	-
Gypsyvir	eacb418138fe656893d6c6c39928c8d0	451	Coils	Coil	Coil	289	309	-	T	13-08-2026	-	-	-	-
Gypsyvir	eacb418138fe656893d6c6c39928c8d0	451	MobiDBLite	mobidb-lite	consensus disorder prediction	399	410	-	T	13-08-2026	-	-	-	-
Gypsyvir	eacb418138fe656893d6c6c39928c8d0	451	MobiDBLite	mobidb-lite	consensus disorder prediction	313	324	-	T	13-08-2026	-	-	-	-
CopiaSL_03	942d2e85a388dc8b434044d15ee4cdb3	258	Coils	Coil	Coil	231	233	-	T	13-08-2026	-	-	-	-
CopiaSL_03	942d2e85a388dc8b434044d15ee4cdb3	258	PANTHER	PTHR37610	CCHC-TYPE DOMAIN-CONTAINING PROTEIN	2	187	1.3E-28	T	13-08-2026	-	-	-	-
CopiaSL_03	942d2e85a388dc8b434044d15ee4cdb3	258	Coils	Coil	Coil	213	215	-	T	13-08-2026	-	-	-	-
CopiaSL_38	2c4634b78ddca3507af7797e04f62492	124	PANTHER	PTHR33325	ZINC FINGER, CCHC-TYPE-RELATED	1	124	6.5E-42	T	13-08-2026	-	-	-	-
CopiaSL_monotypic|Chr05_2s14	1deb2bcc68e8c64ea6e771687839933c	290	PANTHER	PTHR37610	CCHC-TYPE DOMAIN-CONTAINING PROTEIN	1	235	6.9E-74	T	13-08-2026	-	-	-	-
CopiaSL_monotypic|Chr05_2s14	1deb2bcc68e8c64ea6e771687839933c	290	SUPERFAMILY	SSF57756	Retrovirus zinc finger-like domains	249	285	1.62E-5	T	13-08-2026	IPR036875	Zinc finger, CCHC-type superfamily	GO:0003676(InterPro)|GO:0008270(InterPro)	Reactome:R-BTA-159231|Reactome:R-BTA-159236|Reactome:R-BTA-72163|Reactome:R-BTA-72165|Reactome:R-BTA-72203|Reactome:R-BTA-73856|Reactome:R-BTA-77595|Reactome:R-BTA-9770562|Reactome:R-CEL-159236|Reactome:R-CEL-72163|Reactome:R-CEL-73856|Reactome:R-DME-159231|Reactome:R-DME-159236|Reactome:R-DME-1834941|Reactome:R-DME-72163|Reactome:R-DME-72165|Reactome:R-DME-72203|Reactome:R-DME-73856|Reactome:R-DME-77595|Reactome:R-DME-9770562|Reactome:R-DRE-72165|Reactome:R-HSA-1169408|Reactome:R-HSA-159231|Reactome:R-HSA-159236|Reactome:R-HSA-162585|Reactome:R-HSA-162588|Reactome:R-HSA-162592|Reactome:R-HSA-162594|Reactome:R-HSA-164516|Reactome:R-HSA-164525|Reactome:R-HSA-164843|Reactome:R-HSA-168315|Reactome:R-HSA-173107|Reactome:R-HSA-174490|Reactome:R-HSA-174495|Reactome:R-HSA-175474|Reactome:R-HSA-175567|Reactome:R-HSA-177539|Reactome:R-HSA-180689|Reactome:R-HSA-180910|Reactome:R-HSA-429947|Reactome:R-HSA-452723|Reactome:R-HSA-6784531|Reactome:R-HSA-72163|Reactome:R-HSA-72165|Reactome:R-HSA-72187|Reactome:R-HSA-72203|Reactome:R-HSA-73856|Reactome:R-HSA-77595|Reactome:R-HSA-9013422|Reactome:R-HSA-9682706|Reactome:R-HSA-9694686|Reactome:R-HSA-9705671|Reactome:R-HSA-9770562|Reactome:R-HSA-9819196|Reactome:R-HSA-9820865|Reactome:R-HSA-983168|Reactome:R-HSA-9918481|Reactome:R-HSA-9930044|Reactome:R-MMU-159231|Reactome:R-MMU-159236|Reactome:R-MMU-72163|Reactome:R-MMU-72165|Reactome:R-MMU-72187|Reactome:R-MMU-72203|Reactome:R-MMU-73856|Reactome:R-MMU-77595|Reactome:R-MMU-9013422|Reactome:R-MMU-9770562|Reactome:R-MMU-983168|Reactome:R-RNO-159231|Reactome:R-RNO-72165|Reactome:R-RNO-73856|Reactome:R-RNO-77595|Reactome:R-RNO-9770562|Reactome:R-SCE-983168|Reactome:R-SPO-9770562|Reactome:R-SPO-983168|Reactome:R-XTR-77595|Reactome:R-XTR-9770562
CopiaSL_monotypic|Chr05_2s14	1deb2bcc68e8c64ea6e771687839933c	290	MobiDBLite	mobidb-lite	consensus disorder prediction	232	258	-	T	13-08-2026	-	-	-	-
CopiaSL_monotypic|Chr05_2s14	1deb2bcc68e8c64ea6e771687839933c	290	MobiDBLite	mobidb-lite	consensus disorder prediction	245	258	-	T	13-08-2026	-	-	-	-
CopiaSL_monotypic|Chr05_2s14	1deb2bcc68e8c64ea6e771687839933c	290	Pfam	PF14244	Gag-polypeptide of LTR copia-type	6	51	6.1E-14	T	13-08-2026	IPR029472	Retrotransposon Copia-like, N-terminal	-	-
Cer1	d05634b96af2f30044664612fecc6951	733	Coils	Coil	Coil	119	139	-	T	13-08-2026	-	-	-	-
Cer1	d05634b96af2f30044664612fecc6951	733	SMART	SM00343	c2hcfinal6	676	692	2.4E-4	T	13-08-2026	IPR001878	Zinc finger, CCHC-type	GO:0003676(InterPro)|GO:0008270(InterPro)	Reactome:R-BTA-159231|Reactome:R-BTA-159236|Reactome:R-BTA-72163|Reactome:R-BTA-72165|Reactome:R-BTA-72203|Reactome:R-BTA-73856|Reactome:R-BTA-77595|Reactome:R-BTA-9770562|Reactome:R-CEL-159236|Reactome:R-CEL-72163|Reactome:R-CEL-73856|Reactome:R-DME-159231|Reactome:R-DME-159236|Reactome:R-DME-1834941|Reactome:R-DME-72163|Reactome:R-DME-72165|Reactome:R-DME-72203|Reactome:R-DME-73856|Reactome:R-DME-77595|Reactome:R-DME-8941326|Reactome:R-DME-9770562|Reactome:R-DME-9930044|Reactome:R-DRE-72165|Reactome:R-HSA-1169408|Reactome:R-HSA-159231|Reactome:R-HSA-159236|Reactome:R-HSA-162585|Reactome:R-HSA-162588|Reactome:R-HSA-162592|Reactome:R-HSA-162594|Reactome:R-HSA-164516|Reactome:R-HSA-164525|Reactome:R-HSA-164843|Reactome:R-HSA-168315|Reactome:R-HSA-173107|Reactome:R-HSA-174490|Reactome:R-HSA-174495|Reactome:R-HSA-175474|Reactome:R-HSA-175567|Reactome:R-HSA-177539|Reactome:R-HSA-180689|Reactome:R-HSA-180910|Reactome:R-HSA-429947|Reactome:R-HSA-452723|Reactome:R-HSA-6784531|Reactome:R-HSA-72163|Reactome:R-HSA-72165|Reactome:R-HSA-72187|Reactome:R-HSA-72203|Reactome:R-HSA-73856|Reactome:R-HSA-77595|Reactome:R-HSA-9013422|Reactome:R-HSA-9682706|Reactome:R-HSA-9694686|Reactome:R-HSA-9705671|Reactome:R-HSA-9770562|Reactome:R-HSA-9819196|Reactome:R-HSA-9820865|Reactome:R-HSA-983168|Reactome:R-HSA-9843970|Reactome:R-HSA-9918481|Reactome:R-HSA-9930044|Reactome:R-HSA-9931510|Reactome:R-MMU-159231|Reactome:R-MMU-159236|Reactome:R-MMU-72163|Reactome:R-MMU-72165|Reactome:R-MMU-72187|Reactome:R-MMU-72203|Reactome:R-MMU-73856|Reactome:R-MMU-77595|Reactome:R-MMU-9013422|Reactome:R-MMU-9770562|Reactome:R-MMU-983168|Reactome:R-MMU-9930044|Reactome:R-RNO-159231|Reactome:R-RNO-72165|Reactome:R-RNO-73856|Reactome:R-RNO-77595|Reactome:R-RNO-9770562|Reactome:R-SCE-983168|Reactome:R-SPO-9770562|Reactome:R-SPO-983168|Reactome:R-XTR-77595|Reactome:R-XTR-9770562
Cer1	d05634b96af2f30044664612fecc6951	733	Pfam	PF00098	Zinc knuckle	675	692	0.76	T	13-08-2026	IPR001878	Zinc finger, CCHC-type	GO:0003676(InterPro)|GO:0008270(InterPro)	Reactome:R-BTA-159231|Reactome:R-BTA-159236|Reactome:R-BTA-72163|Reactome:R-BTA-72165|Reactome:R-BTA-72203|Reactome:R-BTA-73856|Reactome:R-BTA-77595|Reactome:R-BTA-9770562|Reactome:R-CEL-159236|Reactome:R-CEL-72163|Reactome:R-CEL-73856|Reactome:R-DME-159231|Reactome:R-DME-159236|Reactome:R-DME-1834941|Reactome:R-DME-72163|Reactome:R-DME-72165|Reactome:R-DME-72203|Reactome:R-DME-73856|Reactome:R-DME-77595|Reactome:R-DME-8941326|Reactome:R-DME-9770562|Reactome:R-DME-9930044|Reactome:R-DRE-72165|Reactome:R-HSA-1169408|Reactome:R-HSA-159231|Reactome:R-HSA-159236|Reactome:R-HSA-162585|Reactome:R-HSA-162588|Reactome:R-HSA-162592|Reactome:R-HSA-162594|Reactome:R-HSA-164516|Reactome:R-HSA-164525|Reactome:R-HSA-164843|Reactome:R-HSA-168315|Reactome:R-HSA-173107|Reactome:R-HSA-174490|Reactome:R-HSA-174495|Reactome:R-HSA-175474|Reactome:R-HSA-175567|Reactome:R-HSA-177539|Reactome:R-HSA-180689|Reactome:R-HSA-180910|Reactome:R-HSA-429947|Reactome:R-HSA-452723|Reactome:R-HSA-6784531|Reactome:R-HSA-72163|Reactome:R-HSA-72165|Reactome:R-HSA-72187|Reactome:R-HSA-72203|Reactome:R-HSA-73856|Reactome:R-HSA-77595|Reactome:R-HSA-9013422|Reactome:R-HSA-9682706|Reactome:R-HSA-9694686|Reactome:R-HSA-9705671|Reactome:R-HSA-9770562|Reactome:R-HSA-9819196|Reactome:R-HSA-9820865|Reactome:R-HSA-983168|Reactome:R-HSA-9843970|Reactome:R-HSA-9918481|Reactome:R-HSA-9930044|Reactome:R-HSA-9931510|Reactome:R-MMU-159231|Reactome:R-MMU-159236|Reactome:R-MMU-72163|Reactome:R-MMU-72165|Reactome:R-MMU-72187|Reactome:R-MMU-72203|Reactome:R-MMU-73856|Reactome:R-MMU-77595|Reactome:R-MMU-9013422|Reactome:R-MMU-9770562|Reactome:R-MMU-983168|Reactome:R-MMU-9930044|Reactome:R-RNO-159231|Reactome:R-RNO-72165|Reactome:R-RNO-73856|Reactome:R-RNO-77595|Reactome:R-RNO-9770562|Reactome:R-SCE-983168|Reactome:R-SPO-9770562|Reactome:R-SPO-983168|Reactome:R-XTR-77595|Reactome:R-XTR-9770562
Cer1	d05634b96af2f30044664612fecc6951	733	Gene3D	G3DSA:4.10.60.10	-	648	705	1.4E-7	T	13-08-2026	-	-	-	-
Cer1	d05634b96af2f30044664612fecc6951	733	SUPERFAMILY	SSF57756	Retrovirus zinc finger-like domains	649	694	2.44E-7	T	13-08-2026	IPR036875	Zinc finger, CCHC-type superfamily	GO:0003676(InterPro)|GO:0008270(InterPro)	Reactome:R-BTA-159231|Reactome:R-BTA-159236|Reactome:R-BTA-72163|Reactome:R-BTA-72165|Reactome:R-BTA-72203|Reactome:R-BTA-73856|Reactome:R-BTA-77595|Reactome:R-BTA-9770562|Reactome:R-CEL-159236|Reactome:R-CEL-72163|Reactome:R-CEL-73856|Reactome:R-DME-159231|Reactome:R-DME-159236|Reactome:R-DME-1834941|Reactome:R-DME-72163|Reactome:R-DME-72165|Reactome:R-DME-72203|Reactome:R-DME-73856|Reactome:R-DME-77595|Reactome:R-DME-9770562|Reactome:R-DRE-72165|Reactome:R-HSA-1169408|Reactome:R-HSA-159231|Reactome:R-HSA-159236|Reactome:R-HSA-162585|Reactome:R-HSA-162588|Reactome:R-HSA-162592|Reactome:R-HSA-162594|Reactome:R-HSA-164516|Reactome:R-HSA-164525|Reactome:R-HSA-164843|Reactome:R-HSA-168315|Reactome:R-HSA-173107|Reactome:R-HSA-174490|Reactome:R-HSA-174495|Reactome:R-HSA-175474|Reactome:R-HSA-175567|Reactome:R-HSA-177539|Reactome:R-HSA-180689|Reactome:R-HSA-180910|Reactome:R-HSA-429947|Reactome:R-HSA-452723|Reactome:R-HSA-6784531|Reactome:R-HSA-72163|Reactome:R-HSA-72165|Reactome:R-HSA-72187|Reactome:R-HSA-72203|Reactome:R-HSA-73856|Reactome:R-HSA-77595|Reactome:R-HSA-9013422|Reactome:R-HSA-9682706|Reactome:R-HSA-9694686|Reactome:R-HSA-9705671|Reactome:R-HSA-9770562|Reactome:R-HSA-9819196|Reactome:R-HSA-9820865|Reactome:R-HSA-983168|Reactome:R-HSA-9918481|Reactome:R-HSA-9930044|Reactome:R-MMU-159231|Reactome:R-MMU-159236|Reactome:R-MMU-72163|Reactome:R-MMU-72165|Reactome:R-MMU-72187|Reactome:R-MMU-72203|Reactome:R-MMU-73856|Reactome:R-MMU-77595|Reactome:R-MMU-9013422|Reactome:R-MMU-9770562|Reactome:R-MMU-983168|Reactome:R-RNO-159231|Reactome:R-RNO-72165|Reactome:R-RNO-73856|Reactome:R-RNO-77595|Reactome:R-RNO-9770562|Reactome:R-SCE-983168|Reactome:R-SPO-9770562|Reactome:R-SPO-983168|Reactome:R-XTR-77595|Reactome:R-XTR-9770562
Cer1	d05634b96af2f30044664612fecc6951	733	Coils	Coil	Coil	197	257	-	T	13-08-2026	-	-	-	-
Cer1	d05634b96af2f30044664612fecc6951	733	MobiDBLite	mobidb-lite	consensus disorder prediction	239	256	-	T	13-08-2026	-	-	-	-
Cer1	d05634b96af2f30044664612fecc6951	733	MobiDBLite	mobidb-lite	consensus disorder prediction	570	580	-	T	13-08-2026	-	-	-	-
Cer1	d05634b96af2f30044664612fecc6951	733	MobiDBLite	mobidb-lite	consensus disorder prediction	570	630	-	T	13-08-2026	-	-	-	-
Cer1	d05634b96af2f30044664612fecc6951	733	MobiDBLite	mobidb-lite	consensus disorder prediction	615	625	-	T	13-08-2026	-	-	-	-
Cer1	d05634b96af2f30044664612fecc6951	733	MobiDBLite	mobidb-lite	consensus disorder prediction	257	267	-	T	13-08-2026	-	-	-	-
Cer1	d05634b96af2f30044664612fecc6951	733	MobiDBLite	mobidb-lite	consensus disorder prediction	1	28	-	T	13-08-2026	-	-	-	-
Cer1	d05634b96af2f30044664612fecc6951	733	MobiDBLite	mobidb-lite	consensus disorder prediction	590	611	-	T	13-08-2026	-	-	-	-
Cer1	d05634b96af2f30044664612fecc6951	733	MobiDBLite	mobidb-lite	consensus disorder prediction	239	267	-	T	13-08-2026	-	-	-	-
Cer1	d05634b96af2f30044664612fecc6951	733	Coils	Coil	Coil	162	182	-	T	13-08-2026	-	-	-	-
Cer1	d05634b96af2f30044664612fecc6951	733	ProSiteProfiles	PS50158	Zinc finger CCHC-type profile.	677	692	9.817547	T	13-08-2026	IPR001878	Zinc finger, CCHC-type	GO:0003676(InterPro)|GO:0008270(InterPro)	Reactome:R-BTA-159231|Reactome:R-BTA-159236|Reactome:R-BTA-72163|Reactome:R-BTA-72165|Reactome:R-BTA-72203|Reactome:R-BTA-73856|Reactome:R-BTA-77595|Reactome:R-BTA-9770562|Reactome:R-CEL-159236|Reactome:R-CEL-72163|Reactome:R-CEL-73856|Reactome:R-DME-159231|Reactome:R-DME-159236|Reactome:R-DME-1834941|Reactome:R-DME-72163|Reactome:R-DME-72165|Reactome:R-DME-72203|Reactome:R-DME-73856|Reactome:R-DME-77595|Reactome:R-DME-8941326|Reactome:R-DME-9770562|Reactome:R-DME-9930044|Reactome:R-DRE-72165|Reactome:R-HSA-1169408|Reactome:R-HSA-159231|Reactome:R-HSA-159236|Reactome:R-HSA-162585|Reactome:R-HSA-162588|Reactome:R-HSA-162592|Reactome:R-HSA-162594|Reactome:R-HSA-164516|Reactome:R-HSA-164525|Reactome:R-HSA-164843|Reactome:R-HSA-168315|Reactome:R-HSA-173107|Reactome:R-HSA-174490|Reactome:R-HSA-174495|Reactome:R-HSA-175474|Reactome:R-HSA-175567|Reactome:R-HSA-177539|Reactome:R-HSA-180689|Reactome:R-HSA-180910|Reactome:R-HSA-429947|Reactome:R-HSA-452723|Reactome:R-HSA-6784531|Reactome:R-HSA-72163|Reactome:R-HSA-72165|Reactome:R-HSA-72187|Reactome:R-HSA-72203|Reactome:R-HSA-73856|Reactome:R-HSA-77595|Reactome:R-HSA-9013422|Reactome:R-HSA-9682706|Reactome:R-HSA-9694686|Reactome:R-HSA-9705671|Reactome:R-HSA-9770562|Reactome:R-HSA-9819196|Reactome:R-HSA-9820865|Reactome:R-HSA-983168|Reactome:R-HSA-9843970|Reactome:R-HSA-9918481|Reactome:R-HSA-9930044|Reactome:R-HSA-9931510|Reactome:R-MMU-159231|Reactome:R-MMU-159236|Reactome:R-MMU-72163|Reactome:R-MMU-72165|Reactome:R-MMU-72187|Reactome:R-MMU-72203|Reactome:R-MMU-73856|Reactome:R-MMU-77595|Reactome:R-MMU-9013422|Reactome:R-MMU-9770562|Reactome:R-MMU-983168|Reactome:R-MMU-9930044|Reactome:R-RNO-159231|Reactome:R-RNO-72165|Reactome:R-RNO-73856|Reactome:R-RNO-77595|Reactome:R-RNO-9770562|Reactome:R-SCE-983168|Reactome:R-SPO-9770562|Reactome:R-SPO-983168|Reactome:R-XTR-77595|Reactome:R-XTR-9770562
CopiaSL_33	c43bdaef93709cce973a386fcf529375	279	MobiDBLite	mobidb-lite	consensus disorder prediction	203	223	-	T	13-08-2026	-	-	-	-
CopiaSL_33	c43bdaef93709cce973a386fcf529375	279	Pfam	PF14223	gag-polypeptide of LTR copia-type	33	185	4.4E-25	T	13-08-2026	IPR061502	Copia/RE1/RE2-like, N-terminal domain	-	-
CopiaSL_33	c43bdaef93709cce973a386fcf529375	279	PANTHER	PTHR35317	OS04G0629600 PROTEIN	10	184	2.3E-10	T	13-08-2026	-	-	-	-
CopiaSL_monotypic|Chr01_1s215	e38598c62f9bdba326000ccd6d6c71a9	120	Coils	Coil	Coil	33	53	-	T	13-08-2026	-	-	-	-
CopiaSL_monotypic|Chr01_1s215	e38598c62f9bdba326000ccd6d6c71a9	120	Pfam	PF14223	gag-polypeptide of LTR copia-type	2	119	5.7E-18	T	13-08-2026	IPR061502	Copia/RE1/RE2-like, N-terminal domain	-	-
CopiaSL_monotypic|Chr01_1s215	e38598c62f9bdba326000ccd6d6c71a9	120	PANTHER	PTHR35317	OS04G0629600 PROTEIN	5	120	1.0E-32	T	13-08-2026	-	-	-	-
CopiaSL_monotypic|Chr03_2s30	35292293d036a45ab02db133bd7048db	367	Pfam	PF14244	Gag-polypeptide of LTR copia-type	20	65	1.0E-13	T	13-08-2026	IPR029472	Retrotransposon Copia-like, N-terminal	-	-
CopiaSL_monotypic|Chr03_2s30	35292293d036a45ab02db133bd7048db	367	PANTHER	PTHR37610	CCHC-TYPE DOMAIN-CONTAINING PROTEIN	13	220	1.9E-50	T	13-08-2026	-	-	-	-
CopiaSL_17	661f2073dadb7c63cd1e507f3b3c968f	295	Pfam	PF14223	gag-polypeptide of LTR copia-type	60	217	7.8E-28	T	13-08-2026	IPR061502	Copia/RE1/RE2-like, N-terminal domain	-	-
CopiaSL_17	661f2073dadb7c63cd1e507f3b3c968f	295	ProSiteProfiles	PS50158	Zinc finger CCHC-type profile.	280	294	9.471408	T	13-08-2026	IPR001878	Zinc finger, CCHC-type	GO:0003676(InterPro)|GO:0008270(InterPro)	Reactome:R-BTA-159231|Reactome:R-BTA-159236|Reactome:R-BTA-72163|Reactome:R-BTA-72165|Reactome:R-BTA-72203|Reactome:R-BTA-73856|Reactome:R-BTA-77595|Reactome:R-BTA-9770562|Reactome:R-CEL-159236|Reactome:R-CEL-72163|Reactome:R-CEL-73856|Reactome:R-DME-159231|Reactome:R-DME-159236|Reactome:R-DME-1834941|Reactome:R-DME-72163|Reactome:R-DME-72165|Reactome:R-DME-72203|Reactome:R-DME-73856|Reactome:R-DME-77595|Reactome:R-DME-8941326|Reactome:R-DME-9770562|Reactome:R-DME-9930044|Reactome:R-DRE-72165|Reactome:R-HSA-1169408|Reactome:R-HSA-159231|Reactome:R-HSA-159236|Reactome:R-HSA-162585|Reactome:R-HSA-162588|Reactome:R-HSA-162592|Reactome:R-HSA-162594|Reactome:R-HSA-164516|Reactome:R-HSA-164525|Reactome:R-HSA-164843|Reactome:R-HSA-168315|Reactome:R-HSA-173107|Reactome:R-HSA-174490|Reactome:R-HSA-174495|Reactome:R-HSA-175474|Reactome:R-HSA-175567|Reactome:R-HSA-177539|Reactome:R-HSA-180689|Reactome:R-HSA-180910|Reactome:R-HSA-429947|Reactome:R-HSA-452723|Reactome:R-HSA-6784531|Reactome:R-HSA-72163|Reactome:R-HSA-72165|Reactome:R-HSA-72187|Reactome:R-HSA-72203|Reactome:R-HSA-73856|Reactome:R-HSA-77595|Reactome:R-HSA-9013422|Reactome:R-HSA-9682706|Reactome:R-HSA-9694686|Reactome:R-HSA-9705671|Reactome:R-HSA-9770562|Reactome:R-HSA-9819196|Reactome:R-HSA-9820865|Reactome:R-HSA-983168|Reactome:R-HSA-9843970|Reactome:R-HSA-9918481|Reactome:R-HSA-9930044|Reactome:R-HSA-9931510|Reactome:R-MMU-159231|Reactome:R-MMU-159236|Reactome:R-MMU-72163|Reactome:R-MMU-72165|Reactome:R-MMU-72187|Reactome:R-MMU-72203|Reactome:R-MMU-73856|Reactome:R-MMU-77595|Reactome:R-MMU-9013422|Reactome:R-MMU-9770562|Reactome:R-MMU-983168|Reactome:R-MMU-9930044|Reactome:R-RNO-159231|Reactome:R-RNO-72165|Reactome:R-RNO-73856|Reactome:R-RNO-77595|Reactome:R-RNO-9770562|Reactome:R-SCE-983168|Reactome:R-SPO-9770562|Reactome:R-SPO-983168|Reactome:R-XTR-77595|Reactome:R-XTR-9770562
CopiaSL_17	661f2073dadb7c63cd1e507f3b3c968f	295	SUPERFAMILY	SSF57756	Retrovirus zinc finger-like domains	264	294	4.54E-5	T	13-08-2026	IPR036875	Zinc finger, CCHC-type superfamily	GO:0003676(InterPro)|GO:0008270(InterPro)	Reactome:R-BTA-159231|Reactome:R-BTA-159236|Reactome:R-BTA-72163|Reactome:R-BTA-72165|Reactome:R-BTA-72203|Reactome:R-BTA-73856|Reactome:R-BTA-77595|Reactome:R-BTA-9770562|Reactome:R-CEL-159236|Reactome:R-CEL-72163|Reactome:R-CEL-73856|Reactome:R-DME-159231|Reactome:R-DME-159236|Reactome:R-DME-1834941|Reactome:R-DME-72163|Reactome:R-DME-72165|Reactome:R-DME-72203|Reactome:R-DME-73856|Reactome:R-DME-77595|Reactome:R-DME-9770562|Reactome:R-DRE-72165|Reactome:R-HSA-1169408|Reactome:R-HSA-159231|Reactome:R-HSA-159236|Reactome:R-HSA-162585|Reactome:R-HSA-162588|Reactome:R-HSA-162592|Reactome:R-HSA-162594|Reactome:R-HSA-164516|Reactome:R-HSA-164525|Reactome:R-HSA-164843|Reactome:R-HSA-168315|Reactome:R-HSA-173107|Reactome:R-HSA-174490|Reactome:R-HSA-174495|Reactome:R-HSA-175474|Reactome:R-HSA-175567|Reactome:R-HSA-177539|Reactome:R-HSA-180689|Reactome:R-HSA-180910|Reactome:R-HSA-429947|Reactome:R-HSA-452723|Reactome:R-HSA-6784531|Reactome:R-HSA-72163|Reactome:R-HSA-72165|Reactome:R-HSA-72187|Reactome:R-HSA-72203|Reactome:R-HSA-73856|Reactome:R-HSA-77595|Reactome:R-HSA-9013422|Reactome:R-HSA-9682706|Reactome:R-HSA-9694686|Reactome:R-HSA-9705671|Reactome:R-HSA-9770562|Reactome:R-HSA-9819196|Reactome:R-HSA-9820865|Reactome:R-HSA-983168|Reactome:R-HSA-9918481|Reactome:R-HSA-9930044|Reactome:R-MMU-159231|Reactome:R-MMU-159236|Reactome:R-MMU-72163|Reactome:R-MMU-72165|Reactome:R-MMU-72187|Reactome:R-MMU-72203|Reactome:R-MMU-73856|Reactome:R-MMU-77595|Reactome:R-MMU-9013422|Reactome:R-MMU-9770562|Reactome:R-MMU-983168|Reactome:R-RNO-159231|Reactome:R-RNO-72165|Reactome:R-RNO-73856|Reactome:R-RNO-77595|Reactome:R-RNO-9770562|Reactome:R-SCE-983168|Reactome:R-SPO-9770562|Reactome:R-SPO-983168|Reactome:R-XTR-77595|Reactome:R-XTR-9770562
CopiaSL_17	661f2073dadb7c63cd1e507f3b3c968f	295	SMART	SM00343	c2hcfinal6	279	295	0.0014	T	13-08-2026	IPR001878	Zinc finger, CCHC-type	GO:0003676(InterPro)|GO:0008270(InterPro)	Reactome:R-BTA-159231|Reactome:R-BTA-159236|Reactome:R-BTA-72163|Reactome:R-BTA-72165|Reactome:R-BTA-72203|Reactome:R-BTA-73856|Reactome:R-BTA-77595|Reactome:R-BTA-9770562|Reactome:R-CEL-159236|Reactome:R-CEL-72163|Reactome:R-CEL-73856|Reactome:R-DME-159231|Reactome:R-DME-159236|Reactome:R-DME-1834941|Reactome:R-DME-72163|Reactome:R-DME-72165|Reactome:R-DME-72203|Reactome:R-DME-73856|Reactome:R-DME-77595|Reactome:R-DME-8941326|Reactome:R-DME-9770562|Reactome:R-DME-9930044|Reactome:R-DRE-72165|Reactome:R-HSA-1169408|Reactome:R-HSA-159231|Reactome:R-HSA-159236|Reactome:R-HSA-162585|Reactome:R-HSA-162588|Reactome:R-HSA-162592|Reactome:R-HSA-162594|Reactome:R-HSA-164516|Reactome:R-HSA-164525|Reactome:R-HSA-164843|Reactome:R-HSA-168315|Reactome:R-HSA-173107|Reactome:R-HSA-174490|Reactome:R-HSA-174495|Reactome:R-HSA-175474|Reactome:R-HSA-175567|Reactome:R-HSA-177539|Reactome:R-HSA-180689|Reactome:R-HSA-180910|Reactome:R-HSA-429947|Reactome:R-HSA-452723|Reactome:R-HSA-6784531|Reactome:R-HSA-72163|Reactome:R-HSA-72165|Reactome:R-HSA-72187|Reactome:R-HSA-72203|Reactome:R-HSA-73856|Reactome:R-HSA-77595|Reactome:R-HSA-9013422|Reactome:R-HSA-9682706|Reactome:R-HSA-9694686|Reactome:R-HSA-9705671|Reactome:R-HSA-9770562|Reactome:R-HSA-9819196|Reactome:R-HSA-9820865|Reactome:R-HSA-983168|Reactome:R-HSA-9843970|Reactome:R-HSA-9918481|Reactome:R-HSA-9930044|Reactome:R-HSA-9931510|Reactome:R-MMU-159231|Reactome:R-MMU-159236|Reactome:R-MMU-72163|Reactome:R-MMU-72165|Reactome:R-MMU-72187|Reactome:R-MMU-72203|Reactome:R-MMU-73856|Reactome:R-MMU-77595|Reactome:R-MMU-9013422|Reactome:R-MMU-9770562|Reactome:R-MMU-983168|Reactome:R-MMU-9930044|Reactome:R-RNO-159231|Reactome:R-RNO-72165|Reactome:R-RNO-73856|Reactome:R-RNO-77595|Reactome:R-RNO-9770562|Reactome:R-SCE-983168|Reactome:R-SPO-9770562|Reactome:R-SPO-983168|Reactome:R-XTR-77595|Reactome:R-XTR-9770562
CopiaSL_17	661f2073dadb7c63cd1e507f3b3c968f	295	PANTHER	PTHR34676	DUF4219 DOMAIN-CONTAINING PROTEIN-RELATED	34	213	3.4E-42	T	13-08-2026	-	-	-	-
CopiaSL_17	661f2073dadb7c63cd1e507f3b3c968f	295	Pfam	PF00098	Zinc knuckle	279	294	0.23	T	13-08-2026	IPR001878	Zinc finger, CCHC-type	GO:0003676(InterPro)|GO:0008270(InterPro)	Reactome:R-BTA-159231|Reactome:R-BTA-159236|Reactome:R-BTA-72163|Reactome:R-BTA-72165|Reactome:R-BTA-72203|Reactome:R-BTA-73856|Reactome:R-BTA-77595|Reactome:R-BTA-9770562|Reactome:R-CEL-159236|Reactome:R-CEL-72163|Reactome:R-CEL-73856|Reactome:R-DME-159231|Reactome:R-DME-159236|Reactome:R-DME-1834941|Reactome:R-DME-72163|Reactome:R-DME-72165|Reactome:R-DME-72203|Reactome:R-DME-73856|Reactome:R-DME-77595|Reactome:R-DME-8941326|Reactome:R-DME-9770562|Reactome:R-DME-9930044|Reactome:R-DRE-72165|Reactome:R-HSA-1169408|Reactome:R-HSA-159231|Reactome:R-HSA-159236|Reactome:R-HSA-162585|Reactome:R-HSA-162588|Reactome:R-HSA-162592|Reactome:R-HSA-162594|Reactome:R-HSA-164516|Reactome:R-HSA-164525|Reactome:R-HSA-164843|Reactome:R-HSA-168315|Reactome:R-HSA-173107|Reactome:R-HSA-174490|Reactome:R-HSA-174495|Reactome:R-HSA-175474|Reactome:R-HSA-175567|Reactome:R-HSA-177539|Reactome:R-HSA-180689|Reactome:R-HSA-180910|Reactome:R-HSA-429947|Reactome:R-HSA-452723|Reactome:R-HSA-6784531|Reactome:R-HSA-72163|Reactome:R-HSA-72165|Reactome:R-HSA-72187|Reactome:R-HSA-72203|Reactome:R-HSA-73856|Reactome:R-HSA-77595|Reactome:R-HSA-9013422|Reactome:R-HSA-9682706|Reactome:R-HSA-9694686|Reactome:R-HSA-9705671|Reactome:R-HSA-9770562|Reactome:R-HSA-9819196|Reactome:R-HSA-9820865|Reactome:R-HSA-983168|Reactome:R-HSA-9843970|Reactome:R-HSA-9918481|Reactome:R-HSA-9930044|Reactome:R-HSA-9931510|Reactome:R-MMU-159231|Reactome:R-MMU-159236|Reactome:R-MMU-72163|Reactome:R-MMU-72165|Reactome:R-MMU-72187|Reactome:R-MMU-72203|Reactome:R-MMU-73856|Reactome:R-MMU-77595|Reactome:R-MMU-9013422|Reactome:R-MMU-9770562|Reactome:R-MMU-983168|Reactome:R-MMU-9930044|Reactome:R-RNO-159231|Reactome:R-RNO-72165|Reactome:R-RNO-73856|Reactome:R-RNO-77595|Reactome:R-RNO-9770562|Reactome:R-SCE-983168|Reactome:R-SPO-9770562|Reactome:R-SPO-983168|Reactome:R-XTR-77595|Reactome:R-XTR-9770562
CopiaSL_monotypic|Chr04_2s50	f73e7cf88b0947976476e2d789ff2d5d	26	MobiDBLite	mobidb-lite	consensus disorder prediction	1	10	-	T	13-08-2026	-	-	-	-
CopiaSL_monotypic|Chr04_2s50	f73e7cf88b0947976476e2d789ff2d5d	26	MobiDBLite	mobidb-lite	consensus disorder prediction	1	26	-	T	13-08-2026	-	-	-	-
CopiaSL_monotypic|Chr02_2s24	c439bbe74e70c01a0e197dce83adcec9	187	Pfam	PF14223	gag-polypeptide of LTR copia-type	2	78	5.3E-8	T	13-08-2026	IPR061502	Copia/RE1/RE2-like, N-terminal domain	-	-
CopiaSL_monotypic|Chr02_2s24	c439bbe74e70c01a0e197dce83adcec9	187	PANTHER	PTHR35317	OS04G0629600 PROTEIN	1	155	5.1E-20	T	13-08-2026	-	-	-	-
CopiaSL_monotypic|Chr02_2s24	c439bbe74e70c01a0e197dce83adcec9	187	Gene3D	G3DSA:4.10.60.10	-	83	170	2.8E-5	T	13-08-2026	-	-	-	-
CopiaSL_monotypic|Chr02_2s24	c439bbe74e70c01a0e197dce83adcec9	187	SUPERFAMILY	SSF57756	Retrovirus zinc finger-like domains	120	163	2.3E-6	T	13-08-2026	IPR036875	Zinc finger, CCHC-type superfamily	GO:0003676(InterPro)|GO:0008270(InterPro)	Reactome:R-BTA-159231|Reactome:R-BTA-159236|Reactome:R-BTA-72163|Reactome:R-BTA-72165|Reactome:R-BTA-72203|Reactome:R-BTA-73856|Reactome:R-BTA-77595|Reactome:R-BTA-9770562|Reactome:R-CEL-159236|Reactome:R-CEL-72163|Reactome:R-CEL-73856|Reactome:R-DME-159231|Reactome:R-DME-159236|Reactome:R-DME-1834941|Reactome:R-DME-72163|Reactome:R-DME-72165|Reactome:R-DME-72203|Reactome:R-DME-73856|Reactome:R-DME-77595|Reactome:R-DME-9770562|Reactome:R-DRE-72165|Reactome:R-HSA-1169408|Reactome:R-HSA-159231|Reactome:R-HSA-159236|Reactome:R-HSA-162585|Reactome:R-HSA-162588|Reactome:R-HSA-162592|Reactome:R-HSA-162594|Reactome:R-HSA-164516|Reactome:R-HSA-164525|Reactome:R-HSA-164843|Reactome:R-HSA-168315|Reactome:R-HSA-173107|Reactome:R-HSA-174490|Reactome:R-HSA-174495|Reactome:R-HSA-175474|Reactome:R-HSA-175567|Reactome:R-HSA-177539|Reactome:R-HSA-180689|Reactome:R-HSA-180910|Reactome:R-HSA-429947|Reactome:R-HSA-452723|Reactome:R-HSA-6784531|Reactome:R-HSA-72163|Reactome:R-HSA-72165|Reactome:R-HSA-72187|Reactome:R-HSA-72203|Reactome:R-HSA-73856|Reactome:R-HSA-77595|Reactome:R-HSA-9013422|Reactome:R-HSA-9682706|Reactome:R-HSA-9694686|Reactome:R-HSA-9705671|Reactome:R-HSA-9770562|Reactome:R-HSA-9819196|Reactome:R-HSA-9820865|Reactome:R-HSA-983168|Reactome:R-HSA-9918481|Reactome:R-HSA-9930044|Reactome:R-MMU-159231|Reactome:R-MMU-159236|Reactome:R-MMU-72163|Reactome:R-MMU-72165|Reactome:R-MMU-72187|Reactome:R-MMU-72203|Reactome:R-MMU-73856|Reactome:R-MMU-77595|Reactome:R-MMU-9013422|Reactome:R-MMU-9770562|Reactome:R-MMU-983168|Reactome:R-RNO-159231|Reactome:R-RNO-72165|Reactome:R-RNO-73856|Reactome:R-RNO-77595|Reactome:R-RNO-9770562|Reactome:R-SCE-983168|Reactome:R-SPO-9770562|Reactome:R-SPO-983168|Reactome:R-XTR-77595|Reactome:R-XTR-9770562
CopiaSL_monotypic|Chr02_2s24	c439bbe74e70c01a0e197dce83adcec9	187	MobiDBLite	mobidb-lite	consensus disorder prediction	76	101	-	T	13-08-2026	-	-	-	-
