REV	98d67c7608e2528a85f0dcc9b59ecb89	484	SUPERFAMILY	SSF47836	Retroviral matrix proteins	1	93	1.65E-29	T	13-08-2026	IPR010999	Retroviral matrix protein	-	Reactome:R-HSA-1169408|Reactome:R-HSA-162585|Reactome:R-HSA-162588|Reactome:R-HSA-162592|Reactome:R-HSA-162594|Reactome:R-HSA-164516|Reactome:R-HSA-164525|Reactome:R-HSA-164843|Reactome:R-HSA-173107|Reactome:R-HSA-174490|Reactome:R-HSA-174495|Reactome:R-HSA-175474|Reactome:R-HSA-175567|Reactome:R-HSA-177539|Reactome:R-HSA-180689|Reactome:R-HSA-180910|Reactome:R-HSA-198933
REV	98d67c7608e2528a85f0dcc9b59ecb89	484	Pfam	PF02093	Gag P30 core shell protein	211	410	1.3E-70	T	13-08-2026	IPR003036	Core shell protein Gag P30	GO:0019068(InterPro)	-
REV	98d67c7608e2528a85f0dcc9b59ecb89	484	SUPERFAMILY	SSF57756	Retrovirus zinc finger-like domains	440	478	5.23E-10	T	13-08-2026	IPR036875	Zinc finger, CCHC-type superfamily	GO:0003676(InterPro)|GO:0008270(InterPro)	Reactome:R-BTA-159231|Reactome:R-BTA-159236|Reactome:R-BTA-72163|Reactome:R-BTA-72165|Reactome:R-BTA-72203|Reactome:R-BTA-73856|Reactome:R-BTA-77595|Reactome:R-BTA-9770562|Reactome:R-CEL-159236|Reactome:R-CEL-72163|Reactome:R-CEL-73856|Reactome:R-DME-159231|Reactome:R-DME-159236|Reactome:R-DME-1834941|Reactome:R-DME-72163|Reactome:R-DME-72165|Reactome:R-DME-72203|Reactome:R-DME-73856|Reactome:R-DME-77595|Reactome:R-DME-9770562|Reactome:R-DRE-72165|Reactome:R-HSA-1169408|Reactome:R-HSA-159231|Reactome:R-HSA-159236|Reactome:R-HSA-162585|Reactome:R-HSA-162588|Reactome:R-HSA-162592|Reactome:R-HSA-162594|Reactome:R-HSA-164516|Reactome:R-HSA-164525|Reactome:R-HSA-164843|Reactome:R-HSA-168315|Reactome:R-HSA-173107|Reactome:R-HSA-174490|Reactome:R-HSA-174495|Reactome:R-HSA-175474|Reactome:R-HSA-175567|Reactome:R-HSA-177539|Reactome:R-HSA-180689|Reactome:R-HSA-180910|Reactome:R-HSA-429947|Reactome:R-HSA-452723|Reactome:R-HSA-6784531|Reactome:R-HSA-72163|Reactome:R-HSA-72165|Reactome:R-HSA-72187|Reactome:R-HSA-72203|Reactome:R-HSA-73856|Reactome:R-HSA-77595|Reactome:R-HSA-9013422|Reactome:R-HSA-9682706|Reactome:R-HSA-9694686|Reactome:R-HSA-9705671|Reactome:R-HSA-9770562|Reactome:R-HSA-9819196|Reactome:R-HSA-9820865|Reactome:R-HSA-983168|Reactome:R-HSA-9918481|Reactome:R-HSA-9930044|Reactome:R-MMU-159231|Reactome:R-MMU-159236|Reactome:R-MMU-72163|Reactome:R-MMU-72165|Reactome:R-MMU-72187|Reactome:R-MMU-72203|Reactome:R-MMU-73856|Reactome:R-MMU-77595|Reactome:R-MMU-9013422|Reactome:R-MMU-9770562|Reactome:R-MMU-983168|Reactome:R-RNO-159231|Reactome:R-RNO-72165|Reactome:R-RNO-73856|Reactome:R-RNO-77595|Reactome:R-RNO-9770562|Reactome:R-SCE-983168|Reactome:R-SPO-9770562|Reactome:R-SPO-983168|Reactome:R-XTR-77595|Reactome:R-XTR-9770562
REV	98d67c7608e2528a85f0dcc9b59ecb89	484	Pfam	PF01140	Matrix protein (MA), p15	4	89	2.0E-12	T	13-08-2026	IPR000840	Gamma-retroviral matrix protein	-	-
REV	98d67c7608e2528a85f0dcc9b59ecb89	484	PANTHER	PTHR33166	GAG_P30 DOMAIN-CONTAINING PROTEIN	1	476	3.8E-144	T	13-08-2026	IPR050462	Retroviral Gag-Pol polyproteins	-	Reactome:R-HSA-198933
REV	98d67c7608e2528a85f0dcc9b59ecb89	484	Gene3D	G3DSA:1.10.150.180	-	1	92	1.3E-32	T	13-08-2026	IPR036946	Gamma-retroviral matrix domain superfamily	-	Reactome:R-HSA-198933
REV	98d67c7608e2528a85f0dcc9b59ecb89	484	MobiDBLite	mobidb-lite	consensus disorder prediction	136	147	-	T	13-08-2026	-	-	-	-
REV	98d67c7608e2528a85f0dcc9b59ecb89	484	MobiDBLite	mobidb-lite	consensus disorder prediction	99	185	-	T	13-08-2026	-	-	-	-
REV	98d67c7608e2528a85f0dcc9b59ecb89	484	MobiDBLite	mobidb-lite	consensus disorder prediction	433	457	-	T	13-08-2026	-	-	-	-
REV	98d67c7608e2528a85f0dcc9b59ecb89	484	Gene3D	G3DSA:1.10.375.10	Human Immunodeficiency Virus Type 1 Capsid Protein	195	324	1.0E-52	T	13-08-2026	IPR008919	Retrovirus capsid, N-terminal	GO:0016032(InterPro)	Reactome:R-HSA-1169408|Reactome:R-HSA-162585|Reactome:R-HSA-162588|Reactome:R-HSA-162592|Reactome:R-HSA-162594|Reactome:R-HSA-164516|Reactome:R-HSA-164525|Reactome:R-HSA-164843|Reactome:R-HSA-173107|Reactome:R-HSA-174490|Reactome:R-HSA-174495|Reactome:R-HSA-175474|Reactome:R-HSA-175567|Reactome:R-HSA-177539|Reactome:R-HSA-180689|Reactome:R-HSA-180910
REV	98d67c7608e2528a85f0dcc9b59ecb89	484	SMART	SM00343	c2hcfinal6	457	473	0.0033	T	13-08-2026	IPR001878	Zinc finger, CCHC-type	GO:0003676(InterPro)|GO:0008270(InterPro)	Reactome:R-BTA-159231|Reactome:R-BTA-159236|Reactome:R-BTA-72163|Reactome:R-BTA-72165|Reactome:R-BTA-72203|Reactome:R-BTA-73856|Reactome:R-BTA-77595|Reactome:R-BTA-9770562|Reactome:R-CEL-159236|Reactome:R-CEL-72163|Reactome:R-CEL-73856|Reactome:R-DME-159231|Reactome:R-DME-159236|Reactome:R-DME-1834941|Reactome:R-DME-72163|Reactome:R-DME-72165|Reactome:R-DME-72203|Reactome:R-DME-73856|Reactome:R-DME-77595|Reactome:R-DME-8941326|Reactome:R-DME-9770562|Reactome:R-DME-9930044|Reactome:R-DRE-72165|Reactome:R-HSA-1169408|Reactome:R-HSA-159231|Reactome:R-HSA-159236|Reactome:R-HSA-162585|Reactome:R-HSA-162588|Reactome:R-HSA-162592|Reactome:R-HSA-162594|Reactome:R-HSA-164516|Reactome:R-HSA-164525|Reactome:R-HSA-164843|Reactome:R-HSA-168315|Reactome:R-HSA-173107|Reactome:R-HSA-174490|Reactome:R-HSA-174495|Reactome:R-HSA-175474|Reactome:R-HSA-175567|Reactome:R-HSA-177539|Reactome:R-HSA-180689|Reactome:R-HSA-180910|Reactome:R-HSA-429947|Reactome:R-HSA-452723|Reactome:R-HSA-6784531|Reactome:R-HSA-72163|Reactome:R-HSA-72165|Reactome:R-HSA-72187|Reactome:R-HSA-72203|Reactome:R-HSA-73856|Reactome:R-HSA-77595|Reactome:R-HSA-9013422|Reactome:R-HSA-9682706|Reactome:R-HSA-9694686|Reactome:R-HSA-9705671|Reactome:R-HSA-9770562|Reactome:R-HSA-9819196|Reactome:R-HSA-9820865|Reactome:R-HSA-983168|Reactome:R-HSA-9843970|Reactome:R-HSA-9918481|Reactome:R-HSA-9930044|Reactome:R-HSA-9931510|Reactome:R-MMU-159231|Reactome:R-MMU-159236|Reactome:R-MMU-72163|Reactome:R-MMU-72165|Reactome:R-MMU-72187|Reactome:R-MMU-72203|Reactome:R-MMU-73856|Reactome:R-MMU-77595|Reactome:R-MMU-9013422|Reactome:R-MMU-9770562|Reactome:R-MMU-983168|Reactome:R-MMU-9930044|Reactome:R-RNO-159231|Reactome:R-RNO-72165|Reactome:R-RNO-73856|Reactome:R-RNO-77595|Reactome:R-RNO-9770562|Reactome:R-SCE-983168|Reactome:R-SPO-9770562|Reactome:R-SPO-983168|Reactome:R-XTR-77595|Reactome:R-XTR-9770562
REV	98d67c7608e2528a85f0dcc9b59ecb89	484	SUPERFAMILY	SSF47943	Retrovirus capsid protein, N-terminal core domain	197	324	1.33E-50	T	13-08-2026	IPR008919	Retrovirus capsid, N-terminal	GO:0016032(InterPro)	Reactome:R-HSA-1169408|Reactome:R-HSA-162585|Reactome:R-HSA-162588|Reactome:R-HSA-162592|Reactome:R-HSA-162594|Reactome:R-HSA-164516|Reactome:R-HSA-164525|Reactome:R-HSA-164843|Reactome:R-HSA-173107|Reactome:R-HSA-174490|Reactome:R-HSA-174495|Reactome:R-HSA-175474|Reactome:R-HSA-175567|Reactome:R-HSA-177539|Reactome:R-HSA-180689|Reactome:R-HSA-180910
REV	98d67c7608e2528a85f0dcc9b59ecb89	484	Gene3D	G3DSA:4.10.60.10	-	432	480	4.9E-12	T	13-08-2026	-	-	-	-
REV	98d67c7608e2528a85f0dcc9b59ecb89	484	ProSiteProfiles	PS50158	Zinc finger CCHC-type profile.	458	473	8.762648	T	13-08-2026	IPR001878	Zinc finger, CCHC-type	GO:0003676(InterPro)|GO:0008270(InterPro)	Reactome:R-BTA-159231|Reactome:R-BTA-159236|Reactome:R-BTA-72163|Reactome:R-BTA-72165|Reactome:R-BTA-72203|Reactome:R-BTA-73856|Reactome:R-BTA-77595|Reactome:R-BTA-9770562|Reactome:R-CEL-159236|Reactome:R-CEL-72163|Reactome:R-CEL-73856|Reactome:R-DME-159231|Reactome:R-DME-159236|Reactome:R-DME-1834941|Reactome:R-DME-72163|Reactome:R-DME-72165|Reactome:R-DME-72203|Reactome:R-DME-73856|Reactome:R-DME-77595|Reactome:R-DME-8941326|Reactome:R-DME-9770562|Reactome:R-DME-9930044|Reactome:R-DRE-72165|Reactome:R-HSA-1169408|Reactome:R-HSA-159231|Reactome:R-HSA-159236|Reactome:R-HSA-162585|Reactome:R-HSA-162588|Reactome:R-HSA-162592|Reactome:R-HSA-162594|Reactome:R-HSA-164516|Reactome:R-HSA-164525|Reactome:R-HSA-164843|Reactome:R-HSA-168315|Reactome:R-HSA-173107|Reactome:R-HSA-174490|Reactome:R-HSA-174495|Reactome:R-HSA-175474|Reactome:R-HSA-175567|Reactome:R-HSA-177539|Reactome:R-HSA-180689|Reactome:R-HSA-180910|Reactome:R-HSA-429947|Reactome:R-HSA-452723|Reactome:R-HSA-6784531|Reactome:R-HSA-72163|Reactome:R-HSA-72165|Reactome:R-HSA-72187|Reactome:R-HSA-72203|Reactome:R-HSA-73856|Reactome:R-HSA-77595|Reactome:R-HSA-9013422|Reactome:R-HSA-9682706|Reactome:R-HSA-9694686|Reactome:R-HSA-9705671|Reactome:R-HSA-9770562|Reactome:R-HSA-9819196|Reactome:R-HSA-9820865|Reactome:R-HSA-983168|Reactome:R-HSA-9843970|Reactome:R-HSA-9918481|Reactome:R-HSA-9930044|Reactome:R-HSA-9931510|Reactome:R-MMU-159231|Reactome:R-MMU-159236|Reactome:R-MMU-72163|Reactome:R-MMU-72165|Reactome:R-MMU-72187|Reactome:R-MMU-72203|Reactome:R-MMU-73856|Reactome:R-MMU-77595|Reactome:R-MMU-9013422|Reactome:R-MMU-9770562|Reactome:R-MMU-983168|Reactome:R-MMU-9930044|Reactome:R-RNO-159231|Reactome:R-RNO-72165|Reactome:R-RNO-73856|Reactome:R-RNO-77595|Reactome:R-RNO-9770562|Reactome:R-SCE-983168|Reactome:R-SPO-9770562|Reactome:R-SPO-983168|Reactome:R-XTR-77595|Reactome:R-XTR-9770562
MuLV	0d00efd70c467c38b46021d5eb8b72fb	518	Pfam	PF01141	Gag polyprotein, inner coat protein p12	122	205	3.5E-41	T	13-08-2026	IPR002079	Gag polyprotein, inner coat protein p12	-	-
MuLV	0d00efd70c467c38b46021d5eb8b72fb	518	Pfam	PF01140	Matrix protein (MA), p15	1	102	8.7E-57	T	13-08-2026	IPR000840	Gamma-retroviral matrix protein	-	-
MuLV	0d00efd70c467c38b46021d5eb8b72fb	518	Pfam	PF00098	Zinc knuckle	491	507	0.095	T	13-08-2026	IPR001878	Zinc finger, CCHC-type	GO:0003676(InterPro)|GO:0008270(InterPro)	Reactome:R-BTA-159231|Reactome:R-BTA-159236|Reactome:R-BTA-72163|Reactome:R-BTA-72165|Reactome:R-BTA-72203|Reactome:R-BTA-73856|Reactome:R-BTA-77595|Reactome:R-BTA-9770562|Reactome:R-CEL-159236|Reactome:R-CEL-72163|Reactome:R-CEL-73856|Reactome:R-DME-159231|Reactome:R-DME-159236|Reactome:R-DME-1834941|Reactome:R-DME-72163|Reactome:R-DME-72165|Reactome:R-DME-72203|Reactome:R-DME-73856|Reactome:R-DME-77595|Reactome:R-DME-8941326|Reactome:R-DME-9770562|Reactome:R-DME-9930044|Reactome:R-DRE-72165|Reactome:R-HSA-1169408|Reactome:R-HSA-159231|Reactome:R-HSA-159236|Reactome:R-HSA-162585|Reactome:R-HSA-162588|Reactome:R-HSA-162592|Reactome:R-HSA-162594|Reactome:R-HSA-164516|Reactome:R-HSA-164525|Reactome:R-HSA-164843|Reactome:R-HSA-168315|Reactome:R-HSA-173107|Reactome:R-HSA-174490|Reactome:R-HSA-174495|Reactome:R-HSA-175474|Reactome:R-HSA-175567|Reactome:R-HSA-177539|Reactome:R-HSA-180689|Reactome:R-HSA-180910|Reactome:R-HSA-429947|Reactome:R-HSA-452723|Reactome:R-HSA-6784531|Reactome:R-HSA-72163|Reactome:R-HSA-72165|Reactome:R-HSA-72187|Reactome:R-HSA-72203|Reactome:R-HSA-73856|Reactome:R-HSA-77595|Reactome:R-HSA-9013422|Reactome:R-HSA-9682706|Reactome:R-HSA-9694686|Reactome:R-HSA-9705671|Reactome:R-HSA-9770562|Reactome:R-HSA-9819196|Reactome:R-HSA-9820865|Reactome:R-HSA-983168|Reactome:R-HSA-9843970|Reactome:R-HSA-9918481|Reactome:R-HSA-9930044|Reactome:R-HSA-9931510|Reactome:R-MMU-159231|Reactome:R-MMU-159236|Reactome:R-MMU-72163|Reactome:R-MMU-72165|Reactome:R-MMU-72187|Reactome:R-MMU-72203|Reactome:R-MMU-73856|Reactome:R-MMU-77595|Reactome:R-MMU-9013422|Reactome:R-MMU-9770562|Reactome:R-MMU-983168|Reactome:R-MMU-9930044|Reactome:R-RNO-159231|Reactome:R-RNO-72165|Reactome:R-RNO-73856|Reactome:R-RNO-77595|Reactome:R-RNO-9770562|Reactome:R-SCE-983168|Reactome:R-SPO-9770562|Reactome:R-SPO-983168|Reactome:R-XTR-77595|Reactome:R-XTR-9770562
MuLV	0d00efd70c467c38b46021d5eb8b72fb	518	SUPERFAMILY	SSF57756	Retrovirus zinc finger-like domains	469	513	1.79E-12	T	13-08-2026	IPR036875	Zinc finger, CCHC-type superfamily	GO:0003676(InterPro)|GO:0008270(InterPro)	Reactome:R-BTA-159231|Reactome:R-BTA-159236|Reactome:R-BTA-72163|Reactome:R-BTA-72165|Reactome:R-BTA-72203|Reactome:R-BTA-73856|Reactome:R-BTA-77595|Reactome:R-BTA-9770562|Reactome:R-CEL-159236|Reactome:R-CEL-72163|Reactome:R-CEL-73856|Reactome:R-DME-159231|Reactome:R-DME-159236|Reactome:R-DME-1834941|Reactome:R-DME-72163|Reactome:R-DME-72165|Reactome:R-DME-72203|Reactome:R-DME-73856|Reactome:R-DME-77595|Reactome:R-DME-9770562|Reactome:R-DRE-72165|Reactome:R-HSA-1169408|Reactome:R-HSA-159231|Reactome:R-HSA-159236|Reactome:R-HSA-162585|Reactome:R-HSA-162588|Reactome:R-HSA-162592|Reactome:R-HSA-162594|Reactome:R-HSA-164516|Reactome:R-HSA-164525|Reactome:R-HSA-164843|Reactome:R-HSA-168315|Reactome:R-HSA-173107|Reactome:R-HSA-174490|Reactome:R-HSA-174495|Reactome:R-HSA-175474|Reactome:R-HSA-175567|Reactome:R-HSA-177539|Reactome:R-HSA-180689|Reactome:R-HSA-180910|Reactome:R-HSA-429947|Reactome:R-HSA-452723|Reactome:R-HSA-6784531|Reactome:R-HSA-72163|Reactome:R-HSA-72165|Reactome:R-HSA-72187|Reactome:R-HSA-72203|Reactome:R-HSA-73856|Reactome:R-HSA-77595|Reactome:R-HSA-9013422|Reactome:R-HSA-9682706|Reactome:R-HSA-9694686|Reactome:R-HSA-9705671|Reactome:R-HSA-9770562|Reactome:R-HSA-9819196|Reactome:R-HSA-9820865|Reactome:R-HSA-983168|Reactome:R-HSA-9918481|Reactome:R-HSA-9930044|Reactome:R-MMU-159231|Reactome:R-MMU-159236|Reactome:R-MMU-72163|Reactome:R-MMU-72165|Reactome:R-MMU-72187|Reactome:R-MMU-72203|Reactome:R-MMU-73856|Reactome:R-MMU-77595|Reactome:R-MMU-9013422|Reactome:R-MMU-9770562|Reactome:R-MMU-983168|Reactome:R-RNO-159231|Reactome:R-RNO-72165|Reactome:R-RNO-73856|Reactome:R-RNO-77595|Reactome:R-RNO-9770562|Reactome:R-SCE-983168|Reactome:R-SPO-9770562|Reactome:R-SPO-983168|Reactome:R-XTR-77595|Reactome:R-XTR-9770562
MuLV	0d00efd70c467c38b46021d5eb8b72fb	518	Gene3D	G3DSA:1.10.375.10	Human Immunodeficiency Virus Type 1 Capsid Protein	206	336	1.6E-57	T	13-08-2026	IPR008919	Retrovirus capsid, N-terminal	GO:0016032(InterPro)	Reactome:R-HSA-1169408|Reactome:R-HSA-162585|Reactome:R-HSA-162588|Reactome:R-HSA-162592|Reactome:R-HSA-162594|Reactome:R-HSA-164516|Reactome:R-HSA-164525|Reactome:R-HSA-164843|Reactome:R-HSA-173107|Reactome:R-HSA-174490|Reactome:R-HSA-174495|Reactome:R-HSA-175474|Reactome:R-HSA-175567|Reactome:R-HSA-177539|Reactome:R-HSA-180689|Reactome:R-HSA-180910
MuLV	0d00efd70c467c38b46021d5eb8b72fb	518	SUPERFAMILY	SSF47943	Retrovirus capsid protein, N-terminal core domain	207	336	2.2E-53	T	13-08-2026	IPR008919	Retrovirus capsid, N-terminal	GO:0016032(InterPro)	Reactome:R-HSA-1169408|Reactome:R-HSA-162585|Reactome:R-HSA-162588|Reactome:R-HSA-162592|Reactome:R-HSA-162594|Reactome:R-HSA-164516|Reactome:R-HSA-164525|Reactome:R-HSA-164843|Reactome:R-HSA-173107|Reactome:R-HSA-174490|Reactome:R-HSA-174495|Reactome:R-HSA-175474|Reactome:R-HSA-175567|Reactome:R-HSA-177539|Reactome:R-HSA-180689|Reactome:R-HSA-180910
MuLV	0d00efd70c467c38b46021d5eb8b72fb	518	PANTHER	PTHR33166	GAG_P30 DOMAIN-CONTAINING PROTEIN	1	513	3.1E-165	T	13-08-2026	IPR050462	Retroviral Gag-Pol polyproteins	-	Reactome:R-HSA-198933
MuLV	0d00efd70c467c38b46021d5eb8b72fb	518	FunFam	G3DSA:1.10.375.10:FF:000008	Gag polyprotein	206	343	2.5E-90	T	13-08-2026	-	-	-	-
MuLV	0d00efd70c467c38b46021d5eb8b72fb	518	SUPERFAMILY	SSF47836	Retroviral matrix proteins	1	95	3.35E-40	T	13-08-2026	IPR010999	Retroviral matrix protein	-	Reactome:R-HSA-1169408|Reactome:R-HSA-162585|Reactome:R-HSA-162588|Reactome:R-HSA-162592|Reactome:R-HSA-162594|Reactome:R-HSA-164516|Reactome:R-HSA-164525|Reactome:R-HSA-164843|Reactome:R-HSA-173107|Reactome:R-HSA-174490|Reactome:R-HSA-174495|Reactome:R-HSA-175474|Reactome:R-HSA-175567|Reactome:R-HSA-177539|Reactome:R-HSA-180689|Reactome:R-HSA-180910|Reactome:R-HSA-198933
MuLV	0d00efd70c467c38b46021d5eb8b72fb	518	ProSiteProfiles	PS50158	Zinc finger CCHC-type profile.	492	507	9.125269	T	13-08-2026	IPR001878	Zinc finger, CCHC-type	GO:0003676(InterPro)|GO:0008270(InterPro)	Reactome:R-BTA-159231|Reactome:R-BTA-159236|Reactome:R-BTA-72163|Reactome:R-BTA-72165|Reactome:R-BTA-72203|Reactome:R-BTA-73856|Reactome:R-BTA-77595|Reactome:R-BTA-9770562|Reactome:R-CEL-159236|Reactome:R-CEL-72163|Reactome:R-CEL-73856|Reactome:R-DME-159231|Reactome:R-DME-159236|Reactome:R-DME-1834941|Reactome:R-DME-72163|Reactome:R-DME-72165|Reactome:R-DME-72203|Reactome:R-DME-73856|Reactome:R-DME-77595|Reactome:R-DME-8941326|Reactome:R-DME-9770562|Reactome:R-DME-9930044|Reactome:R-DRE-72165|Reactome:R-HSA-1169408|Reactome:R-HSA-159231|Reactome:R-HSA-159236|Reactome:R-HSA-162585|Reactome:R-HSA-162588|Reactome:R-HSA-162592|Reactome:R-HSA-162594|Reactome:R-HSA-164516|Reactome:R-HSA-164525|Reactome:R-HSA-164843|Reactome:R-HSA-168315|Reactome:R-HSA-173107|Reactome:R-HSA-174490|Reactome:R-HSA-174495|Reactome:R-HSA-175474|Reactome:R-HSA-175567|Reactome:R-HSA-177539|Reactome:R-HSA-180689|Reactome:R-HSA-180910|Reactome:R-HSA-429947|Reactome:R-HSA-452723|Reactome:R-HSA-6784531|Reactome:R-HSA-72163|Reactome:R-HSA-72165|Reactome:R-HSA-72187|Reactome:R-HSA-72203|Reactome:R-HSA-73856|Reactome:R-HSA-77595|Reactome:R-HSA-9013422|Reactome:R-HSA-9682706|Reactome:R-HSA-9694686|Reactome:R-HSA-9705671|Reactome:R-HSA-9770562|Reactome:R-HSA-9819196|Reactome:R-HSA-9820865|Reactome:R-HSA-983168|Reactome:R-HSA-9843970|Reactome:R-HSA-9918481|Reactome:R-HSA-9930044|Reactome:R-HSA-9931510|Reactome:R-MMU-159231|Reactome:R-MMU-159236|Reactome:R-MMU-72163|Reactome:R-MMU-72165|Reactome:R-MMU-72187|Reactome:R-MMU-72203|Reactome:R-MMU-73856|Reactome:R-MMU-77595|Reactome:R-MMU-9013422|Reactome:R-MMU-9770562|Reactome:R-MMU-983168|Reactome:R-MMU-9930044|Reactome:R-RNO-159231|Reactome:R-RNO-72165|Reactome:R-RNO-73856|Reactome:R-RNO-77595|Reactome:R-RNO-9770562|Reactome:R-SCE-983168|Reactome:R-SPO-9770562|Reactome:R-SPO-983168|Reactome:R-XTR-77595|Reactome:R-XTR-9770562
MuLV	0d00efd70c467c38b46021d5eb8b72fb	518	Coils	Coil	Coil	431	458	-	T	13-08-2026	-	-	-	-
MuLV	0d00efd70c467c38b46021d5eb8b72fb	518	Gene3D	G3DSA:1.10.150.180	-	1	96	1.2E-43	T	13-08-2026	IPR036946	Gamma-retroviral matrix domain superfamily	-	Reactome:R-HSA-198933
MuLV	0d00efd70c467c38b46021d5eb8b72fb	518	SMART	SM00343	c2hcfinal6	491	507	6.7E-4	T	13-08-2026	IPR001878	Zinc finger, CCHC-type	GO:0003676(InterPro)|GO:0008270(InterPro)	Reactome:R-BTA-159231|Reactome:R-BTA-159236|Reactome:R-BTA-72163|Reactome:R-BTA-72165|Reactome:R-BTA-72203|Reactome:R-BTA-73856|Reactome:R-BTA-77595|Reactome:R-BTA-9770562|Reactome:R-CEL-159236|Reactome:R-CEL-72163|Reactome:R-CEL-73856|Reactome:R-DME-159231|Reactome:R-DME-159236|Reactome:R-DME-1834941|Reactome:R-DME-72163|Reactome:R-DME-72165|Reactome:R-DME-72203|Reactome:R-DME-73856|Reactome:R-DME-77595|Reactome:R-DME-8941326|Reactome:R-DME-9770562|Reactome:R-DME-9930044|Reactome:R-DRE-72165|Reactome:R-HSA-1169408|Reactome:R-HSA-159231|Reactome:R-HSA-159236|Reactome:R-HSA-162585|Reactome:R-HSA-162588|Reactome:R-HSA-162592|Reactome:R-HSA-162594|Reactome:R-HSA-164516|Reactome:R-HSA-164525|Reactome:R-HSA-164843|Reactome:R-HSA-168315|Reactome:R-HSA-173107|Reactome:R-HSA-174490|Reactome:R-HSA-174495|Reactome:R-HSA-175474|Reactome:R-HSA-175567|Reactome:R-HSA-177539|Reactome:R-HSA-180689|Reactome:R-HSA-180910|Reactome:R-HSA-429947|Reactome:R-HSA-452723|Reactome:R-HSA-6784531|Reactome:R-HSA-72163|Reactome:R-HSA-72165|Reactome:R-HSA-72187|Reactome:R-HSA-72203|Reactome:R-HSA-73856|Reactome:R-HSA-77595|Reactome:R-HSA-9013422|Reactome:R-HSA-9682706|Reactome:R-HSA-9694686|Reactome:R-HSA-9705671|Reactome:R-HSA-9770562|Reactome:R-HSA-9819196|Reactome:R-HSA-9820865|Reactome:R-HSA-983168|Reactome:R-HSA-9843970|Reactome:R-HSA-9918481|Reactome:R-HSA-9930044|Reactome:R-HSA-9931510|Reactome:R-MMU-159231|Reactome:R-MMU-159236|Reactome:R-MMU-72163|Reactome:R-MMU-72165|Reactome:R-MMU-72187|Reactome:R-MMU-72203|Reactome:R-MMU-73856|Reactome:R-MMU-77595|Reactome:R-MMU-9013422|Reactome:R-MMU-9770562|Reactome:R-MMU-983168|Reactome:R-MMU-9930044|Reactome:R-RNO-159231|Reactome:R-RNO-72165|Reactome:R-RNO-73856|Reactome:R-RNO-77595|Reactome:R-RNO-9770562|Reactome:R-SCE-983168|Reactome:R-SPO-9770562|Reactome:R-SPO-983168|Reactome:R-XTR-77595|Reactome:R-XTR-9770562
MuLV	0d00efd70c467c38b46021d5eb8b72fb	518	Gene3D	G3DSA:4.10.60.10	-	467	518	7.2E-24	T	13-08-2026	-	-	-	-
MuLV	0d00efd70c467c38b46021d5eb8b72fb	518	Pfam	PF02093	Gag P30 core shell protein	223	423	9.4E-127	T	13-08-2026	IPR003036	Core shell protein Gag P30	GO:0019068(InterPro)	-
MuLV	0d00efd70c467c38b46021d5eb8b72fb	518	MobiDBLite	mobidb-lite	consensus disorder prediction	508	518	-	T	13-08-2026	-	-	-	-
MuLV	0d00efd70c467c38b46021d5eb8b72fb	518	MobiDBLite	mobidb-lite	consensus disorder prediction	100	113	-	T	13-08-2026	-	-	-	-
MuLV	0d00efd70c467c38b46021d5eb8b72fb	518	MobiDBLite	mobidb-lite	consensus disorder prediction	424	518	-	T	13-08-2026	-	-	-	-
MuLV	0d00efd70c467c38b46021d5eb8b72fb	518	MobiDBLite	mobidb-lite	consensus disorder prediction	100	210	-	T	13-08-2026	-	-	-	-
MuLV	0d00efd70c467c38b46021d5eb8b72fb	518	MobiDBLite	mobidb-lite	consensus disorder prediction	474	507	-	T	13-08-2026	-	-	-	-
MuLV	0d00efd70c467c38b46021d5eb8b72fb	518	MobiDBLite	mobidb-lite	consensus disorder prediction	424	463	-	T	13-08-2026	-	-	-	-
Athila4-1	a43cfef31fecce81ee5f54a0d5de55d3	615	MobiDBLite	mobidb-lite	consensus disorder prediction	352	409	-	T	13-08-2026	-	-	-	-
Athila4-1	a43cfef31fecce81ee5f54a0d5de55d3	615	MobiDBLite	mobidb-lite	consensus disorder prediction	522	532	-	T	13-08-2026	-	-	-	-
Athila4-1	a43cfef31fecce81ee5f54a0d5de55d3	615	MobiDBLite	mobidb-lite	consensus disorder prediction	464	560	-	T	13-08-2026	-	-	-	-
Athila4-1	a43cfef31fecce81ee5f54a0d5de55d3	615	MobiDBLite	mobidb-lite	consensus disorder prediction	354	370	-	T	13-08-2026	-	-	-	-
Athila4-1	a43cfef31fecce81ee5f54a0d5de55d3	615	MobiDBLite	mobidb-lite	consensus disorder prediction	397	408	-	T	13-08-2026	-	-	-	-
Athila4-1	a43cfef31fecce81ee5f54a0d5de55d3	615	MobiDBLite	mobidb-lite	consensus disorder prediction	511	521	-	T	13-08-2026	-	-	-	-
Athila4-1	a43cfef31fecce81ee5f54a0d5de55d3	615	MobiDBLite	mobidb-lite	consensus disorder prediction	50	70	-	T	13-08-2026	-	-	-	-
Athila4-1	a43cfef31fecce81ee5f54a0d5de55d3	615	MobiDBLite	mobidb-lite	consensus disorder prediction	465	477	-	T	13-08-2026	-	-	-	-
Athila4-1	a43cfef31fecce81ee5f54a0d5de55d3	615	Coils	Coil	Coil	274	294	-	T	13-08-2026	-	-	-	-
Athila4-1	a43cfef31fecce81ee5f54a0d5de55d3	615	PANTHER	PTHR33223	CCHC-TYPE DOMAIN-CONTAINING PROTEIN	46	402	3.2E-40	T	13-08-2026	-	-	-	-
Del	337356055363631a04eeeb38881d99a2	289	Pfam	PF03732	Retrotransposon-derived protein PEG10, N-terminal capsid-like domain	13	92	3.6E-11	T	13-08-2026	IPR005162	Retrotransposon-derived protein PEG10, N-terminal capsid-like domain	-	-
Del	337356055363631a04eeeb38881d99a2	289	PANTHER	PTHR34482	DNA DAMAGE-INDUCIBLE PROTEIN 1-LIKE	43	234	1.4E-15	T	13-08-2026	-	-	-	-
Del	337356055363631a04eeeb38881d99a2	289	MobiDBLite	mobidb-lite	consensus disorder prediction	184	196	-	T	13-08-2026	-	-	-	-
Del	337356055363631a04eeeb38881d99a2	289	MobiDBLite	mobidb-lite	consensus disorder prediction	232	265	-	T	13-08-2026	-	-	-	-
Del	337356055363631a04eeeb38881d99a2	289	MobiDBLite	mobidb-lite	consensus disorder prediction	197	206	-	T	13-08-2026	-	-	-	-
Del	337356055363631a04eeeb38881d99a2	289	MobiDBLite	mobidb-lite	consensus disorder prediction	242	258	-	T	13-08-2026	-	-	-	-
Del	337356055363631a04eeeb38881d99a2	289	MobiDBLite	mobidb-lite	consensus disorder prediction	176	214	-	T	13-08-2026	-	-	-	-
Mdg3	f5a4710a390adb2d3d68c90e3ff07c84	392	Coils	Coil	Coil	103	123	-	T	13-08-2026	-	-	-	-
Mdg3	f5a4710a390adb2d3d68c90e3ff07c84	392	Pfam	PF00098	Zinc knuckle	378	392	3.5	T	13-08-2026	IPR001878	Zinc finger, CCHC-type	GO:0003676(InterPro)|GO:0008270(InterPro)	Reactome:R-BTA-159231|Reactome:R-BTA-159236|Reactome:R-BTA-72163|Reactome:R-BTA-72165|Reactome:R-BTA-72203|Reactome:R-BTA-73856|Reactome:R-BTA-77595|Reactome:R-BTA-9770562|Reactome:R-CEL-159236|Reactome:R-CEL-72163|Reactome:R-CEL-73856|Reactome:R-DME-159231|Reactome:R-DME-159236|Reactome:R-DME-1834941|Reactome:R-DME-72163|Reactome:R-DME-72165|Reactome:R-DME-72203|Reactome:R-DME-73856|Reactome:R-DME-77595|Reactome:R-DME-8941326|Reactome:R-DME-9770562|Reactome:R-DME-9930044|Reactome:R-DRE-72165|Reactome:R-HSA-1169408|Reactome:R-HSA-159231|Reactome:R-HSA-159236|Reactome:R-HSA-162585|Reactome:R-HSA-162588|Reactome:R-HSA-162592|Reactome:R-HSA-162594|Reactome:R-HSA-164516|Reactome:R-HSA-164525|Reactome:R-HSA-164843|Reactome:R-HSA-168315|Reactome:R-HSA-173107|Reactome:R-HSA-174490|Reactome:R-HSA-174495|Reactome:R-HSA-175474|Reactome:R-HSA-175567|Reactome:R-HSA-177539|Reactome:R-HSA-180689|Reactome:R-HSA-180910|Reactome:R-HSA-429947|Reactome:R-HSA-452723|Reactome:R-HSA-6784531|Reactome:R-HSA-72163|Reactome:R-HSA-72165|Reactome:R-HSA-72187|Reactome:R-HSA-72203|Reactome:R-HSA-73856|Reactome:R-HSA-77595|Reactome:R-HSA-9013422|Reactome:R-HSA-9682706|Reactome:R-HSA-9694686|Reactome:R-HSA-9705671|Reactome:R-HSA-9770562|Reactome:R-HSA-9819196|Reactome:R-HSA-9820865|Reactome:R-HSA-983168|Reactome:R-HSA-9843970|Reactome:R-HSA-9918481|Reactome:R-HSA-9930044|Reactome:R-HSA-9931510|Reactome:R-MMU-159231|Reactome:R-MMU-159236|Reactome:R-MMU-72163|Reactome:R-MMU-72165|Reactome:R-MMU-72187|Reactome:R-MMU-72203|Reactome:R-MMU-73856|Reactome:R-MMU-77595|Reactome:R-MMU-9013422|Reactome:R-MMU-9770562|Reactome:R-MMU-983168|Reactome:R-MMU-9930044|Reactome:R-RNO-159231|Reactome:R-RNO-72165|Reactome:R-RNO-73856|Reactome:R-RNO-77595|Reactome:R-RNO-9770562|Reactome:R-SCE-983168|Reactome:R-SPO-9770562|Reactome:R-SPO-983168|Reactome:R-XTR-77595|Reactome:R-XTR-9770562
Mdg3	f5a4710a390adb2d3d68c90e3ff07c84	392	SUPERFAMILY	SSF57756	Retrovirus zinc finger-like domains	349	392	1.7E-8	T	13-08-2026	IPR036875	Zinc finger, CCHC-type superfamily	GO:0003676(InterPro)|GO:0008270(InterPro)	Reactome:R-BTA-159231|Reactome:R-BTA-159236|Reactome:R-BTA-72163|Reactome:R-BTA-72165|Reactome:R-BTA-72203|Reactome:R-BTA-73856|Reactome:R-BTA-77595|Reactome:R-BTA-9770562|Reactome:R-CEL-159236|Reactome:R-CEL-72163|Reactome:R-CEL-73856|Reactome:R-DME-159231|Reactome:R-DME-159236|Reactome:R-DME-1834941|Reactome:R-DME-72163|Reactome:R-DME-72165|Reactome:R-DME-72203|Reactome:R-DME-73856|Reactome:R-DME-77595|Reactome:R-DME-9770562|Reactome:R-DRE-72165|Reactome:R-HSA-1169408|Reactome:R-HSA-159231|Reactome:R-HSA-159236|Reactome:R-HSA-162585|Reactome:R-HSA-162588|Reactome:R-HSA-162592|Reactome:R-HSA-162594|Reactome:R-HSA-164516|Reactome:R-HSA-164525|Reactome:R-HSA-164843|Reactome:R-HSA-168315|Reactome:R-HSA-173107|Reactome:R-HSA-174490|Reactome:R-HSA-174495|Reactome:R-HSA-175474|Reactome:R-HSA-175567|Reactome:R-HSA-177539|Reactome:R-HSA-180689|Reactome:R-HSA-180910|Reactome:R-HSA-429947|Reactome:R-HSA-452723|Reactome:R-HSA-6784531|Reactome:R-HSA-72163|Reactome:R-HSA-72165|Reactome:R-HSA-72187|Reactome:R-HSA-72203|Reactome:R-HSA-73856|Reactome:R-HSA-77595|Reactome:R-HSA-9013422|Reactome:R-HSA-9682706|Reactome:R-HSA-9694686|Reactome:R-HSA-9705671|Reactome:R-HSA-9770562|Reactome:R-HSA-9819196|Reactome:R-HSA-9820865|Reactome:R-HSA-983168|Reactome:R-HSA-9918481|Reactome:R-HSA-9930044|Reactome:R-MMU-159231|Reactome:R-MMU-159236|Reactome:R-MMU-72163|Reactome:R-MMU-72165|Reactome:R-MMU-72187|Reactome:R-MMU-72203|Reactome:R-MMU-73856|Reactome:R-MMU-77595|Reactome:R-MMU-9013422|Reactome:R-MMU-9770562|Reactome:R-MMU-983168|Reactome:R-RNO-159231|Reactome:R-RNO-72165|Reactome:R-RNO-73856|Reactome:R-RNO-77595|Reactome:R-RNO-9770562|Reactome:R-SCE-983168|Reactome:R-SPO-9770562|Reactome:R-SPO-983168|Reactome:R-XTR-77595|Reactome:R-XTR-9770562
Mdg3	f5a4710a390adb2d3d68c90e3ff07c84	392	ProSiteProfiles	PS50158	Zinc finger CCHC-type profile.	379	392	9.372511	T	13-08-2026	IPR001878	Zinc finger, CCHC-type	GO:0003676(InterPro)|GO:0008270(InterPro)	Reactome:R-BTA-159231|Reactome:R-BTA-159236|Reactome:R-BTA-72163|Reactome:R-BTA-72165|Reactome:R-BTA-72203|Reactome:R-BTA-73856|Reactome:R-BTA-77595|Reactome:R-BTA-9770562|Reactome:R-CEL-159236|Reactome:R-CEL-72163|Reactome:R-CEL-73856|Reactome:R-DME-159231|Reactome:R-DME-159236|Reactome:R-DME-1834941|Reactome:R-DME-72163|Reactome:R-DME-72165|Reactome:R-DME-72203|Reactome:R-DME-73856|Reactome:R-DME-77595|Reactome:R-DME-8941326|Reactome:R-DME-9770562|Reactome:R-DME-9930044|Reactome:R-DRE-72165|Reactome:R-HSA-1169408|Reactome:R-HSA-159231|Reactome:R-HSA-159236|Reactome:R-HSA-162585|Reactome:R-HSA-162588|Reactome:R-HSA-162592|Reactome:R-HSA-162594|Reactome:R-HSA-164516|Reactome:R-HSA-164525|Reactome:R-HSA-164843|Reactome:R-HSA-168315|Reactome:R-HSA-173107|Reactome:R-HSA-174490|Reactome:R-HSA-174495|Reactome:R-HSA-175474|Reactome:R-HSA-175567|Reactome:R-HSA-177539|Reactome:R-HSA-180689|Reactome:R-HSA-180910|Reactome:R-HSA-429947|Reactome:R-HSA-452723|Reactome:R-HSA-6784531|Reactome:R-HSA-72163|Reactome:R-HSA-72165|Reactome:R-HSA-72187|Reactome:R-HSA-72203|Reactome:R-HSA-73856|Reactome:R-HSA-77595|Reactome:R-HSA-9013422|Reactome:R-HSA-9682706|Reactome:R-HSA-9694686|Reactome:R-HSA-9705671|Reactome:R-HSA-9770562|Reactome:R-HSA-9819196|Reactome:R-HSA-9820865|Reactome:R-HSA-983168|Reactome:R-HSA-9843970|Reactome:R-HSA-9918481|Reactome:R-HSA-9930044|Reactome:R-HSA-9931510|Reactome:R-MMU-159231|Reactome:R-MMU-159236|Reactome:R-MMU-72163|Reactome:R-MMU-72165|Reactome:R-MMU-72187|Reactome:R-MMU-72203|Reactome:R-MMU-73856|Reactome:R-MMU-77595|Reactome:R-MMU-9013422|Reactome:R-MMU-9770562|Reactome:R-MMU-983168|Reactome:R-MMU-9930044|Reactome:R-RNO-159231|Reactome:R-RNO-72165|Reactome:R-RNO-73856|Reactome:R-RNO-77595|Reactome:R-RNO-9770562|Reactome:R-SCE-983168|Reactome:R-SPO-9770562|Reactome:R-SPO-983168|Reactome:R-XTR-77595|Reactome:R-XTR-9770562
Mdg3	f5a4710a390adb2d3d68c90e3ff07c84	392	SUPERFAMILY	SSF68906	SAP domain	6	39	7.14E-5	T	13-08-2026	IPR036361	SAP domain superfamily	-	Reactome:R-BTA-114608|Reactome:R-BTA-6804757|Reactome:R-BTA-983168|Reactome:R-CEL-114608|Reactome:R-CEL-3899300|Reactome:R-DDI-5693571|Reactome:R-DDI-6798695|Reactome:R-DME-114608|Reactome:R-DRE-196791|Reactome:R-DRE-3108214|Reactome:R-DRE-3232118|Reactome:R-DRE-3232142|Reactome:R-DRE-3899300|Reactome:R-DRE-4085377|Reactome:R-DRE-4090294|Reactome:R-DRE-4615885|Reactome:R-DRE-4755510|Reactome:R-DRE-5693565|Reactome:R-DRE-5693571|Reactome:R-DRE-5693607|Reactome:R-GGA-353423|Reactome:R-HSA-110314|Reactome:R-HSA-111465|Reactome:R-HSA-114608|Reactome:R-HSA-159236|Reactome:R-HSA-164843|Reactome:R-HSA-1834949|Reactome:R-HSA-196791|Reactome:R-HSA-3108214|Reactome:R-HSA-3232118|Reactome:R-HSA-3232142|Reactome:R-HSA-3270619|Reactome:R-HSA-3899300|Reactome:R-HSA-4085377|Reactome:R-HSA-4090294|Reactome:R-HSA-4551638|Reactome:R-HSA-4615885|Reactome:R-HSA-4755510|Reactome:R-HSA-5617472|Reactome:R-HSA-5663220|Reactome:R-HSA-5693565|Reactome:R-HSA-5693571|Reactome:R-HSA-5693607|Reactome:R-HSA-5696395|Reactome:R-HSA-6791226|Reactome:R-HSA-6798695|Reactome:R-HSA-6804757|Reactome:R-HSA-69473|Reactome:R-HSA-72163|Reactome:R-HSA-72187|Reactome:R-HSA-72203|Reactome:R-HSA-73856|Reactome:R-HSA-877312|Reactome:R-HSA-8866654|Reactome:R-HSA-9733709|Reactome:R-HSA-9770562|Reactome:R-HSA-983168|Reactome:R-HSA-9844594|Reactome:R-HSA-9918481|Reactome:R-MMU-110314|Reactome:R-MMU-111465|Reactome:R-MMU-159236|Reactome:R-MMU-196791|Reactome:R-MMU-3108214|Reactome:R-MMU-3232118|Reactome:R-MMU-3232142|Reactome:R-MMU-3899300|Reactome:R-MMU-4085377|Reactome:R-MMU-4090294|Reactome:R-MMU-4551638|Reactome:R-MMU-4615885|Reactome:R-MMU-4755510|Reactome:R-MMU-5663220|Reactome:R-MMU-5693565|Reactome:R-MMU-5693571|Reactome:R-MMU-5693607|Reactome:R-MMU-5696395|Reactome:R-MMU-6791226|Reactome:R-MMU-6798695|Reactome:R-MMU-6804757|Reactome:R-MMU-69473|Reactome:R-MMU-72163|Reactome:R-MMU-72187|Reactome:R-MMU-72203|Reactome:R-MMU-73856|Reactome:R-MMU-877312|Reactome:R-MMU-8866654|Reactome:R-MMU-9770562|Reactome:R-MMU-983168|Reactome:R-RNO-114608|Reactome:R-RNO-159236|Reactome:R-RNO-3108214|Reactome:R-RNO-3232118|Reactome:R-RNO-3232142|Reactome:R-RNO-3899300|Reactome:R-RNO-4090294|Reactome:R-RNO-4551638|Reactome:R-RNO-4615885|Reactome:R-RNO-4755510|Reactome:R-RNO-5696395|Reactome:R-RNO-6791226|Reactome:R-RNO-6804757|Reactome:R-RNO-72163|Reactome:R-RNO-72203|Reactome:R-RNO-73856|Reactome:R-RNO-9770562|Reactome:R-RNO-983168|Reactome:R-SCE-3232118|Reactome:R-SCE-4085377|Reactome:R-SCE-4551638|Reactome:R-SPO-3232118|Reactome:R-SPO-3899300|Reactome:R-SPO-4085377|Reactome:R-SPO-4551638|Reactome:R-SPO-5696395|Reactome:R-SPO-6798695
Mdg3	f5a4710a390adb2d3d68c90e3ff07c84	392	MobiDBLite	mobidb-lite	consensus disorder prediction	150	165	-	T	13-08-2026	-	-	-	-
Mdg3	f5a4710a390adb2d3d68c90e3ff07c84	392	MobiDBLite	mobidb-lite	consensus disorder prediction	150	173	-	T	13-08-2026	-	-	-	-
Mdg3	f5a4710a390adb2d3d68c90e3ff07c84	392	Gene3D	G3DSA:4.10.60.10	-	338	392	2.1E-9	T	13-08-2026	-	-	-	-
Mdg3	f5a4710a390adb2d3d68c90e3ff07c84	392	ProSiteProfiles	PS50800	SAP motif profile.	7	41	9.806317	T	13-08-2026	IPR003034	SAP domain	-	Reactome:R-CEL-3899300|Reactome:R-DRE-196791|Reactome:R-DRE-3108214|Reactome:R-DRE-3232118|Reactome:R-DRE-3232142|Reactome:R-DRE-3899300|Reactome:R-DRE-4085377|Reactome:R-DRE-4090294|Reactome:R-DRE-4615885|Reactome:R-DRE-4755510|Reactome:R-DRE-5693565|Reactome:R-DRE-5693571|Reactome:R-DRE-5693607|Reactome:R-GGA-353423|Reactome:R-HSA-110314|Reactome:R-HSA-111465|Reactome:R-HSA-159236|Reactome:R-HSA-164843|Reactome:R-HSA-1834949|Reactome:R-HSA-196791|Reactome:R-HSA-3108214|Reactome:R-HSA-3232118|Reactome:R-HSA-3232142|Reactome:R-HSA-3270619|Reactome:R-HSA-3899300|Reactome:R-HSA-4085377|Reactome:R-HSA-4090294|Reactome:R-HSA-4551638|Reactome:R-HSA-4615885|Reactome:R-HSA-4755510|Reactome:R-HSA-5250924|Reactome:R-HSA-5617472|Reactome:R-HSA-5663220|Reactome:R-HSA-5693565|Reactome:R-HSA-5693571|Reactome:R-HSA-5693607|Reactome:R-HSA-5696395|Reactome:R-HSA-6791226|Reactome:R-HSA-6798695|Reactome:R-HSA-69473|Reactome:R-HSA-72163|Reactome:R-HSA-72165|Reactome:R-HSA-72187|Reactome:R-HSA-72203|Reactome:R-HSA-73856|Reactome:R-HSA-877312|Reactome:R-HSA-8864260|Reactome:R-HSA-8866654|Reactome:R-HSA-9616222|Reactome:R-HSA-9733709|Reactome:R-HSA-9770562|Reactome:R-HSA-9819196|Reactome:R-HSA-9844594|Reactome:R-HSA-9918481|Reactome:R-MMU-110314|Reactome:R-MMU-111465|Reactome:R-MMU-159236|Reactome:R-MMU-196791|Reactome:R-MMU-3108214|Reactome:R-MMU-3232118|Reactome:R-MMU-3232142|Reactome:R-MMU-3899300|Reactome:R-MMU-4085377|Reactome:R-MMU-4090294|Reactome:R-MMU-4551638|Reactome:R-MMU-4615885|Reactome:R-MMU-4755510|Reactome:R-MMU-5250924|Reactome:R-MMU-5663220|Reactome:R-MMU-5693565|Reactome:R-MMU-5693571|Reactome:R-MMU-5693607|Reactome:R-MMU-5696395|Reactome:R-MMU-6791226|Reactome:R-MMU-6798695|Reactome:R-MMU-69473|Reactome:R-MMU-72163|Reactome:R-MMU-72165|Reactome:R-MMU-72187|Reactome:R-MMU-72203|Reactome:R-MMU-73856|Reactome:R-MMU-877312|Reactome:R-MMU-8864260|Reactome:R-MMU-8866654|Reactome:R-MMU-9770562|Reactome:R-RNO-159236|Reactome:R-RNO-3108214|Reactome:R-RNO-3232118|Reactome:R-RNO-3232142|Reactome:R-RNO-3899300|Reactome:R-RNO-4090294|Reactome:R-RNO-4551638|Reactome:R-RNO-4615885|Reactome:R-RNO-4755510|Reactome:R-RNO-5250924|Reactome:R-RNO-5696395|Reactome:R-RNO-6791226|Reactome:R-RNO-72163|Reactome:R-RNO-72203|Reactome:R-RNO-73856|Reactome:R-RNO-8864260|Reactome:R-RNO-9770562|Reactome:R-SCE-3232118|Reactome:R-SCE-4085377|Reactome:R-SCE-4551638|Reactome:R-SPO-110314|Reactome:R-SPO-3232118|Reactome:R-SPO-3899300|Reactome:R-SPO-4085377|Reactome:R-SPO-4551638|Reactome:R-SPO-5696395|Reactome:R-SPO-6798695
Mdg3	f5a4710a390adb2d3d68c90e3ff07c84	392	SMART	SM00513	sap_9	7	41	2.6E-7	T	13-08-2026	IPR003034	SAP domain	-	Reactome:R-CEL-3899300|Reactome:R-DRE-196791|Reactome:R-DRE-3108214|Reactome:R-DRE-3232118|Reactome:R-DRE-3232142|Reactome:R-DRE-3899300|Reactome:R-DRE-4085377|Reactome:R-DRE-4090294|Reactome:R-DRE-4615885|Reactome:R-DRE-4755510|Reactome:R-DRE-5693565|Reactome:R-DRE-5693571|Reactome:R-DRE-5693607|Reactome:R-GGA-353423|Reactome:R-HSA-110314|Reactome:R-HSA-111465|Reactome:R-HSA-159236|Reactome:R-HSA-164843|Reactome:R-HSA-1834949|Reactome:R-HSA-196791|Reactome:R-HSA-3108214|Reactome:R-HSA-3232118|Reactome:R-HSA-3232142|Reactome:R-HSA-3270619|Reactome:R-HSA-3899300|Reactome:R-HSA-4085377|Reactome:R-HSA-4090294|Reactome:R-HSA-4551638|Reactome:R-HSA-4615885|Reactome:R-HSA-4755510|Reactome:R-HSA-5250924|Reactome:R-HSA-5617472|Reactome:R-HSA-5663220|Reactome:R-HSA-5693565|Reactome:R-HSA-5693571|Reactome:R-HSA-5693607|Reactome:R-HSA-5696395|Reactome:R-HSA-6791226|Reactome:R-HSA-6798695|Reactome:R-HSA-69473|Reactome:R-HSA-72163|Reactome:R-HSA-72165|Reactome:R-HSA-72187|Reactome:R-HSA-72203|Reactome:R-HSA-73856|Reactome:R-HSA-877312|Reactome:R-HSA-8864260|Reactome:R-HSA-8866654|Reactome:R-HSA-9616222|Reactome:R-HSA-9733709|Reactome:R-HSA-9770562|Reactome:R-HSA-9819196|Reactome:R-HSA-9844594|Reactome:R-HSA-9918481|Reactome:R-MMU-110314|Reactome:R-MMU-111465|Reactome:R-MMU-159236|Reactome:R-MMU-196791|Reactome:R-MMU-3108214|Reactome:R-MMU-3232118|Reactome:R-MMU-3232142|Reactome:R-MMU-3899300|Reactome:R-MMU-4085377|Reactome:R-MMU-4090294|Reactome:R-MMU-4551638|Reactome:R-MMU-4615885|Reactome:R-MMU-4755510|Reactome:R-MMU-5250924|Reactome:R-MMU-5663220|Reactome:R-MMU-5693565|Reactome:R-MMU-5693571|Reactome:R-MMU-5693607|Reactome:R-MMU-5696395|Reactome:R-MMU-6791226|Reactome:R-MMU-6798695|Reactome:R-MMU-69473|Reactome:R-MMU-72163|Reactome:R-MMU-72165|Reactome:R-MMU-72187|Reactome:R-MMU-72203|Reactome:R-MMU-73856|Reactome:R-MMU-877312|Reactome:R-MMU-8864260|Reactome:R-MMU-8866654|Reactome:R-MMU-9770562|Reactome:R-RNO-159236|Reactome:R-RNO-3108214|Reactome:R-RNO-3232118|Reactome:R-RNO-3232142|Reactome:R-RNO-3899300|Reactome:R-RNO-4090294|Reactome:R-RNO-4551638|Reactome:R-RNO-4615885|Reactome:R-RNO-4755510|Reactome:R-RNO-5250924|Reactome:R-RNO-5696395|Reactome:R-RNO-6791226|Reactome:R-RNO-72163|Reactome:R-RNO-72203|Reactome:R-RNO-73856|Reactome:R-RNO-8864260|Reactome:R-RNO-9770562|Reactome:R-SCE-3232118|Reactome:R-SCE-4085377|Reactome:R-SCE-4551638|Reactome:R-SPO-110314|Reactome:R-SPO-3232118|Reactome:R-SPO-3899300|Reactome:R-SPO-4085377|Reactome:R-SPO-4551638|Reactome:R-SPO-5696395|Reactome:R-SPO-6798695
Mdg3	f5a4710a390adb2d3d68c90e3ff07c84	392	SMART	SM00343	c2hcfinal6	355	371	0.074	T	13-08-2026	IPR001878	Zinc finger, CCHC-type	GO:0003676(InterPro)|GO:0008270(InterPro)	Reactome:R-BTA-159231|Reactome:R-BTA-159236|Reactome:R-BTA-72163|Reactome:R-BTA-72165|Reactome:R-BTA-72203|Reactome:R-BTA-73856|Reactome:R-BTA-77595|Reactome:R-BTA-9770562|Reactome:R-CEL-159236|Reactome:R-CEL-72163|Reactome:R-CEL-73856|Reactome:R-DME-159231|Reactome:R-DME-159236|Reactome:R-DME-1834941|Reactome:R-DME-72163|Reactome:R-DME-72165|Reactome:R-DME-72203|Reactome:R-DME-73856|Reactome:R-DME-77595|Reactome:R-DME-8941326|Reactome:R-DME-9770562|Reactome:R-DME-9930044|Reactome:R-DRE-72165|Reactome:R-HSA-1169408|Reactome:R-HSA-159231|Reactome:R-HSA-159236|Reactome:R-HSA-162585|Reactome:R-HSA-162588|Reactome:R-HSA-162592|Reactome:R-HSA-162594|Reactome:R-HSA-164516|Reactome:R-HSA-164525|Reactome:R-HSA-164843|Reactome:R-HSA-168315|Reactome:R-HSA-173107|Reactome:R-HSA-174490|Reactome:R-HSA-174495|Reactome:R-HSA-175474|Reactome:R-HSA-175567|Reactome:R-HSA-177539|Reactome:R-HSA-180689|Reactome:R-HSA-180910|Reactome:R-HSA-429947|Reactome:R-HSA-452723|Reactome:R-HSA-6784531|Reactome:R-HSA-72163|Reactome:R-HSA-72165|Reactome:R-HSA-72187|Reactome:R-HSA-72203|Reactome:R-HSA-73856|Reactome:R-HSA-77595|Reactome:R-HSA-9013422|Reactome:R-HSA-9682706|Reactome:R-HSA-9694686|Reactome:R-HSA-9705671|Reactome:R-HSA-9770562|Reactome:R-HSA-9819196|Reactome:R-HSA-9820865|Reactome:R-HSA-983168|Reactome:R-HSA-9843970|Reactome:R-HSA-9918481|Reactome:R-HSA-9930044|Reactome:R-HSA-9931510|Reactome:R-MMU-159231|Reactome:R-MMU-159236|Reactome:R-MMU-72163|Reactome:R-MMU-72165|Reactome:R-MMU-72187|Reactome:R-MMU-72203|Reactome:R-MMU-73856|Reactome:R-MMU-77595|Reactome:R-MMU-9013422|Reactome:R-MMU-9770562|Reactome:R-MMU-983168|Reactome:R-MMU-9930044|Reactome:R-RNO-159231|Reactome:R-RNO-72165|Reactome:R-RNO-73856|Reactome:R-RNO-77595|Reactome:R-RNO-9770562|Reactome:R-SCE-983168|Reactome:R-SPO-9770562|Reactome:R-SPO-983168|Reactome:R-XTR-77595|Reactome:R-XTR-9770562
Mdg3	f5a4710a390adb2d3d68c90e3ff07c84	392	SMART	SM00343	c2hcfinal6	378	392	1.9	T	13-08-2026	IPR001878	Zinc finger, CCHC-type	GO:0003676(InterPro)|GO:0008270(InterPro)	Reactome:R-BTA-159231|Reactome:R-BTA-159236|Reactome:R-BTA-72163|Reactome:R-BTA-72165|Reactome:R-BTA-72203|Reactome:R-BTA-73856|Reactome:R-BTA-77595|Reactome:R-BTA-9770562|Reactome:R-CEL-159236|Reactome:R-CEL-72163|Reactome:R-CEL-73856|Reactome:R-DME-159231|Reactome:R-DME-159236|Reactome:R-DME-1834941|Reactome:R-DME-72163|Reactome:R-DME-72165|Reactome:R-DME-72203|Reactome:R-DME-73856|Reactome:R-DME-77595|Reactome:R-DME-8941326|Reactome:R-DME-9770562|Reactome:R-DME-9930044|Reactome:R-DRE-72165|Reactome:R-HSA-1169408|Reactome:R-HSA-159231|Reactome:R-HSA-159236|Reactome:R-HSA-162585|Reactome:R-HSA-162588|Reactome:R-HSA-162592|Reactome:R-HSA-162594|Reactome:R-HSA-164516|Reactome:R-HSA-164525|Reactome:R-HSA-164843|Reactome:R-HSA-168315|Reactome:R-HSA-173107|Reactome:R-HSA-174490|Reactome:R-HSA-174495|Reactome:R-HSA-175474|Reactome:R-HSA-175567|Reactome:R-HSA-177539|Reactome:R-HSA-180689|Reactome:R-HSA-180910|Reactome:R-HSA-429947|Reactome:R-HSA-452723|Reactome:R-HSA-6784531|Reactome:R-HSA-72163|Reactome:R-HSA-72165|Reactome:R-HSA-72187|Reactome:R-HSA-72203|Reactome:R-HSA-73856|Reactome:R-HSA-77595|Reactome:R-HSA-9013422|Reactome:R-HSA-9682706|Reactome:R-HSA-9694686|Reactome:R-HSA-9705671|Reactome:R-HSA-9770562|Reactome:R-HSA-9819196|Reactome:R-HSA-9820865|Reactome:R-HSA-983168|Reactome:R-HSA-9843970|Reactome:R-HSA-9918481|Reactome:R-HSA-9930044|Reactome:R-HSA-9931510|Reactome:R-MMU-159231|Reactome:R-MMU-159236|Reactome:R-MMU-72163|Reactome:R-MMU-72165|Reactome:R-MMU-72187|Reactome:R-MMU-72203|Reactome:R-MMU-73856|Reactome:R-MMU-77595|Reactome:R-MMU-9013422|Reactome:R-MMU-9770562|Reactome:R-MMU-983168|Reactome:R-MMU-9930044|Reactome:R-RNO-159231|Reactome:R-RNO-72165|Reactome:R-RNO-73856|Reactome:R-RNO-77595|Reactome:R-RNO-9770562|Reactome:R-SCE-983168|Reactome:R-SPO-9770562|Reactome:R-SPO-983168|Reactome:R-XTR-77595|Reactome:R-XTR-9770562
SERV	cebfcbc3e3ad8328e85d8f7bbac2b57d	595	Coils	Coil	Coil	207	234	-	T	13-08-2026	-	-	-	-
SERV	cebfcbc3e3ad8328e85d8f7bbac2b57d	595	Pfam	PF14787	GAG-polyprotein viral zinc-finger	566	595	1.6E-13	T	13-08-2026	-	-	-	-
SERV	cebfcbc3e3ad8328e85d8f7bbac2b57d	595	PANTHER	PTHR40389	ENDOGENOUS RETROVIRUS GROUP K MEMBER 24 GAG POLYPROTEIN-RELATED	1	595	1.6E-233	T	13-08-2026	IPR050195	Primate lentivirus group Gag polyprotein-like	-	Reactome:R-HSA-1169408|Reactome:R-HSA-162585|Reactome:R-HSA-162588|Reactome:R-HSA-162592|Reactome:R-HSA-162594|Reactome:R-HSA-164516|Reactome:R-HSA-164525|Reactome:R-HSA-164843|Reactome:R-HSA-173107|Reactome:R-HSA-174490|Reactome:R-HSA-174495|Reactome:R-HSA-175474|Reactome:R-HSA-175567|Reactome:R-HSA-177539|Reactome:R-HSA-180689|Reactome:R-HSA-180910
SERV	cebfcbc3e3ad8328e85d8f7bbac2b57d	595	Pfam	PF19317	Gag protein p24 C-terminal domain	435	502	9.9E-18	T	13-08-2026	IPR045345	Retroviral nucleocapsid Gag protein p24, C-terminal domain	-	Reactome:R-HSA-1169408|Reactome:R-HSA-162585|Reactome:R-HSA-162588|Reactome:R-HSA-162592|Reactome:R-HSA-162594|Reactome:R-HSA-164516|Reactome:R-HSA-164525|Reactome:R-HSA-164843|Reactome:R-HSA-173107|Reactome:R-HSA-174490|Reactome:R-HSA-174495|Reactome:R-HSA-175474|Reactome:R-HSA-175567|Reactome:R-HSA-177539|Reactome:R-HSA-180689|Reactome:R-HSA-180910
SERV	cebfcbc3e3ad8328e85d8f7bbac2b57d	595	MobiDBLite	mobidb-lite	consensus disorder prediction	104	144	-	T	13-08-2026	-	-	-	-
SERV	cebfcbc3e3ad8328e85d8f7bbac2b57d	595	MobiDBLite	mobidb-lite	consensus disorder prediction	123	144	-	T	13-08-2026	-	-	-	-
SERV	cebfcbc3e3ad8328e85d8f7bbac2b57d	595	MobiDBLite	mobidb-lite	consensus disorder prediction	249	301	-	T	13-08-2026	-	-	-	-
SERV	cebfcbc3e3ad8328e85d8f7bbac2b57d	595	Pfam	PF00607	gag protein p24 N-terminal domain	306	429	1.1E-39	T	13-08-2026	-	-	-	-
SERV	cebfcbc3e3ad8328e85d8f7bbac2b57d	595	Gene3D	G3DSA:1.10.1200.30	-	431	516	4.7E-25	T	13-08-2026	IPR008916	Retrovirus capsid, C-terminal	-	Reactome:R-HSA-1169408|Reactome:R-HSA-162585|Reactome:R-HSA-162588|Reactome:R-HSA-162592|Reactome:R-HSA-162594|Reactome:R-HSA-164516|Reactome:R-HSA-164525|Reactome:R-HSA-164843|Reactome:R-HSA-173107|Reactome:R-HSA-174490|Reactome:R-HSA-174495|Reactome:R-HSA-175474|Reactome:R-HSA-175567|Reactome:R-HSA-177539|Reactome:R-HSA-180689|Reactome:R-HSA-180910
SERV	cebfcbc3e3ad8328e85d8f7bbac2b57d	595	Gene3D	G3DSA:1.10.375.10	Human Immunodeficiency Virus Type 1 Capsid Protein	292	430	7.7E-49	T	13-08-2026	IPR008919	Retrovirus capsid, N-terminal	GO:0016032(InterPro)	Reactome:R-HSA-1169408|Reactome:R-HSA-162585|Reactome:R-HSA-162588|Reactome:R-HSA-162592|Reactome:R-HSA-162594|Reactome:R-HSA-164516|Reactome:R-HSA-164525|Reactome:R-HSA-164843|Reactome:R-HSA-173107|Reactome:R-HSA-174490|Reactome:R-HSA-174495|Reactome:R-HSA-175474|Reactome:R-HSA-175567|Reactome:R-HSA-177539|Reactome:R-HSA-180689|Reactome:R-HSA-180910
SERV	cebfcbc3e3ad8328e85d8f7bbac2b57d	595	SMART	SM00343	c2hcfinal6	568	584	0.058	T	13-08-2026	IPR001878	Zinc finger, CCHC-type	GO:0003676(InterPro)|GO:0008270(InterPro)	Reactome:R-BTA-159231|Reactome:R-BTA-159236|Reactome:R-BTA-72163|Reactome:R-BTA-72165|Reactome:R-BTA-72203|Reactome:R-BTA-73856|Reactome:R-BTA-77595|Reactome:R-BTA-9770562|Reactome:R-CEL-159236|Reactome:R-CEL-72163|Reactome:R-CEL-73856|Reactome:R-DME-159231|Reactome:R-DME-159236|Reactome:R-DME-1834941|Reactome:R-DME-72163|Reactome:R-DME-72165|Reactome:R-DME-72203|Reactome:R-DME-73856|Reactome:R-DME-77595|Reactome:R-DME-8941326|Reactome:R-DME-9770562|Reactome:R-DME-9930044|Reactome:R-DRE-72165|Reactome:R-HSA-1169408|Reactome:R-HSA-159231|Reactome:R-HSA-159236|Reactome:R-HSA-162585|Reactome:R-HSA-162588|Reactome:R-HSA-162592|Reactome:R-HSA-162594|Reactome:R-HSA-164516|Reactome:R-HSA-164525|Reactome:R-HSA-164843|Reactome:R-HSA-168315|Reactome:R-HSA-173107|Reactome:R-HSA-174490|Reactome:R-HSA-174495|Reactome:R-HSA-175474|Reactome:R-HSA-175567|Reactome:R-HSA-177539|Reactome:R-HSA-180689|Reactome:R-HSA-180910|Reactome:R-HSA-429947|Reactome:R-HSA-452723|Reactome:R-HSA-6784531|Reactome:R-HSA-72163|Reactome:R-HSA-72165|Reactome:R-HSA-72187|Reactome:R-HSA-72203|Reactome:R-HSA-73856|Reactome:R-HSA-77595|Reactome:R-HSA-9013422|Reactome:R-HSA-9682706|Reactome:R-HSA-9694686|Reactome:R-HSA-9705671|Reactome:R-HSA-9770562|Reactome:R-HSA-9819196|Reactome:R-HSA-9820865|Reactome:R-HSA-983168|Reactome:R-HSA-9843970|Reactome:R-HSA-9918481|Reactome:R-HSA-9930044|Reactome:R-HSA-9931510|Reactome:R-MMU-159231|Reactome:R-MMU-159236|Reactome:R-MMU-72163|Reactome:R-MMU-72165|Reactome:R-MMU-72187|Reactome:R-MMU-72203|Reactome:R-MMU-73856|Reactome:R-MMU-77595|Reactome:R-MMU-9013422|Reactome:R-MMU-9770562|Reactome:R-MMU-983168|Reactome:R-MMU-9930044|Reactome:R-RNO-159231|Reactome:R-RNO-72165|Reactome:R-RNO-73856|Reactome:R-RNO-77595|Reactome:R-RNO-9770562|Reactome:R-SCE-983168|Reactome:R-SPO-9770562|Reactome:R-SPO-983168|Reactome:R-XTR-77595|Reactome:R-XTR-9770562
SERV	cebfcbc3e3ad8328e85d8f7bbac2b57d	595	SMART	SM00343	c2hcfinal6	539	555	5.8E-4	T	13-08-2026	IPR001878	Zinc finger, CCHC-type	GO:0003676(InterPro)|GO:0008270(InterPro)	Reactome:R-BTA-159231|Reactome:R-BTA-159236|Reactome:R-BTA-72163|Reactome:R-BTA-72165|Reactome:R-BTA-72203|Reactome:R-BTA-73856|Reactome:R-BTA-77595|Reactome:R-BTA-9770562|Reactome:R-CEL-159236|Reactome:R-CEL-72163|Reactome:R-CEL-73856|Reactome:R-DME-159231|Reactome:R-DME-159236|Reactome:R-DME-1834941|Reactome:R-DME-72163|Reactome:R-DME-72165|Reactome:R-DME-72203|Reactome:R-DME-73856|Reactome:R-DME-77595|Reactome:R-DME-8941326|Reactome:R-DME-9770562|Reactome:R-DME-9930044|Reactome:R-DRE-72165|Reactome:R-HSA-1169408|Reactome:R-HSA-159231|Reactome:R-HSA-159236|Reactome:R-HSA-162585|Reactome:R-HSA-162588|Reactome:R-HSA-162592|Reactome:R-HSA-162594|Reactome:R-HSA-164516|Reactome:R-HSA-164525|Reactome:R-HSA-164843|Reactome:R-HSA-168315|Reactome:R-HSA-173107|Reactome:R-HSA-174490|Reactome:R-HSA-174495|Reactome:R-HSA-175474|Reactome:R-HSA-175567|Reactome:R-HSA-177539|Reactome:R-HSA-180689|Reactome:R-HSA-180910|Reactome:R-HSA-429947|Reactome:R-HSA-452723|Reactome:R-HSA-6784531|Reactome:R-HSA-72163|Reactome:R-HSA-72165|Reactome:R-HSA-72187|Reactome:R-HSA-72203|Reactome:R-HSA-73856|Reactome:R-HSA-77595|Reactome:R-HSA-9013422|Reactome:R-HSA-9682706|Reactome:R-HSA-9694686|Reactome:R-HSA-9705671|Reactome:R-HSA-9770562|Reactome:R-HSA-9819196|Reactome:R-HSA-9820865|Reactome:R-HSA-983168|Reactome:R-HSA-9843970|Reactome:R-HSA-9918481|Reactome:R-HSA-9930044|Reactome:R-HSA-9931510|Reactome:R-MMU-159231|Reactome:R-MMU-159236|Reactome:R-MMU-72163|Reactome:R-MMU-72165|Reactome:R-MMU-72187|Reactome:R-MMU-72203|Reactome:R-MMU-73856|Reactome:R-MMU-77595|Reactome:R-MMU-9013422|Reactome:R-MMU-9770562|Reactome:R-MMU-983168|Reactome:R-MMU-9930044|Reactome:R-RNO-159231|Reactome:R-RNO-72165|Reactome:R-RNO-73856|Reactome:R-RNO-77595|Reactome:R-RNO-9770562|Reactome:R-SCE-983168|Reactome:R-SPO-9770562|Reactome:R-SPO-983168|Reactome:R-XTR-77595|Reactome:R-XTR-9770562
SERV	cebfcbc3e3ad8328e85d8f7bbac2b57d	595	ProSiteProfiles	PS50158	Zinc finger CCHC-type profile.	540	553	10.855963	T	13-08-2026	IPR001878	Zinc finger, CCHC-type	GO:0003676(InterPro)|GO:0008270(InterPro)	Reactome:R-BTA-159231|Reactome:R-BTA-159236|Reactome:R-BTA-72163|Reactome:R-BTA-72165|Reactome:R-BTA-72203|Reactome:R-BTA-73856|Reactome:R-BTA-77595|Reactome:R-BTA-9770562|Reactome:R-CEL-159236|Reactome:R-CEL-72163|Reactome:R-CEL-73856|Reactome:R-DME-159231|Reactome:R-DME-159236|Reactome:R-DME-1834941|Reactome:R-DME-72163|Reactome:R-DME-72165|Reactome:R-DME-72203|Reactome:R-DME-73856|Reactome:R-DME-77595|Reactome:R-DME-8941326|Reactome:R-DME-9770562|Reactome:R-DME-9930044|Reactome:R-DRE-72165|Reactome:R-HSA-1169408|Reactome:R-HSA-159231|Reactome:R-HSA-159236|Reactome:R-HSA-162585|Reactome:R-HSA-162588|Reactome:R-HSA-162592|Reactome:R-HSA-162594|Reactome:R-HSA-164516|Reactome:R-HSA-164525|Reactome:R-HSA-164843|Reactome:R-HSA-168315|Reactome:R-HSA-173107|Reactome:R-HSA-174490|Reactome:R-HSA-174495|Reactome:R-HSA-175474|Reactome:R-HSA-175567|Reactome:R-HSA-177539|Reactome:R-HSA-180689|Reactome:R-HSA-180910|Reactome:R-HSA-429947|Reactome:R-HSA-452723|Reactome:R-HSA-6784531|Reactome:R-HSA-72163|Reactome:R-HSA-72165|Reactome:R-HSA-72187|Reactome:R-HSA-72203|Reactome:R-HSA-73856|Reactome:R-HSA-77595|Reactome:R-HSA-9013422|Reactome:R-HSA-9682706|Reactome:R-HSA-9694686|Reactome:R-HSA-9705671|Reactome:R-HSA-9770562|Reactome:R-HSA-9819196|Reactome:R-HSA-9820865|Reactome:R-HSA-983168|Reactome:R-HSA-9843970|Reactome:R-HSA-9918481|Reactome:R-HSA-9930044|Reactome:R-HSA-9931510|Reactome:R-MMU-159231|Reactome:R-MMU-159236|Reactome:R-MMU-72163|Reactome:R-MMU-72165|Reactome:R-MMU-72187|Reactome:R-MMU-72203|Reactome:R-MMU-73856|Reactome:R-MMU-77595|Reactome:R-MMU-9013422|Reactome:R-MMU-9770562|Reactome:R-MMU-983168|Reactome:R-MMU-9930044|Reactome:R-RNO-159231|Reactome:R-RNO-72165|Reactome:R-RNO-73856|Reactome:R-RNO-77595|Reactome:R-RNO-9770562|Reactome:R-SCE-983168|Reactome:R-SPO-9770562|Reactome:R-SPO-983168|Reactome:R-XTR-77595|Reactome:R-XTR-9770562
SERV	cebfcbc3e3ad8328e85d8f7bbac2b57d	595	SUPERFAMILY	SSF47353	Retrovirus capsid dimerization domain-like	435	513	1.04E-23	T	13-08-2026	-	-	-	-
SERV	cebfcbc3e3ad8328e85d8f7bbac2b57d	595	Gene3D	G3DSA:1.10.150.490	Retroviral GAG p10 protein	1	90	1.2E-32	T	13-08-2026	IPR038124	Beta-retroviral matrix superfamily	-	-
SERV	cebfcbc3e3ad8328e85d8f7bbac2b57d	595	SUPERFAMILY	SSF47943	Retrovirus capsid protein, N-terminal core domain	265	430	6.75E-44	T	13-08-2026	IPR008919	Retrovirus capsid, N-terminal	GO:0016032(InterPro)	Reactome:R-HSA-1169408|Reactome:R-HSA-162585|Reactome:R-HSA-162588|Reactome:R-HSA-162592|Reactome:R-HSA-162594|Reactome:R-HSA-164516|Reactome:R-HSA-164525|Reactome:R-HSA-164843|Reactome:R-HSA-173107|Reactome:R-HSA-174490|Reactome:R-HSA-174495|Reactome:R-HSA-175474|Reactome:R-HSA-175567|Reactome:R-HSA-177539|Reactome:R-HSA-180689|Reactome:R-HSA-180910
SERV	cebfcbc3e3ad8328e85d8f7bbac2b57d	595	Gene3D	G3DSA:4.10.60.10	-	524	591	6.5E-10	T	13-08-2026	-	-	-	-
SERV	cebfcbc3e3ad8328e85d8f7bbac2b57d	595	SUPERFAMILY	SSF47836	Retroviral matrix proteins	1	83	6.12E-29	T	13-08-2026	IPR010999	Retroviral matrix protein	-	Reactome:R-HSA-1169408|Reactome:R-HSA-162585|Reactome:R-HSA-162588|Reactome:R-HSA-162592|Reactome:R-HSA-162594|Reactome:R-HSA-164516|Reactome:R-HSA-164525|Reactome:R-HSA-164843|Reactome:R-HSA-173107|Reactome:R-HSA-174490|Reactome:R-HSA-174495|Reactome:R-HSA-175474|Reactome:R-HSA-175567|Reactome:R-HSA-177539|Reactome:R-HSA-180689|Reactome:R-HSA-180910|Reactome:R-HSA-198933
SERV	cebfcbc3e3ad8328e85d8f7bbac2b57d	595	Pfam	PF02337	Retroviral GAG p10 protein	2	81	5.8E-21	T	13-08-2026	IPR003322	Beta-retroviral matrix protein	GO:0005198(InterPro)	-
SERV	cebfcbc3e3ad8328e85d8f7bbac2b57d	595	SUPERFAMILY	SSF57756	Retrovirus zinc finger-like domains	533	559	1.27E-5	T	13-08-2026	IPR036875	Zinc finger, CCHC-type superfamily	GO:0003676(InterPro)|GO:0008270(InterPro)	Reactome:R-BTA-159231|Reactome:R-BTA-159236|Reactome:R-BTA-72163|Reactome:R-BTA-72165|Reactome:R-BTA-72203|Reactome:R-BTA-73856|Reactome:R-BTA-77595|Reactome:R-BTA-9770562|Reactome:R-CEL-159236|Reactome:R-CEL-72163|Reactome:R-CEL-73856|Reactome:R-DME-159231|Reactome:R-DME-159236|Reactome:R-DME-1834941|Reactome:R-DME-72163|Reactome:R-DME-72165|Reactome:R-DME-72203|Reactome:R-DME-73856|Reactome:R-DME-77595|Reactome:R-DME-9770562|Reactome:R-DRE-72165|Reactome:R-HSA-1169408|Reactome:R-HSA-159231|Reactome:R-HSA-159236|Reactome:R-HSA-162585|Reactome:R-HSA-162588|Reactome:R-HSA-162592|Reactome:R-HSA-162594|Reactome:R-HSA-164516|Reactome:R-HSA-164525|Reactome:R-HSA-164843|Reactome:R-HSA-168315|Reactome:R-HSA-173107|Reactome:R-HSA-174490|Reactome:R-HSA-174495|Reactome:R-HSA-175474|Reactome:R-HSA-175567|Reactome:R-HSA-177539|Reactome:R-HSA-180689|Reactome:R-HSA-180910|Reactome:R-HSA-429947|Reactome:R-HSA-452723|Reactome:R-HSA-6784531|Reactome:R-HSA-72163|Reactome:R-HSA-72165|Reactome:R-HSA-72187|Reactome:R-HSA-72203|Reactome:R-HSA-73856|Reactome:R-HSA-77595|Reactome:R-HSA-9013422|Reactome:R-HSA-9682706|Reactome:R-HSA-9694686|Reactome:R-HSA-9705671|Reactome:R-HSA-9770562|Reactome:R-HSA-9819196|Reactome:R-HSA-9820865|Reactome:R-HSA-983168|Reactome:R-HSA-9918481|Reactome:R-HSA-9930044|Reactome:R-MMU-159231|Reactome:R-MMU-159236|Reactome:R-MMU-72163|Reactome:R-MMU-72165|Reactome:R-MMU-72187|Reactome:R-MMU-72203|Reactome:R-MMU-73856|Reactome:R-MMU-77595|Reactome:R-MMU-9013422|Reactome:R-MMU-9770562|Reactome:R-MMU-983168|Reactome:R-RNO-159231|Reactome:R-RNO-72165|Reactome:R-RNO-73856|Reactome:R-RNO-77595|Reactome:R-RNO-9770562|Reactome:R-SCE-983168|Reactome:R-SPO-9770562|Reactome:R-SPO-983168|Reactome:R-XTR-77595|Reactome:R-XTR-9770562
SERV	cebfcbc3e3ad8328e85d8f7bbac2b57d	595	SUPERFAMILY	SSF57756	Retrovirus zinc finger-like domains	566	595	1.4E-11	T	13-08-2026	IPR036875	Zinc finger, CCHC-type superfamily	GO:0003676(InterPro)|GO:0008270(InterPro)	Reactome:R-BTA-159231|Reactome:R-BTA-159236|Reactome:R-BTA-72163|Reactome:R-BTA-72165|Reactome:R-BTA-72203|Reactome:R-BTA-73856|Reactome:R-BTA-77595|Reactome:R-BTA-9770562|Reactome:R-CEL-159236|Reactome:R-CEL-72163|Reactome:R-CEL-73856|Reactome:R-DME-159231|Reactome:R-DME-159236|Reactome:R-DME-1834941|Reactome:R-DME-72163|Reactome:R-DME-72165|Reactome:R-DME-72203|Reactome:R-DME-73856|Reactome:R-DME-77595|Reactome:R-DME-9770562|Reactome:R-DRE-72165|Reactome:R-HSA-1169408|Reactome:R-HSA-159231|Reactome:R-HSA-159236|Reactome:R-HSA-162585|Reactome:R-HSA-162588|Reactome:R-HSA-162592|Reactome:R-HSA-162594|Reactome:R-HSA-164516|Reactome:R-HSA-164525|Reactome:R-HSA-164843|Reactome:R-HSA-168315|Reactome:R-HSA-173107|Reactome:R-HSA-174490|Reactome:R-HSA-174495|Reactome:R-HSA-175474|Reactome:R-HSA-175567|Reactome:R-HSA-177539|Reactome:R-HSA-180689|Reactome:R-HSA-180910|Reactome:R-HSA-429947|Reactome:R-HSA-452723|Reactome:R-HSA-6784531|Reactome:R-HSA-72163|Reactome:R-HSA-72165|Reactome:R-HSA-72187|Reactome:R-HSA-72203|Reactome:R-HSA-73856|Reactome:R-HSA-77595|Reactome:R-HSA-9013422|Reactome:R-HSA-9682706|Reactome:R-HSA-9694686|Reactome:R-HSA-9705671|Reactome:R-HSA-9770562|Reactome:R-HSA-9819196|Reactome:R-HSA-9820865|Reactome:R-HSA-983168|Reactome:R-HSA-9918481|Reactome:R-HSA-9930044|Reactome:R-MMU-159231|Reactome:R-MMU-159236|Reactome:R-MMU-72163|Reactome:R-MMU-72165|Reactome:R-MMU-72187|Reactome:R-MMU-72203|Reactome:R-MMU-73856|Reactome:R-MMU-77595|Reactome:R-MMU-9013422|Reactome:R-MMU-9770562|Reactome:R-MMU-983168|Reactome:R-RNO-159231|Reactome:R-RNO-72165|Reactome:R-RNO-73856|Reactome:R-RNO-77595|Reactome:R-RNO-9770562|Reactome:R-SCE-983168|Reactome:R-SPO-9770562|Reactome:R-SPO-983168|Reactome:R-XTR-77595|Reactome:R-XTR-9770562
SERV	cebfcbc3e3ad8328e85d8f7bbac2b57d	595	Pfam	PF00098	Zinc knuckle	539	553	0.95	T	13-08-2026	IPR001878	Zinc finger, CCHC-type	GO:0003676(InterPro)|GO:0008270(InterPro)	Reactome:R-BTA-159231|Reactome:R-BTA-159236|Reactome:R-BTA-72163|Reactome:R-BTA-72165|Reactome:R-BTA-72203|Reactome:R-BTA-73856|Reactome:R-BTA-77595|Reactome:R-BTA-9770562|Reactome:R-CEL-159236|Reactome:R-CEL-72163|Reactome:R-CEL-73856|Reactome:R-DME-159231|Reactome:R-DME-159236|Reactome:R-DME-1834941|Reactome:R-DME-72163|Reactome:R-DME-72165|Reactome:R-DME-72203|Reactome:R-DME-73856|Reactome:R-DME-77595|Reactome:R-DME-8941326|Reactome:R-DME-9770562|Reactome:R-DME-9930044|Reactome:R-DRE-72165|Reactome:R-HSA-1169408|Reactome:R-HSA-159231|Reactome:R-HSA-159236|Reactome:R-HSA-162585|Reactome:R-HSA-162588|Reactome:R-HSA-162592|Reactome:R-HSA-162594|Reactome:R-HSA-164516|Reactome:R-HSA-164525|Reactome:R-HSA-164843|Reactome:R-HSA-168315|Reactome:R-HSA-173107|Reactome:R-HSA-174490|Reactome:R-HSA-174495|Reactome:R-HSA-175474|Reactome:R-HSA-175567|Reactome:R-HSA-177539|Reactome:R-HSA-180689|Reactome:R-HSA-180910|Reactome:R-HSA-429947|Reactome:R-HSA-452723|Reactome:R-HSA-6784531|Reactome:R-HSA-72163|Reactome:R-HSA-72165|Reactome:R-HSA-72187|Reactome:R-HSA-72203|Reactome:R-HSA-73856|Reactome:R-HSA-77595|Reactome:R-HSA-9013422|Reactome:R-HSA-9682706|Reactome:R-HSA-9694686|Reactome:R-HSA-9705671|Reactome:R-HSA-9770562|Reactome:R-HSA-9819196|Reactome:R-HSA-9820865|Reactome:R-HSA-983168|Reactome:R-HSA-9843970|Reactome:R-HSA-9918481|Reactome:R-HSA-9930044|Reactome:R-HSA-9931510|Reactome:R-MMU-159231|Reactome:R-MMU-159236|Reactome:R-MMU-72163|Reactome:R-MMU-72165|Reactome:R-MMU-72187|Reactome:R-MMU-72203|Reactome:R-MMU-73856|Reactome:R-MMU-77595|Reactome:R-MMU-9013422|Reactome:R-MMU-9770562|Reactome:R-MMU-983168|Reactome:R-MMU-9930044|Reactome:R-RNO-159231|Reactome:R-RNO-72165|Reactome:R-RNO-73856|Reactome:R-RNO-77595|Reactome:R-RNO-9770562|Reactome:R-SCE-983168|Reactome:R-SPO-9770562|Reactome:R-SPO-983168|Reactome:R-XTR-77595|Reactome:R-XTR-9770562
MuERV-L	d04aeff5575e82049e254545b1dd1c02	414	Coils	Coil	Coil	126	146	-	T	13-08-2026	-	-	-	-
MuERV-L	d04aeff5575e82049e254545b1dd1c02	414	Coils	Coil	Coil	84	111	-	T	13-08-2026	-	-	-	-
MuERV-L	d04aeff5575e82049e254545b1dd1c02	414	Pfam	PF28942	Fv1 N-terminal domain	37	141	3.3E-41	T	13-08-2026	IPR063295	Fv1, N-terminal region	-	-
MuERV-L	d04aeff5575e82049e254545b1dd1c02	414	PANTHER	PTHR48195	FRIEND VIRUS SUSCEPTIBILITY PROTEIN 1	19	414	8.6E-100	T	13-08-2026	IPR053270	Friend virus susceptibility protein 1	GO:0005794(PANTHER)|GO:0009615(PANTHER)	-
Hydra3-1	2f00c9c52007ea14586842ebbccda126	404	Pfam	PF00098	Zinc knuckle	328	343	0.81	T	13-08-2026	IPR001878	Zinc finger, CCHC-type	GO:0003676(InterPro)|GO:0008270(InterPro)	Reactome:R-BTA-159231|Reactome:R-BTA-159236|Reactome:R-BTA-72163|Reactome:R-BTA-72165|Reactome:R-BTA-72203|Reactome:R-BTA-73856|Reactome:R-BTA-77595|Reactome:R-BTA-9770562|Reactome:R-CEL-159236|Reactome:R-CEL-72163|Reactome:R-CEL-73856|Reactome:R-DME-159231|Reactome:R-DME-159236|Reactome:R-DME-1834941|Reactome:R-DME-72163|Reactome:R-DME-72165|Reactome:R-DME-72203|Reactome:R-DME-73856|Reactome:R-DME-77595|Reactome:R-DME-8941326|Reactome:R-DME-9770562|Reactome:R-DME-9930044|Reactome:R-DRE-72165|Reactome:R-HSA-1169408|Reactome:R-HSA-159231|Reactome:R-HSA-159236|Reactome:R-HSA-162585|Reactome:R-HSA-162588|Reactome:R-HSA-162592|Reactome:R-HSA-162594|Reactome:R-HSA-164516|Reactome:R-HSA-164525|Reactome:R-HSA-164843|Reactome:R-HSA-168315|Reactome:R-HSA-173107|Reactome:R-HSA-174490|Reactome:R-HSA-174495|Reactome:R-HSA-175474|Reactome:R-HSA-175567|Reactome:R-HSA-177539|Reactome:R-HSA-180689|Reactome:R-HSA-180910|Reactome:R-HSA-429947|Reactome:R-HSA-452723|Reactome:R-HSA-6784531|Reactome:R-HSA-72163|Reactome:R-HSA-72165|Reactome:R-HSA-72187|Reactome:R-HSA-72203|Reactome:R-HSA-73856|Reactome:R-HSA-77595|Reactome:R-HSA-9013422|Reactome:R-HSA-9682706|Reactome:R-HSA-9694686|Reactome:R-HSA-9705671|Reactome:R-HSA-9770562|Reactome:R-HSA-9819196|Reactome:R-HSA-9820865|Reactome:R-HSA-983168|Reactome:R-HSA-9843970|Reactome:R-HSA-9918481|Reactome:R-HSA-9930044|Reactome:R-HSA-9931510|Reactome:R-MMU-159231|Reactome:R-MMU-159236|Reactome:R-MMU-72163|Reactome:R-MMU-72165|Reactome:R-MMU-72187|Reactome:R-MMU-72203|Reactome:R-MMU-73856|Reactome:R-MMU-77595|Reactome:R-MMU-9013422|Reactome:R-MMU-9770562|Reactome:R-MMU-983168|Reactome:R-MMU-9930044|Reactome:R-RNO-159231|Reactome:R-RNO-72165|Reactome:R-RNO-73856|Reactome:R-RNO-77595|Reactome:R-RNO-9770562|Reactome:R-SCE-983168|Reactome:R-SPO-9770562|Reactome:R-SPO-983168|Reactome:R-XTR-77595|Reactome:R-XTR-9770562
Hydra3-1	2f00c9c52007ea14586842ebbccda126	404	ProSiteProfiles	PS50158	Zinc finger CCHC-type profile.	327	344	9.883478	T	13-08-2026	IPR001878	Zinc finger, CCHC-type	GO:0003676(InterPro)|GO:0008270(InterPro)	Reactome:R-BTA-159231|Reactome:R-BTA-159236|Reactome:R-BTA-72163|Reactome:R-BTA-72165|Reactome:R-BTA-72203|Reactome:R-BTA-73856|Reactome:R-BTA-77595|Reactome:R-BTA-9770562|Reactome:R-CEL-159236|Reactome:R-CEL-72163|Reactome:R-CEL-73856|Reactome:R-DME-159231|Reactome:R-DME-159236|Reactome:R-DME-1834941|Reactome:R-DME-72163|Reactome:R-DME-72165|Reactome:R-DME-72203|Reactome:R-DME-73856|Reactome:R-DME-77595|Reactome:R-DME-8941326|Reactome:R-DME-9770562|Reactome:R-DME-9930044|Reactome:R-DRE-72165|Reactome:R-HSA-1169408|Reactome:R-HSA-159231|Reactome:R-HSA-159236|Reactome:R-HSA-162585|Reactome:R-HSA-162588|Reactome:R-HSA-162592|Reactome:R-HSA-162594|Reactome:R-HSA-164516|Reactome:R-HSA-164525|Reactome:R-HSA-164843|Reactome:R-HSA-168315|Reactome:R-HSA-173107|Reactome:R-HSA-174490|Reactome:R-HSA-174495|Reactome:R-HSA-175474|Reactome:R-HSA-175567|Reactome:R-HSA-177539|Reactome:R-HSA-180689|Reactome:R-HSA-180910|Reactome:R-HSA-429947|Reactome:R-HSA-452723|Reactome:R-HSA-6784531|Reactome:R-HSA-72163|Reactome:R-HSA-72165|Reactome:R-HSA-72187|Reactome:R-HSA-72203|Reactome:R-HSA-73856|Reactome:R-HSA-77595|Reactome:R-HSA-9013422|Reactome:R-HSA-9682706|Reactome:R-HSA-9694686|Reactome:R-HSA-9705671|Reactome:R-HSA-9770562|Reactome:R-HSA-9819196|Reactome:R-HSA-9820865|Reactome:R-HSA-983168|Reactome:R-HSA-9843970|Reactome:R-HSA-9918481|Reactome:R-HSA-9930044|Reactome:R-HSA-9931510|Reactome:R-MMU-159231|Reactome:R-MMU-159236|Reactome:R-MMU-72163|Reactome:R-MMU-72165|Reactome:R-MMU-72187|Reactome:R-MMU-72203|Reactome:R-MMU-73856|Reactome:R-MMU-77595|Reactome:R-MMU-9013422|Reactome:R-MMU-9770562|Reactome:R-MMU-983168|Reactome:R-MMU-9930044|Reactome:R-RNO-159231|Reactome:R-RNO-72165|Reactome:R-RNO-73856|Reactome:R-RNO-77595|Reactome:R-RNO-9770562|Reactome:R-SCE-983168|Reactome:R-SPO-9770562|Reactome:R-SPO-983168|Reactome:R-XTR-77595|Reactome:R-XTR-9770562
Hydra3-1	2f00c9c52007ea14586842ebbccda126	404	SMART	SM00343	c2hcfinal6	328	344	1.8E-4	T	13-08-2026	IPR001878	Zinc finger, CCHC-type	GO:0003676(InterPro)|GO:0008270(InterPro)	Reactome:R-BTA-159231|Reactome:R-BTA-159236|Reactome:R-BTA-72163|Reactome:R-BTA-72165|Reactome:R-BTA-72203|Reactome:R-BTA-73856|Reactome:R-BTA-77595|Reactome:R-BTA-9770562|Reactome:R-CEL-159236|Reactome:R-CEL-72163|Reactome:R-CEL-73856|Reactome:R-DME-159231|Reactome:R-DME-159236|Reactome:R-DME-1834941|Reactome:R-DME-72163|Reactome:R-DME-72165|Reactome:R-DME-72203|Reactome:R-DME-73856|Reactome:R-DME-77595|Reactome:R-DME-8941326|Reactome:R-DME-9770562|Reactome:R-DME-9930044|Reactome:R-DRE-72165|Reactome:R-HSA-1169408|Reactome:R-HSA-159231|Reactome:R-HSA-159236|Reactome:R-HSA-162585|Reactome:R-HSA-162588|Reactome:R-HSA-162592|Reactome:R-HSA-162594|Reactome:R-HSA-164516|Reactome:R-HSA-164525|Reactome:R-HSA-164843|Reactome:R-HSA-168315|Reactome:R-HSA-173107|Reactome:R-HSA-174490|Reactome:R-HSA-174495|Reactome:R-HSA-175474|Reactome:R-HSA-175567|Reactome:R-HSA-177539|Reactome:R-HSA-180689|Reactome:R-HSA-180910|Reactome:R-HSA-429947|Reactome:R-HSA-452723|Reactome:R-HSA-6784531|Reactome:R-HSA-72163|Reactome:R-HSA-72165|Reactome:R-HSA-72187|Reactome:R-HSA-72203|Reactome:R-HSA-73856|Reactome:R-HSA-77595|Reactome:R-HSA-9013422|Reactome:R-HSA-9682706|Reactome:R-HSA-9694686|Reactome:R-HSA-9705671|Reactome:R-HSA-9770562|Reactome:R-HSA-9819196|Reactome:R-HSA-9820865|Reactome:R-HSA-983168|Reactome:R-HSA-9843970|Reactome:R-HSA-9918481|Reactome:R-HSA-9930044|Reactome:R-HSA-9931510|Reactome:R-MMU-159231|Reactome:R-MMU-159236|Reactome:R-MMU-72163|Reactome:R-MMU-72165|Reactome:R-MMU-72187|Reactome:R-MMU-72203|Reactome:R-MMU-73856|Reactome:R-MMU-77595|Reactome:R-MMU-9013422|Reactome:R-MMU-9770562|Reactome:R-MMU-983168|Reactome:R-MMU-9930044|Reactome:R-RNO-159231|Reactome:R-RNO-72165|Reactome:R-RNO-73856|Reactome:R-RNO-77595|Reactome:R-RNO-9770562|Reactome:R-SCE-983168|Reactome:R-SPO-9770562|Reactome:R-SPO-983168|Reactome:R-XTR-77595|Reactome:R-XTR-9770562
Hydra3-1	2f00c9c52007ea14586842ebbccda126	404	Pfam	PF03564	Protein of unknown function (DUF1759)	100	236	1.9E-32	T	13-08-2026	IPR005312	Domain of unknown function DUF1759	-	-
Hydra3-1	2f00c9c52007ea14586842ebbccda126	404	PANTHER	PTHR22954	RETROVIRAL PROTEASE-RELATED	31	270	3.3E-22	T	13-08-2026	-	-	-	-
Hydra3-1	2f00c9c52007ea14586842ebbccda126	404	Gene3D	G3DSA:4.10.60.10	-	317	363	1.0E-6	T	13-08-2026	-	-	-	-
Hydra3-1	2f00c9c52007ea14586842ebbccda126	404	SUPERFAMILY	SSF57756	Retrovirus zinc finger-like domains	324	358	2.09E-6	T	13-08-2026	IPR036875	Zinc finger, CCHC-type superfamily	GO:0003676(InterPro)|GO:0008270(InterPro)	Reactome:R-BTA-159231|Reactome:R-BTA-159236|Reactome:R-BTA-72163|Reactome:R-BTA-72165|Reactome:R-BTA-72203|Reactome:R-BTA-73856|Reactome:R-BTA-77595|Reactome:R-BTA-9770562|Reactome:R-CEL-159236|Reactome:R-CEL-72163|Reactome:R-CEL-73856|Reactome:R-DME-159231|Reactome:R-DME-159236|Reactome:R-DME-1834941|Reactome:R-DME-72163|Reactome:R-DME-72165|Reactome:R-DME-72203|Reactome:R-DME-73856|Reactome:R-DME-77595|Reactome:R-DME-9770562|Reactome:R-DRE-72165|Reactome:R-HSA-1169408|Reactome:R-HSA-159231|Reactome:R-HSA-159236|Reactome:R-HSA-162585|Reactome:R-HSA-162588|Reactome:R-HSA-162592|Reactome:R-HSA-162594|Reactome:R-HSA-164516|Reactome:R-HSA-164525|Reactome:R-HSA-164843|Reactome:R-HSA-168315|Reactome:R-HSA-173107|Reactome:R-HSA-174490|Reactome:R-HSA-174495|Reactome:R-HSA-175474|Reactome:R-HSA-175567|Reactome:R-HSA-177539|Reactome:R-HSA-180689|Reactome:R-HSA-180910|Reactome:R-HSA-429947|Reactome:R-HSA-452723|Reactome:R-HSA-6784531|Reactome:R-HSA-72163|Reactome:R-HSA-72165|Reactome:R-HSA-72187|Reactome:R-HSA-72203|Reactome:R-HSA-73856|Reactome:R-HSA-77595|Reactome:R-HSA-9013422|Reactome:R-HSA-9682706|Reactome:R-HSA-9694686|Reactome:R-HSA-9705671|Reactome:R-HSA-9770562|Reactome:R-HSA-9819196|Reactome:R-HSA-9820865|Reactome:R-HSA-983168|Reactome:R-HSA-9918481|Reactome:R-HSA-9930044|Reactome:R-MMU-159231|Reactome:R-MMU-159236|Reactome:R-MMU-72163|Reactome:R-MMU-72165|Reactome:R-MMU-72187|Reactome:R-MMU-72203|Reactome:R-MMU-73856|Reactome:R-MMU-77595|Reactome:R-MMU-9013422|Reactome:R-MMU-9770562|Reactome:R-MMU-983168|Reactome:R-RNO-159231|Reactome:R-RNO-72165|Reactome:R-RNO-73856|Reactome:R-RNO-77595|Reactome:R-RNO-9770562|Reactome:R-SCE-983168|Reactome:R-SPO-9770562|Reactome:R-SPO-983168|Reactome:R-XTR-77595|Reactome:R-XTR-9770562
GALV	17669e3f373d80bf407e6db930838f1b	504	SUPERFAMILY	SSF47836	Retroviral matrix proteins	1	86	2.83E-37	T	13-08-2026	IPR010999	Retroviral matrix protein	-	Reactome:R-HSA-1169408|Reactome:R-HSA-162585|Reactome:R-HSA-162588|Reactome:R-HSA-162592|Reactome:R-HSA-162594|Reactome:R-HSA-164516|Reactome:R-HSA-164525|Reactome:R-HSA-164843|Reactome:R-HSA-173107|Reactome:R-HSA-174490|Reactome:R-HSA-174495|Reactome:R-HSA-175474|Reactome:R-HSA-175567|Reactome:R-HSA-177539|Reactome:R-HSA-180689|Reactome:R-HSA-180910|Reactome:R-HSA-198933
GALV	17669e3f373d80bf407e6db930838f1b	504	MobiDBLite	mobidb-lite	consensus disorder prediction	450	465	-	T	13-08-2026	-	-	-	-
GALV	17669e3f373d80bf407e6db930838f1b	504	MobiDBLite	mobidb-lite	consensus disorder prediction	126	140	-	T	13-08-2026	-	-	-	-
GALV	17669e3f373d80bf407e6db930838f1b	504	MobiDBLite	mobidb-lite	consensus disorder prediction	99	188	-	T	13-08-2026	-	-	-	-
GALV	17669e3f373d80bf407e6db930838f1b	504	MobiDBLite	mobidb-lite	consensus disorder prediction	467	479	-	T	13-08-2026	-	-	-	-
GALV	17669e3f373d80bf407e6db930838f1b	504	MobiDBLite	mobidb-lite	consensus disorder prediction	408	431	-	T	13-08-2026	-	-	-	-
GALV	17669e3f373d80bf407e6db930838f1b	504	MobiDBLite	mobidb-lite	consensus disorder prediction	408	479	-	T	13-08-2026	-	-	-	-
GALV	17669e3f373d80bf407e6db930838f1b	504	PANTHER	PTHR33166	GAG_P30 DOMAIN-CONTAINING PROTEIN	2	498	7.6E-168	T	13-08-2026	IPR050462	Retroviral Gag-Pol polyproteins	-	Reactome:R-HSA-198933
GALV	17669e3f373d80bf407e6db930838f1b	504	Coils	Coil	Coil	396	430	-	T	13-08-2026	-	-	-	-
GALV	17669e3f373d80bf407e6db930838f1b	504	Gene3D	G3DSA:4.10.60.10	-	457	503	4.3E-14	T	13-08-2026	-	-	-	-
GALV	17669e3f373d80bf407e6db930838f1b	504	Pfam	PF01140	Matrix protein (MA), p15	1	86	3.5E-32	T	13-08-2026	IPR000840	Gamma-retroviral matrix protein	-	-
GALV	17669e3f373d80bf407e6db930838f1b	504	Pfam	PF02093	Gag P30 core shell protein	209	409	3.2E-92	T	13-08-2026	IPR003036	Core shell protein Gag P30	GO:0019068(InterPro)	-
GALV	17669e3f373d80bf407e6db930838f1b	504	Gene3D	G3DSA:1.10.375.10	Human Immunodeficiency Virus Type 1 Capsid Protein	194	322	4.4E-57	T	13-08-2026	IPR008919	Retrovirus capsid, N-terminal	GO:0016032(InterPro)	Reactome:R-HSA-1169408|Reactome:R-HSA-162585|Reactome:R-HSA-162588|Reactome:R-HSA-162592|Reactome:R-HSA-162594|Reactome:R-HSA-164516|Reactome:R-HSA-164525|Reactome:R-HSA-164843|Reactome:R-HSA-173107|Reactome:R-HSA-174490|Reactome:R-HSA-174495|Reactome:R-HSA-175474|Reactome:R-HSA-175567|Reactome:R-HSA-177539|Reactome:R-HSA-180689|Reactome:R-HSA-180910
GALV	17669e3f373d80bf407e6db930838f1b	504	Pfam	PF00098	Zinc knuckle	479	494	0.24	T	13-08-2026	IPR001878	Zinc finger, CCHC-type	GO:0003676(InterPro)|GO:0008270(InterPro)	Reactome:R-BTA-159231|Reactome:R-BTA-159236|Reactome:R-BTA-72163|Reactome:R-BTA-72165|Reactome:R-BTA-72203|Reactome:R-BTA-73856|Reactome:R-BTA-77595|Reactome:R-BTA-9770562|Reactome:R-CEL-159236|Reactome:R-CEL-72163|Reactome:R-CEL-73856|Reactome:R-DME-159231|Reactome:R-DME-159236|Reactome:R-DME-1834941|Reactome:R-DME-72163|Reactome:R-DME-72165|Reactome:R-DME-72203|Reactome:R-DME-73856|Reactome:R-DME-77595|Reactome:R-DME-8941326|Reactome:R-DME-9770562|Reactome:R-DME-9930044|Reactome:R-DRE-72165|Reactome:R-HSA-1169408|Reactome:R-HSA-159231|Reactome:R-HSA-159236|Reactome:R-HSA-162585|Reactome:R-HSA-162588|Reactome:R-HSA-162592|Reactome:R-HSA-162594|Reactome:R-HSA-164516|Reactome:R-HSA-164525|Reactome:R-HSA-164843|Reactome:R-HSA-168315|Reactome:R-HSA-173107|Reactome:R-HSA-174490|Reactome:R-HSA-174495|Reactome:R-HSA-175474|Reactome:R-HSA-175567|Reactome:R-HSA-177539|Reactome:R-HSA-180689|Reactome:R-HSA-180910|Reactome:R-HSA-429947|Reactome:R-HSA-452723|Reactome:R-HSA-6784531|Reactome:R-HSA-72163|Reactome:R-HSA-72165|Reactome:R-HSA-72187|Reactome:R-HSA-72203|Reactome:R-HSA-73856|Reactome:R-HSA-77595|Reactome:R-HSA-9013422|Reactome:R-HSA-9682706|Reactome:R-HSA-9694686|Reactome:R-HSA-9705671|Reactome:R-HSA-9770562|Reactome:R-HSA-9819196|Reactome:R-HSA-9820865|Reactome:R-HSA-983168|Reactome:R-HSA-9843970|Reactome:R-HSA-9918481|Reactome:R-HSA-9930044|Reactome:R-HSA-9931510|Reactome:R-MMU-159231|Reactome:R-MMU-159236|Reactome:R-MMU-72163|Reactome:R-MMU-72165|Reactome:R-MMU-72187|Reactome:R-MMU-72203|Reactome:R-MMU-73856|Reactome:R-MMU-77595|Reactome:R-MMU-9013422|Reactome:R-MMU-9770562|Reactome:R-MMU-983168|Reactome:R-MMU-9930044|Reactome:R-RNO-159231|Reactome:R-RNO-72165|Reactome:R-RNO-73856|Reactome:R-RNO-77595|Reactome:R-RNO-9770562|Reactome:R-SCE-983168|Reactome:R-SPO-9770562|Reactome:R-SPO-983168|Reactome:R-XTR-77595|Reactome:R-XTR-9770562
GALV	17669e3f373d80bf407e6db930838f1b	504	Gene3D	G3DSA:1.10.150.180	-	1	90	6.2E-44	T	13-08-2026	IPR036946	Gamma-retroviral matrix domain superfamily	-	Reactome:R-HSA-198933
GALV	17669e3f373d80bf407e6db930838f1b	504	SUPERFAMILY	SSF47943	Retrovirus capsid protein, N-terminal core domain	195	322	8.63E-53	T	13-08-2026	IPR008919	Retrovirus capsid, N-terminal	GO:0016032(InterPro)	Reactome:R-HSA-1169408|Reactome:R-HSA-162585|Reactome:R-HSA-162588|Reactome:R-HSA-162592|Reactome:R-HSA-162594|Reactome:R-HSA-164516|Reactome:R-HSA-164525|Reactome:R-HSA-164843|Reactome:R-HSA-173107|Reactome:R-HSA-174490|Reactome:R-HSA-174495|Reactome:R-HSA-175474|Reactome:R-HSA-175567|Reactome:R-HSA-177539|Reactome:R-HSA-180689|Reactome:R-HSA-180910
GALV	17669e3f373d80bf407e6db930838f1b	504	ProSiteProfiles	PS50158	Zinc finger CCHC-type profile.	480	495	8.976924	T	13-08-2026	IPR001878	Zinc finger, CCHC-type	GO:0003676(InterPro)|GO:0008270(InterPro)	Reactome:R-BTA-159231|Reactome:R-BTA-159236|Reactome:R-BTA-72163|Reactome:R-BTA-72165|Reactome:R-BTA-72203|Reactome:R-BTA-73856|Reactome:R-BTA-77595|Reactome:R-BTA-9770562|Reactome:R-CEL-159236|Reactome:R-CEL-72163|Reactome:R-CEL-73856|Reactome:R-DME-159231|Reactome:R-DME-159236|Reactome:R-DME-1834941|Reactome:R-DME-72163|Reactome:R-DME-72165|Reactome:R-DME-72203|Reactome:R-DME-73856|Reactome:R-DME-77595|Reactome:R-DME-8941326|Reactome:R-DME-9770562|Reactome:R-DME-9930044|Reactome:R-DRE-72165|Reactome:R-HSA-1169408|Reactome:R-HSA-159231|Reactome:R-HSA-159236|Reactome:R-HSA-162585|Reactome:R-HSA-162588|Reactome:R-HSA-162592|Reactome:R-HSA-162594|Reactome:R-HSA-164516|Reactome:R-HSA-164525|Reactome:R-HSA-164843|Reactome:R-HSA-168315|Reactome:R-HSA-173107|Reactome:R-HSA-174490|Reactome:R-HSA-174495|Reactome:R-HSA-175474|Reactome:R-HSA-175567|Reactome:R-HSA-177539|Reactome:R-HSA-180689|Reactome:R-HSA-180910|Reactome:R-HSA-429947|Reactome:R-HSA-452723|Reactome:R-HSA-6784531|Reactome:R-HSA-72163|Reactome:R-HSA-72165|Reactome:R-HSA-72187|Reactome:R-HSA-72203|Reactome:R-HSA-73856|Reactome:R-HSA-77595|Reactome:R-HSA-9013422|Reactome:R-HSA-9682706|Reactome:R-HSA-9694686|Reactome:R-HSA-9705671|Reactome:R-HSA-9770562|Reactome:R-HSA-9819196|Reactome:R-HSA-9820865|Reactome:R-HSA-983168|Reactome:R-HSA-9843970|Reactome:R-HSA-9918481|Reactome:R-HSA-9930044|Reactome:R-HSA-9931510|Reactome:R-MMU-159231|Reactome:R-MMU-159236|Reactome:R-MMU-72163|Reactome:R-MMU-72165|Reactome:R-MMU-72187|Reactome:R-MMU-72203|Reactome:R-MMU-73856|Reactome:R-MMU-77595|Reactome:R-MMU-9013422|Reactome:R-MMU-9770562|Reactome:R-MMU-983168|Reactome:R-MMU-9930044|Reactome:R-RNO-159231|Reactome:R-RNO-72165|Reactome:R-RNO-73856|Reactome:R-RNO-77595|Reactome:R-RNO-9770562|Reactome:R-SCE-983168|Reactome:R-SPO-9770562|Reactome:R-SPO-983168|Reactome:R-XTR-77595|Reactome:R-XTR-9770562
GALV	17669e3f373d80bf407e6db930838f1b	504	SMART	SM00343	c2hcfinal6	479	495	0.003	T	13-08-2026	IPR001878	Zinc finger, CCHC-type	GO:0003676(InterPro)|GO:0008270(InterPro)	Reactome:R-BTA-159231|Reactome:R-BTA-159236|Reactome:R-BTA-72163|Reactome:R-BTA-72165|Reactome:R-BTA-72203|Reactome:R-BTA-73856|Reactome:R-BTA-77595|Reactome:R-BTA-9770562|Reactome:R-CEL-159236|Reactome:R-CEL-72163|Reactome:R-CEL-73856|Reactome:R-DME-159231|Reactome:R-DME-159236|Reactome:R-DME-1834941|Reactome:R-DME-72163|Reactome:R-DME-72165|Reactome:R-DME-72203|Reactome:R-DME-73856|Reactome:R-DME-77595|Reactome:R-DME-8941326|Reactome:R-DME-9770562|Reactome:R-DME-9930044|Reactome:R-DRE-72165|Reactome:R-HSA-1169408|Reactome:R-HSA-159231|Reactome:R-HSA-159236|Reactome:R-HSA-162585|Reactome:R-HSA-162588|Reactome:R-HSA-162592|Reactome:R-HSA-162594|Reactome:R-HSA-164516|Reactome:R-HSA-164525|Reactome:R-HSA-164843|Reactome:R-HSA-168315|Reactome:R-HSA-173107|Reactome:R-HSA-174490|Reactome:R-HSA-174495|Reactome:R-HSA-175474|Reactome:R-HSA-175567|Reactome:R-HSA-177539|Reactome:R-HSA-180689|Reactome:R-HSA-180910|Reactome:R-HSA-429947|Reactome:R-HSA-452723|Reactome:R-HSA-6784531|Reactome:R-HSA-72163|Reactome:R-HSA-72165|Reactome:R-HSA-72187|Reactome:R-HSA-72203|Reactome:R-HSA-73856|Reactome:R-HSA-77595|Reactome:R-HSA-9013422|Reactome:R-HSA-9682706|Reactome:R-HSA-9694686|Reactome:R-HSA-9705671|Reactome:R-HSA-9770562|Reactome:R-HSA-9819196|Reactome:R-HSA-9820865|Reactome:R-HSA-983168|Reactome:R-HSA-9843970|Reactome:R-HSA-9918481|Reactome:R-HSA-9930044|Reactome:R-HSA-9931510|Reactome:R-MMU-159231|Reactome:R-MMU-159236|Reactome:R-MMU-72163|Reactome:R-MMU-72165|Reactome:R-MMU-72187|Reactome:R-MMU-72203|Reactome:R-MMU-73856|Reactome:R-MMU-77595|Reactome:R-MMU-9013422|Reactome:R-MMU-9770562|Reactome:R-MMU-983168|Reactome:R-MMU-9930044|Reactome:R-RNO-159231|Reactome:R-RNO-72165|Reactome:R-RNO-73856|Reactome:R-RNO-77595|Reactome:R-RNO-9770562|Reactome:R-SCE-983168|Reactome:R-SPO-9770562|Reactome:R-SPO-983168|Reactome:R-XTR-77595|Reactome:R-XTR-9770562
GALV	17669e3f373d80bf407e6db930838f1b	504	SUPERFAMILY	SSF57756	Retrovirus zinc finger-like domains	460	501	1.06E-11	T	13-08-2026	IPR036875	Zinc finger, CCHC-type superfamily	GO:0003676(InterPro)|GO:0008270(InterPro)	Reactome:R-BTA-159231|Reactome:R-BTA-159236|Reactome:R-BTA-72163|Reactome:R-BTA-72165|Reactome:R-BTA-72203|Reactome:R-BTA-73856|Reactome:R-BTA-77595|Reactome:R-BTA-9770562|Reactome:R-CEL-159236|Reactome:R-CEL-72163|Reactome:R-CEL-73856|Reactome:R-DME-159231|Reactome:R-DME-159236|Reactome:R-DME-1834941|Reactome:R-DME-72163|Reactome:R-DME-72165|Reactome:R-DME-72203|Reactome:R-DME-73856|Reactome:R-DME-77595|Reactome:R-DME-9770562|Reactome:R-DRE-72165|Reactome:R-HSA-1169408|Reactome:R-HSA-159231|Reactome:R-HSA-159236|Reactome:R-HSA-162585|Reactome:R-HSA-162588|Reactome:R-HSA-162592|Reactome:R-HSA-162594|Reactome:R-HSA-164516|Reactome:R-HSA-164525|Reactome:R-HSA-164843|Reactome:R-HSA-168315|Reactome:R-HSA-173107|Reactome:R-HSA-174490|Reactome:R-HSA-174495|Reactome:R-HSA-175474|Reactome:R-HSA-175567|Reactome:R-HSA-177539|Reactome:R-HSA-180689|Reactome:R-HSA-180910|Reactome:R-HSA-429947|Reactome:R-HSA-452723|Reactome:R-HSA-6784531|Reactome:R-HSA-72163|Reactome:R-HSA-72165|Reactome:R-HSA-72187|Reactome:R-HSA-72203|Reactome:R-HSA-73856|Reactome:R-HSA-77595|Reactome:R-HSA-9013422|Reactome:R-HSA-9682706|Reactome:R-HSA-9694686|Reactome:R-HSA-9705671|Reactome:R-HSA-9770562|Reactome:R-HSA-9819196|Reactome:R-HSA-9820865|Reactome:R-HSA-983168|Reactome:R-HSA-9918481|Reactome:R-HSA-9930044|Reactome:R-MMU-159231|Reactome:R-MMU-159236|Reactome:R-MMU-72163|Reactome:R-MMU-72165|Reactome:R-MMU-72187|Reactome:R-MMU-72203|Reactome:R-MMU-73856|Reactome:R-MMU-77595|Reactome:R-MMU-9013422|Reactome:R-MMU-9770562|Reactome:R-MMU-983168|Reactome:R-RNO-159231|Reactome:R-RNO-72165|Reactome:R-RNO-73856|Reactome:R-RNO-77595|Reactome:R-RNO-9770562|Reactome:R-SCE-983168|Reactome:R-SPO-9770562|Reactome:R-SPO-983168|Reactome:R-XTR-77595|Reactome:R-XTR-9770562
SIVMND	6d59c05ea432b5833ae1c296584dffc3	435	Pfam	PF00607	gag protein p24 N-terminal domain	132	259	1.7E-7	T	13-08-2026	-	-	-	-
SIVMND	6d59c05ea432b5833ae1c296584dffc3	435	SUPERFAMILY	SSF47836	Retroviral matrix proteins	2	124	1.81E-43	T	13-08-2026	IPR010999	Retroviral matrix protein	-	Reactome:R-HSA-1169408|Reactome:R-HSA-162585|Reactome:R-HSA-162588|Reactome:R-HSA-162592|Reactome:R-HSA-162594|Reactome:R-HSA-164516|Reactome:R-HSA-164525|Reactome:R-HSA-164843|Reactome:R-HSA-173107|Reactome:R-HSA-174490|Reactome:R-HSA-174495|Reactome:R-HSA-175474|Reactome:R-HSA-175567|Reactome:R-HSA-177539|Reactome:R-HSA-180689|Reactome:R-HSA-180910|Reactome:R-HSA-198933
SIVMND	6d59c05ea432b5833ae1c296584dffc3	435	Gene3D	G3DSA:1.10.150.90	Immunodeficiency lentiviruses, gag gene matrix protein p17	1	119	5.0E-41	T	13-08-2026	IPR012344	Matrix protein, lentiviral and alpha-retroviral, N-terminal	-	Reactome:R-HSA-1169408|Reactome:R-HSA-162585|Reactome:R-HSA-162588|Reactome:R-HSA-162592|Reactome:R-HSA-162594|Reactome:R-HSA-164516|Reactome:R-HSA-164525|Reactome:R-HSA-164843|Reactome:R-HSA-173107|Reactome:R-HSA-174490|Reactome:R-HSA-174495|Reactome:R-HSA-175474|Reactome:R-HSA-175567|Reactome:R-HSA-177539|Reactome:R-HSA-180689|Reactome:R-HSA-180910
SIVMND	6d59c05ea432b5833ae1c296584dffc3	435	SUPERFAMILY	SSF57756	Retrovirus zinc finger-like domains	382	426	1.2E-11	T	13-08-2026	IPR036875	Zinc finger, CCHC-type superfamily	GO:0003676(InterPro)|GO:0008270(InterPro)	Reactome:R-BTA-159231|Reactome:R-BTA-159236|Reactome:R-BTA-72163|Reactome:R-BTA-72165|Reactome:R-BTA-72203|Reactome:R-BTA-73856|Reactome:R-BTA-77595|Reactome:R-BTA-9770562|Reactome:R-CEL-159236|Reactome:R-CEL-72163|Reactome:R-CEL-73856|Reactome:R-DME-159231|Reactome:R-DME-159236|Reactome:R-DME-1834941|Reactome:R-DME-72163|Reactome:R-DME-72165|Reactome:R-DME-72203|Reactome:R-DME-73856|Reactome:R-DME-77595|Reactome:R-DME-9770562|Reactome:R-DRE-72165|Reactome:R-HSA-1169408|Reactome:R-HSA-159231|Reactome:R-HSA-159236|Reactome:R-HSA-162585|Reactome:R-HSA-162588|Reactome:R-HSA-162592|Reactome:R-HSA-162594|Reactome:R-HSA-164516|Reactome:R-HSA-164525|Reactome:R-HSA-164843|Reactome:R-HSA-168315|Reactome:R-HSA-173107|Reactome:R-HSA-174490|Reactome:R-HSA-174495|Reactome:R-HSA-175474|Reactome:R-HSA-175567|Reactome:R-HSA-177539|Reactome:R-HSA-180689|Reactome:R-HSA-180910|Reactome:R-HSA-429947|Reactome:R-HSA-452723|Reactome:R-HSA-6784531|Reactome:R-HSA-72163|Reactome:R-HSA-72165|Reactome:R-HSA-72187|Reactome:R-HSA-72203|Reactome:R-HSA-73856|Reactome:R-HSA-77595|Reactome:R-HSA-9013422|Reactome:R-HSA-9682706|Reactome:R-HSA-9694686|Reactome:R-HSA-9705671|Reactome:R-HSA-9770562|Reactome:R-HSA-9819196|Reactome:R-HSA-9820865|Reactome:R-HSA-983168|Reactome:R-HSA-9918481|Reactome:R-HSA-9930044|Reactome:R-MMU-159231|Reactome:R-MMU-159236|Reactome:R-MMU-72163|Reactome:R-MMU-72165|Reactome:R-MMU-72187|Reactome:R-MMU-72203|Reactome:R-MMU-73856|Reactome:R-MMU-77595|Reactome:R-MMU-9013422|Reactome:R-MMU-9770562|Reactome:R-MMU-983168|Reactome:R-RNO-159231|Reactome:R-RNO-72165|Reactome:R-RNO-73856|Reactome:R-RNO-77595|Reactome:R-RNO-9770562|Reactome:R-SCE-983168|Reactome:R-SPO-9770562|Reactome:R-SPO-983168|Reactome:R-XTR-77595|Reactome:R-XTR-9770562
SIVMND	6d59c05ea432b5833ae1c296584dffc3	435	Pfam	PF00540	gag gene protein p17 (matrix protein)	4	121	6.5E-33	T	13-08-2026	IPR000071	Immunodeficiency lentiviral matrix, N-terminal	GO:0005198(InterPro)	Reactome:R-HSA-1169408|Reactome:R-HSA-162585|Reactome:R-HSA-162588|Reactome:R-HSA-162592|Reactome:R-HSA-162594|Reactome:R-HSA-164516|Reactome:R-HSA-164525|Reactome:R-HSA-164843|Reactome:R-HSA-173107|Reactome:R-HSA-174490|Reactome:R-HSA-174495|Reactome:R-HSA-175474|Reactome:R-HSA-175567|Reactome:R-HSA-177539|Reactome:R-HSA-180689|Reactome:R-HSA-180910
SIVMND	6d59c05ea432b5833ae1c296584dffc3	435	SUPERFAMILY	SSF47353	Retrovirus capsid dimerization domain-like	271	352	1.36E-29	T	13-08-2026	-	-	-	-
SIVMND	6d59c05ea432b5833ae1c296584dffc3	435	MobiDBLite	mobidb-lite	consensus disorder prediction	204	226	-	T	13-08-2026	-	-	-	-
SIVMND	6d59c05ea432b5833ae1c296584dffc3	435	PRINTS	PR00234	HIV-1 matrix protein signature	4	20	1.4E-23	T	13-08-2026	IPR000071	Immunodeficiency lentiviral matrix, N-terminal	GO:0005198(InterPro)	Reactome:R-HSA-1169408|Reactome:R-HSA-162585|Reactome:R-HSA-162588|Reactome:R-HSA-162592|Reactome:R-HSA-162594|Reactome:R-HSA-164516|Reactome:R-HSA-164525|Reactome:R-HSA-164843|Reactome:R-HSA-173107|Reactome:R-HSA-174490|Reactome:R-HSA-174495|Reactome:R-HSA-175474|Reactome:R-HSA-175567|Reactome:R-HSA-177539|Reactome:R-HSA-180689|Reactome:R-HSA-180910
SIVMND	6d59c05ea432b5833ae1c296584dffc3	435	PRINTS	PR00234	HIV-1 matrix protein signature	42	57	1.4E-23	T	13-08-2026	IPR000071	Immunodeficiency lentiviral matrix, N-terminal	GO:0005198(InterPro)	Reactome:R-HSA-1169408|Reactome:R-HSA-162585|Reactome:R-HSA-162588|Reactome:R-HSA-162592|Reactome:R-HSA-162594|Reactome:R-HSA-164516|Reactome:R-HSA-164525|Reactome:R-HSA-164843|Reactome:R-HSA-173107|Reactome:R-HSA-174490|Reactome:R-HSA-174495|Reactome:R-HSA-175474|Reactome:R-HSA-175567|Reactome:R-HSA-177539|Reactome:R-HSA-180689|Reactome:R-HSA-180910
SIVMND	6d59c05ea432b5833ae1c296584dffc3	435	PRINTS	PR00234	HIV-1 matrix protein signature	22	40	1.4E-23	T	13-08-2026	IPR000071	Immunodeficiency lentiviral matrix, N-terminal	GO:0005198(InterPro)	Reactome:R-HSA-1169408|Reactome:R-HSA-162585|Reactome:R-HSA-162588|Reactome:R-HSA-162592|Reactome:R-HSA-162594|Reactome:R-HSA-164516|Reactome:R-HSA-164525|Reactome:R-HSA-164843|Reactome:R-HSA-173107|Reactome:R-HSA-174490|Reactome:R-HSA-174495|Reactome:R-HSA-175474|Reactome:R-HSA-175567|Reactome:R-HSA-177539|Reactome:R-HSA-180689|Reactome:R-HSA-180910
SIVMND	6d59c05ea432b5833ae1c296584dffc3	435	PRINTS	PR00234	HIV-1 matrix protein signature	70	89	1.4E-23	T	13-08-2026	IPR000071	Immunodeficiency lentiviral matrix, N-terminal	GO:0005198(InterPro)	Reactome:R-HSA-1169408|Reactome:R-HSA-162585|Reactome:R-HSA-162588|Reactome:R-HSA-162592|Reactome:R-HSA-162594|Reactome:R-HSA-164516|Reactome:R-HSA-164525|Reactome:R-HSA-164843|Reactome:R-HSA-173107|Reactome:R-HSA-174490|Reactome:R-HSA-174495|Reactome:R-HSA-175474|Reactome:R-HSA-175567|Reactome:R-HSA-177539|Reactome:R-HSA-180689|Reactome:R-HSA-180910
SIVMND	6d59c05ea432b5833ae1c296584dffc3	435	PRINTS	PR00234	HIV-1 matrix protein signature	89	102	1.4E-23	T	13-08-2026	IPR000071	Immunodeficiency lentiviral matrix, N-terminal	GO:0005198(InterPro)	Reactome:R-HSA-1169408|Reactome:R-HSA-162585|Reactome:R-HSA-162588|Reactome:R-HSA-162592|Reactome:R-HSA-162594|Reactome:R-HSA-164516|Reactome:R-HSA-164525|Reactome:R-HSA-164843|Reactome:R-HSA-173107|Reactome:R-HSA-174490|Reactome:R-HSA-174495|Reactome:R-HSA-175474|Reactome:R-HSA-175567|Reactome:R-HSA-177539|Reactome:R-HSA-180689|Reactome:R-HSA-180910
SIVMND	6d59c05ea432b5833ae1c296584dffc3	435	SMART	SM00343	c2hcfinal6	408	424	0.0032	T	13-08-2026	IPR001878	Zinc finger, CCHC-type	GO:0003676(InterPro)|GO:0008270(InterPro)	Reactome:R-BTA-159231|Reactome:R-BTA-159236|Reactome:R-BTA-72163|Reactome:R-BTA-72165|Reactome:R-BTA-72203|Reactome:R-BTA-73856|Reactome:R-BTA-77595|Reactome:R-BTA-9770562|Reactome:R-CEL-159236|Reactome:R-CEL-72163|Reactome:R-CEL-73856|Reactome:R-DME-159231|Reactome:R-DME-159236|Reactome:R-DME-1834941|Reactome:R-DME-72163|Reactome:R-DME-72165|Reactome:R-DME-72203|Reactome:R-DME-73856|Reactome:R-DME-77595|Reactome:R-DME-8941326|Reactome:R-DME-9770562|Reactome:R-DME-9930044|Reactome:R-DRE-72165|Reactome:R-HSA-1169408|Reactome:R-HSA-159231|Reactome:R-HSA-159236|Reactome:R-HSA-162585|Reactome:R-HSA-162588|Reactome:R-HSA-162592|Reactome:R-HSA-162594|Reactome:R-HSA-164516|Reactome:R-HSA-164525|Reactome:R-HSA-164843|Reactome:R-HSA-168315|Reactome:R-HSA-173107|Reactome:R-HSA-174490|Reactome:R-HSA-174495|Reactome:R-HSA-175474|Reactome:R-HSA-175567|Reactome:R-HSA-177539|Reactome:R-HSA-180689|Reactome:R-HSA-180910|Reactome:R-HSA-429947|Reactome:R-HSA-452723|Reactome:R-HSA-6784531|Reactome:R-HSA-72163|Reactome:R-HSA-72165|Reactome:R-HSA-72187|Reactome:R-HSA-72203|Reactome:R-HSA-73856|Reactome:R-HSA-77595|Reactome:R-HSA-9013422|Reactome:R-HSA-9682706|Reactome:R-HSA-9694686|Reactome:R-HSA-9705671|Reactome:R-HSA-9770562|Reactome:R-HSA-9819196|Reactome:R-HSA-9820865|Reactome:R-HSA-983168|Reactome:R-HSA-9843970|Reactome:R-HSA-9918481|Reactome:R-HSA-9930044|Reactome:R-HSA-9931510|Reactome:R-MMU-159231|Reactome:R-MMU-159236|Reactome:R-MMU-72163|Reactome:R-MMU-72165|Reactome:R-MMU-72187|Reactome:R-MMU-72203|Reactome:R-MMU-73856|Reactome:R-MMU-77595|Reactome:R-MMU-9013422|Reactome:R-MMU-9770562|Reactome:R-MMU-983168|Reactome:R-MMU-9930044|Reactome:R-RNO-159231|Reactome:R-RNO-72165|Reactome:R-RNO-73856|Reactome:R-RNO-77595|Reactome:R-RNO-9770562|Reactome:R-SCE-983168|Reactome:R-SPO-9770562|Reactome:R-SPO-983168|Reactome:R-XTR-77595|Reactome:R-XTR-9770562
SIVMND	6d59c05ea432b5833ae1c296584dffc3	435	SMART	SM00343	c2hcfinal6	387	403	0.42	T	13-08-2026	IPR001878	Zinc finger, CCHC-type	GO:0003676(InterPro)|GO:0008270(InterPro)	Reactome:R-BTA-159231|Reactome:R-BTA-159236|Reactome:R-BTA-72163|Reactome:R-BTA-72165|Reactome:R-BTA-72203|Reactome:R-BTA-73856|Reactome:R-BTA-77595|Reactome:R-BTA-9770562|Reactome:R-CEL-159236|Reactome:R-CEL-72163|Reactome:R-CEL-73856|Reactome:R-DME-159231|Reactome:R-DME-159236|Reactome:R-DME-1834941|Reactome:R-DME-72163|Reactome:R-DME-72165|Reactome:R-DME-72203|Reactome:R-DME-73856|Reactome:R-DME-77595|Reactome:R-DME-8941326|Reactome:R-DME-9770562|Reactome:R-DME-9930044|Reactome:R-DRE-72165|Reactome:R-HSA-1169408|Reactome:R-HSA-159231|Reactome:R-HSA-159236|Reactome:R-HSA-162585|Reactome:R-HSA-162588|Reactome:R-HSA-162592|Reactome:R-HSA-162594|Reactome:R-HSA-164516|Reactome:R-HSA-164525|Reactome:R-HSA-164843|Reactome:R-HSA-168315|Reactome:R-HSA-173107|Reactome:R-HSA-174490|Reactome:R-HSA-174495|Reactome:R-HSA-175474|Reactome:R-HSA-175567|Reactome:R-HSA-177539|Reactome:R-HSA-180689|Reactome:R-HSA-180910|Reactome:R-HSA-429947|Reactome:R-HSA-452723|Reactome:R-HSA-6784531|Reactome:R-HSA-72163|Reactome:R-HSA-72165|Reactome:R-HSA-72187|Reactome:R-HSA-72203|Reactome:R-HSA-73856|Reactome:R-HSA-77595|Reactome:R-HSA-9013422|Reactome:R-HSA-9682706|Reactome:R-HSA-9694686|Reactome:R-HSA-9705671|Reactome:R-HSA-9770562|Reactome:R-HSA-9819196|Reactome:R-HSA-9820865|Reactome:R-HSA-983168|Reactome:R-HSA-9843970|Reactome:R-HSA-9918481|Reactome:R-HSA-9930044|Reactome:R-HSA-9931510|Reactome:R-MMU-159231|Reactome:R-MMU-159236|Reactome:R-MMU-72163|Reactome:R-MMU-72165|Reactome:R-MMU-72187|Reactome:R-MMU-72203|Reactome:R-MMU-73856|Reactome:R-MMU-77595|Reactome:R-MMU-9013422|Reactome:R-MMU-9770562|Reactome:R-MMU-983168|Reactome:R-MMU-9930044|Reactome:R-RNO-159231|Reactome:R-RNO-72165|Reactome:R-RNO-73856|Reactome:R-RNO-77595|Reactome:R-RNO-9770562|Reactome:R-SCE-983168|Reactome:R-SPO-9770562|Reactome:R-SPO-983168|Reactome:R-XTR-77595|Reactome:R-XTR-9770562
SIVMND	6d59c05ea432b5833ae1c296584dffc3	435	Pfam	PF00098	Zinc knuckle	387	399	4.8	T	13-08-2026	IPR001878	Zinc finger, CCHC-type	GO:0003676(InterPro)|GO:0008270(InterPro)	Reactome:R-BTA-159231|Reactome:R-BTA-159236|Reactome:R-BTA-72163|Reactome:R-BTA-72165|Reactome:R-BTA-72203|Reactome:R-BTA-73856|Reactome:R-BTA-77595|Reactome:R-BTA-9770562|Reactome:R-CEL-159236|Reactome:R-CEL-72163|Reactome:R-CEL-73856|Reactome:R-DME-159231|Reactome:R-DME-159236|Reactome:R-DME-1834941|Reactome:R-DME-72163|Reactome:R-DME-72165|Reactome:R-DME-72203|Reactome:R-DME-73856|Reactome:R-DME-77595|Reactome:R-DME-8941326|Reactome:R-DME-9770562|Reactome:R-DME-9930044|Reactome:R-DRE-72165|Reactome:R-HSA-1169408|Reactome:R-HSA-159231|Reactome:R-HSA-159236|Reactome:R-HSA-162585|Reactome:R-HSA-162588|Reactome:R-HSA-162592|Reactome:R-HSA-162594|Reactome:R-HSA-164516|Reactome:R-HSA-164525|Reactome:R-HSA-164843|Reactome:R-HSA-168315|Reactome:R-HSA-173107|Reactome:R-HSA-174490|Reactome:R-HSA-174495|Reactome:R-HSA-175474|Reactome:R-HSA-175567|Reactome:R-HSA-177539|Reactome:R-HSA-180689|Reactome:R-HSA-180910|Reactome:R-HSA-429947|Reactome:R-HSA-452723|Reactome:R-HSA-6784531|Reactome:R-HSA-72163|Reactome:R-HSA-72165|Reactome:R-HSA-72187|Reactome:R-HSA-72203|Reactome:R-HSA-73856|Reactome:R-HSA-77595|Reactome:R-HSA-9013422|Reactome:R-HSA-9682706|Reactome:R-HSA-9694686|Reactome:R-HSA-9705671|Reactome:R-HSA-9770562|Reactome:R-HSA-9819196|Reactome:R-HSA-9820865|Reactome:R-HSA-983168|Reactome:R-HSA-9843970|Reactome:R-HSA-9918481|Reactome:R-HSA-9930044|Reactome:R-HSA-9931510|Reactome:R-MMU-159231|Reactome:R-MMU-159236|Reactome:R-MMU-72163|Reactome:R-MMU-72165|Reactome:R-MMU-72187|Reactome:R-MMU-72203|Reactome:R-MMU-73856|Reactome:R-MMU-77595|Reactome:R-MMU-9013422|Reactome:R-MMU-9770562|Reactome:R-MMU-983168|Reactome:R-MMU-9930044|Reactome:R-RNO-159231|Reactome:R-RNO-72165|Reactome:R-RNO-73856|Reactome:R-RNO-77595|Reactome:R-RNO-9770562|Reactome:R-SCE-983168|Reactome:R-SPO-9770562|Reactome:R-SPO-983168|Reactome:R-XTR-77595|Reactome:R-XTR-9770562
SIVMND	6d59c05ea432b5833ae1c296584dffc3	435	Pfam	PF00098	Zinc knuckle	408	424	2.7	T	13-08-2026	IPR001878	Zinc finger, CCHC-type	GO:0003676(InterPro)|GO:0008270(InterPro)	Reactome:R-BTA-159231|Reactome:R-BTA-159236|Reactome:R-BTA-72163|Reactome:R-BTA-72165|Reactome:R-BTA-72203|Reactome:R-BTA-73856|Reactome:R-BTA-77595|Reactome:R-BTA-9770562|Reactome:R-CEL-159236|Reactome:R-CEL-72163|Reactome:R-CEL-73856|Reactome:R-DME-159231|Reactome:R-DME-159236|Reactome:R-DME-1834941|Reactome:R-DME-72163|Reactome:R-DME-72165|Reactome:R-DME-72203|Reactome:R-DME-73856|Reactome:R-DME-77595|Reactome:R-DME-8941326|Reactome:R-DME-9770562|Reactome:R-DME-9930044|Reactome:R-DRE-72165|Reactome:R-HSA-1169408|Reactome:R-HSA-159231|Reactome:R-HSA-159236|Reactome:R-HSA-162585|Reactome:R-HSA-162588|Reactome:R-HSA-162592|Reactome:R-HSA-162594|Reactome:R-HSA-164516|Reactome:R-HSA-164525|Reactome:R-HSA-164843|Reactome:R-HSA-168315|Reactome:R-HSA-173107|Reactome:R-HSA-174490|Reactome:R-HSA-174495|Reactome:R-HSA-175474|Reactome:R-HSA-175567|Reactome:R-HSA-177539|Reactome:R-HSA-180689|Reactome:R-HSA-180910|Reactome:R-HSA-429947|Reactome:R-HSA-452723|Reactome:R-HSA-6784531|Reactome:R-HSA-72163|Reactome:R-HSA-72165|Reactome:R-HSA-72187|Reactome:R-HSA-72203|Reactome:R-HSA-73856|Reactome:R-HSA-77595|Reactome:R-HSA-9013422|Reactome:R-HSA-9682706|Reactome:R-HSA-9694686|Reactome:R-HSA-9705671|Reactome:R-HSA-9770562|Reactome:R-HSA-9819196|Reactome:R-HSA-9820865|Reactome:R-HSA-983168|Reactome:R-HSA-9843970|Reactome:R-HSA-9918481|Reactome:R-HSA-9930044|Reactome:R-HSA-9931510|Reactome:R-MMU-159231|Reactome:R-MMU-159236|Reactome:R-MMU-72163|Reactome:R-MMU-72165|Reactome:R-MMU-72187|Reactome:R-MMU-72203|Reactome:R-MMU-73856|Reactome:R-MMU-77595|Reactome:R-MMU-9013422|Reactome:R-MMU-9770562|Reactome:R-MMU-983168|Reactome:R-MMU-9930044|Reactome:R-RNO-159231|Reactome:R-RNO-72165|Reactome:R-RNO-73856|Reactome:R-RNO-77595|Reactome:R-RNO-9770562|Reactome:R-SCE-983168|Reactome:R-SPO-9770562|Reactome:R-SPO-983168|Reactome:R-XTR-77595|Reactome:R-XTR-9770562
SIVMND	6d59c05ea432b5833ae1c296584dffc3	435	ProSiteProfiles	PS50158	Zinc finger CCHC-type profile.	409	424	8.729682	T	13-08-2026	IPR001878	Zinc finger, CCHC-type	GO:0003676(InterPro)|GO:0008270(InterPro)	Reactome:R-BTA-159231|Reactome:R-BTA-159236|Reactome:R-BTA-72163|Reactome:R-BTA-72165|Reactome:R-BTA-72203|Reactome:R-BTA-73856|Reactome:R-BTA-77595|Reactome:R-BTA-9770562|Reactome:R-CEL-159236|Reactome:R-CEL-72163|Reactome:R-CEL-73856|Reactome:R-DME-159231|Reactome:R-DME-159236|Reactome:R-DME-1834941|Reactome:R-DME-72163|Reactome:R-DME-72165|Reactome:R-DME-72203|Reactome:R-DME-73856|Reactome:R-DME-77595|Reactome:R-DME-8941326|Reactome:R-DME-9770562|Reactome:R-DME-9930044|Reactome:R-DRE-72165|Reactome:R-HSA-1169408|Reactome:R-HSA-159231|Reactome:R-HSA-159236|Reactome:R-HSA-162585|Reactome:R-HSA-162588|Reactome:R-HSA-162592|Reactome:R-HSA-162594|Reactome:R-HSA-164516|Reactome:R-HSA-164525|Reactome:R-HSA-164843|Reactome:R-HSA-168315|Reactome:R-HSA-173107|Reactome:R-HSA-174490|Reactome:R-HSA-174495|Reactome:R-HSA-175474|Reactome:R-HSA-175567|Reactome:R-HSA-177539|Reactome:R-HSA-180689|Reactome:R-HSA-180910|Reactome:R-HSA-429947|Reactome:R-HSA-452723|Reactome:R-HSA-6784531|Reactome:R-HSA-72163|Reactome:R-HSA-72165|Reactome:R-HSA-72187|Reactome:R-HSA-72203|Reactome:R-HSA-73856|Reactome:R-HSA-77595|Reactome:R-HSA-9013422|Reactome:R-HSA-9682706|Reactome:R-HSA-9694686|Reactome:R-HSA-9705671|Reactome:R-HSA-9770562|Reactome:R-HSA-9819196|Reactome:R-HSA-9820865|Reactome:R-HSA-983168|Reactome:R-HSA-9843970|Reactome:R-HSA-9918481|Reactome:R-HSA-9930044|Reactome:R-HSA-9931510|Reactome:R-MMU-159231|Reactome:R-MMU-159236|Reactome:R-MMU-72163|Reactome:R-MMU-72165|Reactome:R-MMU-72187|Reactome:R-MMU-72203|Reactome:R-MMU-73856|Reactome:R-MMU-77595|Reactome:R-MMU-9013422|Reactome:R-MMU-9770562|Reactome:R-MMU-983168|Reactome:R-MMU-9930044|Reactome:R-RNO-159231|Reactome:R-RNO-72165|Reactome:R-RNO-73856|Reactome:R-RNO-77595|Reactome:R-RNO-9770562|Reactome:R-SCE-983168|Reactome:R-SPO-9770562|Reactome:R-SPO-983168|Reactome:R-XTR-77595|Reactome:R-XTR-9770562
SIVMND	6d59c05ea432b5833ae1c296584dffc3	435	Gene3D	G3DSA:1.10.1200.30	-	265	337	4.9E-32	T	13-08-2026	IPR008916	Retrovirus capsid, C-terminal	-	Reactome:R-HSA-1169408|Reactome:R-HSA-162585|Reactome:R-HSA-162588|Reactome:R-HSA-162592|Reactome:R-HSA-162594|Reactome:R-HSA-164516|Reactome:R-HSA-164525|Reactome:R-HSA-164843|Reactome:R-HSA-173107|Reactome:R-HSA-174490|Reactome:R-HSA-174495|Reactome:R-HSA-175474|Reactome:R-HSA-175567|Reactome:R-HSA-177539|Reactome:R-HSA-180689|Reactome:R-HSA-180910
SIVMND	6d59c05ea432b5833ae1c296584dffc3	435	Pfam	PF19317	Gag protein p24 C-terminal domain	270	339	1.3E-23	T	13-08-2026	IPR045345	Retroviral nucleocapsid Gag protein p24, C-terminal domain	-	Reactome:R-HSA-1169408|Reactome:R-HSA-162585|Reactome:R-HSA-162588|Reactome:R-HSA-162592|Reactome:R-HSA-162594|Reactome:R-HSA-164516|Reactome:R-HSA-164525|Reactome:R-HSA-164843|Reactome:R-HSA-173107|Reactome:R-HSA-174490|Reactome:R-HSA-174495|Reactome:R-HSA-175474|Reactome:R-HSA-175567|Reactome:R-HSA-177539|Reactome:R-HSA-180689|Reactome:R-HSA-180910
SIVMND	6d59c05ea432b5833ae1c296584dffc3	435	PANTHER	PTHR40389	ENDOGENOUS RETROVIRUS GROUP K MEMBER 24 GAG POLYPROTEIN-RELATED	268	430	9.3E-23	T	13-08-2026	IPR050195	Primate lentivirus group Gag polyprotein-like	-	Reactome:R-HSA-1169408|Reactome:R-HSA-162585|Reactome:R-HSA-162588|Reactome:R-HSA-162592|Reactome:R-HSA-162594|Reactome:R-HSA-164516|Reactome:R-HSA-164525|Reactome:R-HSA-164843|Reactome:R-HSA-173107|Reactome:R-HSA-174490|Reactome:R-HSA-174495|Reactome:R-HSA-175474|Reactome:R-HSA-175567|Reactome:R-HSA-177539|Reactome:R-HSA-180689|Reactome:R-HSA-180910
SIVMND	6d59c05ea432b5833ae1c296584dffc3	435	Gene3D	G3DSA:4.10.60.10	-	378	426	1.8E-12	T	13-08-2026	-	-	-	-
SIVMND	6d59c05ea432b5833ae1c296584dffc3	435	Gene3D	G3DSA:1.10.375.10	Human Immunodeficiency Virus Type 1 Capsid Protein	122	264	3.0E-61	T	13-08-2026	IPR008919	Retrovirus capsid, N-terminal	GO:0016032(InterPro)	Reactome:R-HSA-1169408|Reactome:R-HSA-162585|Reactome:R-HSA-162588|Reactome:R-HSA-162592|Reactome:R-HSA-162594|Reactome:R-HSA-164516|Reactome:R-HSA-164525|Reactome:R-HSA-164843|Reactome:R-HSA-173107|Reactome:R-HSA-174490|Reactome:R-HSA-174495|Reactome:R-HSA-175474|Reactome:R-HSA-175567|Reactome:R-HSA-177539|Reactome:R-HSA-180689|Reactome:R-HSA-180910
SIVMND	6d59c05ea432b5833ae1c296584dffc3	435	SUPERFAMILY	SSF47943	Retrovirus capsid protein, N-terminal core domain	120	279	1.14E-65	T	13-08-2026	IPR008919	Retrovirus capsid, N-terminal	GO:0016032(InterPro)	Reactome:R-HSA-1169408|Reactome:R-HSA-162585|Reactome:R-HSA-162588|Reactome:R-HSA-162592|Reactome:R-HSA-162594|Reactome:R-HSA-164516|Reactome:R-HSA-164525|Reactome:R-HSA-164843|Reactome:R-HSA-173107|Reactome:R-HSA-174490|Reactome:R-HSA-174495|Reactome:R-HSA-175474|Reactome:R-HSA-175567|Reactome:R-HSA-177539|Reactome:R-HSA-180689|Reactome:R-HSA-180910
SIVMND	6d59c05ea432b5833ae1c296584dffc3	435	Gene3D	G3DSA:1.20.5.760	Single helix bin	338	377	2.2E-16	T	13-08-2026	-	-	-	-
RSV	0f00cafdd159a48482da701f72d1f16a	541	Pfam	PF02813	Retroviral M domain	2	69	1.1E-39	T	13-08-2026	IPR004028	Retroviral Gag polyprotein, M	-	-
RSV	0f00cafdd159a48482da701f72d1f16a	541	Gene3D	G3DSA:1.10.150.90	Immunodeficiency lentiviruses, gag gene matrix protein p17	1	69	2.5E-27	T	13-08-2026	IPR012344	Matrix protein, lentiviral and alpha-retroviral, N-terminal	-	Reactome:R-HSA-1169408|Reactome:R-HSA-162585|Reactome:R-HSA-162588|Reactome:R-HSA-162592|Reactome:R-HSA-162594|Reactome:R-HSA-164516|Reactome:R-HSA-164525|Reactome:R-HSA-164843|Reactome:R-HSA-173107|Reactome:R-HSA-174490|Reactome:R-HSA-174495|Reactome:R-HSA-175474|Reactome:R-HSA-175567|Reactome:R-HSA-177539|Reactome:R-HSA-180689|Reactome:R-HSA-180910
RSV	0f00cafdd159a48482da701f72d1f16a	541	Pfam	PF00098	Zinc knuckle	488	504	0.029	T	13-08-2026	IPR001878	Zinc finger, CCHC-type	GO:0003676(InterPro)|GO:0008270(InterPro)	Reactome:R-BTA-159231|Reactome:R-BTA-159236|Reactome:R-BTA-72163|Reactome:R-BTA-72165|Reactome:R-BTA-72203|Reactome:R-BTA-73856|Reactome:R-BTA-77595|Reactome:R-BTA-9770562|Reactome:R-CEL-159236|Reactome:R-CEL-72163|Reactome:R-CEL-73856|Reactome:R-DME-159231|Reactome:R-DME-159236|Reactome:R-DME-1834941|Reactome:R-DME-72163|Reactome:R-DME-72165|Reactome:R-DME-72203|Reactome:R-DME-73856|Reactome:R-DME-77595|Reactome:R-DME-8941326|Reactome:R-DME-9770562|Reactome:R-DME-9930044|Reactome:R-DRE-72165|Reactome:R-HSA-1169408|Reactome:R-HSA-159231|Reactome:R-HSA-159236|Reactome:R-HSA-162585|Reactome:R-HSA-162588|Reactome:R-HSA-162592|Reactome:R-HSA-162594|Reactome:R-HSA-164516|Reactome:R-HSA-164525|Reactome:R-HSA-164843|Reactome:R-HSA-168315|Reactome:R-HSA-173107|Reactome:R-HSA-174490|Reactome:R-HSA-174495|Reactome:R-HSA-175474|Reactome:R-HSA-175567|Reactome:R-HSA-177539|Reactome:R-HSA-180689|Reactome:R-HSA-180910|Reactome:R-HSA-429947|Reactome:R-HSA-452723|Reactome:R-HSA-6784531|Reactome:R-HSA-72163|Reactome:R-HSA-72165|Reactome:R-HSA-72187|Reactome:R-HSA-72203|Reactome:R-HSA-73856|Reactome:R-HSA-77595|Reactome:R-HSA-9013422|Reactome:R-HSA-9682706|Reactome:R-HSA-9694686|Reactome:R-HSA-9705671|Reactome:R-HSA-9770562|Reactome:R-HSA-9819196|Reactome:R-HSA-9820865|Reactome:R-HSA-983168|Reactome:R-HSA-9843970|Reactome:R-HSA-9918481|Reactome:R-HSA-9930044|Reactome:R-HSA-9931510|Reactome:R-MMU-159231|Reactome:R-MMU-159236|Reactome:R-MMU-72163|Reactome:R-MMU-72165|Reactome:R-MMU-72187|Reactome:R-MMU-72203|Reactome:R-MMU-73856|Reactome:R-MMU-77595|Reactome:R-MMU-9013422|Reactome:R-MMU-9770562|Reactome:R-MMU-983168|Reactome:R-MMU-9930044|Reactome:R-RNO-159231|Reactome:R-RNO-72165|Reactome:R-RNO-73856|Reactome:R-RNO-77595|Reactome:R-RNO-9770562|Reactome:R-SCE-983168|Reactome:R-SPO-9770562|Reactome:R-SPO-983168|Reactome:R-XTR-77595|Reactome:R-XTR-9770562
RSV	0f00cafdd159a48482da701f72d1f16a	541	SUPERFAMILY	SSF47353	Retrovirus capsid dimerization domain-like	371	447	1.83E-20	T	13-08-2026	-	-	-	-
RSV	0f00cafdd159a48482da701f72d1f16a	541	SUPERFAMILY	SSF47943	Retrovirus capsid protein, N-terminal core domain	193	365	5.89E-58	T	13-08-2026	IPR008919	Retrovirus capsid, N-terminal	GO:0016032(InterPro)	Reactome:R-HSA-1169408|Reactome:R-HSA-162585|Reactome:R-HSA-162588|Reactome:R-HSA-162592|Reactome:R-HSA-162594|Reactome:R-HSA-164516|Reactome:R-HSA-164525|Reactome:R-HSA-164843|Reactome:R-HSA-173107|Reactome:R-HSA-174490|Reactome:R-HSA-174495|Reactome:R-HSA-175474|Reactome:R-HSA-175567|Reactome:R-HSA-177539|Reactome:R-HSA-180689|Reactome:R-HSA-180910
RSV	0f00cafdd159a48482da701f72d1f16a	541	SUPERFAMILY	SSF57756	Retrovirus zinc finger-like domains	482	531	2.54E-8	T	13-08-2026	IPR036875	Zinc finger, CCHC-type superfamily	GO:0003676(InterPro)|GO:0008270(InterPro)	Reactome:R-BTA-159231|Reactome:R-BTA-159236|Reactome:R-BTA-72163|Reactome:R-BTA-72165|Reactome:R-BTA-72203|Reactome:R-BTA-73856|Reactome:R-BTA-77595|Reactome:R-BTA-9770562|Reactome:R-CEL-159236|Reactome:R-CEL-72163|Reactome:R-CEL-73856|Reactome:R-DME-159231|Reactome:R-DME-159236|Reactome:R-DME-1834941|Reactome:R-DME-72163|Reactome:R-DME-72165|Reactome:R-DME-72203|Reactome:R-DME-73856|Reactome:R-DME-77595|Reactome:R-DME-9770562|Reactome:R-DRE-72165|Reactome:R-HSA-1169408|Reactome:R-HSA-159231|Reactome:R-HSA-159236|Reactome:R-HSA-162585|Reactome:R-HSA-162588|Reactome:R-HSA-162592|Reactome:R-HSA-162594|Reactome:R-HSA-164516|Reactome:R-HSA-164525|Reactome:R-HSA-164843|Reactome:R-HSA-168315|Reactome:R-HSA-173107|Reactome:R-HSA-174490|Reactome:R-HSA-174495|Reactome:R-HSA-175474|Reactome:R-HSA-175567|Reactome:R-HSA-177539|Reactome:R-HSA-180689|Reactome:R-HSA-180910|Reactome:R-HSA-429947|Reactome:R-HSA-452723|Reactome:R-HSA-6784531|Reactome:R-HSA-72163|Reactome:R-HSA-72165|Reactome:R-HSA-72187|Reactome:R-HSA-72203|Reactome:R-HSA-73856|Reactome:R-HSA-77595|Reactome:R-HSA-9013422|Reactome:R-HSA-9682706|Reactome:R-HSA-9694686|Reactome:R-HSA-9705671|Reactome:R-HSA-9770562|Reactome:R-HSA-9819196|Reactome:R-HSA-9820865|Reactome:R-HSA-983168|Reactome:R-HSA-9918481|Reactome:R-HSA-9930044|Reactome:R-MMU-159231|Reactome:R-MMU-159236|Reactome:R-MMU-72163|Reactome:R-MMU-72165|Reactome:R-MMU-72187|Reactome:R-MMU-72203|Reactome:R-MMU-73856|Reactome:R-MMU-77595|Reactome:R-MMU-9013422|Reactome:R-MMU-9770562|Reactome:R-MMU-983168|Reactome:R-RNO-159231|Reactome:R-RNO-72165|Reactome:R-RNO-73856|Reactome:R-RNO-77595|Reactome:R-RNO-9770562|Reactome:R-SCE-983168|Reactome:R-SPO-9770562|Reactome:R-SPO-983168|Reactome:R-XTR-77595|Reactome:R-XTR-9770562
RSV	0f00cafdd159a48482da701f72d1f16a	541	FunFam	G3DSA:1.10.375.10:FF:000003	Gag polyprotein	192	366	2.8E-115	T	13-08-2026	-	-	-	-
RSV	0f00cafdd159a48482da701f72d1f16a	541	SUPERFAMILY	SSF47836	Retroviral matrix proteins	1	69	1.09E-28	T	13-08-2026	IPR010999	Retroviral matrix protein	-	Reactome:R-HSA-1169408|Reactome:R-HSA-162585|Reactome:R-HSA-162588|Reactome:R-HSA-162592|Reactome:R-HSA-162594|Reactome:R-HSA-164516|Reactome:R-HSA-164525|Reactome:R-HSA-164843|Reactome:R-HSA-173107|Reactome:R-HSA-174490|Reactome:R-HSA-174495|Reactome:R-HSA-175474|Reactome:R-HSA-175567|Reactome:R-HSA-177539|Reactome:R-HSA-180689|Reactome:R-HSA-180910|Reactome:R-HSA-198933
RSV	0f00cafdd159a48482da701f72d1f16a	541	Gene3D	G3DSA:4.10.60.10	-	483	541	4.8E-14	T	13-08-2026	-	-	-	-
RSV	0f00cafdd159a48482da701f72d1f16a	541	ProSiteProfiles	PS50158	Zinc finger CCHC-type profile.	489	504	10.344996	T	13-08-2026	IPR001878	Zinc finger, CCHC-type	GO:0003676(InterPro)|GO:0008270(InterPro)	Reactome:R-BTA-159231|Reactome:R-BTA-159236|Reactome:R-BTA-72163|Reactome:R-BTA-72165|Reactome:R-BTA-72203|Reactome:R-BTA-73856|Reactome:R-BTA-77595|Reactome:R-BTA-9770562|Reactome:R-CEL-159236|Reactome:R-CEL-72163|Reactome:R-CEL-73856|Reactome:R-DME-159231|Reactome:R-DME-159236|Reactome:R-DME-1834941|Reactome:R-DME-72163|Reactome:R-DME-72165|Reactome:R-DME-72203|Reactome:R-DME-73856|Reactome:R-DME-77595|Reactome:R-DME-8941326|Reactome:R-DME-9770562|Reactome:R-DME-9930044|Reactome:R-DRE-72165|Reactome:R-HSA-1169408|Reactome:R-HSA-159231|Reactome:R-HSA-159236|Reactome:R-HSA-162585|Reactome:R-HSA-162588|Reactome:R-HSA-162592|Reactome:R-HSA-162594|Reactome:R-HSA-164516|Reactome:R-HSA-164525|Reactome:R-HSA-164843|Reactome:R-HSA-168315|Reactome:R-HSA-173107|Reactome:R-HSA-174490|Reactome:R-HSA-174495|Reactome:R-HSA-175474|Reactome:R-HSA-175567|Reactome:R-HSA-177539|Reactome:R-HSA-180689|Reactome:R-HSA-180910|Reactome:R-HSA-429947|Reactome:R-HSA-452723|Reactome:R-HSA-6784531|Reactome:R-HSA-72163|Reactome:R-HSA-72165|Reactome:R-HSA-72187|Reactome:R-HSA-72203|Reactome:R-HSA-73856|Reactome:R-HSA-77595|Reactome:R-HSA-9013422|Reactome:R-HSA-9682706|Reactome:R-HSA-9694686|Reactome:R-HSA-9705671|Reactome:R-HSA-9770562|Reactome:R-HSA-9819196|Reactome:R-HSA-9820865|Reactome:R-HSA-983168|Reactome:R-HSA-9843970|Reactome:R-HSA-9918481|Reactome:R-HSA-9930044|Reactome:R-HSA-9931510|Reactome:R-MMU-159231|Reactome:R-MMU-159236|Reactome:R-MMU-72163|Reactome:R-MMU-72165|Reactome:R-MMU-72187|Reactome:R-MMU-72203|Reactome:R-MMU-73856|Reactome:R-MMU-77595|Reactome:R-MMU-9013422|Reactome:R-MMU-9770562|Reactome:R-MMU-983168|Reactome:R-MMU-9930044|Reactome:R-RNO-159231|Reactome:R-RNO-72165|Reactome:R-RNO-73856|Reactome:R-RNO-77595|Reactome:R-RNO-9770562|Reactome:R-SCE-983168|Reactome:R-SPO-9770562|Reactome:R-SPO-983168|Reactome:R-XTR-77595|Reactome:R-XTR-9770562
RSV	0f00cafdd159a48482da701f72d1f16a	541	Gene3D	G3DSA:1.10.375.10	Human Immunodeficiency Virus Type 1 Capsid Protein	192	366	5.3E-54	T	13-08-2026	IPR008919	Retrovirus capsid, N-terminal	GO:0016032(InterPro)	Reactome:R-HSA-1169408|Reactome:R-HSA-162585|Reactome:R-HSA-162588|Reactome:R-HSA-162592|Reactome:R-HSA-162594|Reactome:R-HSA-164516|Reactome:R-HSA-164525|Reactome:R-HSA-164843|Reactome:R-HSA-173107|Reactome:R-HSA-174490|Reactome:R-HSA-174495|Reactome:R-HSA-175474|Reactome:R-HSA-175567|Reactome:R-HSA-177539|Reactome:R-HSA-180689|Reactome:R-HSA-180910
RSV	0f00cafdd159a48482da701f72d1f16a	541	Pfam	PF00607	gag protein p24 N-terminal domain	230	363	1.2E-13	T	13-08-2026	-	-	-	-
RSV	0f00cafdd159a48482da701f72d1f16a	541	Gene3D	G3DSA:1.10.1200.30	-	370	459	3.5E-33	T	13-08-2026	IPR008916	Retrovirus capsid, C-terminal	-	Reactome:R-HSA-1169408|Reactome:R-HSA-162585|Reactome:R-HSA-162588|Reactome:R-HSA-162592|Reactome:R-HSA-162594|Reactome:R-HSA-164516|Reactome:R-HSA-164525|Reactome:R-HSA-164843|Reactome:R-HSA-173107|Reactome:R-HSA-174490|Reactome:R-HSA-174495|Reactome:R-HSA-175474|Reactome:R-HSA-175567|Reactome:R-HSA-177539|Reactome:R-HSA-180689|Reactome:R-HSA-180910
RSV	0f00cafdd159a48482da701f72d1f16a	541	PANTHER	PTHR40389	ENDOGENOUS RETROVIRUS GROUP K MEMBER 24 GAG POLYPROTEIN-RELATED	2	538	1.2E-95	T	13-08-2026	IPR050195	Primate lentivirus group Gag polyprotein-like	-	Reactome:R-HSA-1169408|Reactome:R-HSA-162585|Reactome:R-HSA-162588|Reactome:R-HSA-162592|Reactome:R-HSA-162594|Reactome:R-HSA-164516|Reactome:R-HSA-164525|Reactome:R-HSA-164843|Reactome:R-HSA-173107|Reactome:R-HSA-174490|Reactome:R-HSA-174495|Reactome:R-HSA-175474|Reactome:R-HSA-175567|Reactome:R-HSA-177539|Reactome:R-HSA-180689|Reactome:R-HSA-180910
RSV	0f00cafdd159a48482da701f72d1f16a	541	SMART	SM00343	c2hcfinal6	488	504	2.1E-4	T	13-08-2026	IPR001878	Zinc finger, CCHC-type	GO:0003676(InterPro)|GO:0008270(InterPro)	Reactome:R-BTA-159231|Reactome:R-BTA-159236|Reactome:R-BTA-72163|Reactome:R-BTA-72165|Reactome:R-BTA-72203|Reactome:R-BTA-73856|Reactome:R-BTA-77595|Reactome:R-BTA-9770562|Reactome:R-CEL-159236|Reactome:R-CEL-72163|Reactome:R-CEL-73856|Reactome:R-DME-159231|Reactome:R-DME-159236|Reactome:R-DME-1834941|Reactome:R-DME-72163|Reactome:R-DME-72165|Reactome:R-DME-72203|Reactome:R-DME-73856|Reactome:R-DME-77595|Reactome:R-DME-8941326|Reactome:R-DME-9770562|Reactome:R-DME-9930044|Reactome:R-DRE-72165|Reactome:R-HSA-1169408|Reactome:R-HSA-159231|Reactome:R-HSA-159236|Reactome:R-HSA-162585|Reactome:R-HSA-162588|Reactome:R-HSA-162592|Reactome:R-HSA-162594|Reactome:R-HSA-164516|Reactome:R-HSA-164525|Reactome:R-HSA-164843|Reactome:R-HSA-168315|Reactome:R-HSA-173107|Reactome:R-HSA-174490|Reactome:R-HSA-174495|Reactome:R-HSA-175474|Reactome:R-HSA-175567|Reactome:R-HSA-177539|Reactome:R-HSA-180689|Reactome:R-HSA-180910|Reactome:R-HSA-429947|Reactome:R-HSA-452723|Reactome:R-HSA-6784531|Reactome:R-HSA-72163|Reactome:R-HSA-72165|Reactome:R-HSA-72187|Reactome:R-HSA-72203|Reactome:R-HSA-73856|Reactome:R-HSA-77595|Reactome:R-HSA-9013422|Reactome:R-HSA-9682706|Reactome:R-HSA-9694686|Reactome:R-HSA-9705671|Reactome:R-HSA-9770562|Reactome:R-HSA-9819196|Reactome:R-HSA-9820865|Reactome:R-HSA-983168|Reactome:R-HSA-9843970|Reactome:R-HSA-9918481|Reactome:R-HSA-9930044|Reactome:R-HSA-9931510|Reactome:R-MMU-159231|Reactome:R-MMU-159236|Reactome:R-MMU-72163|Reactome:R-MMU-72165|Reactome:R-MMU-72187|Reactome:R-MMU-72203|Reactome:R-MMU-73856|Reactome:R-MMU-77595|Reactome:R-MMU-9013422|Reactome:R-MMU-9770562|Reactome:R-MMU-983168|Reactome:R-MMU-9930044|Reactome:R-RNO-159231|Reactome:R-RNO-72165|Reactome:R-RNO-73856|Reactome:R-RNO-77595|Reactome:R-RNO-9770562|Reactome:R-SCE-983168|Reactome:R-SPO-9770562|Reactome:R-SPO-983168|Reactome:R-XTR-77595|Reactome:R-XTR-9770562
RSV	0f00cafdd159a48482da701f72d1f16a	541	SMART	SM00343	c2hcfinal6	514	530	0.078	T	13-08-2026	IPR001878	Zinc finger, CCHC-type	GO:0003676(InterPro)|GO:0008270(InterPro)	Reactome:R-BTA-159231|Reactome:R-BTA-159236|Reactome:R-BTA-72163|Reactome:R-BTA-72165|Reactome:R-BTA-72203|Reactome:R-BTA-73856|Reactome:R-BTA-77595|Reactome:R-BTA-9770562|Reactome:R-CEL-159236|Reactome:R-CEL-72163|Reactome:R-CEL-73856|Reactome:R-DME-159231|Reactome:R-DME-159236|Reactome:R-DME-1834941|Reactome:R-DME-72163|Reactome:R-DME-72165|Reactome:R-DME-72203|Reactome:R-DME-73856|Reactome:R-DME-77595|Reactome:R-DME-8941326|Reactome:R-DME-9770562|Reactome:R-DME-9930044|Reactome:R-DRE-72165|Reactome:R-HSA-1169408|Reactome:R-HSA-159231|Reactome:R-HSA-159236|Reactome:R-HSA-162585|Reactome:R-HSA-162588|Reactome:R-HSA-162592|Reactome:R-HSA-162594|Reactome:R-HSA-164516|Reactome:R-HSA-164525|Reactome:R-HSA-164843|Reactome:R-HSA-168315|Reactome:R-HSA-173107|Reactome:R-HSA-174490|Reactome:R-HSA-174495|Reactome:R-HSA-175474|Reactome:R-HSA-175567|Reactome:R-HSA-177539|Reactome:R-HSA-180689|Reactome:R-HSA-180910|Reactome:R-HSA-429947|Reactome:R-HSA-452723|Reactome:R-HSA-6784531|Reactome:R-HSA-72163|Reactome:R-HSA-72165|Reactome:R-HSA-72187|Reactome:R-HSA-72203|Reactome:R-HSA-73856|Reactome:R-HSA-77595|Reactome:R-HSA-9013422|Reactome:R-HSA-9682706|Reactome:R-HSA-9694686|Reactome:R-HSA-9705671|Reactome:R-HSA-9770562|Reactome:R-HSA-9819196|Reactome:R-HSA-9820865|Reactome:R-HSA-983168|Reactome:R-HSA-9843970|Reactome:R-HSA-9918481|Reactome:R-HSA-9930044|Reactome:R-HSA-9931510|Reactome:R-MMU-159231|Reactome:R-MMU-159236|Reactome:R-MMU-72163|Reactome:R-MMU-72165|Reactome:R-MMU-72187|Reactome:R-MMU-72203|Reactome:R-MMU-73856|Reactome:R-MMU-77595|Reactome:R-MMU-9013422|Reactome:R-MMU-9770562|Reactome:R-MMU-983168|Reactome:R-MMU-9930044|Reactome:R-RNO-159231|Reactome:R-RNO-72165|Reactome:R-RNO-73856|Reactome:R-RNO-77595|Reactome:R-RNO-9770562|Reactome:R-SCE-983168|Reactome:R-SPO-9770562|Reactome:R-SPO-983168|Reactome:R-XTR-77595|Reactome:R-XTR-9770562
RSV	0f00cafdd159a48482da701f72d1f16a	541	MobiDBLite	mobidb-lite	consensus disorder prediction	164	197	-	T	13-08-2026	-	-	-	-
RSV	0f00cafdd159a48482da701f72d1f16a	541	MobiDBLite	mobidb-lite	consensus disorder prediction	179	189	-	T	13-08-2026	-	-	-	-
REM1	0e43c8745f08720db28cf5c2571b3ee8	556	MobiDBLite	mobidb-lite	consensus disorder prediction	248	291	-	T	13-08-2026	-	-	-	-
REM1	0e43c8745f08720db28cf5c2571b3ee8	556	MobiDBLite	mobidb-lite	consensus disorder prediction	465	507	-	T	13-08-2026	-	-	-	-
REM1	0e43c8745f08720db28cf5c2571b3ee8	556	Phobius	NON_CYTOPLASMIC_DOMAIN	Region of a membrane-bound protein predicted to be outside the membrane, in the extracellular region.	34	556	-	T	13-08-2026	-	-	-	-
REM1	0e43c8745f08720db28cf5c2571b3ee8	556	Phobius	SIGNAL_PEPTIDE_H_REGION	Hydrophobic region of a signal peptide.	21	28	-	T	13-08-2026	-	-	-	-
REM1	0e43c8745f08720db28cf5c2571b3ee8	556	Coils	Coil	Coil	532	552	-	T	13-08-2026	-	-	-	-
REM1	0e43c8745f08720db28cf5c2571b3ee8	556	Phobius	SIGNAL_PEPTIDE_C_REGION	C-terminal region of a signal peptide.	29	33	-	T	13-08-2026	-	-	-	-
REM1	0e43c8745f08720db28cf5c2571b3ee8	556	Phobius	SIGNAL_PEPTIDE	Signal peptide region	1	33	-	T	13-08-2026	-	-	-	-
REM1	0e43c8745f08720db28cf5c2571b3ee8	556	Coils	Coil	Coil	125	163	-	T	13-08-2026	-	-	-	-
REM1	0e43c8745f08720db28cf5c2571b3ee8	556	Phobius	SIGNAL_PEPTIDE_N_REGION	N-terminal region of a signal peptide.	1	20	-	T	13-08-2026	-	-	-	-
REM1	0e43c8745f08720db28cf5c2571b3ee8	556	MobiDBLite	mobidb-lite	consensus disorder prediction	33	56	-	T	13-08-2026	-	-	-	-
REM1	0e43c8745f08720db28cf5c2571b3ee8	556	MobiDBLite	mobidb-lite	consensus disorder prediction	495	506	-	T	13-08-2026	-	-	-	-
Tat4-1	e709231c5ac9242bda93f19e8fd2db5e	545	PANTHER	PTHR33223	CCHC-TYPE DOMAIN-CONTAINING PROTEIN	156	487	5.6E-24	T	13-08-2026	-	-	-	-
Tat4-1	e709231c5ac9242bda93f19e8fd2db5e	545	Coils	Coil	Coil	151	178	-	T	13-08-2026	-	-	-	-
Tat4-1	e709231c5ac9242bda93f19e8fd2db5e	545	MobiDBLite	mobidb-lite	consensus disorder prediction	1	19	-	T	13-08-2026	-	-	-	-
Tat4-1	e709231c5ac9242bda93f19e8fd2db5e	545	MobiDBLite	mobidb-lite	consensus disorder prediction	1	83	-	T	13-08-2026	-	-	-	-
Tat4-1	e709231c5ac9242bda93f19e8fd2db5e	545	MobiDBLite	mobidb-lite	consensus disorder prediction	523	535	-	T	13-08-2026	-	-	-	-
Tat4-1	e709231c5ac9242bda93f19e8fd2db5e	545	MobiDBLite	mobidb-lite	consensus disorder prediction	483	545	-	T	13-08-2026	-	-	-	-
Tat4-1	e709231c5ac9242bda93f19e8fd2db5e	545	Pfam	PF03732	Retrotransposon-derived protein PEG10, N-terminal capsid-like domain	207	281	6.5E-6	T	13-08-2026	IPR005162	Retrotransposon-derived protein PEG10, N-terminal capsid-like domain	-	-
DRM	5eb897800c98e6a03858a4f99ededbe5	258	Gene3D	G3DSA:4.10.60.10	-	172	237	6.6E-9	T	13-08-2026	-	-	-	-
DRM	5eb897800c98e6a03858a4f99ededbe5	258	PANTHER	PTHR33198	ANK_REP_REGION DOMAIN-CONTAINING PROTEIN-RELATED	15	230	5.9E-25	T	13-08-2026	-	-	-	-
DRM	5eb897800c98e6a03858a4f99ededbe5	258	SUPERFAMILY	SSF57756	Retrovirus zinc finger-like domains	192	233	1.0E-5	T	13-08-2026	IPR036875	Zinc finger, CCHC-type superfamily	GO:0003676(InterPro)|GO:0008270(InterPro)	Reactome:R-BTA-159231|Reactome:R-BTA-159236|Reactome:R-BTA-72163|Reactome:R-BTA-72165|Reactome:R-BTA-72203|Reactome:R-BTA-73856|Reactome:R-BTA-77595|Reactome:R-BTA-9770562|Reactome:R-CEL-159236|Reactome:R-CEL-72163|Reactome:R-CEL-73856|Reactome:R-DME-159231|Reactome:R-DME-159236|Reactome:R-DME-1834941|Reactome:R-DME-72163|Reactome:R-DME-72165|Reactome:R-DME-72203|Reactome:R-DME-73856|Reactome:R-DME-77595|Reactome:R-DME-9770562|Reactome:R-DRE-72165|Reactome:R-HSA-1169408|Reactome:R-HSA-159231|Reactome:R-HSA-159236|Reactome:R-HSA-162585|Reactome:R-HSA-162588|Reactome:R-HSA-162592|Reactome:R-HSA-162594|Reactome:R-HSA-164516|Reactome:R-HSA-164525|Reactome:R-HSA-164843|Reactome:R-HSA-168315|Reactome:R-HSA-173107|Reactome:R-HSA-174490|Reactome:R-HSA-174495|Reactome:R-HSA-175474|Reactome:R-HSA-175567|Reactome:R-HSA-177539|Reactome:R-HSA-180689|Reactome:R-HSA-180910|Reactome:R-HSA-429947|Reactome:R-HSA-452723|Reactome:R-HSA-6784531|Reactome:R-HSA-72163|Reactome:R-HSA-72165|Reactome:R-HSA-72187|Reactome:R-HSA-72203|Reactome:R-HSA-73856|Reactome:R-HSA-77595|Reactome:R-HSA-9013422|Reactome:R-HSA-9682706|Reactome:R-HSA-9694686|Reactome:R-HSA-9705671|Reactome:R-HSA-9770562|Reactome:R-HSA-9819196|Reactome:R-HSA-9820865|Reactome:R-HSA-983168|Reactome:R-HSA-9918481|Reactome:R-HSA-9930044|Reactome:R-MMU-159231|Reactome:R-MMU-159236|Reactome:R-MMU-72163|Reactome:R-MMU-72165|Reactome:R-MMU-72187|Reactome:R-MMU-72203|Reactome:R-MMU-73856|Reactome:R-MMU-77595|Reactome:R-MMU-9013422|Reactome:R-MMU-9770562|Reactome:R-MMU-983168|Reactome:R-RNO-159231|Reactome:R-RNO-72165|Reactome:R-RNO-73856|Reactome:R-RNO-77595|Reactome:R-RNO-9770562|Reactome:R-SCE-983168|Reactome:R-SPO-9770562|Reactome:R-SPO-983168|Reactome:R-XTR-77595|Reactome:R-XTR-9770562
DRM	5eb897800c98e6a03858a4f99ededbe5	258	ProSiteProfiles	PS50158	Zinc finger CCHC-type profile.	216	231	9.603271	T	13-08-2026	IPR001878	Zinc finger, CCHC-type	GO:0003676(InterPro)|GO:0008270(InterPro)	Reactome:R-BTA-159231|Reactome:R-BTA-159236|Reactome:R-BTA-72163|Reactome:R-BTA-72165|Reactome:R-BTA-72203|Reactome:R-BTA-73856|Reactome:R-BTA-77595|Reactome:R-BTA-9770562|Reactome:R-CEL-159236|Reactome:R-CEL-72163|Reactome:R-CEL-73856|Reactome:R-DME-159231|Reactome:R-DME-159236|Reactome:R-DME-1834941|Reactome:R-DME-72163|Reactome:R-DME-72165|Reactome:R-DME-72203|Reactome:R-DME-73856|Reactome:R-DME-77595|Reactome:R-DME-8941326|Reactome:R-DME-9770562|Reactome:R-DME-9930044|Reactome:R-DRE-72165|Reactome:R-HSA-1169408|Reactome:R-HSA-159231|Reactome:R-HSA-159236|Reactome:R-HSA-162585|Reactome:R-HSA-162588|Reactome:R-HSA-162592|Reactome:R-HSA-162594|Reactome:R-HSA-164516|Reactome:R-HSA-164525|Reactome:R-HSA-164843|Reactome:R-HSA-168315|Reactome:R-HSA-173107|Reactome:R-HSA-174490|Reactome:R-HSA-174495|Reactome:R-HSA-175474|Reactome:R-HSA-175567|Reactome:R-HSA-177539|Reactome:R-HSA-180689|Reactome:R-HSA-180910|Reactome:R-HSA-429947|Reactome:R-HSA-452723|Reactome:R-HSA-6784531|Reactome:R-HSA-72163|Reactome:R-HSA-72165|Reactome:R-HSA-72187|Reactome:R-HSA-72203|Reactome:R-HSA-73856|Reactome:R-HSA-77595|Reactome:R-HSA-9013422|Reactome:R-HSA-9682706|Reactome:R-HSA-9694686|Reactome:R-HSA-9705671|Reactome:R-HSA-9770562|Reactome:R-HSA-9819196|Reactome:R-HSA-9820865|Reactome:R-HSA-983168|Reactome:R-HSA-9843970|Reactome:R-HSA-9918481|Reactome:R-HSA-9930044|Reactome:R-HSA-9931510|Reactome:R-MMU-159231|Reactome:R-MMU-159236|Reactome:R-MMU-72163|Reactome:R-MMU-72165|Reactome:R-MMU-72187|Reactome:R-MMU-72203|Reactome:R-MMU-73856|Reactome:R-MMU-77595|Reactome:R-MMU-9013422|Reactome:R-MMU-9770562|Reactome:R-MMU-983168|Reactome:R-MMU-9930044|Reactome:R-RNO-159231|Reactome:R-RNO-72165|Reactome:R-RNO-73856|Reactome:R-RNO-77595|Reactome:R-RNO-9770562|Reactome:R-SCE-983168|Reactome:R-SPO-9770562|Reactome:R-SPO-983168|Reactome:R-XTR-77595|Reactome:R-XTR-9770562
DRM	5eb897800c98e6a03858a4f99ededbe5	258	SMART	SM00343	c2hcfinal6	196	212	4.3	T	13-08-2026	IPR001878	Zinc finger, CCHC-type	GO:0003676(InterPro)|GO:0008270(InterPro)	Reactome:R-BTA-159231|Reactome:R-BTA-159236|Reactome:R-BTA-72163|Reactome:R-BTA-72165|Reactome:R-BTA-72203|Reactome:R-BTA-73856|Reactome:R-BTA-77595|Reactome:R-BTA-9770562|Reactome:R-CEL-159236|Reactome:R-CEL-72163|Reactome:R-CEL-73856|Reactome:R-DME-159231|Reactome:R-DME-159236|Reactome:R-DME-1834941|Reactome:R-DME-72163|Reactome:R-DME-72165|Reactome:R-DME-72203|Reactome:R-DME-73856|Reactome:R-DME-77595|Reactome:R-DME-8941326|Reactome:R-DME-9770562|Reactome:R-DME-9930044|Reactome:R-DRE-72165|Reactome:R-HSA-1169408|Reactome:R-HSA-159231|Reactome:R-HSA-159236|Reactome:R-HSA-162585|Reactome:R-HSA-162588|Reactome:R-HSA-162592|Reactome:R-HSA-162594|Reactome:R-HSA-164516|Reactome:R-HSA-164525|Reactome:R-HSA-164843|Reactome:R-HSA-168315|Reactome:R-HSA-173107|Reactome:R-HSA-174490|Reactome:R-HSA-174495|Reactome:R-HSA-175474|Reactome:R-HSA-175567|Reactome:R-HSA-177539|Reactome:R-HSA-180689|Reactome:R-HSA-180910|Reactome:R-HSA-429947|Reactome:R-HSA-452723|Reactome:R-HSA-6784531|Reactome:R-HSA-72163|Reactome:R-HSA-72165|Reactome:R-HSA-72187|Reactome:R-HSA-72203|Reactome:R-HSA-73856|Reactome:R-HSA-77595|Reactome:R-HSA-9013422|Reactome:R-HSA-9682706|Reactome:R-HSA-9694686|Reactome:R-HSA-9705671|Reactome:R-HSA-9770562|Reactome:R-HSA-9819196|Reactome:R-HSA-9820865|Reactome:R-HSA-983168|Reactome:R-HSA-9843970|Reactome:R-HSA-9918481|Reactome:R-HSA-9930044|Reactome:R-HSA-9931510|Reactome:R-MMU-159231|Reactome:R-MMU-159236|Reactome:R-MMU-72163|Reactome:R-MMU-72165|Reactome:R-MMU-72187|Reactome:R-MMU-72203|Reactome:R-MMU-73856|Reactome:R-MMU-77595|Reactome:R-MMU-9013422|Reactome:R-MMU-9770562|Reactome:R-MMU-983168|Reactome:R-MMU-9930044|Reactome:R-RNO-159231|Reactome:R-RNO-72165|Reactome:R-RNO-73856|Reactome:R-RNO-77595|Reactome:R-RNO-9770562|Reactome:R-SCE-983168|Reactome:R-SPO-9770562|Reactome:R-SPO-983168|Reactome:R-XTR-77595|Reactome:R-XTR-9770562
DRM	5eb897800c98e6a03858a4f99ededbe5	258	SMART	SM00343	c2hcfinal6	216	232	0.012	T	13-08-2026	IPR001878	Zinc finger, CCHC-type	GO:0003676(InterPro)|GO:0008270(InterPro)	Reactome:R-BTA-159231|Reactome:R-BTA-159236|Reactome:R-BTA-72163|Reactome:R-BTA-72165|Reactome:R-BTA-72203|Reactome:R-BTA-73856|Reactome:R-BTA-77595|Reactome:R-BTA-9770562|Reactome:R-CEL-159236|Reactome:R-CEL-72163|Reactome:R-CEL-73856|Reactome:R-DME-159231|Reactome:R-DME-159236|Reactome:R-DME-1834941|Reactome:R-DME-72163|Reactome:R-DME-72165|Reactome:R-DME-72203|Reactome:R-DME-73856|Reactome:R-DME-77595|Reactome:R-DME-8941326|Reactome:R-DME-9770562|Reactome:R-DME-9930044|Reactome:R-DRE-72165|Reactome:R-HSA-1169408|Reactome:R-HSA-159231|Reactome:R-HSA-159236|Reactome:R-HSA-162585|Reactome:R-HSA-162588|Reactome:R-HSA-162592|Reactome:R-HSA-162594|Reactome:R-HSA-164516|Reactome:R-HSA-164525|Reactome:R-HSA-164843|Reactome:R-HSA-168315|Reactome:R-HSA-173107|Reactome:R-HSA-174490|Reactome:R-HSA-174495|Reactome:R-HSA-175474|Reactome:R-HSA-175567|Reactome:R-HSA-177539|Reactome:R-HSA-180689|Reactome:R-HSA-180910|Reactome:R-HSA-429947|Reactome:R-HSA-452723|Reactome:R-HSA-6784531|Reactome:R-HSA-72163|Reactome:R-HSA-72165|Reactome:R-HSA-72187|Reactome:R-HSA-72203|Reactome:R-HSA-73856|Reactome:R-HSA-77595|Reactome:R-HSA-9013422|Reactome:R-HSA-9682706|Reactome:R-HSA-9694686|Reactome:R-HSA-9705671|Reactome:R-HSA-9770562|Reactome:R-HSA-9819196|Reactome:R-HSA-9820865|Reactome:R-HSA-983168|Reactome:R-HSA-9843970|Reactome:R-HSA-9918481|Reactome:R-HSA-9930044|Reactome:R-HSA-9931510|Reactome:R-MMU-159231|Reactome:R-MMU-159236|Reactome:R-MMU-72163|Reactome:R-MMU-72165|Reactome:R-MMU-72187|Reactome:R-MMU-72203|Reactome:R-MMU-73856|Reactome:R-MMU-77595|Reactome:R-MMU-9013422|Reactome:R-MMU-9770562|Reactome:R-MMU-983168|Reactome:R-MMU-9930044|Reactome:R-RNO-159231|Reactome:R-RNO-72165|Reactome:R-RNO-73856|Reactome:R-RNO-77595|Reactome:R-RNO-9770562|Reactome:R-SCE-983168|Reactome:R-SPO-9770562|Reactome:R-SPO-983168|Reactome:R-XTR-77595|Reactome:R-XTR-9770562
Reina	e7615e5e13cd0a2eeb210ca9c03f4c1c	428	MobiDBLite	mobidb-lite	consensus disorder prediction	134	159	-	T	13-08-2026	-	-	-	-
Reina	e7615e5e13cd0a2eeb210ca9c03f4c1c	428	MobiDBLite	mobidb-lite	consensus disorder prediction	1	23	-	T	13-08-2026	-	-	-	-
Reina	e7615e5e13cd0a2eeb210ca9c03f4c1c	428	MobiDBLite	mobidb-lite	consensus disorder prediction	149	159	-	T	13-08-2026	-	-	-	-
Reina	e7615e5e13cd0a2eeb210ca9c03f4c1c	428	MobiDBLite	mobidb-lite	consensus disorder prediction	365	375	-	T	13-08-2026	-	-	-	-
Reina	e7615e5e13cd0a2eeb210ca9c03f4c1c	428	MobiDBLite	mobidb-lite	consensus disorder prediction	347	375	-	T	13-08-2026	-	-	-	-
BAEVM	5996b664939ab4d4bb16b228af776a87	518	Gene3D	G3DSA:4.10.60.10	-	467	518	4.1E-18	T	13-08-2026	-	-	-	-
BAEVM	5996b664939ab4d4bb16b228af776a87	518	SUPERFAMILY	SSF47943	Retrovirus capsid protein, N-terminal core domain	220	344	4.24E-52	T	13-08-2026	IPR008919	Retrovirus capsid, N-terminal	GO:0016032(InterPro)	Reactome:R-HSA-1169408|Reactome:R-HSA-162585|Reactome:R-HSA-162588|Reactome:R-HSA-162592|Reactome:R-HSA-162594|Reactome:R-HSA-164516|Reactome:R-HSA-164525|Reactome:R-HSA-164843|Reactome:R-HSA-173107|Reactome:R-HSA-174490|Reactome:R-HSA-174495|Reactome:R-HSA-175474|Reactome:R-HSA-175567|Reactome:R-HSA-177539|Reactome:R-HSA-180689|Reactome:R-HSA-180910
BAEVM	5996b664939ab4d4bb16b228af776a87	518	Gene3D	G3DSA:1.10.150.180	-	1	93	4.5E-42	T	13-08-2026	IPR036946	Gamma-retroviral matrix domain superfamily	-	Reactome:R-HSA-198933
BAEVM	5996b664939ab4d4bb16b228af776a87	518	Pfam	PF01140	Matrix protein (MA), p15	1	93	3.5E-42	T	13-08-2026	IPR000840	Gamma-retroviral matrix protein	-	-
BAEVM	5996b664939ab4d4bb16b228af776a87	518	PANTHER	PTHR33166	GAG_P30 DOMAIN-CONTAINING PROTEIN	2	514	5.1E-177	T	13-08-2026	IPR050462	Retroviral Gag-Pol polyproteins	-	Reactome:R-HSA-198933
BAEVM	5996b664939ab4d4bb16b228af776a87	518	Pfam	PF00098	Zinc knuckle	491	507	0.94	T	13-08-2026	IPR001878	Zinc finger, CCHC-type	GO:0003676(InterPro)|GO:0008270(InterPro)	Reactome:R-BTA-159231|Reactome:R-BTA-159236|Reactome:R-BTA-72163|Reactome:R-BTA-72165|Reactome:R-BTA-72203|Reactome:R-BTA-73856|Reactome:R-BTA-77595|Reactome:R-BTA-9770562|Reactome:R-CEL-159236|Reactome:R-CEL-72163|Reactome:R-CEL-73856|Reactome:R-DME-159231|Reactome:R-DME-159236|Reactome:R-DME-1834941|Reactome:R-DME-72163|Reactome:R-DME-72165|Reactome:R-DME-72203|Reactome:R-DME-73856|Reactome:R-DME-77595|Reactome:R-DME-8941326|Reactome:R-DME-9770562|Reactome:R-DME-9930044|Reactome:R-DRE-72165|Reactome:R-HSA-1169408|Reactome:R-HSA-159231|Reactome:R-HSA-159236|Reactome:R-HSA-162585|Reactome:R-HSA-162588|Reactome:R-HSA-162592|Reactome:R-HSA-162594|Reactome:R-HSA-164516|Reactome:R-HSA-164525|Reactome:R-HSA-164843|Reactome:R-HSA-168315|Reactome:R-HSA-173107|Reactome:R-HSA-174490|Reactome:R-HSA-174495|Reactome:R-HSA-175474|Reactome:R-HSA-175567|Reactome:R-HSA-177539|Reactome:R-HSA-180689|Reactome:R-HSA-180910|Reactome:R-HSA-429947|Reactome:R-HSA-452723|Reactome:R-HSA-6784531|Reactome:R-HSA-72163|Reactome:R-HSA-72165|Reactome:R-HSA-72187|Reactome:R-HSA-72203|Reactome:R-HSA-73856|Reactome:R-HSA-77595|Reactome:R-HSA-9013422|Reactome:R-HSA-9682706|Reactome:R-HSA-9694686|Reactome:R-HSA-9705671|Reactome:R-HSA-9770562|Reactome:R-HSA-9819196|Reactome:R-HSA-9820865|Reactome:R-HSA-983168|Reactome:R-HSA-9843970|Reactome:R-HSA-9918481|Reactome:R-HSA-9930044|Reactome:R-HSA-9931510|Reactome:R-MMU-159231|Reactome:R-MMU-159236|Reactome:R-MMU-72163|Reactome:R-MMU-72165|Reactome:R-MMU-72187|Reactome:R-MMU-72203|Reactome:R-MMU-73856|Reactome:R-MMU-77595|Reactome:R-MMU-9013422|Reactome:R-MMU-9770562|Reactome:R-MMU-983168|Reactome:R-MMU-9930044|Reactome:R-RNO-159231|Reactome:R-RNO-72165|Reactome:R-RNO-73856|Reactome:R-RNO-77595|Reactome:R-RNO-9770562|Reactome:R-SCE-983168|Reactome:R-SPO-9770562|Reactome:R-SPO-983168|Reactome:R-XTR-77595|Reactome:R-XTR-9770562
BAEVM	5996b664939ab4d4bb16b228af776a87	518	Gene3D	G3DSA:1.10.375.10	Human Immunodeficiency Virus Type 1 Capsid Protein	218	345	1.2E-57	T	13-08-2026	IPR008919	Retrovirus capsid, N-terminal	GO:0016032(InterPro)	Reactome:R-HSA-1169408|Reactome:R-HSA-162585|Reactome:R-HSA-162588|Reactome:R-HSA-162592|Reactome:R-HSA-162594|Reactome:R-HSA-164516|Reactome:R-HSA-164525|Reactome:R-HSA-164843|Reactome:R-HSA-173107|Reactome:R-HSA-174490|Reactome:R-HSA-174495|Reactome:R-HSA-175474|Reactome:R-HSA-175567|Reactome:R-HSA-177539|Reactome:R-HSA-180689|Reactome:R-HSA-180910
BAEVM	5996b664939ab4d4bb16b228af776a87	518	MobiDBLite	mobidb-lite	consensus disorder prediction	177	193	-	T	13-08-2026	-	-	-	-
BAEVM	5996b664939ab4d4bb16b228af776a87	518	MobiDBLite	mobidb-lite	consensus disorder prediction	471	490	-	T	13-08-2026	-	-	-	-
BAEVM	5996b664939ab4d4bb16b228af776a87	518	MobiDBLite	mobidb-lite	consensus disorder prediction	155	176	-	T	13-08-2026	-	-	-	-
BAEVM	5996b664939ab4d4bb16b228af776a87	518	MobiDBLite	mobidb-lite	consensus disorder prediction	433	454	-	T	13-08-2026	-	-	-	-
BAEVM	5996b664939ab4d4bb16b228af776a87	518	MobiDBLite	mobidb-lite	consensus disorder prediction	291	311	-	T	13-08-2026	-	-	-	-
BAEVM	5996b664939ab4d4bb16b228af776a87	518	MobiDBLite	mobidb-lite	consensus disorder prediction	433	490	-	T	13-08-2026	-	-	-	-
BAEVM	5996b664939ab4d4bb16b228af776a87	518	MobiDBLite	mobidb-lite	consensus disorder prediction	126	210	-	T	13-08-2026	-	-	-	-
BAEVM	5996b664939ab4d4bb16b228af776a87	518	MobiDBLite	mobidb-lite	consensus disorder prediction	132	154	-	T	13-08-2026	-	-	-	-
BAEVM	5996b664939ab4d4bb16b228af776a87	518	Pfam	PF02093	Gag P30 core shell protein	232	432	5.4E-98	T	13-08-2026	IPR003036	Core shell protein Gag P30	GO:0019068(InterPro)	-
BAEVM	5996b664939ab4d4bb16b228af776a87	518	SMART	SM00343	c2hcfinal6	491	507	0.0032	T	13-08-2026	IPR001878	Zinc finger, CCHC-type	GO:0003676(InterPro)|GO:0008270(InterPro)	Reactome:R-BTA-159231|Reactome:R-BTA-159236|Reactome:R-BTA-72163|Reactome:R-BTA-72165|Reactome:R-BTA-72203|Reactome:R-BTA-73856|Reactome:R-BTA-77595|Reactome:R-BTA-9770562|Reactome:R-CEL-159236|Reactome:R-CEL-72163|Reactome:R-CEL-73856|Reactome:R-DME-159231|Reactome:R-DME-159236|Reactome:R-DME-1834941|Reactome:R-DME-72163|Reactome:R-DME-72165|Reactome:R-DME-72203|Reactome:R-DME-73856|Reactome:R-DME-77595|Reactome:R-DME-8941326|Reactome:R-DME-9770562|Reactome:R-DME-9930044|Reactome:R-DRE-72165|Reactome:R-HSA-1169408|Reactome:R-HSA-159231|Reactome:R-HSA-159236|Reactome:R-HSA-162585|Reactome:R-HSA-162588|Reactome:R-HSA-162592|Reactome:R-HSA-162594|Reactome:R-HSA-164516|Reactome:R-HSA-164525|Reactome:R-HSA-164843|Reactome:R-HSA-168315|Reactome:R-HSA-173107|Reactome:R-HSA-174490|Reactome:R-HSA-174495|Reactome:R-HSA-175474|Reactome:R-HSA-175567|Reactome:R-HSA-177539|Reactome:R-HSA-180689|Reactome:R-HSA-180910|Reactome:R-HSA-429947|Reactome:R-HSA-452723|Reactome:R-HSA-6784531|Reactome:R-HSA-72163|Reactome:R-HSA-72165|Reactome:R-HSA-72187|Reactome:R-HSA-72203|Reactome:R-HSA-73856|Reactome:R-HSA-77595|Reactome:R-HSA-9013422|Reactome:R-HSA-9682706|Reactome:R-HSA-9694686|Reactome:R-HSA-9705671|Reactome:R-HSA-9770562|Reactome:R-HSA-9819196|Reactome:R-HSA-9820865|Reactome:R-HSA-983168|Reactome:R-HSA-9843970|Reactome:R-HSA-9918481|Reactome:R-HSA-9930044|Reactome:R-HSA-9931510|Reactome:R-MMU-159231|Reactome:R-MMU-159236|Reactome:R-MMU-72163|Reactome:R-MMU-72165|Reactome:R-MMU-72187|Reactome:R-MMU-72203|Reactome:R-MMU-73856|Reactome:R-MMU-77595|Reactome:R-MMU-9013422|Reactome:R-MMU-9770562|Reactome:R-MMU-983168|Reactome:R-MMU-9930044|Reactome:R-RNO-159231|Reactome:R-RNO-72165|Reactome:R-RNO-73856|Reactome:R-RNO-77595|Reactome:R-RNO-9770562|Reactome:R-SCE-983168|Reactome:R-SPO-9770562|Reactome:R-SPO-983168|Reactome:R-XTR-77595|Reactome:R-XTR-9770562
BAEVM	5996b664939ab4d4bb16b228af776a87	518	SUPERFAMILY	SSF47836	Retroviral matrix proteins	1	92	4.06E-37	T	13-08-2026	IPR010999	Retroviral matrix protein	-	Reactome:R-HSA-1169408|Reactome:R-HSA-162585|Reactome:R-HSA-162588|Reactome:R-HSA-162592|Reactome:R-HSA-162594|Reactome:R-HSA-164516|Reactome:R-HSA-164525|Reactome:R-HSA-164843|Reactome:R-HSA-173107|Reactome:R-HSA-174490|Reactome:R-HSA-174495|Reactome:R-HSA-175474|Reactome:R-HSA-175567|Reactome:R-HSA-177539|Reactome:R-HSA-180689|Reactome:R-HSA-180910|Reactome:R-HSA-198933
BAEVM	5996b664939ab4d4bb16b228af776a87	518	SUPERFAMILY	SSF57756	Retrovirus zinc finger-like domains	470	514	1.92E-11	T	13-08-2026	IPR036875	Zinc finger, CCHC-type superfamily	GO:0003676(InterPro)|GO:0008270(InterPro)	Reactome:R-BTA-159231|Reactome:R-BTA-159236|Reactome:R-BTA-72163|Reactome:R-BTA-72165|Reactome:R-BTA-72203|Reactome:R-BTA-73856|Reactome:R-BTA-77595|Reactome:R-BTA-9770562|Reactome:R-CEL-159236|Reactome:R-CEL-72163|Reactome:R-CEL-73856|Reactome:R-DME-159231|Reactome:R-DME-159236|Reactome:R-DME-1834941|Reactome:R-DME-72163|Reactome:R-DME-72165|Reactome:R-DME-72203|Reactome:R-DME-73856|Reactome:R-DME-77595|Reactome:R-DME-9770562|Reactome:R-DRE-72165|Reactome:R-HSA-1169408|Reactome:R-HSA-159231|Reactome:R-HSA-159236|Reactome:R-HSA-162585|Reactome:R-HSA-162588|Reactome:R-HSA-162592|Reactome:R-HSA-162594|Reactome:R-HSA-164516|Reactome:R-HSA-164525|Reactome:R-HSA-164843|Reactome:R-HSA-168315|Reactome:R-HSA-173107|Reactome:R-HSA-174490|Reactome:R-HSA-174495|Reactome:R-HSA-175474|Reactome:R-HSA-175567|Reactome:R-HSA-177539|Reactome:R-HSA-180689|Reactome:R-HSA-180910|Reactome:R-HSA-429947|Reactome:R-HSA-452723|Reactome:R-HSA-6784531|Reactome:R-HSA-72163|Reactome:R-HSA-72165|Reactome:R-HSA-72187|Reactome:R-HSA-72203|Reactome:R-HSA-73856|Reactome:R-HSA-77595|Reactome:R-HSA-9013422|Reactome:R-HSA-9682706|Reactome:R-HSA-9694686|Reactome:R-HSA-9705671|Reactome:R-HSA-9770562|Reactome:R-HSA-9819196|Reactome:R-HSA-9820865|Reactome:R-HSA-983168|Reactome:R-HSA-9918481|Reactome:R-HSA-9930044|Reactome:R-MMU-159231|Reactome:R-MMU-159236|Reactome:R-MMU-72163|Reactome:R-MMU-72165|Reactome:R-MMU-72187|Reactome:R-MMU-72203|Reactome:R-MMU-73856|Reactome:R-MMU-77595|Reactome:R-MMU-9013422|Reactome:R-MMU-9770562|Reactome:R-MMU-983168|Reactome:R-RNO-159231|Reactome:R-RNO-72165|Reactome:R-RNO-73856|Reactome:R-RNO-77595|Reactome:R-RNO-9770562|Reactome:R-SCE-983168|Reactome:R-SPO-9770562|Reactome:R-SPO-983168|Reactome:R-XTR-77595|Reactome:R-XTR-9770562
BAEVM	5996b664939ab4d4bb16b228af776a87	518	ProSiteProfiles	PS50158	Zinc finger CCHC-type profile.	492	507	8.597819	T	13-08-2026	IPR001878	Zinc finger, CCHC-type	GO:0003676(InterPro)|GO:0008270(InterPro)	Reactome:R-BTA-159231|Reactome:R-BTA-159236|Reactome:R-BTA-72163|Reactome:R-BTA-72165|Reactome:R-BTA-72203|Reactome:R-BTA-73856|Reactome:R-BTA-77595|Reactome:R-BTA-9770562|Reactome:R-CEL-159236|Reactome:R-CEL-72163|Reactome:R-CEL-73856|Reactome:R-DME-159231|Reactome:R-DME-159236|Reactome:R-DME-1834941|Reactome:R-DME-72163|Reactome:R-DME-72165|Reactome:R-DME-72203|Reactome:R-DME-73856|Reactome:R-DME-77595|Reactome:R-DME-8941326|Reactome:R-DME-9770562|Reactome:R-DME-9930044|Reactome:R-DRE-72165|Reactome:R-HSA-1169408|Reactome:R-HSA-159231|Reactome:R-HSA-159236|Reactome:R-HSA-162585|Reactome:R-HSA-162588|Reactome:R-HSA-162592|Reactome:R-HSA-162594|Reactome:R-HSA-164516|Reactome:R-HSA-164525|Reactome:R-HSA-164843|Reactome:R-HSA-168315|Reactome:R-HSA-173107|Reactome:R-HSA-174490|Reactome:R-HSA-174495|Reactome:R-HSA-175474|Reactome:R-HSA-175567|Reactome:R-HSA-177539|Reactome:R-HSA-180689|Reactome:R-HSA-180910|Reactome:R-HSA-429947|Reactome:R-HSA-452723|Reactome:R-HSA-6784531|Reactome:R-HSA-72163|Reactome:R-HSA-72165|Reactome:R-HSA-72187|Reactome:R-HSA-72203|Reactome:R-HSA-73856|Reactome:R-HSA-77595|Reactome:R-HSA-9013422|Reactome:R-HSA-9682706|Reactome:R-HSA-9694686|Reactome:R-HSA-9705671|Reactome:R-HSA-9770562|Reactome:R-HSA-9819196|Reactome:R-HSA-9820865|Reactome:R-HSA-983168|Reactome:R-HSA-9843970|Reactome:R-HSA-9918481|Reactome:R-HSA-9930044|Reactome:R-HSA-9931510|Reactome:R-MMU-159231|Reactome:R-MMU-159236|Reactome:R-MMU-72163|Reactome:R-MMU-72165|Reactome:R-MMU-72187|Reactome:R-MMU-72203|Reactome:R-MMU-73856|Reactome:R-MMU-77595|Reactome:R-MMU-9013422|Reactome:R-MMU-9770562|Reactome:R-MMU-983168|Reactome:R-MMU-9930044|Reactome:R-RNO-159231|Reactome:R-RNO-72165|Reactome:R-RNO-73856|Reactome:R-RNO-77595|Reactome:R-RNO-9770562|Reactome:R-SCE-983168|Reactome:R-SPO-9770562|Reactome:R-SPO-983168|Reactome:R-XTR-77595|Reactome:R-XTR-9770562
Retrosat-2	4c1157448bc3a0abe7e262d9e6c2dafc	416	Phobius	SIGNAL_PEPTIDE_C_REGION	C-terminal region of a signal peptide.	14	18	-	T	13-08-2026	-	-	-	-
Retrosat-2	4c1157448bc3a0abe7e262d9e6c2dafc	416	SignalP_EUK	SignalP-noTM	SignalP-noTM	1	18	-	T	13-08-2026	-	-	-	-
Retrosat-2	4c1157448bc3a0abe7e262d9e6c2dafc	416	Pfam	PF03732	Retrotransposon-derived protein PEG10, N-terminal capsid-like domain	112	188	9.2E-21	T	13-08-2026	IPR005162	Retrotransposon-derived protein PEG10, N-terminal capsid-like domain	-	-
Retrosat-2	4c1157448bc3a0abe7e262d9e6c2dafc	416	Phobius	SIGNAL_PEPTIDE	Signal peptide region	1	18	-	T	13-08-2026	-	-	-	-
Retrosat-2	4c1157448bc3a0abe7e262d9e6c2dafc	416	Coils	Coil	Coil	72	92	-	T	13-08-2026	-	-	-	-
Retrosat-2	4c1157448bc3a0abe7e262d9e6c2dafc	416	SUPERFAMILY	SSF57756	Retrovirus zinc finger-like domains	351	392	5.23E-11	T	13-08-2026	IPR036875	Zinc finger, CCHC-type superfamily	GO:0003676(InterPro)|GO:0008270(InterPro)	Reactome:R-BTA-159231|Reactome:R-BTA-159236|Reactome:R-BTA-72163|Reactome:R-BTA-72165|Reactome:R-BTA-72203|Reactome:R-BTA-73856|Reactome:R-BTA-77595|Reactome:R-BTA-9770562|Reactome:R-CEL-159236|Reactome:R-CEL-72163|Reactome:R-CEL-73856|Reactome:R-DME-159231|Reactome:R-DME-159236|Reactome:R-DME-1834941|Reactome:R-DME-72163|Reactome:R-DME-72165|Reactome:R-DME-72203|Reactome:R-DME-73856|Reactome:R-DME-77595|Reactome:R-DME-9770562|Reactome:R-DRE-72165|Reactome:R-HSA-1169408|Reactome:R-HSA-159231|Reactome:R-HSA-159236|Reactome:R-HSA-162585|Reactome:R-HSA-162588|Reactome:R-HSA-162592|Reactome:R-HSA-162594|Reactome:R-HSA-164516|Reactome:R-HSA-164525|Reactome:R-HSA-164843|Reactome:R-HSA-168315|Reactome:R-HSA-173107|Reactome:R-HSA-174490|Reactome:R-HSA-174495|Reactome:R-HSA-175474|Reactome:R-HSA-175567|Reactome:R-HSA-177539|Reactome:R-HSA-180689|Reactome:R-HSA-180910|Reactome:R-HSA-429947|Reactome:R-HSA-452723|Reactome:R-HSA-6784531|Reactome:R-HSA-72163|Reactome:R-HSA-72165|Reactome:R-HSA-72187|Reactome:R-HSA-72203|Reactome:R-HSA-73856|Reactome:R-HSA-77595|Reactome:R-HSA-9013422|Reactome:R-HSA-9682706|Reactome:R-HSA-9694686|Reactome:R-HSA-9705671|Reactome:R-HSA-9770562|Reactome:R-HSA-9819196|Reactome:R-HSA-9820865|Reactome:R-HSA-983168|Reactome:R-HSA-9918481|Reactome:R-HSA-9930044|Reactome:R-MMU-159231|Reactome:R-MMU-159236|Reactome:R-MMU-72163|Reactome:R-MMU-72165|Reactome:R-MMU-72187|Reactome:R-MMU-72203|Reactome:R-MMU-73856|Reactome:R-MMU-77595|Reactome:R-MMU-9013422|Reactome:R-MMU-9770562|Reactome:R-MMU-983168|Reactome:R-RNO-159231|Reactome:R-RNO-72165|Reactome:R-RNO-73856|Reactome:R-RNO-77595|Reactome:R-RNO-9770562|Reactome:R-SCE-983168|Reactome:R-SPO-9770562|Reactome:R-SPO-983168|Reactome:R-XTR-77595|Reactome:R-XTR-9770562
Retrosat-2	4c1157448bc3a0abe7e262d9e6c2dafc	416	MobiDBLite	mobidb-lite	consensus disorder prediction	19	55	-	T	13-08-2026	-	-	-	-
Retrosat-2	4c1157448bc3a0abe7e262d9e6c2dafc	416	MobiDBLite	mobidb-lite	consensus disorder prediction	323	336	-	T	13-08-2026	-	-	-	-
Retrosat-2	4c1157448bc3a0abe7e262d9e6c2dafc	416	MobiDBLite	mobidb-lite	consensus disorder prediction	271	363	-	T	13-08-2026	-	-	-	-
Retrosat-2	4c1157448bc3a0abe7e262d9e6c2dafc	416	PANTHER	PTHR15503	LDOC1 RELATED	61	387	2.7E-22	T	13-08-2026	IPR032567	RTL1-related	-	-
Retrosat-2	4c1157448bc3a0abe7e262d9e6c2dafc	416	Phobius	SIGNAL_PEPTIDE_N_REGION	N-terminal region of a signal peptide.	1	2	-	T	13-08-2026	-	-	-	-
Retrosat-2	4c1157448bc3a0abe7e262d9e6c2dafc	416	ProSiteProfiles	PS50158	Zinc finger CCHC-type profile.	369	384	10.509824	T	13-08-2026	IPR001878	Zinc finger, CCHC-type	GO:0003676(InterPro)|GO:0008270(InterPro)	Reactome:R-BTA-159231|Reactome:R-BTA-159236|Reactome:R-BTA-72163|Reactome:R-BTA-72165|Reactome:R-BTA-72203|Reactome:R-BTA-73856|Reactome:R-BTA-77595|Reactome:R-BTA-9770562|Reactome:R-CEL-159236|Reactome:R-CEL-72163|Reactome:R-CEL-73856|Reactome:R-DME-159231|Reactome:R-DME-159236|Reactome:R-DME-1834941|Reactome:R-DME-72163|Reactome:R-DME-72165|Reactome:R-DME-72203|Reactome:R-DME-73856|Reactome:R-DME-77595|Reactome:R-DME-8941326|Reactome:R-DME-9770562|Reactome:R-DME-9930044|Reactome:R-DRE-72165|Reactome:R-HSA-1169408|Reactome:R-HSA-159231|Reactome:R-HSA-159236|Reactome:R-HSA-162585|Reactome:R-HSA-162588|Reactome:R-HSA-162592|Reactome:R-HSA-162594|Reactome:R-HSA-164516|Reactome:R-HSA-164525|Reactome:R-HSA-164843|Reactome:R-HSA-168315|Reactome:R-HSA-173107|Reactome:R-HSA-174490|Reactome:R-HSA-174495|Reactome:R-HSA-175474|Reactome:R-HSA-175567|Reactome:R-HSA-177539|Reactome:R-HSA-180689|Reactome:R-HSA-180910|Reactome:R-HSA-429947|Reactome:R-HSA-452723|Reactome:R-HSA-6784531|Reactome:R-HSA-72163|Reactome:R-HSA-72165|Reactome:R-HSA-72187|Reactome:R-HSA-72203|Reactome:R-HSA-73856|Reactome:R-HSA-77595|Reactome:R-HSA-9013422|Reactome:R-HSA-9682706|Reactome:R-HSA-9694686|Reactome:R-HSA-9705671|Reactome:R-HSA-9770562|Reactome:R-HSA-9819196|Reactome:R-HSA-9820865|Reactome:R-HSA-983168|Reactome:R-HSA-9843970|Reactome:R-HSA-9918481|Reactome:R-HSA-9930044|Reactome:R-HSA-9931510|Reactome:R-MMU-159231|Reactome:R-MMU-159236|Reactome:R-MMU-72163|Reactome:R-MMU-72165|Reactome:R-MMU-72187|Reactome:R-MMU-72203|Reactome:R-MMU-73856|Reactome:R-MMU-77595|Reactome:R-MMU-9013422|Reactome:R-MMU-9770562|Reactome:R-MMU-983168|Reactome:R-MMU-9930044|Reactome:R-RNO-159231|Reactome:R-RNO-72165|Reactome:R-RNO-73856|Reactome:R-RNO-77595|Reactome:R-RNO-9770562|Reactome:R-SCE-983168|Reactome:R-SPO-9770562|Reactome:R-SPO-983168|Reactome:R-XTR-77595|Reactome:R-XTR-9770562
Retrosat-2	4c1157448bc3a0abe7e262d9e6c2dafc	416	Gene3D	G3DSA:4.10.60.10	-	315	398	5.7E-7	T	13-08-2026	-	-	-	-
Retrosat-2	4c1157448bc3a0abe7e262d9e6c2dafc	416	Phobius	NON_CYTOPLASMIC_DOMAIN	Region of a membrane-bound protein predicted to be outside the membrane, in the extracellular region.	19	416	-	T	13-08-2026	-	-	-	-
Retrosat-2	4c1157448bc3a0abe7e262d9e6c2dafc	416	SMART	SM00343	c2hcfinal6	368	384	3.7E-4	T	13-08-2026	IPR001878	Zinc finger, CCHC-type	GO:0003676(InterPro)|GO:0008270(InterPro)	Reactome:R-BTA-159231|Reactome:R-BTA-159236|Reactome:R-BTA-72163|Reactome:R-BTA-72165|Reactome:R-BTA-72203|Reactome:R-BTA-73856|Reactome:R-BTA-77595|Reactome:R-BTA-9770562|Reactome:R-CEL-159236|Reactome:R-CEL-72163|Reactome:R-CEL-73856|Reactome:R-DME-159231|Reactome:R-DME-159236|Reactome:R-DME-1834941|Reactome:R-DME-72163|Reactome:R-DME-72165|Reactome:R-DME-72203|Reactome:R-DME-73856|Reactome:R-DME-77595|Reactome:R-DME-8941326|Reactome:R-DME-9770562|Reactome:R-DME-9930044|Reactome:R-DRE-72165|Reactome:R-HSA-1169408|Reactome:R-HSA-159231|Reactome:R-HSA-159236|Reactome:R-HSA-162585|Reactome:R-HSA-162588|Reactome:R-HSA-162592|Reactome:R-HSA-162594|Reactome:R-HSA-164516|Reactome:R-HSA-164525|Reactome:R-HSA-164843|Reactome:R-HSA-168315|Reactome:R-HSA-173107|Reactome:R-HSA-174490|Reactome:R-HSA-174495|Reactome:R-HSA-175474|Reactome:R-HSA-175567|Reactome:R-HSA-177539|Reactome:R-HSA-180689|Reactome:R-HSA-180910|Reactome:R-HSA-429947|Reactome:R-HSA-452723|Reactome:R-HSA-6784531|Reactome:R-HSA-72163|Reactome:R-HSA-72165|Reactome:R-HSA-72187|Reactome:R-HSA-72203|Reactome:R-HSA-73856|Reactome:R-HSA-77595|Reactome:R-HSA-9013422|Reactome:R-HSA-9682706|Reactome:R-HSA-9694686|Reactome:R-HSA-9705671|Reactome:R-HSA-9770562|Reactome:R-HSA-9819196|Reactome:R-HSA-9820865|Reactome:R-HSA-983168|Reactome:R-HSA-9843970|Reactome:R-HSA-9918481|Reactome:R-HSA-9930044|Reactome:R-HSA-9931510|Reactome:R-MMU-159231|Reactome:R-MMU-159236|Reactome:R-MMU-72163|Reactome:R-MMU-72165|Reactome:R-MMU-72187|Reactome:R-MMU-72203|Reactome:R-MMU-73856|Reactome:R-MMU-77595|Reactome:R-MMU-9013422|Reactome:R-MMU-9770562|Reactome:R-MMU-983168|Reactome:R-MMU-9930044|Reactome:R-RNO-159231|Reactome:R-RNO-72165|Reactome:R-RNO-73856|Reactome:R-RNO-77595|Reactome:R-RNO-9770562|Reactome:R-SCE-983168|Reactome:R-SPO-9770562|Reactome:R-SPO-983168|Reactome:R-XTR-77595|Reactome:R-XTR-9770562
Retrosat-2	4c1157448bc3a0abe7e262d9e6c2dafc	416	Pfam	PF00098	Zinc knuckle	368	384	0.01	T	13-08-2026	IPR001878	Zinc finger, CCHC-type	GO:0003676(InterPro)|GO:0008270(InterPro)	Reactome:R-BTA-159231|Reactome:R-BTA-159236|Reactome:R-BTA-72163|Reactome:R-BTA-72165|Reactome:R-BTA-72203|Reactome:R-BTA-73856|Reactome:R-BTA-77595|Reactome:R-BTA-9770562|Reactome:R-CEL-159236|Reactome:R-CEL-72163|Reactome:R-CEL-73856|Reactome:R-DME-159231|Reactome:R-DME-159236|Reactome:R-DME-1834941|Reactome:R-DME-72163|Reactome:R-DME-72165|Reactome:R-DME-72203|Reactome:R-DME-73856|Reactome:R-DME-77595|Reactome:R-DME-8941326|Reactome:R-DME-9770562|Reactome:R-DME-9930044|Reactome:R-DRE-72165|Reactome:R-HSA-1169408|Reactome:R-HSA-159231|Reactome:R-HSA-159236|Reactome:R-HSA-162585|Reactome:R-HSA-162588|Reactome:R-HSA-162592|Reactome:R-HSA-162594|Reactome:R-HSA-164516|Reactome:R-HSA-164525|Reactome:R-HSA-164843|Reactome:R-HSA-168315|Reactome:R-HSA-173107|Reactome:R-HSA-174490|Reactome:R-HSA-174495|Reactome:R-HSA-175474|Reactome:R-HSA-175567|Reactome:R-HSA-177539|Reactome:R-HSA-180689|Reactome:R-HSA-180910|Reactome:R-HSA-429947|Reactome:R-HSA-452723|Reactome:R-HSA-6784531|Reactome:R-HSA-72163|Reactome:R-HSA-72165|Reactome:R-HSA-72187|Reactome:R-HSA-72203|Reactome:R-HSA-73856|Reactome:R-HSA-77595|Reactome:R-HSA-9013422|Reactome:R-HSA-9682706|Reactome:R-HSA-9694686|Reactome:R-HSA-9705671|Reactome:R-HSA-9770562|Reactome:R-HSA-9819196|Reactome:R-HSA-9820865|Reactome:R-HSA-983168|Reactome:R-HSA-9843970|Reactome:R-HSA-9918481|Reactome:R-HSA-9930044|Reactome:R-HSA-9931510|Reactome:R-MMU-159231|Reactome:R-MMU-159236|Reactome:R-MMU-72163|Reactome:R-MMU-72165|Reactome:R-MMU-72187|Reactome:R-MMU-72203|Reactome:R-MMU-73856|Reactome:R-MMU-77595|Reactome:R-MMU-9013422|Reactome:R-MMU-9770562|Reactome:R-MMU-983168|Reactome:R-MMU-9930044|Reactome:R-RNO-159231|Reactome:R-RNO-72165|Reactome:R-RNO-73856|Reactome:R-RNO-77595|Reactome:R-RNO-9770562|Reactome:R-SCE-983168|Reactome:R-SPO-9770562|Reactome:R-SPO-983168|Reactome:R-XTR-77595|Reactome:R-XTR-9770562
Retrosat-2	4c1157448bc3a0abe7e262d9e6c2dafc	416	Pfam	PF30901	PEG10/RTL1, C-terminal capsid-like domain	199	271	1.7E-4	T	13-08-2026	IPR063300	PEG10/RTL1, C-terminal capsid-like domain	-	-
Retrosat-2	4c1157448bc3a0abe7e262d9e6c2dafc	416	Phobius	SIGNAL_PEPTIDE_H_REGION	Hydrophobic region of a signal peptide.	3	13	-	T	13-08-2026	-	-	-	-
MdEV	ca73757d6b89a27190465b95141b28ce	505	PANTHER	PTHR33166	GAG_P30 DOMAIN-CONTAINING PROTEIN	2	502	1.4E-169	T	13-08-2026	IPR050462	Retroviral Gag-Pol polyproteins	-	Reactome:R-HSA-198933
MdEV	ca73757d6b89a27190465b95141b28ce	505	Coils	Coil	Coil	399	440	-	T	13-08-2026	-	-	-	-
MdEV	ca73757d6b89a27190465b95141b28ce	505	SUPERFAMILY	SSF57756	Retrovirus zinc finger-like domains	463	502	1.0E-10	T	13-08-2026	IPR036875	Zinc finger, CCHC-type superfamily	GO:0003676(InterPro)|GO:0008270(InterPro)	Reactome:R-BTA-159231|Reactome:R-BTA-159236|Reactome:R-BTA-72163|Reactome:R-BTA-72165|Reactome:R-BTA-72203|Reactome:R-BTA-73856|Reactome:R-BTA-77595|Reactome:R-BTA-9770562|Reactome:R-CEL-159236|Reactome:R-CEL-72163|Reactome:R-CEL-73856|Reactome:R-DME-159231|Reactome:R-DME-159236|Reactome:R-DME-1834941|Reactome:R-DME-72163|Reactome:R-DME-72165|Reactome:R-DME-72203|Reactome:R-DME-73856|Reactome:R-DME-77595|Reactome:R-DME-9770562|Reactome:R-DRE-72165|Reactome:R-HSA-1169408|Reactome:R-HSA-159231|Reactome:R-HSA-159236|Reactome:R-HSA-162585|Reactome:R-HSA-162588|Reactome:R-HSA-162592|Reactome:R-HSA-162594|Reactome:R-HSA-164516|Reactome:R-HSA-164525|Reactome:R-HSA-164843|Reactome:R-HSA-168315|Reactome:R-HSA-173107|Reactome:R-HSA-174490|Reactome:R-HSA-174495|Reactome:R-HSA-175474|Reactome:R-HSA-175567|Reactome:R-HSA-177539|Reactome:R-HSA-180689|Reactome:R-HSA-180910|Reactome:R-HSA-429947|Reactome:R-HSA-452723|Reactome:R-HSA-6784531|Reactome:R-HSA-72163|Reactome:R-HSA-72165|Reactome:R-HSA-72187|Reactome:R-HSA-72203|Reactome:R-HSA-73856|Reactome:R-HSA-77595|Reactome:R-HSA-9013422|Reactome:R-HSA-9682706|Reactome:R-HSA-9694686|Reactome:R-HSA-9705671|Reactome:R-HSA-9770562|Reactome:R-HSA-9819196|Reactome:R-HSA-9820865|Reactome:R-HSA-983168|Reactome:R-HSA-9918481|Reactome:R-HSA-9930044|Reactome:R-MMU-159231|Reactome:R-MMU-159236|Reactome:R-MMU-72163|Reactome:R-MMU-72165|Reactome:R-MMU-72187|Reactome:R-MMU-72203|Reactome:R-MMU-73856|Reactome:R-MMU-77595|Reactome:R-MMU-9013422|Reactome:R-MMU-9770562|Reactome:R-MMU-983168|Reactome:R-RNO-159231|Reactome:R-RNO-72165|Reactome:R-RNO-73856|Reactome:R-RNO-77595|Reactome:R-RNO-9770562|Reactome:R-SCE-983168|Reactome:R-SPO-9770562|Reactome:R-SPO-983168|Reactome:R-XTR-77595|Reactome:R-XTR-9770562
MdEV	ca73757d6b89a27190465b95141b28ce	505	SUPERFAMILY	SSF47836	Retroviral matrix proteins	1	91	1.59E-35	T	13-08-2026	IPR010999	Retroviral matrix protein	-	Reactome:R-HSA-1169408|Reactome:R-HSA-162585|Reactome:R-HSA-162588|Reactome:R-HSA-162592|Reactome:R-HSA-162594|Reactome:R-HSA-164516|Reactome:R-HSA-164525|Reactome:R-HSA-164843|Reactome:R-HSA-173107|Reactome:R-HSA-174490|Reactome:R-HSA-174495|Reactome:R-HSA-175474|Reactome:R-HSA-175567|Reactome:R-HSA-177539|Reactome:R-HSA-180689|Reactome:R-HSA-180910|Reactome:R-HSA-198933
MdEV	ca73757d6b89a27190465b95141b28ce	505	Gene3D	G3DSA:1.10.150.180	-	1	91	1.5E-40	T	13-08-2026	IPR036946	Gamma-retroviral matrix domain superfamily	-	Reactome:R-HSA-198933
MdEV	ca73757d6b89a27190465b95141b28ce	505	SUPERFAMILY	SSF47943	Retrovirus capsid protein, N-terminal core domain	202	325	2.67E-53	T	13-08-2026	IPR008919	Retrovirus capsid, N-terminal	GO:0016032(InterPro)	Reactome:R-HSA-1169408|Reactome:R-HSA-162585|Reactome:R-HSA-162588|Reactome:R-HSA-162592|Reactome:R-HSA-162594|Reactome:R-HSA-164516|Reactome:R-HSA-164525|Reactome:R-HSA-164843|Reactome:R-HSA-173107|Reactome:R-HSA-174490|Reactome:R-HSA-174495|Reactome:R-HSA-175474|Reactome:R-HSA-175567|Reactome:R-HSA-177539|Reactome:R-HSA-180689|Reactome:R-HSA-180910
MdEV	ca73757d6b89a27190465b95141b28ce	505	MobiDBLite	mobidb-lite	consensus disorder prediction	99	118	-	T	13-08-2026	-	-	-	-
MdEV	ca73757d6b89a27190465b95141b28ce	505	MobiDBLite	mobidb-lite	consensus disorder prediction	129	152	-	T	13-08-2026	-	-	-	-
MdEV	ca73757d6b89a27190465b95141b28ce	505	MobiDBLite	mobidb-lite	consensus disorder prediction	127	200	-	T	13-08-2026	-	-	-	-
MdEV	ca73757d6b89a27190465b95141b28ce	505	MobiDBLite	mobidb-lite	consensus disorder prediction	411	438	-	T	13-08-2026	-	-	-	-
MdEV	ca73757d6b89a27190465b95141b28ce	505	MobiDBLite	mobidb-lite	consensus disorder prediction	456	478	-	T	13-08-2026	-	-	-	-
MdEV	ca73757d6b89a27190465b95141b28ce	505	Gene3D	G3DSA:1.10.375.10	Human Immunodeficiency Virus Type 1 Capsid Protein	200	325	1.8E-58	T	13-08-2026	IPR008919	Retrovirus capsid, N-terminal	GO:0016032(InterPro)	Reactome:R-HSA-1169408|Reactome:R-HSA-162585|Reactome:R-HSA-162588|Reactome:R-HSA-162592|Reactome:R-HSA-162594|Reactome:R-HSA-164516|Reactome:R-HSA-164525|Reactome:R-HSA-164843|Reactome:R-HSA-173107|Reactome:R-HSA-174490|Reactome:R-HSA-174495|Reactome:R-HSA-175474|Reactome:R-HSA-175567|Reactome:R-HSA-177539|Reactome:R-HSA-180689|Reactome:R-HSA-180910
MdEV	ca73757d6b89a27190465b95141b28ce	505	Pfam	PF02093	Gag P30 core shell protein	212	412	2.0E-94	T	13-08-2026	IPR003036	Core shell protein Gag P30	GO:0019068(InterPro)	-
MdEV	ca73757d6b89a27190465b95141b28ce	505	ProSiteProfiles	PS50158	Zinc finger CCHC-type profile.	483	498	8.960441	T	13-08-2026	IPR001878	Zinc finger, CCHC-type	GO:0003676(InterPro)|GO:0008270(InterPro)	Reactome:R-BTA-159231|Reactome:R-BTA-159236|Reactome:R-BTA-72163|Reactome:R-BTA-72165|Reactome:R-BTA-72203|Reactome:R-BTA-73856|Reactome:R-BTA-77595|Reactome:R-BTA-9770562|Reactome:R-CEL-159236|Reactome:R-CEL-72163|Reactome:R-CEL-73856|Reactome:R-DME-159231|Reactome:R-DME-159236|Reactome:R-DME-1834941|Reactome:R-DME-72163|Reactome:R-DME-72165|Reactome:R-DME-72203|Reactome:R-DME-73856|Reactome:R-DME-77595|Reactome:R-DME-8941326|Reactome:R-DME-9770562|Reactome:R-DME-9930044|Reactome:R-DRE-72165|Reactome:R-HSA-1169408|Reactome:R-HSA-159231|Reactome:R-HSA-159236|Reactome:R-HSA-162585|Reactome:R-HSA-162588|Reactome:R-HSA-162592|Reactome:R-HSA-162594|Reactome:R-HSA-164516|Reactome:R-HSA-164525|Reactome:R-HSA-164843|Reactome:R-HSA-168315|Reactome:R-HSA-173107|Reactome:R-HSA-174490|Reactome:R-HSA-174495|Reactome:R-HSA-175474|Reactome:R-HSA-175567|Reactome:R-HSA-177539|Reactome:R-HSA-180689|Reactome:R-HSA-180910|Reactome:R-HSA-429947|Reactome:R-HSA-452723|Reactome:R-HSA-6784531|Reactome:R-HSA-72163|Reactome:R-HSA-72165|Reactome:R-HSA-72187|Reactome:R-HSA-72203|Reactome:R-HSA-73856|Reactome:R-HSA-77595|Reactome:R-HSA-9013422|Reactome:R-HSA-9682706|Reactome:R-HSA-9694686|Reactome:R-HSA-9705671|Reactome:R-HSA-9770562|Reactome:R-HSA-9819196|Reactome:R-HSA-9820865|Reactome:R-HSA-983168|Reactome:R-HSA-9843970|Reactome:R-HSA-9918481|Reactome:R-HSA-9930044|Reactome:R-HSA-9931510|Reactome:R-MMU-159231|Reactome:R-MMU-159236|Reactome:R-MMU-72163|Reactome:R-MMU-72165|Reactome:R-MMU-72187|Reactome:R-MMU-72203|Reactome:R-MMU-73856|Reactome:R-MMU-77595|Reactome:R-MMU-9013422|Reactome:R-MMU-9770562|Reactome:R-MMU-983168|Reactome:R-MMU-9930044|Reactome:R-RNO-159231|Reactome:R-RNO-72165|Reactome:R-RNO-73856|Reactome:R-RNO-77595|Reactome:R-RNO-9770562|Reactome:R-SCE-983168|Reactome:R-SPO-9770562|Reactome:R-SPO-983168|Reactome:R-XTR-77595|Reactome:R-XTR-9770562
MdEV	ca73757d6b89a27190465b95141b28ce	505	Pfam	PF01140	Matrix protein (MA), p15	1	93	2.2E-30	T	13-08-2026	IPR000840	Gamma-retroviral matrix protein	-	-
MdEV	ca73757d6b89a27190465b95141b28ce	505	Pfam	PF00098	Zinc knuckle	482	498	0.21	T	13-08-2026	IPR001878	Zinc finger, CCHC-type	GO:0003676(InterPro)|GO:0008270(InterPro)	Reactome:R-BTA-159231|Reactome:R-BTA-159236|Reactome:R-BTA-72163|Reactome:R-BTA-72165|Reactome:R-BTA-72203|Reactome:R-BTA-73856|Reactome:R-BTA-77595|Reactome:R-BTA-9770562|Reactome:R-CEL-159236|Reactome:R-CEL-72163|Reactome:R-CEL-73856|Reactome:R-DME-159231|Reactome:R-DME-159236|Reactome:R-DME-1834941|Reactome:R-DME-72163|Reactome:R-DME-72165|Reactome:R-DME-72203|Reactome:R-DME-73856|Reactome:R-DME-77595|Reactome:R-DME-8941326|Reactome:R-DME-9770562|Reactome:R-DME-9930044|Reactome:R-DRE-72165|Reactome:R-HSA-1169408|Reactome:R-HSA-159231|Reactome:R-HSA-159236|Reactome:R-HSA-162585|Reactome:R-HSA-162588|Reactome:R-HSA-162592|Reactome:R-HSA-162594|Reactome:R-HSA-164516|Reactome:R-HSA-164525|Reactome:R-HSA-164843|Reactome:R-HSA-168315|Reactome:R-HSA-173107|Reactome:R-HSA-174490|Reactome:R-HSA-174495|Reactome:R-HSA-175474|Reactome:R-HSA-175567|Reactome:R-HSA-177539|Reactome:R-HSA-180689|Reactome:R-HSA-180910|Reactome:R-HSA-429947|Reactome:R-HSA-452723|Reactome:R-HSA-6784531|Reactome:R-HSA-72163|Reactome:R-HSA-72165|Reactome:R-HSA-72187|Reactome:R-HSA-72203|Reactome:R-HSA-73856|Reactome:R-HSA-77595|Reactome:R-HSA-9013422|Reactome:R-HSA-9682706|Reactome:R-HSA-9694686|Reactome:R-HSA-9705671|Reactome:R-HSA-9770562|Reactome:R-HSA-9819196|Reactome:R-HSA-9820865|Reactome:R-HSA-983168|Reactome:R-HSA-9843970|Reactome:R-HSA-9918481|Reactome:R-HSA-9930044|Reactome:R-HSA-9931510|Reactome:R-MMU-159231|Reactome:R-MMU-159236|Reactome:R-MMU-72163|Reactome:R-MMU-72165|Reactome:R-MMU-72187|Reactome:R-MMU-72203|Reactome:R-MMU-73856|Reactome:R-MMU-77595|Reactome:R-MMU-9013422|Reactome:R-MMU-9770562|Reactome:R-MMU-983168|Reactome:R-MMU-9930044|Reactome:R-RNO-159231|Reactome:R-RNO-72165|Reactome:R-RNO-73856|Reactome:R-RNO-77595|Reactome:R-RNO-9770562|Reactome:R-SCE-983168|Reactome:R-SPO-9770562|Reactome:R-SPO-983168|Reactome:R-XTR-77595|Reactome:R-XTR-9770562
MdEV	ca73757d6b89a27190465b95141b28ce	505	SMART	SM00343	c2hcfinal6	482	498	0.0022	T	13-08-2026	IPR001878	Zinc finger, CCHC-type	GO:0003676(InterPro)|GO:0008270(InterPro)	Reactome:R-BTA-159231|Reactome:R-BTA-159236|Reactome:R-BTA-72163|Reactome:R-BTA-72165|Reactome:R-BTA-72203|Reactome:R-BTA-73856|Reactome:R-BTA-77595|Reactome:R-BTA-9770562|Reactome:R-CEL-159236|Reactome:R-CEL-72163|Reactome:R-CEL-73856|Reactome:R-DME-159231|Reactome:R-DME-159236|Reactome:R-DME-1834941|Reactome:R-DME-72163|Reactome:R-DME-72165|Reactome:R-DME-72203|Reactome:R-DME-73856|Reactome:R-DME-77595|Reactome:R-DME-8941326|Reactome:R-DME-9770562|Reactome:R-DME-9930044|Reactome:R-DRE-72165|Reactome:R-HSA-1169408|Reactome:R-HSA-159231|Reactome:R-HSA-159236|Reactome:R-HSA-162585|Reactome:R-HSA-162588|Reactome:R-HSA-162592|Reactome:R-HSA-162594|Reactome:R-HSA-164516|Reactome:R-HSA-164525|Reactome:R-HSA-164843|Reactome:R-HSA-168315|Reactome:R-HSA-173107|Reactome:R-HSA-174490|Reactome:R-HSA-174495|Reactome:R-HSA-175474|Reactome:R-HSA-175567|Reactome:R-HSA-177539|Reactome:R-HSA-180689|Reactome:R-HSA-180910|Reactome:R-HSA-429947|Reactome:R-HSA-452723|Reactome:R-HSA-6784531|Reactome:R-HSA-72163|Reactome:R-HSA-72165|Reactome:R-HSA-72187|Reactome:R-HSA-72203|Reactome:R-HSA-73856|Reactome:R-HSA-77595|Reactome:R-HSA-9013422|Reactome:R-HSA-9682706|Reactome:R-HSA-9694686|Reactome:R-HSA-9705671|Reactome:R-HSA-9770562|Reactome:R-HSA-9819196|Reactome:R-HSA-9820865|Reactome:R-HSA-983168|Reactome:R-HSA-9843970|Reactome:R-HSA-9918481|Reactome:R-HSA-9930044|Reactome:R-HSA-9931510|Reactome:R-MMU-159231|Reactome:R-MMU-159236|Reactome:R-MMU-72163|Reactome:R-MMU-72165|Reactome:R-MMU-72187|Reactome:R-MMU-72203|Reactome:R-MMU-73856|Reactome:R-MMU-77595|Reactome:R-MMU-9013422|Reactome:R-MMU-9770562|Reactome:R-MMU-983168|Reactome:R-MMU-9930044|Reactome:R-RNO-159231|Reactome:R-RNO-72165|Reactome:R-RNO-73856|Reactome:R-RNO-77595|Reactome:R-RNO-9770562|Reactome:R-SCE-983168|Reactome:R-SPO-9770562|Reactome:R-SPO-983168|Reactome:R-XTR-77595|Reactome:R-XTR-9770562
MdEV	ca73757d6b89a27190465b95141b28ce	505	Gene3D	G3DSA:4.10.60.10	-	447	504	2.3E-13	T	13-08-2026	-	-	-	-
HIV-2	4abed378bd41133226b8704b7bf2a911	438	ProSiteProfiles	PS50158	Zinc finger CCHC-type profile.	390	405	10.592238	T	13-08-2026	IPR001878	Zinc finger, CCHC-type	GO:0003676(InterPro)|GO:0008270(InterPro)	Reactome:R-BTA-159231|Reactome:R-BTA-159236|Reactome:R-BTA-72163|Reactome:R-BTA-72165|Reactome:R-BTA-72203|Reactome:R-BTA-73856|Reactome:R-BTA-77595|Reactome:R-BTA-9770562|Reactome:R-CEL-159236|Reactome:R-CEL-72163|Reactome:R-CEL-73856|Reactome:R-DME-159231|Reactome:R-DME-159236|Reactome:R-DME-1834941|Reactome:R-DME-72163|Reactome:R-DME-72165|Reactome:R-DME-72203|Reactome:R-DME-73856|Reactome:R-DME-77595|Reactome:R-DME-8941326|Reactome:R-DME-9770562|Reactome:R-DME-9930044|Reactome:R-DRE-72165|Reactome:R-HSA-1169408|Reactome:R-HSA-159231|Reactome:R-HSA-159236|Reactome:R-HSA-162585|Reactome:R-HSA-162588|Reactome:R-HSA-162592|Reactome:R-HSA-162594|Reactome:R-HSA-164516|Reactome:R-HSA-164525|Reactome:R-HSA-164843|Reactome:R-HSA-168315|Reactome:R-HSA-173107|Reactome:R-HSA-174490|Reactome:R-HSA-174495|Reactome:R-HSA-175474|Reactome:R-HSA-175567|Reactome:R-HSA-177539|Reactome:R-HSA-180689|Reactome:R-HSA-180910|Reactome:R-HSA-429947|Reactome:R-HSA-452723|Reactome:R-HSA-6784531|Reactome:R-HSA-72163|Reactome:R-HSA-72165|Reactome:R-HSA-72187|Reactome:R-HSA-72203|Reactome:R-HSA-73856|Reactome:R-HSA-77595|Reactome:R-HSA-9013422|Reactome:R-HSA-9682706|Reactome:R-HSA-9694686|Reactome:R-HSA-9705671|Reactome:R-HSA-9770562|Reactome:R-HSA-9819196|Reactome:R-HSA-9820865|Reactome:R-HSA-983168|Reactome:R-HSA-9843970|Reactome:R-HSA-9918481|Reactome:R-HSA-9930044|Reactome:R-HSA-9931510|Reactome:R-MMU-159231|Reactome:R-MMU-159236|Reactome:R-MMU-72163|Reactome:R-MMU-72165|Reactome:R-MMU-72187|Reactome:R-MMU-72203|Reactome:R-MMU-73856|Reactome:R-MMU-77595|Reactome:R-MMU-9013422|Reactome:R-MMU-9770562|Reactome:R-MMU-983168|Reactome:R-MMU-9930044|Reactome:R-RNO-159231|Reactome:R-RNO-72165|Reactome:R-RNO-73856|Reactome:R-RNO-77595|Reactome:R-RNO-9770562|Reactome:R-SCE-983168|Reactome:R-SPO-9770562|Reactome:R-SPO-983168|Reactome:R-XTR-77595|Reactome:R-XTR-9770562
HIV-2	4abed378bd41133226b8704b7bf2a911	438	Pfam	PF19317	Gag protein p24 C-terminal domain	278	351	1.2E-28	T	13-08-2026	IPR045345	Retroviral nucleocapsid Gag protein p24, C-terminal domain	-	Reactome:R-HSA-1169408|Reactome:R-HSA-162585|Reactome:R-HSA-162588|Reactome:R-HSA-162592|Reactome:R-HSA-162594|Reactome:R-HSA-164516|Reactome:R-HSA-164525|Reactome:R-HSA-164843|Reactome:R-HSA-173107|Reactome:R-HSA-174490|Reactome:R-HSA-174495|Reactome:R-HSA-175474|Reactome:R-HSA-175567|Reactome:R-HSA-177539|Reactome:R-HSA-180689|Reactome:R-HSA-180910
HIV-2	4abed378bd41133226b8704b7bf2a911	438	Gene3D	G3DSA:1.20.5.760	Single helix bin	350	387	4.1E-15	T	13-08-2026	-	-	-	-
HIV-2	4abed378bd41133226b8704b7bf2a911	438	SMART	SM00343	c2hcfinal6	390	406	5.7E-5	T	13-08-2026	IPR001878	Zinc finger, CCHC-type	GO:0003676(InterPro)|GO:0008270(InterPro)	Reactome:R-BTA-159231|Reactome:R-BTA-159236|Reactome:R-BTA-72163|Reactome:R-BTA-72165|Reactome:R-BTA-72203|Reactome:R-BTA-73856|Reactome:R-BTA-77595|Reactome:R-BTA-9770562|Reactome:R-CEL-159236|Reactome:R-CEL-72163|Reactome:R-CEL-73856|Reactome:R-DME-159231|Reactome:R-DME-159236|Reactome:R-DME-1834941|Reactome:R-DME-72163|Reactome:R-DME-72165|Reactome:R-DME-72203|Reactome:R-DME-73856|Reactome:R-DME-77595|Reactome:R-DME-8941326|Reactome:R-DME-9770562|Reactome:R-DME-9930044|Reactome:R-DRE-72165|Reactome:R-HSA-1169408|Reactome:R-HSA-159231|Reactome:R-HSA-159236|Reactome:R-HSA-162585|Reactome:R-HSA-162588|Reactome:R-HSA-162592|Reactome:R-HSA-162594|Reactome:R-HSA-164516|Reactome:R-HSA-164525|Reactome:R-HSA-164843|Reactome:R-HSA-168315|Reactome:R-HSA-173107|Reactome:R-HSA-174490|Reactome:R-HSA-174495|Reactome:R-HSA-175474|Reactome:R-HSA-175567|Reactome:R-HSA-177539|Reactome:R-HSA-180689|Reactome:R-HSA-180910|Reactome:R-HSA-429947|Reactome:R-HSA-452723|Reactome:R-HSA-6784531|Reactome:R-HSA-72163|Reactome:R-HSA-72165|Reactome:R-HSA-72187|Reactome:R-HSA-72203|Reactome:R-HSA-73856|Reactome:R-HSA-77595|Reactome:R-HSA-9013422|Reactome:R-HSA-9682706|Reactome:R-HSA-9694686|Reactome:R-HSA-9705671|Reactome:R-HSA-9770562|Reactome:R-HSA-9819196|Reactome:R-HSA-9820865|Reactome:R-HSA-983168|Reactome:R-HSA-9843970|Reactome:R-HSA-9918481|Reactome:R-HSA-9930044|Reactome:R-HSA-9931510|Reactome:R-MMU-159231|Reactome:R-MMU-159236|Reactome:R-MMU-72163|Reactome:R-MMU-72165|Reactome:R-MMU-72187|Reactome:R-MMU-72203|Reactome:R-MMU-73856|Reactome:R-MMU-77595|Reactome:R-MMU-9013422|Reactome:R-MMU-9770562|Reactome:R-MMU-983168|Reactome:R-MMU-9930044|Reactome:R-RNO-159231|Reactome:R-RNO-72165|Reactome:R-RNO-73856|Reactome:R-RNO-77595|Reactome:R-RNO-9770562|Reactome:R-SCE-983168|Reactome:R-SPO-9770562|Reactome:R-SPO-983168|Reactome:R-XTR-77595|Reactome:R-XTR-9770562
HIV-2	4abed378bd41133226b8704b7bf2a911	438	SMART	SM00343	c2hcfinal6	411	427	8.8E-5	T	13-08-2026	IPR001878	Zinc finger, CCHC-type	GO:0003676(InterPro)|GO:0008270(InterPro)	Reactome:R-BTA-159231|Reactome:R-BTA-159236|Reactome:R-BTA-72163|Reactome:R-BTA-72165|Reactome:R-BTA-72203|Reactome:R-BTA-73856|Reactome:R-BTA-77595|Reactome:R-BTA-9770562|Reactome:R-CEL-159236|Reactome:R-CEL-72163|Reactome:R-CEL-73856|Reactome:R-DME-159231|Reactome:R-DME-159236|Reactome:R-DME-1834941|Reactome:R-DME-72163|Reactome:R-DME-72165|Reactome:R-DME-72203|Reactome:R-DME-73856|Reactome:R-DME-77595|Reactome:R-DME-8941326|Reactome:R-DME-9770562|Reactome:R-DME-9930044|Reactome:R-DRE-72165|Reactome:R-HSA-1169408|Reactome:R-HSA-159231|Reactome:R-HSA-159236|Reactome:R-HSA-162585|Reactome:R-HSA-162588|Reactome:R-HSA-162592|Reactome:R-HSA-162594|Reactome:R-HSA-164516|Reactome:R-HSA-164525|Reactome:R-HSA-164843|Reactome:R-HSA-168315|Reactome:R-HSA-173107|Reactome:R-HSA-174490|Reactome:R-HSA-174495|Reactome:R-HSA-175474|Reactome:R-HSA-175567|Reactome:R-HSA-177539|Reactome:R-HSA-180689|Reactome:R-HSA-180910|Reactome:R-HSA-429947|Reactome:R-HSA-452723|Reactome:R-HSA-6784531|Reactome:R-HSA-72163|Reactome:R-HSA-72165|Reactome:R-HSA-72187|Reactome:R-HSA-72203|Reactome:R-HSA-73856|Reactome:R-HSA-77595|Reactome:R-HSA-9013422|Reactome:R-HSA-9682706|Reactome:R-HSA-9694686|Reactome:R-HSA-9705671|Reactome:R-HSA-9770562|Reactome:R-HSA-9819196|Reactome:R-HSA-9820865|Reactome:R-HSA-983168|Reactome:R-HSA-9843970|Reactome:R-HSA-9918481|Reactome:R-HSA-9930044|Reactome:R-HSA-9931510|Reactome:R-MMU-159231|Reactome:R-MMU-159236|Reactome:R-MMU-72163|Reactome:R-MMU-72165|Reactome:R-MMU-72187|Reactome:R-MMU-72203|Reactome:R-MMU-73856|Reactome:R-MMU-77595|Reactome:R-MMU-9013422|Reactome:R-MMU-9770562|Reactome:R-MMU-983168|Reactome:R-MMU-9930044|Reactome:R-RNO-159231|Reactome:R-RNO-72165|Reactome:R-RNO-73856|Reactome:R-RNO-77595|Reactome:R-RNO-9770562|Reactome:R-SCE-983168|Reactome:R-SPO-9770562|Reactome:R-SPO-983168|Reactome:R-XTR-77595|Reactome:R-XTR-9770562
HIV-2	4abed378bd41133226b8704b7bf2a911	438	SUPERFAMILY	SSF57756	Retrovirus zinc finger-like domains	383	429	1.4E-15	T	13-08-2026	IPR036875	Zinc finger, CCHC-type superfamily	GO:0003676(InterPro)|GO:0008270(InterPro)	Reactome:R-BTA-159231|Reactome:R-BTA-159236|Reactome:R-BTA-72163|Reactome:R-BTA-72165|Reactome:R-BTA-72203|Reactome:R-BTA-73856|Reactome:R-BTA-77595|Reactome:R-BTA-9770562|Reactome:R-CEL-159236|Reactome:R-CEL-72163|Reactome:R-CEL-73856|Reactome:R-DME-159231|Reactome:R-DME-159236|Reactome:R-DME-1834941|Reactome:R-DME-72163|Reactome:R-DME-72165|Reactome:R-DME-72203|Reactome:R-DME-73856|Reactome:R-DME-77595|Reactome:R-DME-9770562|Reactome:R-DRE-72165|Reactome:R-HSA-1169408|Reactome:R-HSA-159231|Reactome:R-HSA-159236|Reactome:R-HSA-162585|Reactome:R-HSA-162588|Reactome:R-HSA-162592|Reactome:R-HSA-162594|Reactome:R-HSA-164516|Reactome:R-HSA-164525|Reactome:R-HSA-164843|Reactome:R-HSA-168315|Reactome:R-HSA-173107|Reactome:R-HSA-174490|Reactome:R-HSA-174495|Reactome:R-HSA-175474|Reactome:R-HSA-175567|Reactome:R-HSA-177539|Reactome:R-HSA-180689|Reactome:R-HSA-180910|Reactome:R-HSA-429947|Reactome:R-HSA-452723|Reactome:R-HSA-6784531|Reactome:R-HSA-72163|Reactome:R-HSA-72165|Reactome:R-HSA-72187|Reactome:R-HSA-72203|Reactome:R-HSA-73856|Reactome:R-HSA-77595|Reactome:R-HSA-9013422|Reactome:R-HSA-9682706|Reactome:R-HSA-9694686|Reactome:R-HSA-9705671|Reactome:R-HSA-9770562|Reactome:R-HSA-9819196|Reactome:R-HSA-9820865|Reactome:R-HSA-983168|Reactome:R-HSA-9918481|Reactome:R-HSA-9930044|Reactome:R-MMU-159231|Reactome:R-MMU-159236|Reactome:R-MMU-72163|Reactome:R-MMU-72165|Reactome:R-MMU-72187|Reactome:R-MMU-72203|Reactome:R-MMU-73856|Reactome:R-MMU-77595|Reactome:R-MMU-9013422|Reactome:R-MMU-9770562|Reactome:R-MMU-983168|Reactome:R-RNO-159231|Reactome:R-RNO-72165|Reactome:R-RNO-73856|Reactome:R-RNO-77595|Reactome:R-RNO-9770562|Reactome:R-SCE-983168|Reactome:R-SPO-9770562|Reactome:R-SPO-983168|Reactome:R-XTR-77595|Reactome:R-XTR-9770562
HIV-2	4abed378bd41133226b8704b7bf2a911	438	Pfam	PF00098	Zinc knuckle	411	426	0.29	T	13-08-2026	IPR001878	Zinc finger, CCHC-type	GO:0003676(InterPro)|GO:0008270(InterPro)	Reactome:R-BTA-159231|Reactome:R-BTA-159236|Reactome:R-BTA-72163|Reactome:R-BTA-72165|Reactome:R-BTA-72203|Reactome:R-BTA-73856|Reactome:R-BTA-77595|Reactome:R-BTA-9770562|Reactome:R-CEL-159236|Reactome:R-CEL-72163|Reactome:R-CEL-73856|Reactome:R-DME-159231|Reactome:R-DME-159236|Reactome:R-DME-1834941|Reactome:R-DME-72163|Reactome:R-DME-72165|Reactome:R-DME-72203|Reactome:R-DME-73856|Reactome:R-DME-77595|Reactome:R-DME-8941326|Reactome:R-DME-9770562|Reactome:R-DME-9930044|Reactome:R-DRE-72165|Reactome:R-HSA-1169408|Reactome:R-HSA-159231|Reactome:R-HSA-159236|Reactome:R-HSA-162585|Reactome:R-HSA-162588|Reactome:R-HSA-162592|Reactome:R-HSA-162594|Reactome:R-HSA-164516|Reactome:R-HSA-164525|Reactome:R-HSA-164843|Reactome:R-HSA-168315|Reactome:R-HSA-173107|Reactome:R-HSA-174490|Reactome:R-HSA-174495|Reactome:R-HSA-175474|Reactome:R-HSA-175567|Reactome:R-HSA-177539|Reactome:R-HSA-180689|Reactome:R-HSA-180910|Reactome:R-HSA-429947|Reactome:R-HSA-452723|Reactome:R-HSA-6784531|Reactome:R-HSA-72163|Reactome:R-HSA-72165|Reactome:R-HSA-72187|Reactome:R-HSA-72203|Reactome:R-HSA-73856|Reactome:R-HSA-77595|Reactome:R-HSA-9013422|Reactome:R-HSA-9682706|Reactome:R-HSA-9694686|Reactome:R-HSA-9705671|Reactome:R-HSA-9770562|Reactome:R-HSA-9819196|Reactome:R-HSA-9820865|Reactome:R-HSA-983168|Reactome:R-HSA-9843970|Reactome:R-HSA-9918481|Reactome:R-HSA-9930044|Reactome:R-HSA-9931510|Reactome:R-MMU-159231|Reactome:R-MMU-159236|Reactome:R-MMU-72163|Reactome:R-MMU-72165|Reactome:R-MMU-72187|Reactome:R-MMU-72203|Reactome:R-MMU-73856|Reactome:R-MMU-77595|Reactome:R-MMU-9013422|Reactome:R-MMU-9770562|Reactome:R-MMU-983168|Reactome:R-MMU-9930044|Reactome:R-RNO-159231|Reactome:R-RNO-72165|Reactome:R-RNO-73856|Reactome:R-RNO-77595|Reactome:R-RNO-9770562|Reactome:R-SCE-983168|Reactome:R-SPO-9770562|Reactome:R-SPO-983168|Reactome:R-XTR-77595|Reactome:R-XTR-9770562
HIV-2	4abed378bd41133226b8704b7bf2a911	438	Pfam	PF00098	Zinc knuckle	390	405	0.076	T	13-08-2026	IPR001878	Zinc finger, CCHC-type	GO:0003676(InterPro)|GO:0008270(InterPro)	Reactome:R-BTA-159231|Reactome:R-BTA-159236|Reactome:R-BTA-72163|Reactome:R-BTA-72165|Reactome:R-BTA-72203|Reactome:R-BTA-73856|Reactome:R-BTA-77595|Reactome:R-BTA-9770562|Reactome:R-CEL-159236|Reactome:R-CEL-72163|Reactome:R-CEL-73856|Reactome:R-DME-159231|Reactome:R-DME-159236|Reactome:R-DME-1834941|Reactome:R-DME-72163|Reactome:R-DME-72165|Reactome:R-DME-72203|Reactome:R-DME-73856|Reactome:R-DME-77595|Reactome:R-DME-8941326|Reactome:R-DME-9770562|Reactome:R-DME-9930044|Reactome:R-DRE-72165|Reactome:R-HSA-1169408|Reactome:R-HSA-159231|Reactome:R-HSA-159236|Reactome:R-HSA-162585|Reactome:R-HSA-162588|Reactome:R-HSA-162592|Reactome:R-HSA-162594|Reactome:R-HSA-164516|Reactome:R-HSA-164525|Reactome:R-HSA-164843|Reactome:R-HSA-168315|Reactome:R-HSA-173107|Reactome:R-HSA-174490|Reactome:R-HSA-174495|Reactome:R-HSA-175474|Reactome:R-HSA-175567|Reactome:R-HSA-177539|Reactome:R-HSA-180689|Reactome:R-HSA-180910|Reactome:R-HSA-429947|Reactome:R-HSA-452723|Reactome:R-HSA-6784531|Reactome:R-HSA-72163|Reactome:R-HSA-72165|Reactome:R-HSA-72187|Reactome:R-HSA-72203|Reactome:R-HSA-73856|Reactome:R-HSA-77595|Reactome:R-HSA-9013422|Reactome:R-HSA-9682706|Reactome:R-HSA-9694686|Reactome:R-HSA-9705671|Reactome:R-HSA-9770562|Reactome:R-HSA-9819196|Reactome:R-HSA-9820865|Reactome:R-HSA-983168|Reactome:R-HSA-9843970|Reactome:R-HSA-9918481|Reactome:R-HSA-9930044|Reactome:R-HSA-9931510|Reactome:R-MMU-159231|Reactome:R-MMU-159236|Reactome:R-MMU-72163|Reactome:R-MMU-72165|Reactome:R-MMU-72187|Reactome:R-MMU-72203|Reactome:R-MMU-73856|Reactome:R-MMU-77595|Reactome:R-MMU-9013422|Reactome:R-MMU-9770562|Reactome:R-MMU-983168|Reactome:R-MMU-9930044|Reactome:R-RNO-159231|Reactome:R-RNO-72165|Reactome:R-RNO-73856|Reactome:R-RNO-77595|Reactome:R-RNO-9770562|Reactome:R-SCE-983168|Reactome:R-SPO-9770562|Reactome:R-SPO-983168|Reactome:R-XTR-77595|Reactome:R-XTR-9770562
HIV-2	4abed378bd41133226b8704b7bf2a911	438	PANTHER	PTHR40389	ENDOGENOUS RETROVIRUS GROUP K MEMBER 24 GAG POLYPROTEIN-RELATED	282	428	1.7E-25	T	13-08-2026	IPR050195	Primate lentivirus group Gag polyprotein-like	-	Reactome:R-HSA-1169408|Reactome:R-HSA-162585|Reactome:R-HSA-162588|Reactome:R-HSA-162592|Reactome:R-HSA-162594|Reactome:R-HSA-164516|Reactome:R-HSA-164525|Reactome:R-HSA-164843|Reactome:R-HSA-173107|Reactome:R-HSA-174490|Reactome:R-HSA-174495|Reactome:R-HSA-175474|Reactome:R-HSA-175567|Reactome:R-HSA-177539|Reactome:R-HSA-180689|Reactome:R-HSA-180910
HIV-2	4abed378bd41133226b8704b7bf2a911	438	SUPERFAMILY	SSF47353	Retrovirus capsid dimerization domain-like	283	363	7.14E-30	T	13-08-2026	-	-	-	-
HIV-2	4abed378bd41133226b8704b7bf2a911	438	Pfam	PF00607	gag protein p24 N-terminal domain	146	272	1.5E-6	T	13-08-2026	-	-	-	-
HIV-2	4abed378bd41133226b8704b7bf2a911	438	Gene3D	G3DSA:1.10.1200.30	-	276	349	3.7E-35	T	13-08-2026	IPR008916	Retrovirus capsid, C-terminal	-	Reactome:R-HSA-1169408|Reactome:R-HSA-162585|Reactome:R-HSA-162588|Reactome:R-HSA-162592|Reactome:R-HSA-162594|Reactome:R-HSA-164516|Reactome:R-HSA-164525|Reactome:R-HSA-164843|Reactome:R-HSA-173107|Reactome:R-HSA-174490|Reactome:R-HSA-174495|Reactome:R-HSA-175474|Reactome:R-HSA-175567|Reactome:R-HSA-177539|Reactome:R-HSA-180689|Reactome:R-HSA-180910
HIV-2	4abed378bd41133226b8704b7bf2a911	438	SUPERFAMILY	SSF47836	Retroviral matrix proteins	2	138	1.02E-49	T	13-08-2026	IPR010999	Retroviral matrix protein	-	Reactome:R-HSA-1169408|Reactome:R-HSA-162585|Reactome:R-HSA-162588|Reactome:R-HSA-162592|Reactome:R-HSA-162594|Reactome:R-HSA-164516|Reactome:R-HSA-164525|Reactome:R-HSA-164843|Reactome:R-HSA-173107|Reactome:R-HSA-174490|Reactome:R-HSA-174495|Reactome:R-HSA-175474|Reactome:R-HSA-175567|Reactome:R-HSA-177539|Reactome:R-HSA-180689|Reactome:R-HSA-180910|Reactome:R-HSA-198933
HIV-2	4abed378bd41133226b8704b7bf2a911	438	Gene3D	G3DSA:4.10.60.10	-	388	431	1.3E-16	T	13-08-2026	-	-	-	-
HIV-2	4abed378bd41133226b8704b7bf2a911	438	MobiDBLite	mobidb-lite	consensus disorder prediction	111	136	-	T	13-08-2026	-	-	-	-
HIV-2	4abed378bd41133226b8704b7bf2a911	438	MobiDBLite	mobidb-lite	consensus disorder prediction	119	128	-	T	13-08-2026	-	-	-	-
HIV-2	4abed378bd41133226b8704b7bf2a911	438	PRINTS	PR00234	HIV-1 matrix protein signature	70	89	1.3E-33	T	13-08-2026	IPR000071	Immunodeficiency lentiviral matrix, N-terminal	GO:0005198(InterPro)	Reactome:R-HSA-1169408|Reactome:R-HSA-162585|Reactome:R-HSA-162588|Reactome:R-HSA-162592|Reactome:R-HSA-162594|Reactome:R-HSA-164516|Reactome:R-HSA-164525|Reactome:R-HSA-164843|Reactome:R-HSA-173107|Reactome:R-HSA-174490|Reactome:R-HSA-174495|Reactome:R-HSA-175474|Reactome:R-HSA-175567|Reactome:R-HSA-177539|Reactome:R-HSA-180689|Reactome:R-HSA-180910
HIV-2	4abed378bd41133226b8704b7bf2a911	438	PRINTS	PR00234	HIV-1 matrix protein signature	4	20	1.3E-33	T	13-08-2026	IPR000071	Immunodeficiency lentiviral matrix, N-terminal	GO:0005198(InterPro)	Reactome:R-HSA-1169408|Reactome:R-HSA-162585|Reactome:R-HSA-162588|Reactome:R-HSA-162592|Reactome:R-HSA-162594|Reactome:R-HSA-164516|Reactome:R-HSA-164525|Reactome:R-HSA-164843|Reactome:R-HSA-173107|Reactome:R-HSA-174490|Reactome:R-HSA-174495|Reactome:R-HSA-175474|Reactome:R-HSA-175567|Reactome:R-HSA-177539|Reactome:R-HSA-180689|Reactome:R-HSA-180910
HIV-2	4abed378bd41133226b8704b7bf2a911	438	PRINTS	PR00234	HIV-1 matrix protein signature	22	40	1.3E-33	T	13-08-2026	IPR000071	Immunodeficiency lentiviral matrix, N-terminal	GO:0005198(InterPro)	Reactome:R-HSA-1169408|Reactome:R-HSA-162585|Reactome:R-HSA-162588|Reactome:R-HSA-162592|Reactome:R-HSA-162594|Reactome:R-HSA-164516|Reactome:R-HSA-164525|Reactome:R-HSA-164843|Reactome:R-HSA-173107|Reactome:R-HSA-174490|Reactome:R-HSA-174495|Reactome:R-HSA-175474|Reactome:R-HSA-175567|Reactome:R-HSA-177539|Reactome:R-HSA-180689|Reactome:R-HSA-180910
HIV-2	4abed378bd41133226b8704b7bf2a911	438	PRINTS	PR00234	HIV-1 matrix protein signature	89	102	1.3E-33	T	13-08-2026	IPR000071	Immunodeficiency lentiviral matrix, N-terminal	GO:0005198(InterPro)	Reactome:R-HSA-1169408|Reactome:R-HSA-162585|Reactome:R-HSA-162588|Reactome:R-HSA-162592|Reactome:R-HSA-162594|Reactome:R-HSA-164516|Reactome:R-HSA-164525|Reactome:R-HSA-164843|Reactome:R-HSA-173107|Reactome:R-HSA-174490|Reactome:R-HSA-174495|Reactome:R-HSA-175474|Reactome:R-HSA-175567|Reactome:R-HSA-177539|Reactome:R-HSA-180689|Reactome:R-HSA-180910
HIV-2	4abed378bd41133226b8704b7bf2a911	438	PRINTS	PR00234	HIV-1 matrix protein signature	42	57	1.3E-33	T	13-08-2026	IPR000071	Immunodeficiency lentiviral matrix, N-terminal	GO:0005198(InterPro)	Reactome:R-HSA-1169408|Reactome:R-HSA-162585|Reactome:R-HSA-162588|Reactome:R-HSA-162592|Reactome:R-HSA-162594|Reactome:R-HSA-164516|Reactome:R-HSA-164525|Reactome:R-HSA-164843|Reactome:R-HSA-173107|Reactome:R-HSA-174490|Reactome:R-HSA-174495|Reactome:R-HSA-175474|Reactome:R-HSA-175567|Reactome:R-HSA-177539|Reactome:R-HSA-180689|Reactome:R-HSA-180910
HIV-2	4abed378bd41133226b8704b7bf2a911	438	SUPERFAMILY	SSF47943	Retrovirus capsid protein, N-terminal core domain	134	291	8.63E-74	T	13-08-2026	IPR008919	Retrovirus capsid, N-terminal	GO:0016032(InterPro)	Reactome:R-HSA-1169408|Reactome:R-HSA-162585|Reactome:R-HSA-162588|Reactome:R-HSA-162592|Reactome:R-HSA-162594|Reactome:R-HSA-164516|Reactome:R-HSA-164525|Reactome:R-HSA-164843|Reactome:R-HSA-173107|Reactome:R-HSA-174490|Reactome:R-HSA-174495|Reactome:R-HSA-175474|Reactome:R-HSA-175567|Reactome:R-HSA-177539|Reactome:R-HSA-180689|Reactome:R-HSA-180910
HIV-2	4abed378bd41133226b8704b7bf2a911	438	Gene3D	G3DSA:1.10.375.10	Human Immunodeficiency Virus Type 1 Capsid Protein	136	275	2.4E-71	T	13-08-2026	IPR008919	Retrovirus capsid, N-terminal	GO:0016032(InterPro)	Reactome:R-HSA-1169408|Reactome:R-HSA-162585|Reactome:R-HSA-162588|Reactome:R-HSA-162592|Reactome:R-HSA-162594|Reactome:R-HSA-164516|Reactome:R-HSA-164525|Reactome:R-HSA-164843|Reactome:R-HSA-173107|Reactome:R-HSA-174490|Reactome:R-HSA-174495|Reactome:R-HSA-175474|Reactome:R-HSA-175567|Reactome:R-HSA-177539|Reactome:R-HSA-180689|Reactome:R-HSA-180910
HIV-2	4abed378bd41133226b8704b7bf2a911	438	Gene3D	G3DSA:1.10.150.90	Immunodeficiency lentiviruses, gag gene matrix protein p17	1	119	2.6E-50	T	13-08-2026	IPR012344	Matrix protein, lentiviral and alpha-retroviral, N-terminal	-	Reactome:R-HSA-1169408|Reactome:R-HSA-162585|Reactome:R-HSA-162588|Reactome:R-HSA-162592|Reactome:R-HSA-162594|Reactome:R-HSA-164516|Reactome:R-HSA-164525|Reactome:R-HSA-164843|Reactome:R-HSA-173107|Reactome:R-HSA-174490|Reactome:R-HSA-174495|Reactome:R-HSA-175474|Reactome:R-HSA-175567|Reactome:R-HSA-177539|Reactome:R-HSA-180689|Reactome:R-HSA-180910
HIV-2	4abed378bd41133226b8704b7bf2a911	438	ProSiteProfiles	PS50158	Zinc finger CCHC-type profile.	412	427	10.65817	T	13-08-2026	IPR001878	Zinc finger, CCHC-type	GO:0003676(InterPro)|GO:0008270(InterPro)	Reactome:R-BTA-159231|Reactome:R-BTA-159236|Reactome:R-BTA-72163|Reactome:R-BTA-72165|Reactome:R-BTA-72203|Reactome:R-BTA-73856|Reactome:R-BTA-77595|Reactome:R-BTA-9770562|Reactome:R-CEL-159236|Reactome:R-CEL-72163|Reactome:R-CEL-73856|Reactome:R-DME-159231|Reactome:R-DME-159236|Reactome:R-DME-1834941|Reactome:R-DME-72163|Reactome:R-DME-72165|Reactome:R-DME-72203|Reactome:R-DME-73856|Reactome:R-DME-77595|Reactome:R-DME-8941326|Reactome:R-DME-9770562|Reactome:R-DME-9930044|Reactome:R-DRE-72165|Reactome:R-HSA-1169408|Reactome:R-HSA-159231|Reactome:R-HSA-159236|Reactome:R-HSA-162585|Reactome:R-HSA-162588|Reactome:R-HSA-162592|Reactome:R-HSA-162594|Reactome:R-HSA-164516|Reactome:R-HSA-164525|Reactome:R-HSA-164843|Reactome:R-HSA-168315|Reactome:R-HSA-173107|Reactome:R-HSA-174490|Reactome:R-HSA-174495|Reactome:R-HSA-175474|Reactome:R-HSA-175567|Reactome:R-HSA-177539|Reactome:R-HSA-180689|Reactome:R-HSA-180910|Reactome:R-HSA-429947|Reactome:R-HSA-452723|Reactome:R-HSA-6784531|Reactome:R-HSA-72163|Reactome:R-HSA-72165|Reactome:R-HSA-72187|Reactome:R-HSA-72203|Reactome:R-HSA-73856|Reactome:R-HSA-77595|Reactome:R-HSA-9013422|Reactome:R-HSA-9682706|Reactome:R-HSA-9694686|Reactome:R-HSA-9705671|Reactome:R-HSA-9770562|Reactome:R-HSA-9819196|Reactome:R-HSA-9820865|Reactome:R-HSA-983168|Reactome:R-HSA-9843970|Reactome:R-HSA-9918481|Reactome:R-HSA-9930044|Reactome:R-HSA-9931510|Reactome:R-MMU-159231|Reactome:R-MMU-159236|Reactome:R-MMU-72163|Reactome:R-MMU-72165|Reactome:R-MMU-72187|Reactome:R-MMU-72203|Reactome:R-MMU-73856|Reactome:R-MMU-77595|Reactome:R-MMU-9013422|Reactome:R-MMU-9770562|Reactome:R-MMU-983168|Reactome:R-MMU-9930044|Reactome:R-RNO-159231|Reactome:R-RNO-72165|Reactome:R-RNO-73856|Reactome:R-RNO-77595|Reactome:R-RNO-9770562|Reactome:R-SCE-983168|Reactome:R-SPO-9770562|Reactome:R-SPO-983168|Reactome:R-XTR-77595|Reactome:R-XTR-9770562
HIV-2	4abed378bd41133226b8704b7bf2a911	438	Pfam	PF00540	gag gene protein p17 (matrix protein)	2	123	1.9E-46	T	13-08-2026	IPR000071	Immunodeficiency lentiviral matrix, N-terminal	GO:0005198(InterPro)	Reactome:R-HSA-1169408|Reactome:R-HSA-162585|Reactome:R-HSA-162588|Reactome:R-HSA-162592|Reactome:R-HSA-162594|Reactome:R-HSA-164516|Reactome:R-HSA-164525|Reactome:R-HSA-164843|Reactome:R-HSA-173107|Reactome:R-HSA-174490|Reactome:R-HSA-174495|Reactome:R-HSA-175474|Reactome:R-HSA-175567|Reactome:R-HSA-177539|Reactome:R-HSA-180689|Reactome:R-HSA-180910
VMV	6d317db67ee0bb96484ddf78f9efb351	435	SUPERFAMILY	SSF47353	Retrovirus capsid dimerization domain-like	286	364	6.41E-18	T	13-08-2026	-	-	-	-
VMV	6d317db67ee0bb96484ddf78f9efb351	435	Pfam	PF00607	gag protein p24 N-terminal domain	158	277	3.1E-6	T	13-08-2026	-	-	-	-
VMV	6d317db67ee0bb96484ddf78f9efb351	435	ProSiteProfiles	PS50158	Zinc finger CCHC-type profile.	409	424	10.229617	T	13-08-2026	IPR001878	Zinc finger, CCHC-type	GO:0003676(InterPro)|GO:0008270(InterPro)	Reactome:R-BTA-159231|Reactome:R-BTA-159236|Reactome:R-BTA-72163|Reactome:R-BTA-72165|Reactome:R-BTA-72203|Reactome:R-BTA-73856|Reactome:R-BTA-77595|Reactome:R-BTA-9770562|Reactome:R-CEL-159236|Reactome:R-CEL-72163|Reactome:R-CEL-73856|Reactome:R-DME-159231|Reactome:R-DME-159236|Reactome:R-DME-1834941|Reactome:R-DME-72163|Reactome:R-DME-72165|Reactome:R-DME-72203|Reactome:R-DME-73856|Reactome:R-DME-77595|Reactome:R-DME-8941326|Reactome:R-DME-9770562|Reactome:R-DME-9930044|Reactome:R-DRE-72165|Reactome:R-HSA-1169408|Reactome:R-HSA-159231|Reactome:R-HSA-159236|Reactome:R-HSA-162585|Reactome:R-HSA-162588|Reactome:R-HSA-162592|Reactome:R-HSA-162594|Reactome:R-HSA-164516|Reactome:R-HSA-164525|Reactome:R-HSA-164843|Reactome:R-HSA-168315|Reactome:R-HSA-173107|Reactome:R-HSA-174490|Reactome:R-HSA-174495|Reactome:R-HSA-175474|Reactome:R-HSA-175567|Reactome:R-HSA-177539|Reactome:R-HSA-180689|Reactome:R-HSA-180910|Reactome:R-HSA-429947|Reactome:R-HSA-452723|Reactome:R-HSA-6784531|Reactome:R-HSA-72163|Reactome:R-HSA-72165|Reactome:R-HSA-72187|Reactome:R-HSA-72203|Reactome:R-HSA-73856|Reactome:R-HSA-77595|Reactome:R-HSA-9013422|Reactome:R-HSA-9682706|Reactome:R-HSA-9694686|Reactome:R-HSA-9705671|Reactome:R-HSA-9770562|Reactome:R-HSA-9819196|Reactome:R-HSA-9820865|Reactome:R-HSA-983168|Reactome:R-HSA-9843970|Reactome:R-HSA-9918481|Reactome:R-HSA-9930044|Reactome:R-HSA-9931510|Reactome:R-MMU-159231|Reactome:R-MMU-159236|Reactome:R-MMU-72163|Reactome:R-MMU-72165|Reactome:R-MMU-72187|Reactome:R-MMU-72203|Reactome:R-MMU-73856|Reactome:R-MMU-77595|Reactome:R-MMU-9013422|Reactome:R-MMU-9770562|Reactome:R-MMU-983168|Reactome:R-MMU-9930044|Reactome:R-RNO-159231|Reactome:R-RNO-72165|Reactome:R-RNO-73856|Reactome:R-RNO-77595|Reactome:R-RNO-9770562|Reactome:R-SCE-983168|Reactome:R-SPO-9770562|Reactome:R-SPO-983168|Reactome:R-XTR-77595|Reactome:R-XTR-9770562
VMV	6d317db67ee0bb96484ddf78f9efb351	435	SUPERFAMILY	SSF57756	Retrovirus zinc finger-like domains	382	426	8.14E-12	T	13-08-2026	IPR036875	Zinc finger, CCHC-type superfamily	GO:0003676(InterPro)|GO:0008270(InterPro)	Reactome:R-BTA-159231|Reactome:R-BTA-159236|Reactome:R-BTA-72163|Reactome:R-BTA-72165|Reactome:R-BTA-72203|Reactome:R-BTA-73856|Reactome:R-BTA-77595|Reactome:R-BTA-9770562|Reactome:R-CEL-159236|Reactome:R-CEL-72163|Reactome:R-CEL-73856|Reactome:R-DME-159231|Reactome:R-DME-159236|Reactome:R-DME-1834941|Reactome:R-DME-72163|Reactome:R-DME-72165|Reactome:R-DME-72203|Reactome:R-DME-73856|Reactome:R-DME-77595|Reactome:R-DME-9770562|Reactome:R-DRE-72165|Reactome:R-HSA-1169408|Reactome:R-HSA-159231|Reactome:R-HSA-159236|Reactome:R-HSA-162585|Reactome:R-HSA-162588|Reactome:R-HSA-162592|Reactome:R-HSA-162594|Reactome:R-HSA-164516|Reactome:R-HSA-164525|Reactome:R-HSA-164843|Reactome:R-HSA-168315|Reactome:R-HSA-173107|Reactome:R-HSA-174490|Reactome:R-HSA-174495|Reactome:R-HSA-175474|Reactome:R-HSA-175567|Reactome:R-HSA-177539|Reactome:R-HSA-180689|Reactome:R-HSA-180910|Reactome:R-HSA-429947|Reactome:R-HSA-452723|Reactome:R-HSA-6784531|Reactome:R-HSA-72163|Reactome:R-HSA-72165|Reactome:R-HSA-72187|Reactome:R-HSA-72203|Reactome:R-HSA-73856|Reactome:R-HSA-77595|Reactome:R-HSA-9013422|Reactome:R-HSA-9682706|Reactome:R-HSA-9694686|Reactome:R-HSA-9705671|Reactome:R-HSA-9770562|Reactome:R-HSA-9819196|Reactome:R-HSA-9820865|Reactome:R-HSA-983168|Reactome:R-HSA-9918481|Reactome:R-HSA-9930044|Reactome:R-MMU-159231|Reactome:R-MMU-159236|Reactome:R-MMU-72163|Reactome:R-MMU-72165|Reactome:R-MMU-72187|Reactome:R-MMU-72203|Reactome:R-MMU-73856|Reactome:R-MMU-77595|Reactome:R-MMU-9013422|Reactome:R-MMU-9770562|Reactome:R-MMU-983168|Reactome:R-RNO-159231|Reactome:R-RNO-72165|Reactome:R-RNO-73856|Reactome:R-RNO-77595|Reactome:R-RNO-9770562|Reactome:R-SCE-983168|Reactome:R-SPO-9770562|Reactome:R-SPO-983168|Reactome:R-XTR-77595|Reactome:R-XTR-9770562
VMV	6d317db67ee0bb96484ddf78f9efb351	435	Gene3D	G3DSA:1.10.375.10	Human Immunodeficiency Virus Type 1 Capsid Protein	147	279	9.6E-26	T	13-08-2026	IPR008919	Retrovirus capsid, N-terminal	GO:0016032(InterPro)	Reactome:R-HSA-1169408|Reactome:R-HSA-162585|Reactome:R-HSA-162588|Reactome:R-HSA-162592|Reactome:R-HSA-162594|Reactome:R-HSA-164516|Reactome:R-HSA-164525|Reactome:R-HSA-164843|Reactome:R-HSA-173107|Reactome:R-HSA-174490|Reactome:R-HSA-174495|Reactome:R-HSA-175474|Reactome:R-HSA-175567|Reactome:R-HSA-177539|Reactome:R-HSA-180689|Reactome:R-HSA-180910
VMV	6d317db67ee0bb96484ddf78f9efb351	435	PANTHER	PTHR40389	ENDOGENOUS RETROVIRUS GROUP K MEMBER 24 GAG POLYPROTEIN-RELATED	126	432	3.5E-27	T	13-08-2026	IPR050195	Primate lentivirus group Gag polyprotein-like	-	Reactome:R-HSA-1169408|Reactome:R-HSA-162585|Reactome:R-HSA-162588|Reactome:R-HSA-162592|Reactome:R-HSA-162594|Reactome:R-HSA-164516|Reactome:R-HSA-164525|Reactome:R-HSA-164843|Reactome:R-HSA-173107|Reactome:R-HSA-174490|Reactome:R-HSA-174495|Reactome:R-HSA-175474|Reactome:R-HSA-175567|Reactome:R-HSA-177539|Reactome:R-HSA-180689|Reactome:R-HSA-180910
VMV	6d317db67ee0bb96484ddf78f9efb351	435	Pfam	PF19317	Gag protein p24 C-terminal domain	289	353	9.5E-6	T	13-08-2026	IPR045345	Retroviral nucleocapsid Gag protein p24, C-terminal domain	-	Reactome:R-HSA-1169408|Reactome:R-HSA-162585|Reactome:R-HSA-162588|Reactome:R-HSA-162592|Reactome:R-HSA-162594|Reactome:R-HSA-164516|Reactome:R-HSA-164525|Reactome:R-HSA-164843|Reactome:R-HSA-173107|Reactome:R-HSA-174490|Reactome:R-HSA-174495|Reactome:R-HSA-175474|Reactome:R-HSA-175567|Reactome:R-HSA-177539|Reactome:R-HSA-180689|Reactome:R-HSA-180910
VMV	6d317db67ee0bb96484ddf78f9efb351	435	Gene3D	G3DSA:1.10.1200.30	-	280	382	2.3E-24	T	13-08-2026	IPR008916	Retrovirus capsid, C-terminal	-	Reactome:R-HSA-1169408|Reactome:R-HSA-162585|Reactome:R-HSA-162588|Reactome:R-HSA-162592|Reactome:R-HSA-162594|Reactome:R-HSA-164516|Reactome:R-HSA-164525|Reactome:R-HSA-164843|Reactome:R-HSA-173107|Reactome:R-HSA-174490|Reactome:R-HSA-174495|Reactome:R-HSA-175474|Reactome:R-HSA-175567|Reactome:R-HSA-177539|Reactome:R-HSA-180689|Reactome:R-HSA-180910
VMV	6d317db67ee0bb96484ddf78f9efb351	435	ProSiteProfiles	PS50158	Zinc finger CCHC-type profile.	389	405	11.36693	T	13-08-2026	IPR001878	Zinc finger, CCHC-type	GO:0003676(InterPro)|GO:0008270(InterPro)	Reactome:R-BTA-159231|Reactome:R-BTA-159236|Reactome:R-BTA-72163|Reactome:R-BTA-72165|Reactome:R-BTA-72203|Reactome:R-BTA-73856|Reactome:R-BTA-77595|Reactome:R-BTA-9770562|Reactome:R-CEL-159236|Reactome:R-CEL-72163|Reactome:R-CEL-73856|Reactome:R-DME-159231|Reactome:R-DME-159236|Reactome:R-DME-1834941|Reactome:R-DME-72163|Reactome:R-DME-72165|Reactome:R-DME-72203|Reactome:R-DME-73856|Reactome:R-DME-77595|Reactome:R-DME-8941326|Reactome:R-DME-9770562|Reactome:R-DME-9930044|Reactome:R-DRE-72165|Reactome:R-HSA-1169408|Reactome:R-HSA-159231|Reactome:R-HSA-159236|Reactome:R-HSA-162585|Reactome:R-HSA-162588|Reactome:R-HSA-162592|Reactome:R-HSA-162594|Reactome:R-HSA-164516|Reactome:R-HSA-164525|Reactome:R-HSA-164843|Reactome:R-HSA-168315|Reactome:R-HSA-173107|Reactome:R-HSA-174490|Reactome:R-HSA-174495|Reactome:R-HSA-175474|Reactome:R-HSA-175567|Reactome:R-HSA-177539|Reactome:R-HSA-180689|Reactome:R-HSA-180910|Reactome:R-HSA-429947|Reactome:R-HSA-452723|Reactome:R-HSA-6784531|Reactome:R-HSA-72163|Reactome:R-HSA-72165|Reactome:R-HSA-72187|Reactome:R-HSA-72203|Reactome:R-HSA-73856|Reactome:R-HSA-77595|Reactome:R-HSA-9013422|Reactome:R-HSA-9682706|Reactome:R-HSA-9694686|Reactome:R-HSA-9705671|Reactome:R-HSA-9770562|Reactome:R-HSA-9819196|Reactome:R-HSA-9820865|Reactome:R-HSA-983168|Reactome:R-HSA-9843970|Reactome:R-HSA-9918481|Reactome:R-HSA-9930044|Reactome:R-HSA-9931510|Reactome:R-MMU-159231|Reactome:R-MMU-159236|Reactome:R-MMU-72163|Reactome:R-MMU-72165|Reactome:R-MMU-72187|Reactome:R-MMU-72203|Reactome:R-MMU-73856|Reactome:R-MMU-77595|Reactome:R-MMU-9013422|Reactome:R-MMU-9770562|Reactome:R-MMU-983168|Reactome:R-MMU-9930044|Reactome:R-RNO-159231|Reactome:R-RNO-72165|Reactome:R-RNO-73856|Reactome:R-RNO-77595|Reactome:R-RNO-9770562|Reactome:R-SCE-983168|Reactome:R-SPO-9770562|Reactome:R-SPO-983168|Reactome:R-XTR-77595|Reactome:R-XTR-9770562
VMV	6d317db67ee0bb96484ddf78f9efb351	435	SUPERFAMILY	SSF47943	Retrovirus capsid protein, N-terminal core domain	146	292	2.28E-32	T	13-08-2026	IPR008919	Retrovirus capsid, N-terminal	GO:0016032(InterPro)	Reactome:R-HSA-1169408|Reactome:R-HSA-162585|Reactome:R-HSA-162588|Reactome:R-HSA-162592|Reactome:R-HSA-162594|Reactome:R-HSA-164516|Reactome:R-HSA-164525|Reactome:R-HSA-164843|Reactome:R-HSA-173107|Reactome:R-HSA-174490|Reactome:R-HSA-174495|Reactome:R-HSA-175474|Reactome:R-HSA-175567|Reactome:R-HSA-177539|Reactome:R-HSA-180689|Reactome:R-HSA-180910
VMV	6d317db67ee0bb96484ddf78f9efb351	435	SMART	SM00343	c2hcfinal6	389	405	2.6E-6	T	13-08-2026	IPR001878	Zinc finger, CCHC-type	GO:0003676(InterPro)|GO:0008270(InterPro)	Reactome:R-BTA-159231|Reactome:R-BTA-159236|Reactome:R-BTA-72163|Reactome:R-BTA-72165|Reactome:R-BTA-72203|Reactome:R-BTA-73856|Reactome:R-BTA-77595|Reactome:R-BTA-9770562|Reactome:R-CEL-159236|Reactome:R-CEL-72163|Reactome:R-CEL-73856|Reactome:R-DME-159231|Reactome:R-DME-159236|Reactome:R-DME-1834941|Reactome:R-DME-72163|Reactome:R-DME-72165|Reactome:R-DME-72203|Reactome:R-DME-73856|Reactome:R-DME-77595|Reactome:R-DME-8941326|Reactome:R-DME-9770562|Reactome:R-DME-9930044|Reactome:R-DRE-72165|Reactome:R-HSA-1169408|Reactome:R-HSA-159231|Reactome:R-HSA-159236|Reactome:R-HSA-162585|Reactome:R-HSA-162588|Reactome:R-HSA-162592|Reactome:R-HSA-162594|Reactome:R-HSA-164516|Reactome:R-HSA-164525|Reactome:R-HSA-164843|Reactome:R-HSA-168315|Reactome:R-HSA-173107|Reactome:R-HSA-174490|Reactome:R-HSA-174495|Reactome:R-HSA-175474|Reactome:R-HSA-175567|Reactome:R-HSA-177539|Reactome:R-HSA-180689|Reactome:R-HSA-180910|Reactome:R-HSA-429947|Reactome:R-HSA-452723|Reactome:R-HSA-6784531|Reactome:R-HSA-72163|Reactome:R-HSA-72165|Reactome:R-HSA-72187|Reactome:R-HSA-72203|Reactome:R-HSA-73856|Reactome:R-HSA-77595|Reactome:R-HSA-9013422|Reactome:R-HSA-9682706|Reactome:R-HSA-9694686|Reactome:R-HSA-9705671|Reactome:R-HSA-9770562|Reactome:R-HSA-9819196|Reactome:R-HSA-9820865|Reactome:R-HSA-983168|Reactome:R-HSA-9843970|Reactome:R-HSA-9918481|Reactome:R-HSA-9930044|Reactome:R-HSA-9931510|Reactome:R-MMU-159231|Reactome:R-MMU-159236|Reactome:R-MMU-72163|Reactome:R-MMU-72165|Reactome:R-MMU-72187|Reactome:R-MMU-72203|Reactome:R-MMU-73856|Reactome:R-MMU-77595|Reactome:R-MMU-9013422|Reactome:R-MMU-9770562|Reactome:R-MMU-983168|Reactome:R-MMU-9930044|Reactome:R-RNO-159231|Reactome:R-RNO-72165|Reactome:R-RNO-73856|Reactome:R-RNO-77595|Reactome:R-RNO-9770562|Reactome:R-SCE-983168|Reactome:R-SPO-9770562|Reactome:R-SPO-983168|Reactome:R-XTR-77595|Reactome:R-XTR-9770562
VMV	6d317db67ee0bb96484ddf78f9efb351	435	SMART	SM00343	c2hcfinal6	408	424	0.0048	T	13-08-2026	IPR001878	Zinc finger, CCHC-type	GO:0003676(InterPro)|GO:0008270(InterPro)	Reactome:R-BTA-159231|Reactome:R-BTA-159236|Reactome:R-BTA-72163|Reactome:R-BTA-72165|Reactome:R-BTA-72203|Reactome:R-BTA-73856|Reactome:R-BTA-77595|Reactome:R-BTA-9770562|Reactome:R-CEL-159236|Reactome:R-CEL-72163|Reactome:R-CEL-73856|Reactome:R-DME-159231|Reactome:R-DME-159236|Reactome:R-DME-1834941|Reactome:R-DME-72163|Reactome:R-DME-72165|Reactome:R-DME-72203|Reactome:R-DME-73856|Reactome:R-DME-77595|Reactome:R-DME-8941326|Reactome:R-DME-9770562|Reactome:R-DME-9930044|Reactome:R-DRE-72165|Reactome:R-HSA-1169408|Reactome:R-HSA-159231|Reactome:R-HSA-159236|Reactome:R-HSA-162585|Reactome:R-HSA-162588|Reactome:R-HSA-162592|Reactome:R-HSA-162594|Reactome:R-HSA-164516|Reactome:R-HSA-164525|Reactome:R-HSA-164843|Reactome:R-HSA-168315|Reactome:R-HSA-173107|Reactome:R-HSA-174490|Reactome:R-HSA-174495|Reactome:R-HSA-175474|Reactome:R-HSA-175567|Reactome:R-HSA-177539|Reactome:R-HSA-180689|Reactome:R-HSA-180910|Reactome:R-HSA-429947|Reactome:R-HSA-452723|Reactome:R-HSA-6784531|Reactome:R-HSA-72163|Reactome:R-HSA-72165|Reactome:R-HSA-72187|Reactome:R-HSA-72203|Reactome:R-HSA-73856|Reactome:R-HSA-77595|Reactome:R-HSA-9013422|Reactome:R-HSA-9682706|Reactome:R-HSA-9694686|Reactome:R-HSA-9705671|Reactome:R-HSA-9770562|Reactome:R-HSA-9819196|Reactome:R-HSA-9820865|Reactome:R-HSA-983168|Reactome:R-HSA-9843970|Reactome:R-HSA-9918481|Reactome:R-HSA-9930044|Reactome:R-HSA-9931510|Reactome:R-MMU-159231|Reactome:R-MMU-159236|Reactome:R-MMU-72163|Reactome:R-MMU-72165|Reactome:R-MMU-72187|Reactome:R-MMU-72203|Reactome:R-MMU-73856|Reactome:R-MMU-77595|Reactome:R-MMU-9013422|Reactome:R-MMU-9770562|Reactome:R-MMU-983168|Reactome:R-MMU-9930044|Reactome:R-RNO-159231|Reactome:R-RNO-72165|Reactome:R-RNO-73856|Reactome:R-RNO-77595|Reactome:R-RNO-9770562|Reactome:R-SCE-983168|Reactome:R-SPO-9770562|Reactome:R-SPO-983168|Reactome:R-XTR-77595|Reactome:R-XTR-9770562
VMV	6d317db67ee0bb96484ddf78f9efb351	435	Gene3D	G3DSA:4.10.60.10	-	383	435	1.8E-12	T	13-08-2026	-	-	-	-
VMV	6d317db67ee0bb96484ddf78f9efb351	435	Pfam	PF00098	Zinc knuckle	408	424	1.3	T	13-08-2026	IPR001878	Zinc finger, CCHC-type	GO:0003676(InterPro)|GO:0008270(InterPro)	Reactome:R-BTA-159231|Reactome:R-BTA-159236|Reactome:R-BTA-72163|Reactome:R-BTA-72165|Reactome:R-BTA-72203|Reactome:R-BTA-73856|Reactome:R-BTA-77595|Reactome:R-BTA-9770562|Reactome:R-CEL-159236|Reactome:R-CEL-72163|Reactome:R-CEL-73856|Reactome:R-DME-159231|Reactome:R-DME-159236|Reactome:R-DME-1834941|Reactome:R-DME-72163|Reactome:R-DME-72165|Reactome:R-DME-72203|Reactome:R-DME-73856|Reactome:R-DME-77595|Reactome:R-DME-8941326|Reactome:R-DME-9770562|Reactome:R-DME-9930044|Reactome:R-DRE-72165|Reactome:R-HSA-1169408|Reactome:R-HSA-159231|Reactome:R-HSA-159236|Reactome:R-HSA-162585|Reactome:R-HSA-162588|Reactome:R-HSA-162592|Reactome:R-HSA-162594|Reactome:R-HSA-164516|Reactome:R-HSA-164525|Reactome:R-HSA-164843|Reactome:R-HSA-168315|Reactome:R-HSA-173107|Reactome:R-HSA-174490|Reactome:R-HSA-174495|Reactome:R-HSA-175474|Reactome:R-HSA-175567|Reactome:R-HSA-177539|Reactome:R-HSA-180689|Reactome:R-HSA-180910|Reactome:R-HSA-429947|Reactome:R-HSA-452723|Reactome:R-HSA-6784531|Reactome:R-HSA-72163|Reactome:R-HSA-72165|Reactome:R-HSA-72187|Reactome:R-HSA-72203|Reactome:R-HSA-73856|Reactome:R-HSA-77595|Reactome:R-HSA-9013422|Reactome:R-HSA-9682706|Reactome:R-HSA-9694686|Reactome:R-HSA-9705671|Reactome:R-HSA-9770562|Reactome:R-HSA-9819196|Reactome:R-HSA-9820865|Reactome:R-HSA-983168|Reactome:R-HSA-9843970|Reactome:R-HSA-9918481|Reactome:R-HSA-9930044|Reactome:R-HSA-9931510|Reactome:R-MMU-159231|Reactome:R-MMU-159236|Reactome:R-MMU-72163|Reactome:R-MMU-72165|Reactome:R-MMU-72187|Reactome:R-MMU-72203|Reactome:R-MMU-73856|Reactome:R-MMU-77595|Reactome:R-MMU-9013422|Reactome:R-MMU-9770562|Reactome:R-MMU-983168|Reactome:R-MMU-9930044|Reactome:R-RNO-159231|Reactome:R-RNO-72165|Reactome:R-RNO-73856|Reactome:R-RNO-77595|Reactome:R-RNO-9770562|Reactome:R-SCE-983168|Reactome:R-SPO-9770562|Reactome:R-SPO-983168|Reactome:R-XTR-77595|Reactome:R-XTR-9770562
VMV	6d317db67ee0bb96484ddf78f9efb351	435	Pfam	PF00098	Zinc knuckle	388	405	5.2E-4	T	13-08-2026	IPR001878	Zinc finger, CCHC-type	GO:0003676(InterPro)|GO:0008270(InterPro)	Reactome:R-BTA-159231|Reactome:R-BTA-159236|Reactome:R-BTA-72163|Reactome:R-BTA-72165|Reactome:R-BTA-72203|Reactome:R-BTA-73856|Reactome:R-BTA-77595|Reactome:R-BTA-9770562|Reactome:R-CEL-159236|Reactome:R-CEL-72163|Reactome:R-CEL-73856|Reactome:R-DME-159231|Reactome:R-DME-159236|Reactome:R-DME-1834941|Reactome:R-DME-72163|Reactome:R-DME-72165|Reactome:R-DME-72203|Reactome:R-DME-73856|Reactome:R-DME-77595|Reactome:R-DME-8941326|Reactome:R-DME-9770562|Reactome:R-DME-9930044|Reactome:R-DRE-72165|Reactome:R-HSA-1169408|Reactome:R-HSA-159231|Reactome:R-HSA-159236|Reactome:R-HSA-162585|Reactome:R-HSA-162588|Reactome:R-HSA-162592|Reactome:R-HSA-162594|Reactome:R-HSA-164516|Reactome:R-HSA-164525|Reactome:R-HSA-164843|Reactome:R-HSA-168315|Reactome:R-HSA-173107|Reactome:R-HSA-174490|Reactome:R-HSA-174495|Reactome:R-HSA-175474|Reactome:R-HSA-175567|Reactome:R-HSA-177539|Reactome:R-HSA-180689|Reactome:R-HSA-180910|Reactome:R-HSA-429947|Reactome:R-HSA-452723|Reactome:R-HSA-6784531|Reactome:R-HSA-72163|Reactome:R-HSA-72165|Reactome:R-HSA-72187|Reactome:R-HSA-72203|Reactome:R-HSA-73856|Reactome:R-HSA-77595|Reactome:R-HSA-9013422|Reactome:R-HSA-9682706|Reactome:R-HSA-9694686|Reactome:R-HSA-9705671|Reactome:R-HSA-9770562|Reactome:R-HSA-9819196|Reactome:R-HSA-9820865|Reactome:R-HSA-983168|Reactome:R-HSA-9843970|Reactome:R-HSA-9918481|Reactome:R-HSA-9930044|Reactome:R-HSA-9931510|Reactome:R-MMU-159231|Reactome:R-MMU-159236|Reactome:R-MMU-72163|Reactome:R-MMU-72165|Reactome:R-MMU-72187|Reactome:R-MMU-72203|Reactome:R-MMU-73856|Reactome:R-MMU-77595|Reactome:R-MMU-9013422|Reactome:R-MMU-9770562|Reactome:R-MMU-983168|Reactome:R-MMU-9930044|Reactome:R-RNO-159231|Reactome:R-RNO-72165|Reactome:R-RNO-73856|Reactome:R-RNO-77595|Reactome:R-RNO-9770562|Reactome:R-SCE-983168|Reactome:R-SPO-9770562|Reactome:R-SPO-983168|Reactome:R-XTR-77595|Reactome:R-XTR-9770562
HIV-1	e0678d1638552b7f56085fd2deaad962	436	ProSiteProfiles	PS50158	Zinc finger CCHC-type profile.	388	403	10.95486	T	13-08-2026	IPR001878	Zinc finger, CCHC-type	GO:0003676(InterPro)|GO:0008270(InterPro)	Reactome:R-BTA-159231|Reactome:R-BTA-159236|Reactome:R-BTA-72163|Reactome:R-BTA-72165|Reactome:R-BTA-72203|Reactome:R-BTA-73856|Reactome:R-BTA-77595|Reactome:R-BTA-9770562|Reactome:R-CEL-159236|Reactome:R-CEL-72163|Reactome:R-CEL-73856|Reactome:R-DME-159231|Reactome:R-DME-159236|Reactome:R-DME-1834941|Reactome:R-DME-72163|Reactome:R-DME-72165|Reactome:R-DME-72203|Reactome:R-DME-73856|Reactome:R-DME-77595|Reactome:R-DME-8941326|Reactome:R-DME-9770562|Reactome:R-DME-9930044|Reactome:R-DRE-72165|Reactome:R-HSA-1169408|Reactome:R-HSA-159231|Reactome:R-HSA-159236|Reactome:R-HSA-162585|Reactome:R-HSA-162588|Reactome:R-HSA-162592|Reactome:R-HSA-162594|Reactome:R-HSA-164516|Reactome:R-HSA-164525|Reactome:R-HSA-164843|Reactome:R-HSA-168315|Reactome:R-HSA-173107|Reactome:R-HSA-174490|Reactome:R-HSA-174495|Reactome:R-HSA-175474|Reactome:R-HSA-175567|Reactome:R-HSA-177539|Reactome:R-HSA-180689|Reactome:R-HSA-180910|Reactome:R-HSA-429947|Reactome:R-HSA-452723|Reactome:R-HSA-6784531|Reactome:R-HSA-72163|Reactome:R-HSA-72165|Reactome:R-HSA-72187|Reactome:R-HSA-72203|Reactome:R-HSA-73856|Reactome:R-HSA-77595|Reactome:R-HSA-9013422|Reactome:R-HSA-9682706|Reactome:R-HSA-9694686|Reactome:R-HSA-9705671|Reactome:R-HSA-9770562|Reactome:R-HSA-9819196|Reactome:R-HSA-9820865|Reactome:R-HSA-983168|Reactome:R-HSA-9843970|Reactome:R-HSA-9918481|Reactome:R-HSA-9930044|Reactome:R-HSA-9931510|Reactome:R-MMU-159231|Reactome:R-MMU-159236|Reactome:R-MMU-72163|Reactome:R-MMU-72165|Reactome:R-MMU-72187|Reactome:R-MMU-72203|Reactome:R-MMU-73856|Reactome:R-MMU-77595|Reactome:R-MMU-9013422|Reactome:R-MMU-9770562|Reactome:R-MMU-983168|Reactome:R-MMU-9930044|Reactome:R-RNO-159231|Reactome:R-RNO-72165|Reactome:R-RNO-73856|Reactome:R-RNO-77595|Reactome:R-RNO-9770562|Reactome:R-SCE-983168|Reactome:R-SPO-9770562|Reactome:R-SPO-983168|Reactome:R-XTR-77595|Reactome:R-XTR-9770562
HIV-1	e0678d1638552b7f56085fd2deaad962	436	SUPERFAMILY	SSF47943	Retrovirus capsid protein, N-terminal core domain	130	288	1.29E-80	T	13-08-2026	IPR008919	Retrovirus capsid, N-terminal	GO:0016032(InterPro)	Reactome:R-HSA-1169408|Reactome:R-HSA-162585|Reactome:R-HSA-162588|Reactome:R-HSA-162592|Reactome:R-HSA-162594|Reactome:R-HSA-164516|Reactome:R-HSA-164525|Reactome:R-HSA-164843|Reactome:R-HSA-173107|Reactome:R-HSA-174490|Reactome:R-HSA-174495|Reactome:R-HSA-175474|Reactome:R-HSA-175567|Reactome:R-HSA-177539|Reactome:R-HSA-180689|Reactome:R-HSA-180910
HIV-1	e0678d1638552b7f56085fd2deaad962	436	SUPERFAMILY	SSF57756	Retrovirus zinc finger-like domains	382	427	2.44E-16	T	13-08-2026	IPR036875	Zinc finger, CCHC-type superfamily	GO:0003676(InterPro)|GO:0008270(InterPro)	Reactome:R-BTA-159231|Reactome:R-BTA-159236|Reactome:R-BTA-72163|Reactome:R-BTA-72165|Reactome:R-BTA-72203|Reactome:R-BTA-73856|Reactome:R-BTA-77595|Reactome:R-BTA-9770562|Reactome:R-CEL-159236|Reactome:R-CEL-72163|Reactome:R-CEL-73856|Reactome:R-DME-159231|Reactome:R-DME-159236|Reactome:R-DME-1834941|Reactome:R-DME-72163|Reactome:R-DME-72165|Reactome:R-DME-72203|Reactome:R-DME-73856|Reactome:R-DME-77595|Reactome:R-DME-9770562|Reactome:R-DRE-72165|Reactome:R-HSA-1169408|Reactome:R-HSA-159231|Reactome:R-HSA-159236|Reactome:R-HSA-162585|Reactome:R-HSA-162588|Reactome:R-HSA-162592|Reactome:R-HSA-162594|Reactome:R-HSA-164516|Reactome:R-HSA-164525|Reactome:R-HSA-164843|Reactome:R-HSA-168315|Reactome:R-HSA-173107|Reactome:R-HSA-174490|Reactome:R-HSA-174495|Reactome:R-HSA-175474|Reactome:R-HSA-175567|Reactome:R-HSA-177539|Reactome:R-HSA-180689|Reactome:R-HSA-180910|Reactome:R-HSA-429947|Reactome:R-HSA-452723|Reactome:R-HSA-6784531|Reactome:R-HSA-72163|Reactome:R-HSA-72165|Reactome:R-HSA-72187|Reactome:R-HSA-72203|Reactome:R-HSA-73856|Reactome:R-HSA-77595|Reactome:R-HSA-9013422|Reactome:R-HSA-9682706|Reactome:R-HSA-9694686|Reactome:R-HSA-9705671|Reactome:R-HSA-9770562|Reactome:R-HSA-9819196|Reactome:R-HSA-9820865|Reactome:R-HSA-983168|Reactome:R-HSA-9918481|Reactome:R-HSA-9930044|Reactome:R-MMU-159231|Reactome:R-MMU-159236|Reactome:R-MMU-72163|Reactome:R-MMU-72165|Reactome:R-MMU-72187|Reactome:R-MMU-72203|Reactome:R-MMU-73856|Reactome:R-MMU-77595|Reactome:R-MMU-9013422|Reactome:R-MMU-9770562|Reactome:R-MMU-983168|Reactome:R-RNO-159231|Reactome:R-RNO-72165|Reactome:R-RNO-73856|Reactome:R-RNO-77595|Reactome:R-RNO-9770562|Reactome:R-SCE-983168|Reactome:R-SPO-9770562|Reactome:R-SPO-983168|Reactome:R-XTR-77595|Reactome:R-XTR-9770562
HIV-1	e0678d1638552b7f56085fd2deaad962	436	Gene3D	G3DSA:1.20.5.760	Single helix bin	347	386	9.2E-30	T	13-08-2026	-	-	-	-
HIV-1	e0678d1638552b7f56085fd2deaad962	436	Gene3D	G3DSA:4.10.60.10	-	387	429	1.4E-17	T	13-08-2026	-	-	-	-
HIV-1	e0678d1638552b7f56085fd2deaad962	436	PRINTS	PR00234	HIV-1 matrix protein signature	21	39	1.6E-46	T	13-08-2026	IPR000071	Immunodeficiency lentiviral matrix, N-terminal	GO:0005198(InterPro)	Reactome:R-HSA-1169408|Reactome:R-HSA-162585|Reactome:R-HSA-162588|Reactome:R-HSA-162592|Reactome:R-HSA-162594|Reactome:R-HSA-164516|Reactome:R-HSA-164525|Reactome:R-HSA-164843|Reactome:R-HSA-173107|Reactome:R-HSA-174490|Reactome:R-HSA-174495|Reactome:R-HSA-175474|Reactome:R-HSA-175567|Reactome:R-HSA-177539|Reactome:R-HSA-180689|Reactome:R-HSA-180910
HIV-1	e0678d1638552b7f56085fd2deaad962	436	PRINTS	PR00234	HIV-1 matrix protein signature	3	19	1.6E-46	T	13-08-2026	IPR000071	Immunodeficiency lentiviral matrix, N-terminal	GO:0005198(InterPro)	Reactome:R-HSA-1169408|Reactome:R-HSA-162585|Reactome:R-HSA-162588|Reactome:R-HSA-162592|Reactome:R-HSA-162594|Reactome:R-HSA-164516|Reactome:R-HSA-164525|Reactome:R-HSA-164843|Reactome:R-HSA-173107|Reactome:R-HSA-174490|Reactome:R-HSA-174495|Reactome:R-HSA-175474|Reactome:R-HSA-175567|Reactome:R-HSA-177539|Reactome:R-HSA-180689|Reactome:R-HSA-180910
HIV-1	e0678d1638552b7f56085fd2deaad962	436	PRINTS	PR00234	HIV-1 matrix protein signature	88	101	1.6E-46	T	13-08-2026	IPR000071	Immunodeficiency lentiviral matrix, N-terminal	GO:0005198(InterPro)	Reactome:R-HSA-1169408|Reactome:R-HSA-162585|Reactome:R-HSA-162588|Reactome:R-HSA-162592|Reactome:R-HSA-162594|Reactome:R-HSA-164516|Reactome:R-HSA-164525|Reactome:R-HSA-164843|Reactome:R-HSA-173107|Reactome:R-HSA-174490|Reactome:R-HSA-174495|Reactome:R-HSA-175474|Reactome:R-HSA-175567|Reactome:R-HSA-177539|Reactome:R-HSA-180689|Reactome:R-HSA-180910
HIV-1	e0678d1638552b7f56085fd2deaad962	436	PRINTS	PR00234	HIV-1 matrix protein signature	69	88	1.6E-46	T	13-08-2026	IPR000071	Immunodeficiency lentiviral matrix, N-terminal	GO:0005198(InterPro)	Reactome:R-HSA-1169408|Reactome:R-HSA-162585|Reactome:R-HSA-162588|Reactome:R-HSA-162592|Reactome:R-HSA-162594|Reactome:R-HSA-164516|Reactome:R-HSA-164525|Reactome:R-HSA-164843|Reactome:R-HSA-173107|Reactome:R-HSA-174490|Reactome:R-HSA-174495|Reactome:R-HSA-175474|Reactome:R-HSA-175567|Reactome:R-HSA-177539|Reactome:R-HSA-180689|Reactome:R-HSA-180910
HIV-1	e0678d1638552b7f56085fd2deaad962	436	PRINTS	PR00234	HIV-1 matrix protein signature	41	56	1.6E-46	T	13-08-2026	IPR000071	Immunodeficiency lentiviral matrix, N-terminal	GO:0005198(InterPro)	Reactome:R-HSA-1169408|Reactome:R-HSA-162585|Reactome:R-HSA-162588|Reactome:R-HSA-162592|Reactome:R-HSA-162594|Reactome:R-HSA-164516|Reactome:R-HSA-164525|Reactome:R-HSA-164843|Reactome:R-HSA-173107|Reactome:R-HSA-174490|Reactome:R-HSA-174495|Reactome:R-HSA-175474|Reactome:R-HSA-175567|Reactome:R-HSA-177539|Reactome:R-HSA-180689|Reactome:R-HSA-180910
HIV-1	e0678d1638552b7f56085fd2deaad962	436	FunFam	G3DSA:1.10.1200.30:FF:000001	Gag polyprotein	274	346	2.8E-50	T	13-08-2026	-	-	-	-
HIV-1	e0678d1638552b7f56085fd2deaad962	436	FunFam	G3DSA:4.10.60.10:FF:000001	Gag polyprotein	387	429	3.0E-29	T	13-08-2026	-	-	-	-
HIV-1	e0678d1638552b7f56085fd2deaad962	436	SUPERFAMILY	SSF47353	Retrovirus capsid dimerization domain-like	279	361	1.78E-33	T	13-08-2026	-	-	-	-
HIV-1	e0678d1638552b7f56085fd2deaad962	436	Coils	Coil	Coil	93	116	-	T	13-08-2026	-	-	-	-
HIV-1	e0678d1638552b7f56085fd2deaad962	436	Gene3D	G3DSA:1.10.1200.30	-	274	346	5.1E-42	T	13-08-2026	IPR008916	Retrovirus capsid, C-terminal	-	Reactome:R-HSA-1169408|Reactome:R-HSA-162585|Reactome:R-HSA-162588|Reactome:R-HSA-162592|Reactome:R-HSA-162594|Reactome:R-HSA-164516|Reactome:R-HSA-164525|Reactome:R-HSA-164843|Reactome:R-HSA-173107|Reactome:R-HSA-174490|Reactome:R-HSA-174495|Reactome:R-HSA-175474|Reactome:R-HSA-175567|Reactome:R-HSA-177539|Reactome:R-HSA-180689|Reactome:R-HSA-180910
HIV-1	e0678d1638552b7f56085fd2deaad962	436	PANTHER	PTHR40389	ENDOGENOUS RETROVIRUS GROUP K MEMBER 24 GAG POLYPROTEIN-RELATED	278	428	3.6E-33	T	13-08-2026	IPR050195	Primate lentivirus group Gag polyprotein-like	-	Reactome:R-HSA-1169408|Reactome:R-HSA-162585|Reactome:R-HSA-162588|Reactome:R-HSA-162592|Reactome:R-HSA-162594|Reactome:R-HSA-164516|Reactome:R-HSA-164525|Reactome:R-HSA-164843|Reactome:R-HSA-173107|Reactome:R-HSA-174490|Reactome:R-HSA-174495|Reactome:R-HSA-175474|Reactome:R-HSA-175567|Reactome:R-HSA-177539|Reactome:R-HSA-180689|Reactome:R-HSA-180910
HIV-1	e0678d1638552b7f56085fd2deaad962	436	Gene3D	G3DSA:1.10.375.10	Human Immunodeficiency Virus Type 1 Capsid Protein	132	273	1.0E-90	T	13-08-2026	IPR008919	Retrovirus capsid, N-terminal	GO:0016032(InterPro)	Reactome:R-HSA-1169408|Reactome:R-HSA-162585|Reactome:R-HSA-162588|Reactome:R-HSA-162592|Reactome:R-HSA-162594|Reactome:R-HSA-164516|Reactome:R-HSA-164525|Reactome:R-HSA-164843|Reactome:R-HSA-173107|Reactome:R-HSA-174490|Reactome:R-HSA-174495|Reactome:R-HSA-175474|Reactome:R-HSA-175567|Reactome:R-HSA-177539|Reactome:R-HSA-180689|Reactome:R-HSA-180910
HIV-1	e0678d1638552b7f56085fd2deaad962	436	Pfam	PF00540	gag gene protein p17 (matrix protein)	1	131	3.1E-59	T	13-08-2026	IPR000071	Immunodeficiency lentiviral matrix, N-terminal	GO:0005198(InterPro)	Reactome:R-HSA-1169408|Reactome:R-HSA-162585|Reactome:R-HSA-162588|Reactome:R-HSA-162592|Reactome:R-HSA-162594|Reactome:R-HSA-164516|Reactome:R-HSA-164525|Reactome:R-HSA-164843|Reactome:R-HSA-173107|Reactome:R-HSA-174490|Reactome:R-HSA-174495|Reactome:R-HSA-175474|Reactome:R-HSA-175567|Reactome:R-HSA-177539|Reactome:R-HSA-180689|Reactome:R-HSA-180910
HIV-1	e0678d1638552b7f56085fd2deaad962	436	Pfam	PF19317	Gag protein p24 C-terminal domain	276	348	6.3E-28	T	13-08-2026	IPR045345	Retroviral nucleocapsid Gag protein p24, C-terminal domain	-	Reactome:R-HSA-1169408|Reactome:R-HSA-162585|Reactome:R-HSA-162588|Reactome:R-HSA-162592|Reactome:R-HSA-162594|Reactome:R-HSA-164516|Reactome:R-HSA-164525|Reactome:R-HSA-164843|Reactome:R-HSA-173107|Reactome:R-HSA-174490|Reactome:R-HSA-174495|Reactome:R-HSA-175474|Reactome:R-HSA-175567|Reactome:R-HSA-177539|Reactome:R-HSA-180689|Reactome:R-HSA-180910
HIV-1	e0678d1638552b7f56085fd2deaad962	436	FunFam	G3DSA:1.10.375.10:FF:000001	Gag polyprotein	132	273	2.5E-92	T	13-08-2026	-	-	-	-
HIV-1	e0678d1638552b7f56085fd2deaad962	436	Pfam	PF00607	gag protein p24 N-terminal domain	142	249	8.0E-9	T	13-08-2026	-	-	-	-
HIV-1	e0678d1638552b7f56085fd2deaad962	436	Pfam	PF00098	Zinc knuckle	387	403	0.0034	T	13-08-2026	IPR001878	Zinc finger, CCHC-type	GO:0003676(InterPro)|GO:0008270(InterPro)	Reactome:R-BTA-159231|Reactome:R-BTA-159236|Reactome:R-BTA-72163|Reactome:R-BTA-72165|Reactome:R-BTA-72203|Reactome:R-BTA-73856|Reactome:R-BTA-77595|Reactome:R-BTA-9770562|Reactome:R-CEL-159236|Reactome:R-CEL-72163|Reactome:R-CEL-73856|Reactome:R-DME-159231|Reactome:R-DME-159236|Reactome:R-DME-1834941|Reactome:R-DME-72163|Reactome:R-DME-72165|Reactome:R-DME-72203|Reactome:R-DME-73856|Reactome:R-DME-77595|Reactome:R-DME-8941326|Reactome:R-DME-9770562|Reactome:R-DME-9930044|Reactome:R-DRE-72165|Reactome:R-HSA-1169408|Reactome:R-HSA-159231|Reactome:R-HSA-159236|Reactome:R-HSA-162585|Reactome:R-HSA-162588|Reactome:R-HSA-162592|Reactome:R-HSA-162594|Reactome:R-HSA-164516|Reactome:R-HSA-164525|Reactome:R-HSA-164843|Reactome:R-HSA-168315|Reactome:R-HSA-173107|Reactome:R-HSA-174490|Reactome:R-HSA-174495|Reactome:R-HSA-175474|Reactome:R-HSA-175567|Reactome:R-HSA-177539|Reactome:R-HSA-180689|Reactome:R-HSA-180910|Reactome:R-HSA-429947|Reactome:R-HSA-452723|Reactome:R-HSA-6784531|Reactome:R-HSA-72163|Reactome:R-HSA-72165|Reactome:R-HSA-72187|Reactome:R-HSA-72203|Reactome:R-HSA-73856|Reactome:R-HSA-77595|Reactome:R-HSA-9013422|Reactome:R-HSA-9682706|Reactome:R-HSA-9694686|Reactome:R-HSA-9705671|Reactome:R-HSA-9770562|Reactome:R-HSA-9819196|Reactome:R-HSA-9820865|Reactome:R-HSA-983168|Reactome:R-HSA-9843970|Reactome:R-HSA-9918481|Reactome:R-HSA-9930044|Reactome:R-HSA-9931510|Reactome:R-MMU-159231|Reactome:R-MMU-159236|Reactome:R-MMU-72163|Reactome:R-MMU-72165|Reactome:R-MMU-72187|Reactome:R-MMU-72203|Reactome:R-MMU-73856|Reactome:R-MMU-77595|Reactome:R-MMU-9013422|Reactome:R-MMU-9770562|Reactome:R-MMU-983168|Reactome:R-MMU-9930044|Reactome:R-RNO-159231|Reactome:R-RNO-72165|Reactome:R-RNO-73856|Reactome:R-RNO-77595|Reactome:R-RNO-9770562|Reactome:R-SCE-983168|Reactome:R-SPO-9770562|Reactome:R-SPO-983168|Reactome:R-XTR-77595|Reactome:R-XTR-9770562
HIV-1	e0678d1638552b7f56085fd2deaad962	436	Pfam	PF00098	Zinc knuckle	409	425	0.08	T	13-08-2026	IPR001878	Zinc finger, CCHC-type	GO:0003676(InterPro)|GO:0008270(InterPro)	Reactome:R-BTA-159231|Reactome:R-BTA-159236|Reactome:R-BTA-72163|Reactome:R-BTA-72165|Reactome:R-BTA-72203|Reactome:R-BTA-73856|Reactome:R-BTA-77595|Reactome:R-BTA-9770562|Reactome:R-CEL-159236|Reactome:R-CEL-72163|Reactome:R-CEL-73856|Reactome:R-DME-159231|Reactome:R-DME-159236|Reactome:R-DME-1834941|Reactome:R-DME-72163|Reactome:R-DME-72165|Reactome:R-DME-72203|Reactome:R-DME-73856|Reactome:R-DME-77595|Reactome:R-DME-8941326|Reactome:R-DME-9770562|Reactome:R-DME-9930044|Reactome:R-DRE-72165|Reactome:R-HSA-1169408|Reactome:R-HSA-159231|Reactome:R-HSA-159236|Reactome:R-HSA-162585|Reactome:R-HSA-162588|Reactome:R-HSA-162592|Reactome:R-HSA-162594|Reactome:R-HSA-164516|Reactome:R-HSA-164525|Reactome:R-HSA-164843|Reactome:R-HSA-168315|Reactome:R-HSA-173107|Reactome:R-HSA-174490|Reactome:R-HSA-174495|Reactome:R-HSA-175474|Reactome:R-HSA-175567|Reactome:R-HSA-177539|Reactome:R-HSA-180689|Reactome:R-HSA-180910|Reactome:R-HSA-429947|Reactome:R-HSA-452723|Reactome:R-HSA-6784531|Reactome:R-HSA-72163|Reactome:R-HSA-72165|Reactome:R-HSA-72187|Reactome:R-HSA-72203|Reactome:R-HSA-73856|Reactome:R-HSA-77595|Reactome:R-HSA-9013422|Reactome:R-HSA-9682706|Reactome:R-HSA-9694686|Reactome:R-HSA-9705671|Reactome:R-HSA-9770562|Reactome:R-HSA-9819196|Reactome:R-HSA-9820865|Reactome:R-HSA-983168|Reactome:R-HSA-9843970|Reactome:R-HSA-9918481|Reactome:R-HSA-9930044|Reactome:R-HSA-9931510|Reactome:R-MMU-159231|Reactome:R-MMU-159236|Reactome:R-MMU-72163|Reactome:R-MMU-72165|Reactome:R-MMU-72187|Reactome:R-MMU-72203|Reactome:R-MMU-73856|Reactome:R-MMU-77595|Reactome:R-MMU-9013422|Reactome:R-MMU-9770562|Reactome:R-MMU-983168|Reactome:R-MMU-9930044|Reactome:R-RNO-159231|Reactome:R-RNO-72165|Reactome:R-RNO-73856|Reactome:R-RNO-77595|Reactome:R-RNO-9770562|Reactome:R-SCE-983168|Reactome:R-SPO-9770562|Reactome:R-SPO-983168|Reactome:R-XTR-77595|Reactome:R-XTR-9770562
HIV-1	e0678d1638552b7f56085fd2deaad962	436	SUPERFAMILY	SSF47836	Retroviral matrix proteins	1	135	1.1E-63	T	13-08-2026	IPR010999	Retroviral matrix protein	-	Reactome:R-HSA-1169408|Reactome:R-HSA-162585|Reactome:R-HSA-162588|Reactome:R-HSA-162592|Reactome:R-HSA-162594|Reactome:R-HSA-164516|Reactome:R-HSA-164525|Reactome:R-HSA-164843|Reactome:R-HSA-173107|Reactome:R-HSA-174490|Reactome:R-HSA-174495|Reactome:R-HSA-175474|Reactome:R-HSA-175567|Reactome:R-HSA-177539|Reactome:R-HSA-180689|Reactome:R-HSA-180910|Reactome:R-HSA-198933
HIV-1	e0678d1638552b7f56085fd2deaad962	436	ProSiteProfiles	PS50158	Zinc finger CCHC-type profile.	410	425	10.608721	T	13-08-2026	IPR001878	Zinc finger, CCHC-type	GO:0003676(InterPro)|GO:0008270(InterPro)	Reactome:R-BTA-159231|Reactome:R-BTA-159236|Reactome:R-BTA-72163|Reactome:R-BTA-72165|Reactome:R-BTA-72203|Reactome:R-BTA-73856|Reactome:R-BTA-77595|Reactome:R-BTA-9770562|Reactome:R-CEL-159236|Reactome:R-CEL-72163|Reactome:R-CEL-73856|Reactome:R-DME-159231|Reactome:R-DME-159236|Reactome:R-DME-1834941|Reactome:R-DME-72163|Reactome:R-DME-72165|Reactome:R-DME-72203|Reactome:R-DME-73856|Reactome:R-DME-77595|Reactome:R-DME-8941326|Reactome:R-DME-9770562|Reactome:R-DME-9930044|Reactome:R-DRE-72165|Reactome:R-HSA-1169408|Reactome:R-HSA-159231|Reactome:R-HSA-159236|Reactome:R-HSA-162585|Reactome:R-HSA-162588|Reactome:R-HSA-162592|Reactome:R-HSA-162594|Reactome:R-HSA-164516|Reactome:R-HSA-164525|Reactome:R-HSA-164843|Reactome:R-HSA-168315|Reactome:R-HSA-173107|Reactome:R-HSA-174490|Reactome:R-HSA-174495|Reactome:R-HSA-175474|Reactome:R-HSA-175567|Reactome:R-HSA-177539|Reactome:R-HSA-180689|Reactome:R-HSA-180910|Reactome:R-HSA-429947|Reactome:R-HSA-452723|Reactome:R-HSA-6784531|Reactome:R-HSA-72163|Reactome:R-HSA-72165|Reactome:R-HSA-72187|Reactome:R-HSA-72203|Reactome:R-HSA-73856|Reactome:R-HSA-77595|Reactome:R-HSA-9013422|Reactome:R-HSA-9682706|Reactome:R-HSA-9694686|Reactome:R-HSA-9705671|Reactome:R-HSA-9770562|Reactome:R-HSA-9819196|Reactome:R-HSA-9820865|Reactome:R-HSA-983168|Reactome:R-HSA-9843970|Reactome:R-HSA-9918481|Reactome:R-HSA-9930044|Reactome:R-HSA-9931510|Reactome:R-MMU-159231|Reactome:R-MMU-159236|Reactome:R-MMU-72163|Reactome:R-MMU-72165|Reactome:R-MMU-72187|Reactome:R-MMU-72203|Reactome:R-MMU-73856|Reactome:R-MMU-77595|Reactome:R-MMU-9013422|Reactome:R-MMU-9770562|Reactome:R-MMU-983168|Reactome:R-MMU-9930044|Reactome:R-RNO-159231|Reactome:R-RNO-72165|Reactome:R-RNO-73856|Reactome:R-RNO-77595|Reactome:R-RNO-9770562|Reactome:R-SCE-983168|Reactome:R-SPO-9770562|Reactome:R-SPO-983168|Reactome:R-XTR-77595|Reactome:R-XTR-9770562
HIV-1	e0678d1638552b7f56085fd2deaad962	436	SMART	SM00343	c2hcfinal6	409	425	8.6E-5	T	13-08-2026	IPR001878	Zinc finger, CCHC-type	GO:0003676(InterPro)|GO:0008270(InterPro)	Reactome:R-BTA-159231|Reactome:R-BTA-159236|Reactome:R-BTA-72163|Reactome:R-BTA-72165|Reactome:R-BTA-72203|Reactome:R-BTA-73856|Reactome:R-BTA-77595|Reactome:R-BTA-9770562|Reactome:R-CEL-159236|Reactome:R-CEL-72163|Reactome:R-CEL-73856|Reactome:R-DME-159231|Reactome:R-DME-159236|Reactome:R-DME-1834941|Reactome:R-DME-72163|Reactome:R-DME-72165|Reactome:R-DME-72203|Reactome:R-DME-73856|Reactome:R-DME-77595|Reactome:R-DME-8941326|Reactome:R-DME-9770562|Reactome:R-DME-9930044|Reactome:R-DRE-72165|Reactome:R-HSA-1169408|Reactome:R-HSA-159231|Reactome:R-HSA-159236|Reactome:R-HSA-162585|Reactome:R-HSA-162588|Reactome:R-HSA-162592|Reactome:R-HSA-162594|Reactome:R-HSA-164516|Reactome:R-HSA-164525|Reactome:R-HSA-164843|Reactome:R-HSA-168315|Reactome:R-HSA-173107|Reactome:R-HSA-174490|Reactome:R-HSA-174495|Reactome:R-HSA-175474|Reactome:R-HSA-175567|Reactome:R-HSA-177539|Reactome:R-HSA-180689|Reactome:R-HSA-180910|Reactome:R-HSA-429947|Reactome:R-HSA-452723|Reactome:R-HSA-6784531|Reactome:R-HSA-72163|Reactome:R-HSA-72165|Reactome:R-HSA-72187|Reactome:R-HSA-72203|Reactome:R-HSA-73856|Reactome:R-HSA-77595|Reactome:R-HSA-9013422|Reactome:R-HSA-9682706|Reactome:R-HSA-9694686|Reactome:R-HSA-9705671|Reactome:R-HSA-9770562|Reactome:R-HSA-9819196|Reactome:R-HSA-9820865|Reactome:R-HSA-983168|Reactome:R-HSA-9843970|Reactome:R-HSA-9918481|Reactome:R-HSA-9930044|Reactome:R-HSA-9931510|Reactome:R-MMU-159231|Reactome:R-MMU-159236|Reactome:R-MMU-72163|Reactome:R-MMU-72165|Reactome:R-MMU-72187|Reactome:R-MMU-72203|Reactome:R-MMU-73856|Reactome:R-MMU-77595|Reactome:R-MMU-9013422|Reactome:R-MMU-9770562|Reactome:R-MMU-983168|Reactome:R-MMU-9930044|Reactome:R-RNO-159231|Reactome:R-RNO-72165|Reactome:R-RNO-73856|Reactome:R-RNO-77595|Reactome:R-RNO-9770562|Reactome:R-SCE-983168|Reactome:R-SPO-9770562|Reactome:R-SPO-983168|Reactome:R-XTR-77595|Reactome:R-XTR-9770562
HIV-1	e0678d1638552b7f56085fd2deaad962	436	SMART	SM00343	c2hcfinal6	388	404	4.3E-5	T	13-08-2026	IPR001878	Zinc finger, CCHC-type	GO:0003676(InterPro)|GO:0008270(InterPro)	Reactome:R-BTA-159231|Reactome:R-BTA-159236|Reactome:R-BTA-72163|Reactome:R-BTA-72165|Reactome:R-BTA-72203|Reactome:R-BTA-73856|Reactome:R-BTA-77595|Reactome:R-BTA-9770562|Reactome:R-CEL-159236|Reactome:R-CEL-72163|Reactome:R-CEL-73856|Reactome:R-DME-159231|Reactome:R-DME-159236|Reactome:R-DME-1834941|Reactome:R-DME-72163|Reactome:R-DME-72165|Reactome:R-DME-72203|Reactome:R-DME-73856|Reactome:R-DME-77595|Reactome:R-DME-8941326|Reactome:R-DME-9770562|Reactome:R-DME-9930044|Reactome:R-DRE-72165|Reactome:R-HSA-1169408|Reactome:R-HSA-159231|Reactome:R-HSA-159236|Reactome:R-HSA-162585|Reactome:R-HSA-162588|Reactome:R-HSA-162592|Reactome:R-HSA-162594|Reactome:R-HSA-164516|Reactome:R-HSA-164525|Reactome:R-HSA-164843|Reactome:R-HSA-168315|Reactome:R-HSA-173107|Reactome:R-HSA-174490|Reactome:R-HSA-174495|Reactome:R-HSA-175474|Reactome:R-HSA-175567|Reactome:R-HSA-177539|Reactome:R-HSA-180689|Reactome:R-HSA-180910|Reactome:R-HSA-429947|Reactome:R-HSA-452723|Reactome:R-HSA-6784531|Reactome:R-HSA-72163|Reactome:R-HSA-72165|Reactome:R-HSA-72187|Reactome:R-HSA-72203|Reactome:R-HSA-73856|Reactome:R-HSA-77595|Reactome:R-HSA-9013422|Reactome:R-HSA-9682706|Reactome:R-HSA-9694686|Reactome:R-HSA-9705671|Reactome:R-HSA-9770562|Reactome:R-HSA-9819196|Reactome:R-HSA-9820865|Reactome:R-HSA-983168|Reactome:R-HSA-9843970|Reactome:R-HSA-9918481|Reactome:R-HSA-9930044|Reactome:R-HSA-9931510|Reactome:R-MMU-159231|Reactome:R-MMU-159236|Reactome:R-MMU-72163|Reactome:R-MMU-72165|Reactome:R-MMU-72187|Reactome:R-MMU-72203|Reactome:R-MMU-73856|Reactome:R-MMU-77595|Reactome:R-MMU-9013422|Reactome:R-MMU-9770562|Reactome:R-MMU-983168|Reactome:R-MMU-9930044|Reactome:R-RNO-159231|Reactome:R-RNO-72165|Reactome:R-RNO-73856|Reactome:R-RNO-77595|Reactome:R-RNO-9770562|Reactome:R-SCE-983168|Reactome:R-SPO-9770562|Reactome:R-SPO-983168|Reactome:R-XTR-77595|Reactome:R-XTR-9770562
HIV-1	e0678d1638552b7f56085fd2deaad962	436	MobiDBLite	mobidb-lite	consensus disorder prediction	112	122	-	T	13-08-2026	-	-	-	-
HIV-1	e0678d1638552b7f56085fd2deaad962	436	MobiDBLite	mobidb-lite	consensus disorder prediction	106	128	-	T	13-08-2026	-	-	-	-
HIV-1	e0678d1638552b7f56085fd2deaad962	436	Gene3D	G3DSA:1.10.150.90	Immunodeficiency lentiviruses, gag gene matrix protein p17	1	131	3.9E-74	T	13-08-2026	IPR012344	Matrix protein, lentiviral and alpha-retroviral, N-terminal	-	Reactome:R-HSA-1169408|Reactome:R-HSA-162585|Reactome:R-HSA-162588|Reactome:R-HSA-162592|Reactome:R-HSA-162594|Reactome:R-HSA-164516|Reactome:R-HSA-164525|Reactome:R-HSA-164843|Reactome:R-HSA-173107|Reactome:R-HSA-174490|Reactome:R-HSA-174495|Reactome:R-HSA-175474|Reactome:R-HSA-175567|Reactome:R-HSA-177539|Reactome:R-HSA-180689|Reactome:R-HSA-180910
SURL	6fce0a96c12878827f97761bdce6da3a	274	PANTHER	PTHR33198	ANK_REP_REGION DOMAIN-CONTAINING PROTEIN-RELATED	18	259	3.5E-33	T	13-08-2026	-	-	-	-
SURL	6fce0a96c12878827f97761bdce6da3a	274	MobiDBLite	mobidb-lite	consensus disorder prediction	197	235	-	T	13-08-2026	-	-	-	-
SURL	6fce0a96c12878827f97761bdce6da3a	274	MobiDBLite	mobidb-lite	consensus disorder prediction	197	209	-	T	13-08-2026	-	-	-	-
BIV	00094c85d84f6370421444027531f97b	449	PANTHER	PTHR40389	ENDOGENOUS RETROVIRUS GROUP K MEMBER 24 GAG POLYPROTEIN-RELATED	227	442	2.7E-31	T	13-08-2026	IPR050195	Primate lentivirus group Gag polyprotein-like	-	Reactome:R-HSA-1169408|Reactome:R-HSA-162585|Reactome:R-HSA-162588|Reactome:R-HSA-162592|Reactome:R-HSA-162594|Reactome:R-HSA-164516|Reactome:R-HSA-164525|Reactome:R-HSA-164843|Reactome:R-HSA-173107|Reactome:R-HSA-174490|Reactome:R-HSA-174495|Reactome:R-HSA-175474|Reactome:R-HSA-175567|Reactome:R-HSA-177539|Reactome:R-HSA-180689|Reactome:R-HSA-180910
BIV	00094c85d84f6370421444027531f97b	449	SUPERFAMILY	SSF47353	Retrovirus capsid dimerization domain-like	288	366	9.52E-25	T	13-08-2026	-	-	-	-
BIV	00094c85d84f6370421444027531f97b	449	SUPERFAMILY	SSF57756	Retrovirus zinc finger-like domains	395	439	3.14E-11	T	13-08-2026	IPR036875	Zinc finger, CCHC-type superfamily	GO:0003676(InterPro)|GO:0008270(InterPro)	Reactome:R-BTA-159231|Reactome:R-BTA-159236|Reactome:R-BTA-72163|Reactome:R-BTA-72165|Reactome:R-BTA-72203|Reactome:R-BTA-73856|Reactome:R-BTA-77595|Reactome:R-BTA-9770562|Reactome:R-CEL-159236|Reactome:R-CEL-72163|Reactome:R-CEL-73856|Reactome:R-DME-159231|Reactome:R-DME-159236|Reactome:R-DME-1834941|Reactome:R-DME-72163|Reactome:R-DME-72165|Reactome:R-DME-72203|Reactome:R-DME-73856|Reactome:R-DME-77595|Reactome:R-DME-9770562|Reactome:R-DRE-72165|Reactome:R-HSA-1169408|Reactome:R-HSA-159231|Reactome:R-HSA-159236|Reactome:R-HSA-162585|Reactome:R-HSA-162588|Reactome:R-HSA-162592|Reactome:R-HSA-162594|Reactome:R-HSA-164516|Reactome:R-HSA-164525|Reactome:R-HSA-164843|Reactome:R-HSA-168315|Reactome:R-HSA-173107|Reactome:R-HSA-174490|Reactome:R-HSA-174495|Reactome:R-HSA-175474|Reactome:R-HSA-175567|Reactome:R-HSA-177539|Reactome:R-HSA-180689|Reactome:R-HSA-180910|Reactome:R-HSA-429947|Reactome:R-HSA-452723|Reactome:R-HSA-6784531|Reactome:R-HSA-72163|Reactome:R-HSA-72165|Reactome:R-HSA-72187|Reactome:R-HSA-72203|Reactome:R-HSA-73856|Reactome:R-HSA-77595|Reactome:R-HSA-9013422|Reactome:R-HSA-9682706|Reactome:R-HSA-9694686|Reactome:R-HSA-9705671|Reactome:R-HSA-9770562|Reactome:R-HSA-9819196|Reactome:R-HSA-9820865|Reactome:R-HSA-983168|Reactome:R-HSA-9918481|Reactome:R-HSA-9930044|Reactome:R-MMU-159231|Reactome:R-MMU-159236|Reactome:R-MMU-72163|Reactome:R-MMU-72165|Reactome:R-MMU-72187|Reactome:R-MMU-72203|Reactome:R-MMU-73856|Reactome:R-MMU-77595|Reactome:R-MMU-9013422|Reactome:R-MMU-9770562|Reactome:R-MMU-983168|Reactome:R-RNO-159231|Reactome:R-RNO-72165|Reactome:R-RNO-73856|Reactome:R-RNO-77595|Reactome:R-RNO-9770562|Reactome:R-SCE-983168|Reactome:R-SPO-9770562|Reactome:R-SPO-983168|Reactome:R-XTR-77595|Reactome:R-XTR-9770562
BIV	00094c85d84f6370421444027531f97b	449	Gene3D	G3DSA:1.10.375.10	Human Immunodeficiency Virus Type 1 Capsid Protein	150	286	2.1E-19	T	13-08-2026	IPR008919	Retrovirus capsid, N-terminal	GO:0016032(InterPro)	Reactome:R-HSA-1169408|Reactome:R-HSA-162585|Reactome:R-HSA-162588|Reactome:R-HSA-162592|Reactome:R-HSA-162594|Reactome:R-HSA-164516|Reactome:R-HSA-164525|Reactome:R-HSA-164843|Reactome:R-HSA-173107|Reactome:R-HSA-174490|Reactome:R-HSA-174495|Reactome:R-HSA-175474|Reactome:R-HSA-175567|Reactome:R-HSA-177539|Reactome:R-HSA-180689|Reactome:R-HSA-180910
BIV	00094c85d84f6370421444027531f97b	449	Pfam	PF00098	Zinc knuckle	421	437	0.021	T	13-08-2026	IPR001878	Zinc finger, CCHC-type	GO:0003676(InterPro)|GO:0008270(InterPro)	Reactome:R-BTA-159231|Reactome:R-BTA-159236|Reactome:R-BTA-72163|Reactome:R-BTA-72165|Reactome:R-BTA-72203|Reactome:R-BTA-73856|Reactome:R-BTA-77595|Reactome:R-BTA-9770562|Reactome:R-CEL-159236|Reactome:R-CEL-72163|Reactome:R-CEL-73856|Reactome:R-DME-159231|Reactome:R-DME-159236|Reactome:R-DME-1834941|Reactome:R-DME-72163|Reactome:R-DME-72165|Reactome:R-DME-72203|Reactome:R-DME-73856|Reactome:R-DME-77595|Reactome:R-DME-8941326|Reactome:R-DME-9770562|Reactome:R-DME-9930044|Reactome:R-DRE-72165|Reactome:R-HSA-1169408|Reactome:R-HSA-159231|Reactome:R-HSA-159236|Reactome:R-HSA-162585|Reactome:R-HSA-162588|Reactome:R-HSA-162592|Reactome:R-HSA-162594|Reactome:R-HSA-164516|Reactome:R-HSA-164525|Reactome:R-HSA-164843|Reactome:R-HSA-168315|Reactome:R-HSA-173107|Reactome:R-HSA-174490|Reactome:R-HSA-174495|Reactome:R-HSA-175474|Reactome:R-HSA-175567|Reactome:R-HSA-177539|Reactome:R-HSA-180689|Reactome:R-HSA-180910|Reactome:R-HSA-429947|Reactome:R-HSA-452723|Reactome:R-HSA-6784531|Reactome:R-HSA-72163|Reactome:R-HSA-72165|Reactome:R-HSA-72187|Reactome:R-HSA-72203|Reactome:R-HSA-73856|Reactome:R-HSA-77595|Reactome:R-HSA-9013422|Reactome:R-HSA-9682706|Reactome:R-HSA-9694686|Reactome:R-HSA-9705671|Reactome:R-HSA-9770562|Reactome:R-HSA-9819196|Reactome:R-HSA-9820865|Reactome:R-HSA-983168|Reactome:R-HSA-9843970|Reactome:R-HSA-9918481|Reactome:R-HSA-9930044|Reactome:R-HSA-9931510|Reactome:R-MMU-159231|Reactome:R-MMU-159236|Reactome:R-MMU-72163|Reactome:R-MMU-72165|Reactome:R-MMU-72187|Reactome:R-MMU-72203|Reactome:R-MMU-73856|Reactome:R-MMU-77595|Reactome:R-MMU-9013422|Reactome:R-MMU-9770562|Reactome:R-MMU-983168|Reactome:R-MMU-9930044|Reactome:R-RNO-159231|Reactome:R-RNO-72165|Reactome:R-RNO-73856|Reactome:R-RNO-77595|Reactome:R-RNO-9770562|Reactome:R-SCE-983168|Reactome:R-SPO-9770562|Reactome:R-SPO-983168|Reactome:R-XTR-77595|Reactome:R-XTR-9770562
BIV	00094c85d84f6370421444027531f97b	449	Pfam	PF00098	Zinc knuckle	404	420	3.0	T	13-08-2026	IPR001878	Zinc finger, CCHC-type	GO:0003676(InterPro)|GO:0008270(InterPro)	Reactome:R-BTA-159231|Reactome:R-BTA-159236|Reactome:R-BTA-72163|Reactome:R-BTA-72165|Reactome:R-BTA-72203|Reactome:R-BTA-73856|Reactome:R-BTA-77595|Reactome:R-BTA-9770562|Reactome:R-CEL-159236|Reactome:R-CEL-72163|Reactome:R-CEL-73856|Reactome:R-DME-159231|Reactome:R-DME-159236|Reactome:R-DME-1834941|Reactome:R-DME-72163|Reactome:R-DME-72165|Reactome:R-DME-72203|Reactome:R-DME-73856|Reactome:R-DME-77595|Reactome:R-DME-8941326|Reactome:R-DME-9770562|Reactome:R-DME-9930044|Reactome:R-DRE-72165|Reactome:R-HSA-1169408|Reactome:R-HSA-159231|Reactome:R-HSA-159236|Reactome:R-HSA-162585|Reactome:R-HSA-162588|Reactome:R-HSA-162592|Reactome:R-HSA-162594|Reactome:R-HSA-164516|Reactome:R-HSA-164525|Reactome:R-HSA-164843|Reactome:R-HSA-168315|Reactome:R-HSA-173107|Reactome:R-HSA-174490|Reactome:R-HSA-174495|Reactome:R-HSA-175474|Reactome:R-HSA-175567|Reactome:R-HSA-177539|Reactome:R-HSA-180689|Reactome:R-HSA-180910|Reactome:R-HSA-429947|Reactome:R-HSA-452723|Reactome:R-HSA-6784531|Reactome:R-HSA-72163|Reactome:R-HSA-72165|Reactome:R-HSA-72187|Reactome:R-HSA-72203|Reactome:R-HSA-73856|Reactome:R-HSA-77595|Reactome:R-HSA-9013422|Reactome:R-HSA-9682706|Reactome:R-HSA-9694686|Reactome:R-HSA-9705671|Reactome:R-HSA-9770562|Reactome:R-HSA-9819196|Reactome:R-HSA-9820865|Reactome:R-HSA-983168|Reactome:R-HSA-9843970|Reactome:R-HSA-9918481|Reactome:R-HSA-9930044|Reactome:R-HSA-9931510|Reactome:R-MMU-159231|Reactome:R-MMU-159236|Reactome:R-MMU-72163|Reactome:R-MMU-72165|Reactome:R-MMU-72187|Reactome:R-MMU-72203|Reactome:R-MMU-73856|Reactome:R-MMU-77595|Reactome:R-MMU-9013422|Reactome:R-MMU-9770562|Reactome:R-MMU-983168|Reactome:R-MMU-9930044|Reactome:R-RNO-159231|Reactome:R-RNO-72165|Reactome:R-RNO-73856|Reactome:R-RNO-77595|Reactome:R-RNO-9770562|Reactome:R-SCE-983168|Reactome:R-SPO-9770562|Reactome:R-SPO-983168|Reactome:R-XTR-77595|Reactome:R-XTR-9770562
BIV	00094c85d84f6370421444027531f97b	449	Gene3D	G3DSA:4.10.60.10	-	393	441	2.0E-11	T	13-08-2026	-	-	-	-
BIV	00094c85d84f6370421444027531f97b	449	ProSiteProfiles	PS50158	Zinc finger CCHC-type profile.	422	438	10.806515	T	13-08-2026	IPR001878	Zinc finger, CCHC-type	GO:0003676(InterPro)|GO:0008270(InterPro)	Reactome:R-BTA-159231|Reactome:R-BTA-159236|Reactome:R-BTA-72163|Reactome:R-BTA-72165|Reactome:R-BTA-72203|Reactome:R-BTA-73856|Reactome:R-BTA-77595|Reactome:R-BTA-9770562|Reactome:R-CEL-159236|Reactome:R-CEL-72163|Reactome:R-CEL-73856|Reactome:R-DME-159231|Reactome:R-DME-159236|Reactome:R-DME-1834941|Reactome:R-DME-72163|Reactome:R-DME-72165|Reactome:R-DME-72203|Reactome:R-DME-73856|Reactome:R-DME-77595|Reactome:R-DME-8941326|Reactome:R-DME-9770562|Reactome:R-DME-9930044|Reactome:R-DRE-72165|Reactome:R-HSA-1169408|Reactome:R-HSA-159231|Reactome:R-HSA-159236|Reactome:R-HSA-162585|Reactome:R-HSA-162588|Reactome:R-HSA-162592|Reactome:R-HSA-162594|Reactome:R-HSA-164516|Reactome:R-HSA-164525|Reactome:R-HSA-164843|Reactome:R-HSA-168315|Reactome:R-HSA-173107|Reactome:R-HSA-174490|Reactome:R-HSA-174495|Reactome:R-HSA-175474|Reactome:R-HSA-175567|Reactome:R-HSA-177539|Reactome:R-HSA-180689|Reactome:R-HSA-180910|Reactome:R-HSA-429947|Reactome:R-HSA-452723|Reactome:R-HSA-6784531|Reactome:R-HSA-72163|Reactome:R-HSA-72165|Reactome:R-HSA-72187|Reactome:R-HSA-72203|Reactome:R-HSA-73856|Reactome:R-HSA-77595|Reactome:R-HSA-9013422|Reactome:R-HSA-9682706|Reactome:R-HSA-9694686|Reactome:R-HSA-9705671|Reactome:R-HSA-9770562|Reactome:R-HSA-9819196|Reactome:R-HSA-9820865|Reactome:R-HSA-983168|Reactome:R-HSA-9843970|Reactome:R-HSA-9918481|Reactome:R-HSA-9930044|Reactome:R-HSA-9931510|Reactome:R-MMU-159231|Reactome:R-MMU-159236|Reactome:R-MMU-72163|Reactome:R-MMU-72165|Reactome:R-MMU-72187|Reactome:R-MMU-72203|Reactome:R-MMU-73856|Reactome:R-MMU-77595|Reactome:R-MMU-9013422|Reactome:R-MMU-9770562|Reactome:R-MMU-983168|Reactome:R-MMU-9930044|Reactome:R-RNO-159231|Reactome:R-RNO-72165|Reactome:R-RNO-73856|Reactome:R-RNO-77595|Reactome:R-RNO-9770562|Reactome:R-SCE-983168|Reactome:R-SPO-9770562|Reactome:R-SPO-983168|Reactome:R-XTR-77595|Reactome:R-XTR-9770562
BIV	00094c85d84f6370421444027531f97b	449	Pfam	PF19317	Gag protein p24 C-terminal domain	289	352	6.0E-14	T	13-08-2026	IPR045345	Retroviral nucleocapsid Gag protein p24, C-terminal domain	-	Reactome:R-HSA-1169408|Reactome:R-HSA-162585|Reactome:R-HSA-162588|Reactome:R-HSA-162592|Reactome:R-HSA-162594|Reactome:R-HSA-164516|Reactome:R-HSA-164525|Reactome:R-HSA-164843|Reactome:R-HSA-173107|Reactome:R-HSA-174490|Reactome:R-HSA-174495|Reactome:R-HSA-175474|Reactome:R-HSA-175567|Reactome:R-HSA-177539|Reactome:R-HSA-180689|Reactome:R-HSA-180910
BIV	00094c85d84f6370421444027531f97b	449	SMART	SM00343	c2hcfinal6	422	438	1.2E-4	T	13-08-2026	IPR001878	Zinc finger, CCHC-type	GO:0003676(InterPro)|GO:0008270(InterPro)	Reactome:R-BTA-159231|Reactome:R-BTA-159236|Reactome:R-BTA-72163|Reactome:R-BTA-72165|Reactome:R-BTA-72203|Reactome:R-BTA-73856|Reactome:R-BTA-77595|Reactome:R-BTA-9770562|Reactome:R-CEL-159236|Reactome:R-CEL-72163|Reactome:R-CEL-73856|Reactome:R-DME-159231|Reactome:R-DME-159236|Reactome:R-DME-1834941|Reactome:R-DME-72163|Reactome:R-DME-72165|Reactome:R-DME-72203|Reactome:R-DME-73856|Reactome:R-DME-77595|Reactome:R-DME-8941326|Reactome:R-DME-9770562|Reactome:R-DME-9930044|Reactome:R-DRE-72165|Reactome:R-HSA-1169408|Reactome:R-HSA-159231|Reactome:R-HSA-159236|Reactome:R-HSA-162585|Reactome:R-HSA-162588|Reactome:R-HSA-162592|Reactome:R-HSA-162594|Reactome:R-HSA-164516|Reactome:R-HSA-164525|Reactome:R-HSA-164843|Reactome:R-HSA-168315|Reactome:R-HSA-173107|Reactome:R-HSA-174490|Reactome:R-HSA-174495|Reactome:R-HSA-175474|Reactome:R-HSA-175567|Reactome:R-HSA-177539|Reactome:R-HSA-180689|Reactome:R-HSA-180910|Reactome:R-HSA-429947|Reactome:R-HSA-452723|Reactome:R-HSA-6784531|Reactome:R-HSA-72163|Reactome:R-HSA-72165|Reactome:R-HSA-72187|Reactome:R-HSA-72203|Reactome:R-HSA-73856|Reactome:R-HSA-77595|Reactome:R-HSA-9013422|Reactome:R-HSA-9682706|Reactome:R-HSA-9694686|Reactome:R-HSA-9705671|Reactome:R-HSA-9770562|Reactome:R-HSA-9819196|Reactome:R-HSA-9820865|Reactome:R-HSA-983168|Reactome:R-HSA-9843970|Reactome:R-HSA-9918481|Reactome:R-HSA-9930044|Reactome:R-HSA-9931510|Reactome:R-MMU-159231|Reactome:R-MMU-159236|Reactome:R-MMU-72163|Reactome:R-MMU-72165|Reactome:R-MMU-72187|Reactome:R-MMU-72203|Reactome:R-MMU-73856|Reactome:R-MMU-77595|Reactome:R-MMU-9013422|Reactome:R-MMU-9770562|Reactome:R-MMU-983168|Reactome:R-MMU-9930044|Reactome:R-RNO-159231|Reactome:R-RNO-72165|Reactome:R-RNO-73856|Reactome:R-RNO-77595|Reactome:R-RNO-9770562|Reactome:R-SCE-983168|Reactome:R-SPO-9770562|Reactome:R-SPO-983168|Reactome:R-XTR-77595|Reactome:R-XTR-9770562
BIV	00094c85d84f6370421444027531f97b	449	SMART	SM00343	c2hcfinal6	404	420	0.0015	T	13-08-2026	IPR001878	Zinc finger, CCHC-type	GO:0003676(InterPro)|GO:0008270(InterPro)	Reactome:R-BTA-159231|Reactome:R-BTA-159236|Reactome:R-BTA-72163|Reactome:R-BTA-72165|Reactome:R-BTA-72203|Reactome:R-BTA-73856|Reactome:R-BTA-77595|Reactome:R-BTA-9770562|Reactome:R-CEL-159236|Reactome:R-CEL-72163|Reactome:R-CEL-73856|Reactome:R-DME-159231|Reactome:R-DME-159236|Reactome:R-DME-1834941|Reactome:R-DME-72163|Reactome:R-DME-72165|Reactome:R-DME-72203|Reactome:R-DME-73856|Reactome:R-DME-77595|Reactome:R-DME-8941326|Reactome:R-DME-9770562|Reactome:R-DME-9930044|Reactome:R-DRE-72165|Reactome:R-HSA-1169408|Reactome:R-HSA-159231|Reactome:R-HSA-159236|Reactome:R-HSA-162585|Reactome:R-HSA-162588|Reactome:R-HSA-162592|Reactome:R-HSA-162594|Reactome:R-HSA-164516|Reactome:R-HSA-164525|Reactome:R-HSA-164843|Reactome:R-HSA-168315|Reactome:R-HSA-173107|Reactome:R-HSA-174490|Reactome:R-HSA-174495|Reactome:R-HSA-175474|Reactome:R-HSA-175567|Reactome:R-HSA-177539|Reactome:R-HSA-180689|Reactome:R-HSA-180910|Reactome:R-HSA-429947|Reactome:R-HSA-452723|Reactome:R-HSA-6784531|Reactome:R-HSA-72163|Reactome:R-HSA-72165|Reactome:R-HSA-72187|Reactome:R-HSA-72203|Reactome:R-HSA-73856|Reactome:R-HSA-77595|Reactome:R-HSA-9013422|Reactome:R-HSA-9682706|Reactome:R-HSA-9694686|Reactome:R-HSA-9705671|Reactome:R-HSA-9770562|Reactome:R-HSA-9819196|Reactome:R-HSA-9820865|Reactome:R-HSA-983168|Reactome:R-HSA-9843970|Reactome:R-HSA-9918481|Reactome:R-HSA-9930044|Reactome:R-HSA-9931510|Reactome:R-MMU-159231|Reactome:R-MMU-159236|Reactome:R-MMU-72163|Reactome:R-MMU-72165|Reactome:R-MMU-72187|Reactome:R-MMU-72203|Reactome:R-MMU-73856|Reactome:R-MMU-77595|Reactome:R-MMU-9013422|Reactome:R-MMU-9770562|Reactome:R-MMU-983168|Reactome:R-MMU-9930044|Reactome:R-RNO-159231|Reactome:R-RNO-72165|Reactome:R-RNO-73856|Reactome:R-RNO-77595|Reactome:R-RNO-9770562|Reactome:R-SCE-983168|Reactome:R-SPO-9770562|Reactome:R-SPO-983168|Reactome:R-XTR-77595|Reactome:R-XTR-9770562
BIV	00094c85d84f6370421444027531f97b	449	SUPERFAMILY	SSF47943	Retrovirus capsid protein, N-terminal core domain	166	282	3.85E-27	T	13-08-2026	IPR008919	Retrovirus capsid, N-terminal	GO:0016032(InterPro)	Reactome:R-HSA-1169408|Reactome:R-HSA-162585|Reactome:R-HSA-162588|Reactome:R-HSA-162592|Reactome:R-HSA-162594|Reactome:R-HSA-164516|Reactome:R-HSA-164525|Reactome:R-HSA-164843|Reactome:R-HSA-173107|Reactome:R-HSA-174490|Reactome:R-HSA-174495|Reactome:R-HSA-175474|Reactome:R-HSA-175567|Reactome:R-HSA-177539|Reactome:R-HSA-180689|Reactome:R-HSA-180910
BIV	00094c85d84f6370421444027531f97b	449	MobiDBLite	mobidb-lite	consensus disorder prediction	130	159	-	T	13-08-2026	-	-	-	-
BIV	00094c85d84f6370421444027531f97b	449	MobiDBLite	mobidb-lite	consensus disorder prediction	130	147	-	T	13-08-2026	-	-	-	-
BIV	00094c85d84f6370421444027531f97b	449	Gene3D	G3DSA:1.10.1200.30	-	288	368	5.3E-24	T	13-08-2026	IPR008916	Retrovirus capsid, C-terminal	-	Reactome:R-HSA-1169408|Reactome:R-HSA-162585|Reactome:R-HSA-162588|Reactome:R-HSA-162592|Reactome:R-HSA-162594|Reactome:R-HSA-164516|Reactome:R-HSA-164525|Reactome:R-HSA-164843|Reactome:R-HSA-173107|Reactome:R-HSA-174490|Reactome:R-HSA-174495|Reactome:R-HSA-175474|Reactome:R-HSA-175567|Reactome:R-HSA-177539|Reactome:R-HSA-180689|Reactome:R-HSA-180910
BIV	00094c85d84f6370421444027531f97b	449	ProSiteProfiles	PS50158	Zinc finger CCHC-type profile.	403	420	10.575755	T	13-08-2026	IPR001878	Zinc finger, CCHC-type	GO:0003676(InterPro)|GO:0008270(InterPro)	Reactome:R-BTA-159231|Reactome:R-BTA-159236|Reactome:R-BTA-72163|Reactome:R-BTA-72165|Reactome:R-BTA-72203|Reactome:R-BTA-73856|Reactome:R-BTA-77595|Reactome:R-BTA-9770562|Reactome:R-CEL-159236|Reactome:R-CEL-72163|Reactome:R-CEL-73856|Reactome:R-DME-159231|Reactome:R-DME-159236|Reactome:R-DME-1834941|Reactome:R-DME-72163|Reactome:R-DME-72165|Reactome:R-DME-72203|Reactome:R-DME-73856|Reactome:R-DME-77595|Reactome:R-DME-8941326|Reactome:R-DME-9770562|Reactome:R-DME-9930044|Reactome:R-DRE-72165|Reactome:R-HSA-1169408|Reactome:R-HSA-159231|Reactome:R-HSA-159236|Reactome:R-HSA-162585|Reactome:R-HSA-162588|Reactome:R-HSA-162592|Reactome:R-HSA-162594|Reactome:R-HSA-164516|Reactome:R-HSA-164525|Reactome:R-HSA-164843|Reactome:R-HSA-168315|Reactome:R-HSA-173107|Reactome:R-HSA-174490|Reactome:R-HSA-174495|Reactome:R-HSA-175474|Reactome:R-HSA-175567|Reactome:R-HSA-177539|Reactome:R-HSA-180689|Reactome:R-HSA-180910|Reactome:R-HSA-429947|Reactome:R-HSA-452723|Reactome:R-HSA-6784531|Reactome:R-HSA-72163|Reactome:R-HSA-72165|Reactome:R-HSA-72187|Reactome:R-HSA-72203|Reactome:R-HSA-73856|Reactome:R-HSA-77595|Reactome:R-HSA-9013422|Reactome:R-HSA-9682706|Reactome:R-HSA-9694686|Reactome:R-HSA-9705671|Reactome:R-HSA-9770562|Reactome:R-HSA-9819196|Reactome:R-HSA-9820865|Reactome:R-HSA-983168|Reactome:R-HSA-9843970|Reactome:R-HSA-9918481|Reactome:R-HSA-9930044|Reactome:R-HSA-9931510|Reactome:R-MMU-159231|Reactome:R-MMU-159236|Reactome:R-MMU-72163|Reactome:R-MMU-72165|Reactome:R-MMU-72187|Reactome:R-MMU-72203|Reactome:R-MMU-73856|Reactome:R-MMU-77595|Reactome:R-MMU-9013422|Reactome:R-MMU-9770562|Reactome:R-MMU-983168|Reactome:R-MMU-9930044|Reactome:R-RNO-159231|Reactome:R-RNO-72165|Reactome:R-RNO-73856|Reactome:R-RNO-77595|Reactome:R-RNO-9770562|Reactome:R-SCE-983168|Reactome:R-SPO-9770562|Reactome:R-SPO-983168|Reactome:R-XTR-77595|Reactome:R-XTR-9770562
Circe	cbd3de972a0bbbff88498a8c708b4ebf	299	Phobius	NON_CYTOPLASMIC_DOMAIN	Region of a membrane-bound protein predicted to be outside the membrane, in the extracellular region.	42	72	-	T	13-08-2026	-	-	-	-
Circe	cbd3de972a0bbbff88498a8c708b4ebf	299	TMHMM	TMhelix	Region of a membrane-bound protein predicted to be embedded in the membrane.	21	43	-	T	13-08-2026	-	-	-	-
Circe	cbd3de972a0bbbff88498a8c708b4ebf	299	Phobius	TRANSMEMBRANE	Region of a membrane-bound protein predicted to be embedded in the membrane.	21	41	-	T	13-08-2026	-	-	-	-
Circe	cbd3de972a0bbbff88498a8c708b4ebf	299	Phobius	CYTOPLASMIC_DOMAIN	Region of a membrane-bound protein predicted to be outside the membrane, in the cytoplasm.	92	299	-	T	13-08-2026	-	-	-	-
Circe	cbd3de972a0bbbff88498a8c708b4ebf	299	Phobius	CYTOPLASMIC_DOMAIN	Region of a membrane-bound protein predicted to be outside the membrane, in the cytoplasm.	1	20	-	T	13-08-2026	-	-	-	-
Circe	cbd3de972a0bbbff88498a8c708b4ebf	299	ProSiteProfiles	PS50158	Zinc finger CCHC-type profile.	249	263	8.531888	T	13-08-2026	IPR001878	Zinc finger, CCHC-type	GO:0003676(InterPro)|GO:0008270(InterPro)	Reactome:R-BTA-159231|Reactome:R-BTA-159236|Reactome:R-BTA-72163|Reactome:R-BTA-72165|Reactome:R-BTA-72203|Reactome:R-BTA-73856|Reactome:R-BTA-77595|Reactome:R-BTA-9770562|Reactome:R-CEL-159236|Reactome:R-CEL-72163|Reactome:R-CEL-73856|Reactome:R-DME-159231|Reactome:R-DME-159236|Reactome:R-DME-1834941|Reactome:R-DME-72163|Reactome:R-DME-72165|Reactome:R-DME-72203|Reactome:R-DME-73856|Reactome:R-DME-77595|Reactome:R-DME-8941326|Reactome:R-DME-9770562|Reactome:R-DME-9930044|Reactome:R-DRE-72165|Reactome:R-HSA-1169408|Reactome:R-HSA-159231|Reactome:R-HSA-159236|Reactome:R-HSA-162585|Reactome:R-HSA-162588|Reactome:R-HSA-162592|Reactome:R-HSA-162594|Reactome:R-HSA-164516|Reactome:R-HSA-164525|Reactome:R-HSA-164843|Reactome:R-HSA-168315|Reactome:R-HSA-173107|Reactome:R-HSA-174490|Reactome:R-HSA-174495|Reactome:R-HSA-175474|Reactome:R-HSA-175567|Reactome:R-HSA-177539|Reactome:R-HSA-180689|Reactome:R-HSA-180910|Reactome:R-HSA-429947|Reactome:R-HSA-452723|Reactome:R-HSA-6784531|Reactome:R-HSA-72163|Reactome:R-HSA-72165|Reactome:R-HSA-72187|Reactome:R-HSA-72203|Reactome:R-HSA-73856|Reactome:R-HSA-77595|Reactome:R-HSA-9013422|Reactome:R-HSA-9682706|Reactome:R-HSA-9694686|Reactome:R-HSA-9705671|Reactome:R-HSA-9770562|Reactome:R-HSA-9819196|Reactome:R-HSA-9820865|Reactome:R-HSA-983168|Reactome:R-HSA-9843970|Reactome:R-HSA-9918481|Reactome:R-HSA-9930044|Reactome:R-HSA-9931510|Reactome:R-MMU-159231|Reactome:R-MMU-159236|Reactome:R-MMU-72163|Reactome:R-MMU-72165|Reactome:R-MMU-72187|Reactome:R-MMU-72203|Reactome:R-MMU-73856|Reactome:R-MMU-77595|Reactome:R-MMU-9013422|Reactome:R-MMU-9770562|Reactome:R-MMU-983168|Reactome:R-MMU-9930044|Reactome:R-RNO-159231|Reactome:R-RNO-72165|Reactome:R-RNO-73856|Reactome:R-RNO-77595|Reactome:R-RNO-9770562|Reactome:R-SCE-983168|Reactome:R-SPO-9770562|Reactome:R-SPO-983168|Reactome:R-XTR-77595|Reactome:R-XTR-9770562
Circe	cbd3de972a0bbbff88498a8c708b4ebf	299	SUPERFAMILY	SSF57756	Retrovirus zinc finger-like domains	244	286	1.32E-6	T	13-08-2026	IPR036875	Zinc finger, CCHC-type superfamily	GO:0003676(InterPro)|GO:0008270(InterPro)	Reactome:R-BTA-159231|Reactome:R-BTA-159236|Reactome:R-BTA-72163|Reactome:R-BTA-72165|Reactome:R-BTA-72203|Reactome:R-BTA-73856|Reactome:R-BTA-77595|Reactome:R-BTA-9770562|Reactome:R-CEL-159236|Reactome:R-CEL-72163|Reactome:R-CEL-73856|Reactome:R-DME-159231|Reactome:R-DME-159236|Reactome:R-DME-1834941|Reactome:R-DME-72163|Reactome:R-DME-72165|Reactome:R-DME-72203|Reactome:R-DME-73856|Reactome:R-DME-77595|Reactome:R-DME-9770562|Reactome:R-DRE-72165|Reactome:R-HSA-1169408|Reactome:R-HSA-159231|Reactome:R-HSA-159236|Reactome:R-HSA-162585|Reactome:R-HSA-162588|Reactome:R-HSA-162592|Reactome:R-HSA-162594|Reactome:R-HSA-164516|Reactome:R-HSA-164525|Reactome:R-HSA-164843|Reactome:R-HSA-168315|Reactome:R-HSA-173107|Reactome:R-HSA-174490|Reactome:R-HSA-174495|Reactome:R-HSA-175474|Reactome:R-HSA-175567|Reactome:R-HSA-177539|Reactome:R-HSA-180689|Reactome:R-HSA-180910|Reactome:R-HSA-429947|Reactome:R-HSA-452723|Reactome:R-HSA-6784531|Reactome:R-HSA-72163|Reactome:R-HSA-72165|Reactome:R-HSA-72187|Reactome:R-HSA-72203|Reactome:R-HSA-73856|Reactome:R-HSA-77595|Reactome:R-HSA-9013422|Reactome:R-HSA-9682706|Reactome:R-HSA-9694686|Reactome:R-HSA-9705671|Reactome:R-HSA-9770562|Reactome:R-HSA-9819196|Reactome:R-HSA-9820865|Reactome:R-HSA-983168|Reactome:R-HSA-9918481|Reactome:R-HSA-9930044|Reactome:R-MMU-159231|Reactome:R-MMU-159236|Reactome:R-MMU-72163|Reactome:R-MMU-72165|Reactome:R-MMU-72187|Reactome:R-MMU-72203|Reactome:R-MMU-73856|Reactome:R-MMU-77595|Reactome:R-MMU-9013422|Reactome:R-MMU-9770562|Reactome:R-MMU-983168|Reactome:R-RNO-159231|Reactome:R-RNO-72165|Reactome:R-RNO-73856|Reactome:R-RNO-77595|Reactome:R-RNO-9770562|Reactome:R-SCE-983168|Reactome:R-SPO-9770562|Reactome:R-SPO-983168|Reactome:R-XTR-77595|Reactome:R-XTR-9770562
Circe	cbd3de972a0bbbff88498a8c708b4ebf	299	Phobius	TRANSMEMBRANE	Region of a membrane-bound protein predicted to be embedded in the membrane.	73	91	-	T	13-08-2026	-	-	-	-
SMRV-H	c979ddfb7514415e4e677f6a6252f8ec	663	Gene3D	G3DSA:1.10.150.490	Retroviral GAG p10 protein	1	90	4.2E-28	T	13-08-2026	IPR038124	Beta-retroviral matrix superfamily	-	-
SMRV-H	c979ddfb7514415e4e677f6a6252f8ec	663	Pfam	PF14787	GAG-polyprotein viral zinc-finger	636	660	1.7E-9	T	13-08-2026	-	-	-	-
SMRV-H	c979ddfb7514415e4e677f6a6252f8ec	663	Pfam	PF02337	Retroviral GAG p10 protein	1	81	5.1E-17	T	13-08-2026	IPR003322	Beta-retroviral matrix protein	GO:0005198(InterPro)	-
SMRV-H	c979ddfb7514415e4e677f6a6252f8ec	663	Pfam	PF00607	gag protein p24 N-terminal domain	364	488	9.7E-28	T	13-08-2026	-	-	-	-
SMRV-H	c979ddfb7514415e4e677f6a6252f8ec	663	SUPERFAMILY	SSF47836	Retroviral matrix proteins	1	83	7.06E-26	T	13-08-2026	IPR010999	Retroviral matrix protein	-	Reactome:R-HSA-1169408|Reactome:R-HSA-162585|Reactome:R-HSA-162588|Reactome:R-HSA-162592|Reactome:R-HSA-162594|Reactome:R-HSA-164516|Reactome:R-HSA-164525|Reactome:R-HSA-164843|Reactome:R-HSA-173107|Reactome:R-HSA-174490|Reactome:R-HSA-174495|Reactome:R-HSA-175474|Reactome:R-HSA-175567|Reactome:R-HSA-177539|Reactome:R-HSA-180689|Reactome:R-HSA-180910|Reactome:R-HSA-198933
SMRV-H	c979ddfb7514415e4e677f6a6252f8ec	663	Gene3D	G3DSA:1.10.375.10	Human Immunodeficiency Virus Type 1 Capsid Protein	357	490	6.6E-33	T	13-08-2026	IPR008919	Retrovirus capsid, N-terminal	GO:0016032(InterPro)	Reactome:R-HSA-1169408|Reactome:R-HSA-162585|Reactome:R-HSA-162588|Reactome:R-HSA-162592|Reactome:R-HSA-162594|Reactome:R-HSA-164516|Reactome:R-HSA-164525|Reactome:R-HSA-164843|Reactome:R-HSA-173107|Reactome:R-HSA-174490|Reactome:R-HSA-174495|Reactome:R-HSA-175474|Reactome:R-HSA-175567|Reactome:R-HSA-177539|Reactome:R-HSA-180689|Reactome:R-HSA-180910
SMRV-H	c979ddfb7514415e4e677f6a6252f8ec	663	SUPERFAMILY	SSF47943	Retrovirus capsid protein, N-terminal core domain	333	488	3.77E-35	T	13-08-2026	IPR008919	Retrovirus capsid, N-terminal	GO:0016032(InterPro)	Reactome:R-HSA-1169408|Reactome:R-HSA-162585|Reactome:R-HSA-162588|Reactome:R-HSA-162592|Reactome:R-HSA-162594|Reactome:R-HSA-164516|Reactome:R-HSA-164525|Reactome:R-HSA-164843|Reactome:R-HSA-173107|Reactome:R-HSA-174490|Reactome:R-HSA-174495|Reactome:R-HSA-175474|Reactome:R-HSA-175567|Reactome:R-HSA-177539|Reactome:R-HSA-180689|Reactome:R-HSA-180910
SMRV-H	c979ddfb7514415e4e677f6a6252f8ec	663	SUPERFAMILY	SSF47353	Retrovirus capsid dimerization domain-like	492	554	8.06E-21	T	13-08-2026	-	-	-	-
SMRV-H	c979ddfb7514415e4e677f6a6252f8ec	663	Pfam	PF19317	Gag protein p24 C-terminal domain	489	558	2.9E-19	T	13-08-2026	IPR045345	Retroviral nucleocapsid Gag protein p24, C-terminal domain	-	Reactome:R-HSA-1169408|Reactome:R-HSA-162585|Reactome:R-HSA-162588|Reactome:R-HSA-162592|Reactome:R-HSA-162594|Reactome:R-HSA-164516|Reactome:R-HSA-164525|Reactome:R-HSA-164843|Reactome:R-HSA-173107|Reactome:R-HSA-174490|Reactome:R-HSA-174495|Reactome:R-HSA-175474|Reactome:R-HSA-175567|Reactome:R-HSA-177539|Reactome:R-HSA-180689|Reactome:R-HSA-180910
SMRV-H	c979ddfb7514415e4e677f6a6252f8ec	663	Gene3D	G3DSA:1.10.1200.30	-	491	569	4.1E-21	T	13-08-2026	IPR008916	Retrovirus capsid, C-terminal	-	Reactome:R-HSA-1169408|Reactome:R-HSA-162585|Reactome:R-HSA-162588|Reactome:R-HSA-162592|Reactome:R-HSA-162594|Reactome:R-HSA-164516|Reactome:R-HSA-164525|Reactome:R-HSA-164843|Reactome:R-HSA-173107|Reactome:R-HSA-174490|Reactome:R-HSA-174495|Reactome:R-HSA-175474|Reactome:R-HSA-175567|Reactome:R-HSA-177539|Reactome:R-HSA-180689|Reactome:R-HSA-180910
SMRV-H	c979ddfb7514415e4e677f6a6252f8ec	663	SUPERFAMILY	SSF57756	Retrovirus zinc finger-like domains	633	661	8.37E-11	T	13-08-2026	IPR036875	Zinc finger, CCHC-type superfamily	GO:0003676(InterPro)|GO:0008270(InterPro)	Reactome:R-BTA-159231|Reactome:R-BTA-159236|Reactome:R-BTA-72163|Reactome:R-BTA-72165|Reactome:R-BTA-72203|Reactome:R-BTA-73856|Reactome:R-BTA-77595|Reactome:R-BTA-9770562|Reactome:R-CEL-159236|Reactome:R-CEL-72163|Reactome:R-CEL-73856|Reactome:R-DME-159231|Reactome:R-DME-159236|Reactome:R-DME-1834941|Reactome:R-DME-72163|Reactome:R-DME-72165|Reactome:R-DME-72203|Reactome:R-DME-73856|Reactome:R-DME-77595|Reactome:R-DME-9770562|Reactome:R-DRE-72165|Reactome:R-HSA-1169408|Reactome:R-HSA-159231|Reactome:R-HSA-159236|Reactome:R-HSA-162585|Reactome:R-HSA-162588|Reactome:R-HSA-162592|Reactome:R-HSA-162594|Reactome:R-HSA-164516|Reactome:R-HSA-164525|Reactome:R-HSA-164843|Reactome:R-HSA-168315|Reactome:R-HSA-173107|Reactome:R-HSA-174490|Reactome:R-HSA-174495|Reactome:R-HSA-175474|Reactome:R-HSA-175567|Reactome:R-HSA-177539|Reactome:R-HSA-180689|Reactome:R-HSA-180910|Reactome:R-HSA-429947|Reactome:R-HSA-452723|Reactome:R-HSA-6784531|Reactome:R-HSA-72163|Reactome:R-HSA-72165|Reactome:R-HSA-72187|Reactome:R-HSA-72203|Reactome:R-HSA-73856|Reactome:R-HSA-77595|Reactome:R-HSA-9013422|Reactome:R-HSA-9682706|Reactome:R-HSA-9694686|Reactome:R-HSA-9705671|Reactome:R-HSA-9770562|Reactome:R-HSA-9819196|Reactome:R-HSA-9820865|Reactome:R-HSA-983168|Reactome:R-HSA-9918481|Reactome:R-HSA-9930044|Reactome:R-MMU-159231|Reactome:R-MMU-159236|Reactome:R-MMU-72163|Reactome:R-MMU-72165|Reactome:R-MMU-72187|Reactome:R-MMU-72203|Reactome:R-MMU-73856|Reactome:R-MMU-77595|Reactome:R-MMU-9013422|Reactome:R-MMU-9770562|Reactome:R-MMU-983168|Reactome:R-RNO-159231|Reactome:R-RNO-72165|Reactome:R-RNO-73856|Reactome:R-RNO-77595|Reactome:R-RNO-9770562|Reactome:R-SCE-983168|Reactome:R-SPO-9770562|Reactome:R-SPO-983168|Reactome:R-XTR-77595|Reactome:R-XTR-9770562
SMRV-H	c979ddfb7514415e4e677f6a6252f8ec	663	MobiDBLite	mobidb-lite	consensus disorder prediction	311	364	-	T	13-08-2026	-	-	-	-
SMRV-H	c979ddfb7514415e4e677f6a6252f8ec	663	MobiDBLite	mobidb-lite	consensus disorder prediction	434	447	-	T	13-08-2026	-	-	-	-
SMRV-H	c979ddfb7514415e4e677f6a6252f8ec	663	MobiDBLite	mobidb-lite	consensus disorder prediction	311	322	-	T	13-08-2026	-	-	-	-
SMRV-H	c979ddfb7514415e4e677f6a6252f8ec	663	MobiDBLite	mobidb-lite	consensus disorder prediction	181	194	-	T	13-08-2026	-	-	-	-
SMRV-H	c979ddfb7514415e4e677f6a6252f8ec	663	MobiDBLite	mobidb-lite	consensus disorder prediction	103	196	-	T	13-08-2026	-	-	-	-
SMRV-H	c979ddfb7514415e4e677f6a6252f8ec	663	MobiDBLite	mobidb-lite	consensus disorder prediction	334	354	-	T	13-08-2026	-	-	-	-
SMRV-H	c979ddfb7514415e4e677f6a6252f8ec	663	MobiDBLite	mobidb-lite	consensus disorder prediction	434	457	-	T	13-08-2026	-	-	-	-
SMRV-H	c979ddfb7514415e4e677f6a6252f8ec	663	MobiDBLite	mobidb-lite	consensus disorder prediction	105	120	-	T	13-08-2026	-	-	-	-
SMRV-H	c979ddfb7514415e4e677f6a6252f8ec	663	PANTHER	PTHR40389	ENDOGENOUS RETROVIRUS GROUP K MEMBER 24 GAG POLYPROTEIN-RELATED	1	552	6.1E-97	T	13-08-2026	IPR050195	Primate lentivirus group Gag polyprotein-like	-	Reactome:R-HSA-1169408|Reactome:R-HSA-162585|Reactome:R-HSA-162588|Reactome:R-HSA-162592|Reactome:R-HSA-162594|Reactome:R-HSA-164516|Reactome:R-HSA-164525|Reactome:R-HSA-164843|Reactome:R-HSA-173107|Reactome:R-HSA-174490|Reactome:R-HSA-174495|Reactome:R-HSA-175474|Reactome:R-HSA-175567|Reactome:R-HSA-177539|Reactome:R-HSA-180689|Reactome:R-HSA-180910
ORF1_Ogre	d2df95a1e79e57473ba52129fb089200	546	Pfam	PF24924	Domain of unknown function (DUF7745)	24	364	2.5E-111	T	13-08-2026	IPR056647	Domain of unknown function DUF7745	-	-
ORF1_Ogre	d2df95a1e79e57473ba52129fb089200	546	Coils	Coil	Coil	460	494	-	T	13-08-2026	-	-	-	-
ORF1_Ogre	d2df95a1e79e57473ba52129fb089200	546	PANTHER	PTHR48154	PROTEIN, PUTATIVE-RELATED	9	435	4.8E-114	T	13-08-2026	-	-	-	-
ORF1_Ogre	d2df95a1e79e57473ba52129fb089200	546	Coils	Coil	Coil	393	413	-	T	13-08-2026	-	-	-	-
LPDV	3c02d3b497c9455595d8edf504171bfd	667	ProSiteProfiles	PS50873	Plant heme peroxidase family profile.	272	633	8.65225	T	13-08-2026	IPR002016	Haem peroxidase	GO:0004601(InterPro)|GO:0006979(InterPro)|GO:0020037(InterPro)	MetaCyc:PWY-5506|Reactome:R-HSA-1222387
LPDV	3c02d3b497c9455595d8edf504171bfd	667	SUPERFAMILY	SSF47836	Retroviral matrix proteins	2	68	2.0E-24	T	13-08-2026	IPR010999	Retroviral matrix protein	-	Reactome:R-HSA-1169408|Reactome:R-HSA-162585|Reactome:R-HSA-162588|Reactome:R-HSA-162592|Reactome:R-HSA-162594|Reactome:R-HSA-164516|Reactome:R-HSA-164525|Reactome:R-HSA-164843|Reactome:R-HSA-173107|Reactome:R-HSA-174490|Reactome:R-HSA-174495|Reactome:R-HSA-175474|Reactome:R-HSA-175567|Reactome:R-HSA-177539|Reactome:R-HSA-180689|Reactome:R-HSA-180910|Reactome:R-HSA-198933
LPDV	3c02d3b497c9455595d8edf504171bfd	667	Coils	Coil	Coil	103	123	-	T	13-08-2026	-	-	-	-
LPDV	3c02d3b497c9455595d8edf504171bfd	667	Gene3D	G3DSA:1.10.1200.30	-	516	591	6.5E-21	T	13-08-2026	IPR008916	Retrovirus capsid, C-terminal	-	Reactome:R-HSA-1169408|Reactome:R-HSA-162585|Reactome:R-HSA-162588|Reactome:R-HSA-162592|Reactome:R-HSA-162594|Reactome:R-HSA-164516|Reactome:R-HSA-164525|Reactome:R-HSA-164843|Reactome:R-HSA-173107|Reactome:R-HSA-174490|Reactome:R-HSA-174495|Reactome:R-HSA-175474|Reactome:R-HSA-175567|Reactome:R-HSA-177539|Reactome:R-HSA-180689|Reactome:R-HSA-180910
LPDV	3c02d3b497c9455595d8edf504171bfd	667	Pfam	PF00098	Zinc knuckle	616	631	0.0095	T	13-08-2026	IPR001878	Zinc finger, CCHC-type	GO:0003676(InterPro)|GO:0008270(InterPro)	Reactome:R-BTA-159231|Reactome:R-BTA-159236|Reactome:R-BTA-72163|Reactome:R-BTA-72165|Reactome:R-BTA-72203|Reactome:R-BTA-73856|Reactome:R-BTA-77595|Reactome:R-BTA-9770562|Reactome:R-CEL-159236|Reactome:R-CEL-72163|Reactome:R-CEL-73856|Reactome:R-DME-159231|Reactome:R-DME-159236|Reactome:R-DME-1834941|Reactome:R-DME-72163|Reactome:R-DME-72165|Reactome:R-DME-72203|Reactome:R-DME-73856|Reactome:R-DME-77595|Reactome:R-DME-8941326|Reactome:R-DME-9770562|Reactome:R-DME-9930044|Reactome:R-DRE-72165|Reactome:R-HSA-1169408|Reactome:R-HSA-159231|Reactome:R-HSA-159236|Reactome:R-HSA-162585|Reactome:R-HSA-162588|Reactome:R-HSA-162592|Reactome:R-HSA-162594|Reactome:R-HSA-164516|Reactome:R-HSA-164525|Reactome:R-HSA-164843|Reactome:R-HSA-168315|Reactome:R-HSA-173107|Reactome:R-HSA-174490|Reactome:R-HSA-174495|Reactome:R-HSA-175474|Reactome:R-HSA-175567|Reactome:R-HSA-177539|Reactome:R-HSA-180689|Reactome:R-HSA-180910|Reactome:R-HSA-429947|Reactome:R-HSA-452723|Reactome:R-HSA-6784531|Reactome:R-HSA-72163|Reactome:R-HSA-72165|Reactome:R-HSA-72187|Reactome:R-HSA-72203|Reactome:R-HSA-73856|Reactome:R-HSA-77595|Reactome:R-HSA-9013422|Reactome:R-HSA-9682706|Reactome:R-HSA-9694686|Reactome:R-HSA-9705671|Reactome:R-HSA-9770562|Reactome:R-HSA-9819196|Reactome:R-HSA-9820865|Reactome:R-HSA-983168|Reactome:R-HSA-9843970|Reactome:R-HSA-9918481|Reactome:R-HSA-9930044|Reactome:R-HSA-9931510|Reactome:R-MMU-159231|Reactome:R-MMU-159236|Reactome:R-MMU-72163|Reactome:R-MMU-72165|Reactome:R-MMU-72187|Reactome:R-MMU-72203|Reactome:R-MMU-73856|Reactome:R-MMU-77595|Reactome:R-MMU-9013422|Reactome:R-MMU-9770562|Reactome:R-MMU-983168|Reactome:R-MMU-9930044|Reactome:R-RNO-159231|Reactome:R-RNO-72165|Reactome:R-RNO-73856|Reactome:R-RNO-77595|Reactome:R-RNO-9770562|Reactome:R-SCE-983168|Reactome:R-SPO-9770562|Reactome:R-SPO-983168|Reactome:R-XTR-77595|Reactome:R-XTR-9770562
LPDV	3c02d3b497c9455595d8edf504171bfd	667	Pfam	PF00098	Zinc knuckle	641	656	0.56	T	13-08-2026	IPR001878	Zinc finger, CCHC-type	GO:0003676(InterPro)|GO:0008270(InterPro)	Reactome:R-BTA-159231|Reactome:R-BTA-159236|Reactome:R-BTA-72163|Reactome:R-BTA-72165|Reactome:R-BTA-72203|Reactome:R-BTA-73856|Reactome:R-BTA-77595|Reactome:R-BTA-9770562|Reactome:R-CEL-159236|Reactome:R-CEL-72163|Reactome:R-CEL-73856|Reactome:R-DME-159231|Reactome:R-DME-159236|Reactome:R-DME-1834941|Reactome:R-DME-72163|Reactome:R-DME-72165|Reactome:R-DME-72203|Reactome:R-DME-73856|Reactome:R-DME-77595|Reactome:R-DME-8941326|Reactome:R-DME-9770562|Reactome:R-DME-9930044|Reactome:R-DRE-72165|Reactome:R-HSA-1169408|Reactome:R-HSA-159231|Reactome:R-HSA-159236|Reactome:R-HSA-162585|Reactome:R-HSA-162588|Reactome:R-HSA-162592|Reactome:R-HSA-162594|Reactome:R-HSA-164516|Reactome:R-HSA-164525|Reactome:R-HSA-164843|Reactome:R-HSA-168315|Reactome:R-HSA-173107|Reactome:R-HSA-174490|Reactome:R-HSA-174495|Reactome:R-HSA-175474|Reactome:R-HSA-175567|Reactome:R-HSA-177539|Reactome:R-HSA-180689|Reactome:R-HSA-180910|Reactome:R-HSA-429947|Reactome:R-HSA-452723|Reactome:R-HSA-6784531|Reactome:R-HSA-72163|Reactome:R-HSA-72165|Reactome:R-HSA-72187|Reactome:R-HSA-72203|Reactome:R-HSA-73856|Reactome:R-HSA-77595|Reactome:R-HSA-9013422|Reactome:R-HSA-9682706|Reactome:R-HSA-9694686|Reactome:R-HSA-9705671|Reactome:R-HSA-9770562|Reactome:R-HSA-9819196|Reactome:R-HSA-9820865|Reactome:R-HSA-983168|Reactome:R-HSA-9843970|Reactome:R-HSA-9918481|Reactome:R-HSA-9930044|Reactome:R-HSA-9931510|Reactome:R-MMU-159231|Reactome:R-MMU-159236|Reactome:R-MMU-72163|Reactome:R-MMU-72165|Reactome:R-MMU-72187|Reactome:R-MMU-72203|Reactome:R-MMU-73856|Reactome:R-MMU-77595|Reactome:R-MMU-9013422|Reactome:R-MMU-9770562|Reactome:R-MMU-983168|Reactome:R-MMU-9930044|Reactome:R-RNO-159231|Reactome:R-RNO-72165|Reactome:R-RNO-73856|Reactome:R-RNO-77595|Reactome:R-RNO-9770562|Reactome:R-SCE-983168|Reactome:R-SPO-9770562|Reactome:R-SPO-983168|Reactome:R-XTR-77595|Reactome:R-XTR-9770562
LPDV	3c02d3b497c9455595d8edf504171bfd	667	Pfam	PF02813	Retroviral M domain	5	68	5.9E-6	T	13-08-2026	IPR004028	Retroviral Gag polyprotein, M	-	-
LPDV	3c02d3b497c9455595d8edf504171bfd	667	SUPERFAMILY	SSF57756	Retrovirus zinc finger-like domains	609	658	1.16E-11	T	13-08-2026	IPR036875	Zinc finger, CCHC-type superfamily	GO:0003676(InterPro)|GO:0008270(InterPro)	Reactome:R-BTA-159231|Reactome:R-BTA-159236|Reactome:R-BTA-72163|Reactome:R-BTA-72165|Reactome:R-BTA-72203|Reactome:R-BTA-73856|Reactome:R-BTA-77595|Reactome:R-BTA-9770562|Reactome:R-CEL-159236|Reactome:R-CEL-72163|Reactome:R-CEL-73856|Reactome:R-DME-159231|Reactome:R-DME-159236|Reactome:R-DME-1834941|Reactome:R-DME-72163|Reactome:R-DME-72165|Reactome:R-DME-72203|Reactome:R-DME-73856|Reactome:R-DME-77595|Reactome:R-DME-9770562|Reactome:R-DRE-72165|Reactome:R-HSA-1169408|Reactome:R-HSA-159231|Reactome:R-HSA-159236|Reactome:R-HSA-162585|Reactome:R-HSA-162588|Reactome:R-HSA-162592|Reactome:R-HSA-162594|Reactome:R-HSA-164516|Reactome:R-HSA-164525|Reactome:R-HSA-164843|Reactome:R-HSA-168315|Reactome:R-HSA-173107|Reactome:R-HSA-174490|Reactome:R-HSA-174495|Reactome:R-HSA-175474|Reactome:R-HSA-175567|Reactome:R-HSA-177539|Reactome:R-HSA-180689|Reactome:R-HSA-180910|Reactome:R-HSA-429947|Reactome:R-HSA-452723|Reactome:R-HSA-6784531|Reactome:R-HSA-72163|Reactome:R-HSA-72165|Reactome:R-HSA-72187|Reactome:R-HSA-72203|Reactome:R-HSA-73856|Reactome:R-HSA-77595|Reactome:R-HSA-9013422|Reactome:R-HSA-9682706|Reactome:R-HSA-9694686|Reactome:R-HSA-9705671|Reactome:R-HSA-9770562|Reactome:R-HSA-9819196|Reactome:R-HSA-9820865|Reactome:R-HSA-983168|Reactome:R-HSA-9918481|Reactome:R-HSA-9930044|Reactome:R-MMU-159231|Reactome:R-MMU-159236|Reactome:R-MMU-72163|Reactome:R-MMU-72165|Reactome:R-MMU-72187|Reactome:R-MMU-72203|Reactome:R-MMU-73856|Reactome:R-MMU-77595|Reactome:R-MMU-9013422|Reactome:R-MMU-9770562|Reactome:R-MMU-983168|Reactome:R-RNO-159231|Reactome:R-RNO-72165|Reactome:R-RNO-73856|Reactome:R-RNO-77595|Reactome:R-RNO-9770562|Reactome:R-SCE-983168|Reactome:R-SPO-9770562|Reactome:R-SPO-983168|Reactome:R-XTR-77595|Reactome:R-XTR-9770562
LPDV	3c02d3b497c9455595d8edf504171bfd	667	SMART	SM00343	c2hcfinal6	615	631	3.9E-5	T	13-08-2026	IPR001878	Zinc finger, CCHC-type	GO:0003676(InterPro)|GO:0008270(InterPro)	Reactome:R-BTA-159231|Reactome:R-BTA-159236|Reactome:R-BTA-72163|Reactome:R-BTA-72165|Reactome:R-BTA-72203|Reactome:R-BTA-73856|Reactome:R-BTA-77595|Reactome:R-BTA-9770562|Reactome:R-CEL-159236|Reactome:R-CEL-72163|Reactome:R-CEL-73856|Reactome:R-DME-159231|Reactome:R-DME-159236|Reactome:R-DME-1834941|Reactome:R-DME-72163|Reactome:R-DME-72165|Reactome:R-DME-72203|Reactome:R-DME-73856|Reactome:R-DME-77595|Reactome:R-DME-8941326|Reactome:R-DME-9770562|Reactome:R-DME-9930044|Reactome:R-DRE-72165|Reactome:R-HSA-1169408|Reactome:R-HSA-159231|Reactome:R-HSA-159236|Reactome:R-HSA-162585|Reactome:R-HSA-162588|Reactome:R-HSA-162592|Reactome:R-HSA-162594|Reactome:R-HSA-164516|Reactome:R-HSA-164525|Reactome:R-HSA-164843|Reactome:R-HSA-168315|Reactome:R-HSA-173107|Reactome:R-HSA-174490|Reactome:R-HSA-174495|Reactome:R-HSA-175474|Reactome:R-HSA-175567|Reactome:R-HSA-177539|Reactome:R-HSA-180689|Reactome:R-HSA-180910|Reactome:R-HSA-429947|Reactome:R-HSA-452723|Reactome:R-HSA-6784531|Reactome:R-HSA-72163|Reactome:R-HSA-72165|Reactome:R-HSA-72187|Reactome:R-HSA-72203|Reactome:R-HSA-73856|Reactome:R-HSA-77595|Reactome:R-HSA-9013422|Reactome:R-HSA-9682706|Reactome:R-HSA-9694686|Reactome:R-HSA-9705671|Reactome:R-HSA-9770562|Reactome:R-HSA-9819196|Reactome:R-HSA-9820865|Reactome:R-HSA-983168|Reactome:R-HSA-9843970|Reactome:R-HSA-9918481|Reactome:R-HSA-9930044|Reactome:R-HSA-9931510|Reactome:R-MMU-159231|Reactome:R-MMU-159236|Reactome:R-MMU-72163|Reactome:R-MMU-72165|Reactome:R-MMU-72187|Reactome:R-MMU-72203|Reactome:R-MMU-73856|Reactome:R-MMU-77595|Reactome:R-MMU-9013422|Reactome:R-MMU-9770562|Reactome:R-MMU-983168|Reactome:R-MMU-9930044|Reactome:R-RNO-159231|Reactome:R-RNO-72165|Reactome:R-RNO-73856|Reactome:R-RNO-77595|Reactome:R-RNO-9770562|Reactome:R-SCE-983168|Reactome:R-SPO-9770562|Reactome:R-SPO-983168|Reactome:R-XTR-77595|Reactome:R-XTR-9770562
LPDV	3c02d3b497c9455595d8edf504171bfd	667	SMART	SM00343	c2hcfinal6	640	656	1.0E-4	T	13-08-2026	IPR001878	Zinc finger, CCHC-type	GO:0003676(InterPro)|GO:0008270(InterPro)	Reactome:R-BTA-159231|Reactome:R-BTA-159236|Reactome:R-BTA-72163|Reactome:R-BTA-72165|Reactome:R-BTA-72203|Reactome:R-BTA-73856|Reactome:R-BTA-77595|Reactome:R-BTA-9770562|Reactome:R-CEL-159236|Reactome:R-CEL-72163|Reactome:R-CEL-73856|Reactome:R-DME-159231|Reactome:R-DME-159236|Reactome:R-DME-1834941|Reactome:R-DME-72163|Reactome:R-DME-72165|Reactome:R-DME-72203|Reactome:R-DME-73856|Reactome:R-DME-77595|Reactome:R-DME-8941326|Reactome:R-DME-9770562|Reactome:R-DME-9930044|Reactome:R-DRE-72165|Reactome:R-HSA-1169408|Reactome:R-HSA-159231|Reactome:R-HSA-159236|Reactome:R-HSA-162585|Reactome:R-HSA-162588|Reactome:R-HSA-162592|Reactome:R-HSA-162594|Reactome:R-HSA-164516|Reactome:R-HSA-164525|Reactome:R-HSA-164843|Reactome:R-HSA-168315|Reactome:R-HSA-173107|Reactome:R-HSA-174490|Reactome:R-HSA-174495|Reactome:R-HSA-175474|Reactome:R-HSA-175567|Reactome:R-HSA-177539|Reactome:R-HSA-180689|Reactome:R-HSA-180910|Reactome:R-HSA-429947|Reactome:R-HSA-452723|Reactome:R-HSA-6784531|Reactome:R-HSA-72163|Reactome:R-HSA-72165|Reactome:R-HSA-72187|Reactome:R-HSA-72203|Reactome:R-HSA-73856|Reactome:R-HSA-77595|Reactome:R-HSA-9013422|Reactome:R-HSA-9682706|Reactome:R-HSA-9694686|Reactome:R-HSA-9705671|Reactome:R-HSA-9770562|Reactome:R-HSA-9819196|Reactome:R-HSA-9820865|Reactome:R-HSA-983168|Reactome:R-HSA-9843970|Reactome:R-HSA-9918481|Reactome:R-HSA-9930044|Reactome:R-HSA-9931510|Reactome:R-MMU-159231|Reactome:R-MMU-159236|Reactome:R-MMU-72163|Reactome:R-MMU-72165|Reactome:R-MMU-72187|Reactome:R-MMU-72203|Reactome:R-MMU-73856|Reactome:R-MMU-77595|Reactome:R-MMU-9013422|Reactome:R-MMU-9770562|Reactome:R-MMU-983168|Reactome:R-MMU-9930044|Reactome:R-RNO-159231|Reactome:R-RNO-72165|Reactome:R-RNO-73856|Reactome:R-RNO-77595|Reactome:R-RNO-9770562|Reactome:R-SCE-983168|Reactome:R-SPO-9770562|Reactome:R-SPO-983168|Reactome:R-XTR-77595|Reactome:R-XTR-9770562
LPDV	3c02d3b497c9455595d8edf504171bfd	667	Gene3D	G3DSA:1.10.150.90	Immunodeficiency lentiviruses, gag gene matrix protein p17	1	68	1.8E-19	T	13-08-2026	IPR012344	Matrix protein, lentiviral and alpha-retroviral, N-terminal	-	Reactome:R-HSA-1169408|Reactome:R-HSA-162585|Reactome:R-HSA-162588|Reactome:R-HSA-162592|Reactome:R-HSA-162594|Reactome:R-HSA-164516|Reactome:R-HSA-164525|Reactome:R-HSA-164843|Reactome:R-HSA-173107|Reactome:R-HSA-174490|Reactome:R-HSA-174495|Reactome:R-HSA-175474|Reactome:R-HSA-175567|Reactome:R-HSA-177539|Reactome:R-HSA-180689|Reactome:R-HSA-180910
LPDV	3c02d3b497c9455595d8edf504171bfd	667	SUPERFAMILY	SSF47943	Retrovirus capsid protein, N-terminal core domain	344	504	1.73E-35	T	13-08-2026	IPR008919	Retrovirus capsid, N-terminal	GO:0016032(InterPro)	Reactome:R-HSA-1169408|Reactome:R-HSA-162585|Reactome:R-HSA-162588|Reactome:R-HSA-162592|Reactome:R-HSA-162594|Reactome:R-HSA-164516|Reactome:R-HSA-164525|Reactome:R-HSA-164843|Reactome:R-HSA-173107|Reactome:R-HSA-174490|Reactome:R-HSA-174495|Reactome:R-HSA-175474|Reactome:R-HSA-175567|Reactome:R-HSA-177539|Reactome:R-HSA-180689|Reactome:R-HSA-180910
LPDV	3c02d3b497c9455595d8edf504171bfd	667	ProSiteProfiles	PS50158	Zinc finger CCHC-type profile.	616	631	10.790031	T	13-08-2026	IPR001878	Zinc finger, CCHC-type	GO:0003676(InterPro)|GO:0008270(InterPro)	Reactome:R-BTA-159231|Reactome:R-BTA-159236|Reactome:R-BTA-72163|Reactome:R-BTA-72165|Reactome:R-BTA-72203|Reactome:R-BTA-73856|Reactome:R-BTA-77595|Reactome:R-BTA-9770562|Reactome:R-CEL-159236|Reactome:R-CEL-72163|Reactome:R-CEL-73856|Reactome:R-DME-159231|Reactome:R-DME-159236|Reactome:R-DME-1834941|Reactome:R-DME-72163|Reactome:R-DME-72165|Reactome:R-DME-72203|Reactome:R-DME-73856|Reactome:R-DME-77595|Reactome:R-DME-8941326|Reactome:R-DME-9770562|Reactome:R-DME-9930044|Reactome:R-DRE-72165|Reactome:R-HSA-1169408|Reactome:R-HSA-159231|Reactome:R-HSA-159236|Reactome:R-HSA-162585|Reactome:R-HSA-162588|Reactome:R-HSA-162592|Reactome:R-HSA-162594|Reactome:R-HSA-164516|Reactome:R-HSA-164525|Reactome:R-HSA-164843|Reactome:R-HSA-168315|Reactome:R-HSA-173107|Reactome:R-HSA-174490|Reactome:R-HSA-174495|Reactome:R-HSA-175474|Reactome:R-HSA-175567|Reactome:R-HSA-177539|Reactome:R-HSA-180689|Reactome:R-HSA-180910|Reactome:R-HSA-429947|Reactome:R-HSA-452723|Reactome:R-HSA-6784531|Reactome:R-HSA-72163|Reactome:R-HSA-72165|Reactome:R-HSA-72187|Reactome:R-HSA-72203|Reactome:R-HSA-73856|Reactome:R-HSA-77595|Reactome:R-HSA-9013422|Reactome:R-HSA-9682706|Reactome:R-HSA-9694686|Reactome:R-HSA-9705671|Reactome:R-HSA-9770562|Reactome:R-HSA-9819196|Reactome:R-HSA-9820865|Reactome:R-HSA-983168|Reactome:R-HSA-9843970|Reactome:R-HSA-9918481|Reactome:R-HSA-9930044|Reactome:R-HSA-9931510|Reactome:R-MMU-159231|Reactome:R-MMU-159236|Reactome:R-MMU-72163|Reactome:R-MMU-72165|Reactome:R-MMU-72187|Reactome:R-MMU-72203|Reactome:R-MMU-73856|Reactome:R-MMU-77595|Reactome:R-MMU-9013422|Reactome:R-MMU-9770562|Reactome:R-MMU-983168|Reactome:R-MMU-9930044|Reactome:R-RNO-159231|Reactome:R-RNO-72165|Reactome:R-RNO-73856|Reactome:R-RNO-77595|Reactome:R-RNO-9770562|Reactome:R-SCE-983168|Reactome:R-SPO-9770562|Reactome:R-SPO-983168|Reactome:R-XTR-77595|Reactome:R-XTR-9770562
LPDV	3c02d3b497c9455595d8edf504171bfd	667	Pfam	PF00607	gag protein p24 N-terminal domain	384	497	5.2E-19	T	13-08-2026	-	-	-	-
LPDV	3c02d3b497c9455595d8edf504171bfd	667	SUPERFAMILY	SSF47353	Retrovirus capsid dimerization domain-like	518	592	9.71E-16	T	13-08-2026	-	-	-	-
LPDV	3c02d3b497c9455595d8edf504171bfd	667	Coils	Coil	Coil	307	330	-	T	13-08-2026	-	-	-	-
LPDV	3c02d3b497c9455595d8edf504171bfd	667	Gene3D	G3DSA:4.10.60.10	-	605	659	5.4E-13	T	13-08-2026	-	-	-	-
LPDV	3c02d3b497c9455595d8edf504171bfd	667	MobiDBLite	mobidb-lite	consensus disorder prediction	211	307	-	T	13-08-2026	-	-	-	-
LPDV	3c02d3b497c9455595d8edf504171bfd	667	MobiDBLite	mobidb-lite	consensus disorder prediction	157	173	-	T	13-08-2026	-	-	-	-
LPDV	3c02d3b497c9455595d8edf504171bfd	667	MobiDBLite	mobidb-lite	consensus disorder prediction	112	124	-	T	13-08-2026	-	-	-	-
LPDV	3c02d3b497c9455595d8edf504171bfd	667	MobiDBLite	mobidb-lite	consensus disorder prediction	180	195	-	T	13-08-2026	-	-	-	-
LPDV	3c02d3b497c9455595d8edf504171bfd	667	MobiDBLite	mobidb-lite	consensus disorder prediction	107	195	-	T	13-08-2026	-	-	-	-
LPDV	3c02d3b497c9455595d8edf504171bfd	667	MobiDBLite	mobidb-lite	consensus disorder prediction	216	238	-	T	13-08-2026	-	-	-	-
LPDV	3c02d3b497c9455595d8edf504171bfd	667	ProSiteProfiles	PS50158	Zinc finger CCHC-type profile.	640	656	10.42741	T	13-08-2026	IPR001878	Zinc finger, CCHC-type	GO:0003676(InterPro)|GO:0008270(InterPro)	Reactome:R-BTA-159231|Reactome:R-BTA-159236|Reactome:R-BTA-72163|Reactome:R-BTA-72165|Reactome:R-BTA-72203|Reactome:R-BTA-73856|Reactome:R-BTA-77595|Reactome:R-BTA-9770562|Reactome:R-CEL-159236|Reactome:R-CEL-72163|Reactome:R-CEL-73856|Reactome:R-DME-159231|Reactome:R-DME-159236|Reactome:R-DME-1834941|Reactome:R-DME-72163|Reactome:R-DME-72165|Reactome:R-DME-72203|Reactome:R-DME-73856|Reactome:R-DME-77595|Reactome:R-DME-8941326|Reactome:R-DME-9770562|Reactome:R-DME-9930044|Reactome:R-DRE-72165|Reactome:R-HSA-1169408|Reactome:R-HSA-159231|Reactome:R-HSA-159236|Reactome:R-HSA-162585|Reactome:R-HSA-162588|Reactome:R-HSA-162592|Reactome:R-HSA-162594|Reactome:R-HSA-164516|Reactome:R-HSA-164525|Reactome:R-HSA-164843|Reactome:R-HSA-168315|Reactome:R-HSA-173107|Reactome:R-HSA-174490|Reactome:R-HSA-174495|Reactome:R-HSA-175474|Reactome:R-HSA-175567|Reactome:R-HSA-177539|Reactome:R-HSA-180689|Reactome:R-HSA-180910|Reactome:R-HSA-429947|Reactome:R-HSA-452723|Reactome:R-HSA-6784531|Reactome:R-HSA-72163|Reactome:R-HSA-72165|Reactome:R-HSA-72187|Reactome:R-HSA-72203|Reactome:R-HSA-73856|Reactome:R-HSA-77595|Reactome:R-HSA-9013422|Reactome:R-HSA-9682706|Reactome:R-HSA-9694686|Reactome:R-HSA-9705671|Reactome:R-HSA-9770562|Reactome:R-HSA-9819196|Reactome:R-HSA-9820865|Reactome:R-HSA-983168|Reactome:R-HSA-9843970|Reactome:R-HSA-9918481|Reactome:R-HSA-9930044|Reactome:R-HSA-9931510|Reactome:R-MMU-159231|Reactome:R-MMU-159236|Reactome:R-MMU-72163|Reactome:R-MMU-72165|Reactome:R-MMU-72187|Reactome:R-MMU-72203|Reactome:R-MMU-73856|Reactome:R-MMU-77595|Reactome:R-MMU-9013422|Reactome:R-MMU-9770562|Reactome:R-MMU-983168|Reactome:R-MMU-9930044|Reactome:R-RNO-159231|Reactome:R-RNO-72165|Reactome:R-RNO-73856|Reactome:R-RNO-77595|Reactome:R-RNO-9770562|Reactome:R-SCE-983168|Reactome:R-SPO-9770562|Reactome:R-SPO-983168|Reactome:R-XTR-77595|Reactome:R-XTR-9770562
LPDV	3c02d3b497c9455595d8edf504171bfd	667	Gene3D	G3DSA:1.10.375.10	Human Immunodeficiency Virus Type 1 Capsid Protein	341	505	8.6E-35	T	13-08-2026	IPR008919	Retrovirus capsid, N-terminal	GO:0016032(InterPro)	Reactome:R-HSA-1169408|Reactome:R-HSA-162585|Reactome:R-HSA-162588|Reactome:R-HSA-162592|Reactome:R-HSA-162594|Reactome:R-HSA-164516|Reactome:R-HSA-164525|Reactome:R-HSA-164843|Reactome:R-HSA-173107|Reactome:R-HSA-174490|Reactome:R-HSA-174495|Reactome:R-HSA-175474|Reactome:R-HSA-175567|Reactome:R-HSA-177539|Reactome:R-HSA-180689|Reactome:R-HSA-180910
LPDV	3c02d3b497c9455595d8edf504171bfd	667	PANTHER	PTHR40389	ENDOGENOUS RETROVIRUS GROUP K MEMBER 24 GAG POLYPROTEIN-RELATED	10	661	3.5E-62	T	13-08-2026	IPR050195	Primate lentivirus group Gag polyprotein-like	-	Reactome:R-HSA-1169408|Reactome:R-HSA-162585|Reactome:R-HSA-162588|Reactome:R-HSA-162592|Reactome:R-HSA-162594|Reactome:R-HSA-164516|Reactome:R-HSA-164525|Reactome:R-HSA-164843|Reactome:R-HSA-173107|Reactome:R-HSA-174490|Reactome:R-HSA-174495|Reactome:R-HSA-175474|Reactome:R-HSA-175567|Reactome:R-HSA-177539|Reactome:R-HSA-180689|Reactome:R-HSA-180910
SFV-1	57f5b6542b6eebd3b9350d867c722ef5	533	Pfam	PF20672	Spumavirus Gag polyprotein, conserved central domain	288	459	1.2E-76	T	13-08-2026	-	-	-	-
SFV-1	57f5b6542b6eebd3b9350d867c722ef5	533	Pfam	PF03276	Spumavirus gag protein, N-terminal	2	143	2.9E-56	T	13-08-2026	IPR004957	Gag polyprotein, N-terminal domain	GO:0019028(InterPro)|GO:0019076(InterPro)|GO:0030430(InterPro)|GO:0042025(InterPro)|GO:0044163(InterPro)|GO:0046718(InterPro)|GO:0075521(InterPro)	-
SFV-1	57f5b6542b6eebd3b9350d867c722ef5	533	MobiDBLite	mobidb-lite	consensus disorder prediction	169	202	-	T	13-08-2026	-	-	-	-
SFV-1	57f5b6542b6eebd3b9350d867c722ef5	533	MobiDBLite	mobidb-lite	consensus disorder prediction	185	202	-	T	13-08-2026	-	-	-	-
SFV-1	57f5b6542b6eebd3b9350d867c722ef5	533	MobiDBLite	mobidb-lite	consensus disorder prediction	242	251	-	T	13-08-2026	-	-	-	-
SFV-1	57f5b6542b6eebd3b9350d867c722ef5	533	MobiDBLite	mobidb-lite	consensus disorder prediction	463	476	-	T	13-08-2026	-	-	-	-
SFV-1	57f5b6542b6eebd3b9350d867c722ef5	533	MobiDBLite	mobidb-lite	consensus disorder prediction	497	526	-	T	13-08-2026	-	-	-	-
SFV-1	57f5b6542b6eebd3b9350d867c722ef5	533	MobiDBLite	mobidb-lite	consensus disorder prediction	242	262	-	T	13-08-2026	-	-	-	-
SFV-1	57f5b6542b6eebd3b9350d867c722ef5	533	MobiDBLite	mobidb-lite	consensus disorder prediction	462	533	-	T	13-08-2026	-	-	-	-
CAEV	f6dc73f2dc8c2708c5e3e020ddcf64e8	426	Pfam	PF19317	Gag protein p24 C-terminal domain	281	330	7.1E-6	T	13-08-2026	IPR045345	Retroviral nucleocapsid Gag protein p24, C-terminal domain	-	Reactome:R-HSA-1169408|Reactome:R-HSA-162585|Reactome:R-HSA-162588|Reactome:R-HSA-162592|Reactome:R-HSA-162594|Reactome:R-HSA-164516|Reactome:R-HSA-164525|Reactome:R-HSA-164843|Reactome:R-HSA-173107|Reactome:R-HSA-174490|Reactome:R-HSA-174495|Reactome:R-HSA-175474|Reactome:R-HSA-175567|Reactome:R-HSA-177539|Reactome:R-HSA-180689|Reactome:R-HSA-180910
CAEV	f6dc73f2dc8c2708c5e3e020ddcf64e8	426	SMART	SM00343	c2hcfinal6	380	396	1.4E-5	T	13-08-2026	IPR001878	Zinc finger, CCHC-type	GO:0003676(InterPro)|GO:0008270(InterPro)	Reactome:R-BTA-159231|Reactome:R-BTA-159236|Reactome:R-BTA-72163|Reactome:R-BTA-72165|Reactome:R-BTA-72203|Reactome:R-BTA-73856|Reactome:R-BTA-77595|Reactome:R-BTA-9770562|Reactome:R-CEL-159236|Reactome:R-CEL-72163|Reactome:R-CEL-73856|Reactome:R-DME-159231|Reactome:R-DME-159236|Reactome:R-DME-1834941|Reactome:R-DME-72163|Reactome:R-DME-72165|Reactome:R-DME-72203|Reactome:R-DME-73856|Reactome:R-DME-77595|Reactome:R-DME-8941326|Reactome:R-DME-9770562|Reactome:R-DME-9930044|Reactome:R-DRE-72165|Reactome:R-HSA-1169408|Reactome:R-HSA-159231|Reactome:R-HSA-159236|Reactome:R-HSA-162585|Reactome:R-HSA-162588|Reactome:R-HSA-162592|Reactome:R-HSA-162594|Reactome:R-HSA-164516|Reactome:R-HSA-164525|Reactome:R-HSA-164843|Reactome:R-HSA-168315|Reactome:R-HSA-173107|Reactome:R-HSA-174490|Reactome:R-HSA-174495|Reactome:R-HSA-175474|Reactome:R-HSA-175567|Reactome:R-HSA-177539|Reactome:R-HSA-180689|Reactome:R-HSA-180910|Reactome:R-HSA-429947|Reactome:R-HSA-452723|Reactome:R-HSA-6784531|Reactome:R-HSA-72163|Reactome:R-HSA-72165|Reactome:R-HSA-72187|Reactome:R-HSA-72203|Reactome:R-HSA-73856|Reactome:R-HSA-77595|Reactome:R-HSA-9013422|Reactome:R-HSA-9682706|Reactome:R-HSA-9694686|Reactome:R-HSA-9705671|Reactome:R-HSA-9770562|Reactome:R-HSA-9819196|Reactome:R-HSA-9820865|Reactome:R-HSA-983168|Reactome:R-HSA-9843970|Reactome:R-HSA-9918481|Reactome:R-HSA-9930044|Reactome:R-HSA-9931510|Reactome:R-MMU-159231|Reactome:R-MMU-159236|Reactome:R-MMU-72163|Reactome:R-MMU-72165|Reactome:R-MMU-72187|Reactome:R-MMU-72203|Reactome:R-MMU-73856|Reactome:R-MMU-77595|Reactome:R-MMU-9013422|Reactome:R-MMU-9770562|Reactome:R-MMU-983168|Reactome:R-MMU-9930044|Reactome:R-RNO-159231|Reactome:R-RNO-72165|Reactome:R-RNO-73856|Reactome:R-RNO-77595|Reactome:R-RNO-9770562|Reactome:R-SCE-983168|Reactome:R-SPO-9770562|Reactome:R-SPO-983168|Reactome:R-XTR-77595|Reactome:R-XTR-9770562
CAEV	f6dc73f2dc8c2708c5e3e020ddcf64e8	426	SMART	SM00343	c2hcfinal6	399	415	0.0066	T	13-08-2026	IPR001878	Zinc finger, CCHC-type	GO:0003676(InterPro)|GO:0008270(InterPro)	Reactome:R-BTA-159231|Reactome:R-BTA-159236|Reactome:R-BTA-72163|Reactome:R-BTA-72165|Reactome:R-BTA-72203|Reactome:R-BTA-73856|Reactome:R-BTA-77595|Reactome:R-BTA-9770562|Reactome:R-CEL-159236|Reactome:R-CEL-72163|Reactome:R-CEL-73856|Reactome:R-DME-159231|Reactome:R-DME-159236|Reactome:R-DME-1834941|Reactome:R-DME-72163|Reactome:R-DME-72165|Reactome:R-DME-72203|Reactome:R-DME-73856|Reactome:R-DME-77595|Reactome:R-DME-8941326|Reactome:R-DME-9770562|Reactome:R-DME-9930044|Reactome:R-DRE-72165|Reactome:R-HSA-1169408|Reactome:R-HSA-159231|Reactome:R-HSA-159236|Reactome:R-HSA-162585|Reactome:R-HSA-162588|Reactome:R-HSA-162592|Reactome:R-HSA-162594|Reactome:R-HSA-164516|Reactome:R-HSA-164525|Reactome:R-HSA-164843|Reactome:R-HSA-168315|Reactome:R-HSA-173107|Reactome:R-HSA-174490|Reactome:R-HSA-174495|Reactome:R-HSA-175474|Reactome:R-HSA-175567|Reactome:R-HSA-177539|Reactome:R-HSA-180689|Reactome:R-HSA-180910|Reactome:R-HSA-429947|Reactome:R-HSA-452723|Reactome:R-HSA-6784531|Reactome:R-HSA-72163|Reactome:R-HSA-72165|Reactome:R-HSA-72187|Reactome:R-HSA-72203|Reactome:R-HSA-73856|Reactome:R-HSA-77595|Reactome:R-HSA-9013422|Reactome:R-HSA-9682706|Reactome:R-HSA-9694686|Reactome:R-HSA-9705671|Reactome:R-HSA-9770562|Reactome:R-HSA-9819196|Reactome:R-HSA-9820865|Reactome:R-HSA-983168|Reactome:R-HSA-9843970|Reactome:R-HSA-9918481|Reactome:R-HSA-9930044|Reactome:R-HSA-9931510|Reactome:R-MMU-159231|Reactome:R-MMU-159236|Reactome:R-MMU-72163|Reactome:R-MMU-72165|Reactome:R-MMU-72187|Reactome:R-MMU-72203|Reactome:R-MMU-73856|Reactome:R-MMU-77595|Reactome:R-MMU-9013422|Reactome:R-MMU-9770562|Reactome:R-MMU-983168|Reactome:R-MMU-9930044|Reactome:R-RNO-159231|Reactome:R-RNO-72165|Reactome:R-RNO-73856|Reactome:R-RNO-77595|Reactome:R-RNO-9770562|Reactome:R-SCE-983168|Reactome:R-SPO-9770562|Reactome:R-SPO-983168|Reactome:R-XTR-77595|Reactome:R-XTR-9770562
CAEV	f6dc73f2dc8c2708c5e3e020ddcf64e8	426	Pfam	PF00607	gag protein p24 N-terminal domain	148	269	3.9E-7	T	13-08-2026	-	-	-	-
CAEV	f6dc73f2dc8c2708c5e3e020ddcf64e8	426	SUPERFAMILY	SSF57756	Retrovirus zinc finger-like domains	371	416	2.79E-12	T	13-08-2026	IPR036875	Zinc finger, CCHC-type superfamily	GO:0003676(InterPro)|GO:0008270(InterPro)	Reactome:R-BTA-159231|Reactome:R-BTA-159236|Reactome:R-BTA-72163|Reactome:R-BTA-72165|Reactome:R-BTA-72203|Reactome:R-BTA-73856|Reactome:R-BTA-77595|Reactome:R-BTA-9770562|Reactome:R-CEL-159236|Reactome:R-CEL-72163|Reactome:R-CEL-73856|Reactome:R-DME-159231|Reactome:R-DME-159236|Reactome:R-DME-1834941|Reactome:R-DME-72163|Reactome:R-DME-72165|Reactome:R-DME-72203|Reactome:R-DME-73856|Reactome:R-DME-77595|Reactome:R-DME-9770562|Reactome:R-DRE-72165|Reactome:R-HSA-1169408|Reactome:R-HSA-159231|Reactome:R-HSA-159236|Reactome:R-HSA-162585|Reactome:R-HSA-162588|Reactome:R-HSA-162592|Reactome:R-HSA-162594|Reactome:R-HSA-164516|Reactome:R-HSA-164525|Reactome:R-HSA-164843|Reactome:R-HSA-168315|Reactome:R-HSA-173107|Reactome:R-HSA-174490|Reactome:R-HSA-174495|Reactome:R-HSA-175474|Reactome:R-HSA-175567|Reactome:R-HSA-177539|Reactome:R-HSA-180689|Reactome:R-HSA-180910|Reactome:R-HSA-429947|Reactome:R-HSA-452723|Reactome:R-HSA-6784531|Reactome:R-HSA-72163|Reactome:R-HSA-72165|Reactome:R-HSA-72187|Reactome:R-HSA-72203|Reactome:R-HSA-73856|Reactome:R-HSA-77595|Reactome:R-HSA-9013422|Reactome:R-HSA-9682706|Reactome:R-HSA-9694686|Reactome:R-HSA-9705671|Reactome:R-HSA-9770562|Reactome:R-HSA-9819196|Reactome:R-HSA-9820865|Reactome:R-HSA-983168|Reactome:R-HSA-9918481|Reactome:R-HSA-9930044|Reactome:R-MMU-159231|Reactome:R-MMU-159236|Reactome:R-MMU-72163|Reactome:R-MMU-72165|Reactome:R-MMU-72187|Reactome:R-MMU-72203|Reactome:R-MMU-73856|Reactome:R-MMU-77595|Reactome:R-MMU-9013422|Reactome:R-MMU-9770562|Reactome:R-MMU-983168|Reactome:R-RNO-159231|Reactome:R-RNO-72165|Reactome:R-RNO-73856|Reactome:R-RNO-77595|Reactome:R-RNO-9770562|Reactome:R-SCE-983168|Reactome:R-SPO-9770562|Reactome:R-SPO-983168|Reactome:R-XTR-77595|Reactome:R-XTR-9770562
CAEV	f6dc73f2dc8c2708c5e3e020ddcf64e8	426	ProSiteProfiles	PS50158	Zinc finger CCHC-type profile.	380	396	11.13617	T	13-08-2026	IPR001878	Zinc finger, CCHC-type	GO:0003676(InterPro)|GO:0008270(InterPro)	Reactome:R-BTA-159231|Reactome:R-BTA-159236|Reactome:R-BTA-72163|Reactome:R-BTA-72165|Reactome:R-BTA-72203|Reactome:R-BTA-73856|Reactome:R-BTA-77595|Reactome:R-BTA-9770562|Reactome:R-CEL-159236|Reactome:R-CEL-72163|Reactome:R-CEL-73856|Reactome:R-DME-159231|Reactome:R-DME-159236|Reactome:R-DME-1834941|Reactome:R-DME-72163|Reactome:R-DME-72165|Reactome:R-DME-72203|Reactome:R-DME-73856|Reactome:R-DME-77595|Reactome:R-DME-8941326|Reactome:R-DME-9770562|Reactome:R-DME-9930044|Reactome:R-DRE-72165|Reactome:R-HSA-1169408|Reactome:R-HSA-159231|Reactome:R-HSA-159236|Reactome:R-HSA-162585|Reactome:R-HSA-162588|Reactome:R-HSA-162592|Reactome:R-HSA-162594|Reactome:R-HSA-164516|Reactome:R-HSA-164525|Reactome:R-HSA-164843|Reactome:R-HSA-168315|Reactome:R-HSA-173107|Reactome:R-HSA-174490|Reactome:R-HSA-174495|Reactome:R-HSA-175474|Reactome:R-HSA-175567|Reactome:R-HSA-177539|Reactome:R-HSA-180689|Reactome:R-HSA-180910|Reactome:R-HSA-429947|Reactome:R-HSA-452723|Reactome:R-HSA-6784531|Reactome:R-HSA-72163|Reactome:R-HSA-72165|Reactome:R-HSA-72187|Reactome:R-HSA-72203|Reactome:R-HSA-73856|Reactome:R-HSA-77595|Reactome:R-HSA-9013422|Reactome:R-HSA-9682706|Reactome:R-HSA-9694686|Reactome:R-HSA-9705671|Reactome:R-HSA-9770562|Reactome:R-HSA-9819196|Reactome:R-HSA-9820865|Reactome:R-HSA-983168|Reactome:R-HSA-9843970|Reactome:R-HSA-9918481|Reactome:R-HSA-9930044|Reactome:R-HSA-9931510|Reactome:R-MMU-159231|Reactome:R-MMU-159236|Reactome:R-MMU-72163|Reactome:R-MMU-72165|Reactome:R-MMU-72187|Reactome:R-MMU-72203|Reactome:R-MMU-73856|Reactome:R-MMU-77595|Reactome:R-MMU-9013422|Reactome:R-MMU-9770562|Reactome:R-MMU-983168|Reactome:R-MMU-9930044|Reactome:R-RNO-159231|Reactome:R-RNO-72165|Reactome:R-RNO-73856|Reactome:R-RNO-77595|Reactome:R-RNO-9770562|Reactome:R-SCE-983168|Reactome:R-SPO-9770562|Reactome:R-SPO-983168|Reactome:R-XTR-77595|Reactome:R-XTR-9770562
CAEV	f6dc73f2dc8c2708c5e3e020ddcf64e8	426	PANTHER	PTHR40389	ENDOGENOUS RETROVIRUS GROUP K MEMBER 24 GAG POLYPROTEIN-RELATED	122	424	6.3E-30	T	13-08-2026	IPR050195	Primate lentivirus group Gag polyprotein-like	-	Reactome:R-HSA-1169408|Reactome:R-HSA-162585|Reactome:R-HSA-162588|Reactome:R-HSA-162592|Reactome:R-HSA-162594|Reactome:R-HSA-164516|Reactome:R-HSA-164525|Reactome:R-HSA-164843|Reactome:R-HSA-173107|Reactome:R-HSA-174490|Reactome:R-HSA-174495|Reactome:R-HSA-175474|Reactome:R-HSA-175567|Reactome:R-HSA-177539|Reactome:R-HSA-180689|Reactome:R-HSA-180910
CAEV	f6dc73f2dc8c2708c5e3e020ddcf64e8	426	SUPERFAMILY	SSF47943	Retrovirus capsid protein, N-terminal core domain	136	284	1.94E-37	T	13-08-2026	IPR008919	Retrovirus capsid, N-terminal	GO:0016032(InterPro)	Reactome:R-HSA-1169408|Reactome:R-HSA-162585|Reactome:R-HSA-162588|Reactome:R-HSA-162592|Reactome:R-HSA-162594|Reactome:R-HSA-164516|Reactome:R-HSA-164525|Reactome:R-HSA-164843|Reactome:R-HSA-173107|Reactome:R-HSA-174490|Reactome:R-HSA-174495|Reactome:R-HSA-175474|Reactome:R-HSA-175567|Reactome:R-HSA-177539|Reactome:R-HSA-180689|Reactome:R-HSA-180910
CAEV	f6dc73f2dc8c2708c5e3e020ddcf64e8	426	Gene3D	G3DSA:1.10.375.10	Human Immunodeficiency Virus Type 1 Capsid Protein	136	271	1.8E-25	T	13-08-2026	IPR008919	Retrovirus capsid, N-terminal	GO:0016032(InterPro)	Reactome:R-HSA-1169408|Reactome:R-HSA-162585|Reactome:R-HSA-162588|Reactome:R-HSA-162592|Reactome:R-HSA-162594|Reactome:R-HSA-164516|Reactome:R-HSA-164525|Reactome:R-HSA-164843|Reactome:R-HSA-173107|Reactome:R-HSA-174490|Reactome:R-HSA-174495|Reactome:R-HSA-175474|Reactome:R-HSA-175567|Reactome:R-HSA-177539|Reactome:R-HSA-180689|Reactome:R-HSA-180910
CAEV	f6dc73f2dc8c2708c5e3e020ddcf64e8	426	Pfam	PF00098	Zinc knuckle	380	396	0.0031	T	13-08-2026	IPR001878	Zinc finger, CCHC-type	GO:0003676(InterPro)|GO:0008270(InterPro)	Reactome:R-BTA-159231|Reactome:R-BTA-159236|Reactome:R-BTA-72163|Reactome:R-BTA-72165|Reactome:R-BTA-72203|Reactome:R-BTA-73856|Reactome:R-BTA-77595|Reactome:R-BTA-9770562|Reactome:R-CEL-159236|Reactome:R-CEL-72163|Reactome:R-CEL-73856|Reactome:R-DME-159231|Reactome:R-DME-159236|Reactome:R-DME-1834941|Reactome:R-DME-72163|Reactome:R-DME-72165|Reactome:R-DME-72203|Reactome:R-DME-73856|Reactome:R-DME-77595|Reactome:R-DME-8941326|Reactome:R-DME-9770562|Reactome:R-DME-9930044|Reactome:R-DRE-72165|Reactome:R-HSA-1169408|Reactome:R-HSA-159231|Reactome:R-HSA-159236|Reactome:R-HSA-162585|Reactome:R-HSA-162588|Reactome:R-HSA-162592|Reactome:R-HSA-162594|Reactome:R-HSA-164516|Reactome:R-HSA-164525|Reactome:R-HSA-164843|Reactome:R-HSA-168315|Reactome:R-HSA-173107|Reactome:R-HSA-174490|Reactome:R-HSA-174495|Reactome:R-HSA-175474|Reactome:R-HSA-175567|Reactome:R-HSA-177539|Reactome:R-HSA-180689|Reactome:R-HSA-180910|Reactome:R-HSA-429947|Reactome:R-HSA-452723|Reactome:R-HSA-6784531|Reactome:R-HSA-72163|Reactome:R-HSA-72165|Reactome:R-HSA-72187|Reactome:R-HSA-72203|Reactome:R-HSA-73856|Reactome:R-HSA-77595|Reactome:R-HSA-9013422|Reactome:R-HSA-9682706|Reactome:R-HSA-9694686|Reactome:R-HSA-9705671|Reactome:R-HSA-9770562|Reactome:R-HSA-9819196|Reactome:R-HSA-9820865|Reactome:R-HSA-983168|Reactome:R-HSA-9843970|Reactome:R-HSA-9918481|Reactome:R-HSA-9930044|Reactome:R-HSA-9931510|Reactome:R-MMU-159231|Reactome:R-MMU-159236|Reactome:R-MMU-72163|Reactome:R-MMU-72165|Reactome:R-MMU-72187|Reactome:R-MMU-72203|Reactome:R-MMU-73856|Reactome:R-MMU-77595|Reactome:R-MMU-9013422|Reactome:R-MMU-9770562|Reactome:R-MMU-983168|Reactome:R-MMU-9930044|Reactome:R-RNO-159231|Reactome:R-RNO-72165|Reactome:R-RNO-73856|Reactome:R-RNO-77595|Reactome:R-RNO-9770562|Reactome:R-SCE-983168|Reactome:R-SPO-9770562|Reactome:R-SPO-983168|Reactome:R-XTR-77595|Reactome:R-XTR-9770562
CAEV	f6dc73f2dc8c2708c5e3e020ddcf64e8	426	Pfam	PF00098	Zinc knuckle	399	414	0.7	T	13-08-2026	IPR001878	Zinc finger, CCHC-type	GO:0003676(InterPro)|GO:0008270(InterPro)	Reactome:R-BTA-159231|Reactome:R-BTA-159236|Reactome:R-BTA-72163|Reactome:R-BTA-72165|Reactome:R-BTA-72203|Reactome:R-BTA-73856|Reactome:R-BTA-77595|Reactome:R-BTA-9770562|Reactome:R-CEL-159236|Reactome:R-CEL-72163|Reactome:R-CEL-73856|Reactome:R-DME-159231|Reactome:R-DME-159236|Reactome:R-DME-1834941|Reactome:R-DME-72163|Reactome:R-DME-72165|Reactome:R-DME-72203|Reactome:R-DME-73856|Reactome:R-DME-77595|Reactome:R-DME-8941326|Reactome:R-DME-9770562|Reactome:R-DME-9930044|Reactome:R-DRE-72165|Reactome:R-HSA-1169408|Reactome:R-HSA-159231|Reactome:R-HSA-159236|Reactome:R-HSA-162585|Reactome:R-HSA-162588|Reactome:R-HSA-162592|Reactome:R-HSA-162594|Reactome:R-HSA-164516|Reactome:R-HSA-164525|Reactome:R-HSA-164843|Reactome:R-HSA-168315|Reactome:R-HSA-173107|Reactome:R-HSA-174490|Reactome:R-HSA-174495|Reactome:R-HSA-175474|Reactome:R-HSA-175567|Reactome:R-HSA-177539|Reactome:R-HSA-180689|Reactome:R-HSA-180910|Reactome:R-HSA-429947|Reactome:R-HSA-452723|Reactome:R-HSA-6784531|Reactome:R-HSA-72163|Reactome:R-HSA-72165|Reactome:R-HSA-72187|Reactome:R-HSA-72203|Reactome:R-HSA-73856|Reactome:R-HSA-77595|Reactome:R-HSA-9013422|Reactome:R-HSA-9682706|Reactome:R-HSA-9694686|Reactome:R-HSA-9705671|Reactome:R-HSA-9770562|Reactome:R-HSA-9819196|Reactome:R-HSA-9820865|Reactome:R-HSA-983168|Reactome:R-HSA-9843970|Reactome:R-HSA-9918481|Reactome:R-HSA-9930044|Reactome:R-HSA-9931510|Reactome:R-MMU-159231|Reactome:R-MMU-159236|Reactome:R-MMU-72163|Reactome:R-MMU-72165|Reactome:R-MMU-72187|Reactome:R-MMU-72203|Reactome:R-MMU-73856|Reactome:R-MMU-77595|Reactome:R-MMU-9013422|Reactome:R-MMU-9770562|Reactome:R-MMU-983168|Reactome:R-MMU-9930044|Reactome:R-RNO-159231|Reactome:R-RNO-72165|Reactome:R-RNO-73856|Reactome:R-RNO-77595|Reactome:R-RNO-9770562|Reactome:R-SCE-983168|Reactome:R-SPO-9770562|Reactome:R-SPO-983168|Reactome:R-XTR-77595|Reactome:R-XTR-9770562
CAEV	f6dc73f2dc8c2708c5e3e020ddcf64e8	426	Gene3D	G3DSA:4.10.60.10	-	369	422	6.4E-12	T	13-08-2026	-	-	-	-
CAEV	f6dc73f2dc8c2708c5e3e020ddcf64e8	426	ProSiteProfiles	PS50158	Zinc finger CCHC-type profile.	400	414	10.163686	T	13-08-2026	IPR001878	Zinc finger, CCHC-type	GO:0003676(InterPro)|GO:0008270(InterPro)	Reactome:R-BTA-159231|Reactome:R-BTA-159236|Reactome:R-BTA-72163|Reactome:R-BTA-72165|Reactome:R-BTA-72203|Reactome:R-BTA-73856|Reactome:R-BTA-77595|Reactome:R-BTA-9770562|Reactome:R-CEL-159236|Reactome:R-CEL-72163|Reactome:R-CEL-73856|Reactome:R-DME-159231|Reactome:R-DME-159236|Reactome:R-DME-1834941|Reactome:R-DME-72163|Reactome:R-DME-72165|Reactome:R-DME-72203|Reactome:R-DME-73856|Reactome:R-DME-77595|Reactome:R-DME-8941326|Reactome:R-DME-9770562|Reactome:R-DME-9930044|Reactome:R-DRE-72165|Reactome:R-HSA-1169408|Reactome:R-HSA-159231|Reactome:R-HSA-159236|Reactome:R-HSA-162585|Reactome:R-HSA-162588|Reactome:R-HSA-162592|Reactome:R-HSA-162594|Reactome:R-HSA-164516|Reactome:R-HSA-164525|Reactome:R-HSA-164843|Reactome:R-HSA-168315|Reactome:R-HSA-173107|Reactome:R-HSA-174490|Reactome:R-HSA-174495|Reactome:R-HSA-175474|Reactome:R-HSA-175567|Reactome:R-HSA-177539|Reactome:R-HSA-180689|Reactome:R-HSA-180910|Reactome:R-HSA-429947|Reactome:R-HSA-452723|Reactome:R-HSA-6784531|Reactome:R-HSA-72163|Reactome:R-HSA-72165|Reactome:R-HSA-72187|Reactome:R-HSA-72203|Reactome:R-HSA-73856|Reactome:R-HSA-77595|Reactome:R-HSA-9013422|Reactome:R-HSA-9682706|Reactome:R-HSA-9694686|Reactome:R-HSA-9705671|Reactome:R-HSA-9770562|Reactome:R-HSA-9819196|Reactome:R-HSA-9820865|Reactome:R-HSA-983168|Reactome:R-HSA-9843970|Reactome:R-HSA-9918481|Reactome:R-HSA-9930044|Reactome:R-HSA-9931510|Reactome:R-MMU-159231|Reactome:R-MMU-159236|Reactome:R-MMU-72163|Reactome:R-MMU-72165|Reactome:R-MMU-72187|Reactome:R-MMU-72203|Reactome:R-MMU-73856|Reactome:R-MMU-77595|Reactome:R-MMU-9013422|Reactome:R-MMU-9770562|Reactome:R-MMU-983168|Reactome:R-MMU-9930044|Reactome:R-RNO-159231|Reactome:R-RNO-72165|Reactome:R-RNO-73856|Reactome:R-RNO-77595|Reactome:R-RNO-9770562|Reactome:R-SCE-983168|Reactome:R-SPO-9770562|Reactome:R-SPO-983168|Reactome:R-XTR-77595|Reactome:R-XTR-9770562
CAEV	f6dc73f2dc8c2708c5e3e020ddcf64e8	426	Gene3D	G3DSA:1.10.1200.30	-	272	368	1.3E-24	T	13-08-2026	IPR008916	Retrovirus capsid, C-terminal	-	Reactome:R-HSA-1169408|Reactome:R-HSA-162585|Reactome:R-HSA-162588|Reactome:R-HSA-162592|Reactome:R-HSA-162594|Reactome:R-HSA-164516|Reactome:R-HSA-164525|Reactome:R-HSA-164843|Reactome:R-HSA-173107|Reactome:R-HSA-174490|Reactome:R-HSA-174495|Reactome:R-HSA-175474|Reactome:R-HSA-175567|Reactome:R-HSA-177539|Reactome:R-HSA-180689|Reactome:R-HSA-180910
CAEV	f6dc73f2dc8c2708c5e3e020ddcf64e8	426	SUPERFAMILY	SSF47353	Retrovirus capsid dimerization domain-like	278	356	8.79E-19	T	13-08-2026	-	-	-	-
Skipper	55566b4a4f7c583fca375a8d52e4a916	382	MobiDBLite	mobidb-lite	consensus disorder prediction	359	382	-	T	13-08-2026	-	-	-	-
Skipper	55566b4a4f7c583fca375a8d52e4a916	382	SignalP_GRAM_POSITIVE	SignalP-TM	SignalP-TM	1	23	-	T	13-08-2026	-	-	-	-
Skipper	55566b4a4f7c583fca375a8d52e4a916	382	MobiDBLite	mobidb-lite	consensus disorder prediction	298	311	-	T	13-08-2026	-	-	-	-
Skipper	55566b4a4f7c583fca375a8d52e4a916	382	MobiDBLite	mobidb-lite	consensus disorder prediction	276	312	-	T	13-08-2026	-	-	-	-
Skipper	55566b4a4f7c583fca375a8d52e4a916	382	MobiDBLite	mobidb-lite	consensus disorder prediction	17	30	-	T	13-08-2026	-	-	-	-
Skipper	55566b4a4f7c583fca375a8d52e4a916	382	MobiDBLite	mobidb-lite	consensus disorder prediction	1	30	-	T	13-08-2026	-	-	-	-
Diaspora	3e214e1388469b840756067fd5fffaeb	660	Coils	Coil	Coil	483	503	-	T	13-08-2026	-	-	-	-
Diaspora	3e214e1388469b840756067fd5fffaeb	660	Pfam	PF03732	Retrotransposon-derived protein PEG10, N-terminal capsid-like domain	120	194	6.3E-5	T	13-08-2026	IPR005162	Retrotransposon-derived protein PEG10, N-terminal capsid-like domain	-	-
Diaspora	3e214e1388469b840756067fd5fffaeb	660	Pfam	PF20523	Domain of unknown function (DUF6738)	1	88	5.1E-15	T	13-08-2026	IPR046626	Domain of unknown function DUF6738	-	-
Diaspora	3e214e1388469b840756067fd5fffaeb	660	MobiDBLite	mobidb-lite	consensus disorder prediction	442	451	-	T	13-08-2026	-	-	-	-
Diaspora	3e214e1388469b840756067fd5fffaeb	660	MobiDBLite	mobidb-lite	consensus disorder prediction	413	430	-	T	13-08-2026	-	-	-	-
Diaspora	3e214e1388469b840756067fd5fffaeb	660	MobiDBLite	mobidb-lite	consensus disorder prediction	568	577	-	T	13-08-2026	-	-	-	-
Diaspora	3e214e1388469b840756067fd5fffaeb	660	MobiDBLite	mobidb-lite	consensus disorder prediction	63	82	-	T	13-08-2026	-	-	-	-
Diaspora	3e214e1388469b840756067fd5fffaeb	660	MobiDBLite	mobidb-lite	consensus disorder prediction	546	559	-	T	13-08-2026	-	-	-	-
Diaspora	3e214e1388469b840756067fd5fffaeb	660	MobiDBLite	mobidb-lite	consensus disorder prediction	383	392	-	T	13-08-2026	-	-	-	-
Diaspora	3e214e1388469b840756067fd5fffaeb	660	MobiDBLite	mobidb-lite	consensus disorder prediction	63	74	-	T	13-08-2026	-	-	-	-
Diaspora	3e214e1388469b840756067fd5fffaeb	660	MobiDBLite	mobidb-lite	consensus disorder prediction	506	543	-	T	13-08-2026	-	-	-	-
Diaspora	3e214e1388469b840756067fd5fffaeb	660	MobiDBLite	mobidb-lite	consensus disorder prediction	377	456	-	T	13-08-2026	-	-	-	-
Diaspora	3e214e1388469b840756067fd5fffaeb	660	MobiDBLite	mobidb-lite	consensus disorder prediction	497	591	-	T	13-08-2026	-	-	-	-
Diaspora	3e214e1388469b840756067fd5fffaeb	660	PANTHER	PTHR33223	CCHC-TYPE DOMAIN-CONTAINING PROTEIN	101	449	2.0E-53	T	13-08-2026	-	-	-	-
Peabody	4cbfca95ae0c9d99ccfd12ad148ece19	354	Pfam	PF03732	Retrotransposon-derived protein PEG10, N-terminal capsid-like domain	44	121	7.7E-10	T	13-08-2026	IPR005162	Retrotransposon-derived protein PEG10, N-terminal capsid-like domain	-	-
Peabody	4cbfca95ae0c9d99ccfd12ad148ece19	354	Gene3D	G3DSA:4.10.60.10	-	275	326	3.0E-9	T	13-08-2026	-	-	-	-
Peabody	4cbfca95ae0c9d99ccfd12ad148ece19	354	ProSiteProfiles	PS50158	Zinc finger CCHC-type profile.	300	315	10.13072	T	13-08-2026	IPR001878	Zinc finger, CCHC-type	GO:0003676(InterPro)|GO:0008270(InterPro)	Reactome:R-BTA-159231|Reactome:R-BTA-159236|Reactome:R-BTA-72163|Reactome:R-BTA-72165|Reactome:R-BTA-72203|Reactome:R-BTA-73856|Reactome:R-BTA-77595|Reactome:R-BTA-9770562|Reactome:R-CEL-159236|Reactome:R-CEL-72163|Reactome:R-CEL-73856|Reactome:R-DME-159231|Reactome:R-DME-159236|Reactome:R-DME-1834941|Reactome:R-DME-72163|Reactome:R-DME-72165|Reactome:R-DME-72203|Reactome:R-DME-73856|Reactome:R-DME-77595|Reactome:R-DME-8941326|Reactome:R-DME-9770562|Reactome:R-DME-9930044|Reactome:R-DRE-72165|Reactome:R-HSA-1169408|Reactome:R-HSA-159231|Reactome:R-HSA-159236|Reactome:R-HSA-162585|Reactome:R-HSA-162588|Reactome:R-HSA-162592|Reactome:R-HSA-162594|Reactome:R-HSA-164516|Reactome:R-HSA-164525|Reactome:R-HSA-164843|Reactome:R-HSA-168315|Reactome:R-HSA-173107|Reactome:R-HSA-174490|Reactome:R-HSA-174495|Reactome:R-HSA-175474|Reactome:R-HSA-175567|Reactome:R-HSA-177539|Reactome:R-HSA-180689|Reactome:R-HSA-180910|Reactome:R-HSA-429947|Reactome:R-HSA-452723|Reactome:R-HSA-6784531|Reactome:R-HSA-72163|Reactome:R-HSA-72165|Reactome:R-HSA-72187|Reactome:R-HSA-72203|Reactome:R-HSA-73856|Reactome:R-HSA-77595|Reactome:R-HSA-9013422|Reactome:R-HSA-9682706|Reactome:R-HSA-9694686|Reactome:R-HSA-9705671|Reactome:R-HSA-9770562|Reactome:R-HSA-9819196|Reactome:R-HSA-9820865|Reactome:R-HSA-983168|Reactome:R-HSA-9843970|Reactome:R-HSA-9918481|Reactome:R-HSA-9930044|Reactome:R-HSA-9931510|Reactome:R-MMU-159231|Reactome:R-MMU-159236|Reactome:R-MMU-72163|Reactome:R-MMU-72165|Reactome:R-MMU-72187|Reactome:R-MMU-72203|Reactome:R-MMU-73856|Reactome:R-MMU-77595|Reactome:R-MMU-9013422|Reactome:R-MMU-9770562|Reactome:R-MMU-983168|Reactome:R-MMU-9930044|Reactome:R-RNO-159231|Reactome:R-RNO-72165|Reactome:R-RNO-73856|Reactome:R-RNO-77595|Reactome:R-RNO-9770562|Reactome:R-SCE-983168|Reactome:R-SPO-9770562|Reactome:R-SPO-983168|Reactome:R-XTR-77595|Reactome:R-XTR-9770562
Peabody	4cbfca95ae0c9d99ccfd12ad148ece19	354	MobiDBLite	mobidb-lite	consensus disorder prediction	215	250	-	T	13-08-2026	-	-	-	-
Peabody	4cbfca95ae0c9d99ccfd12ad148ece19	354	Pfam	PF00098	Zinc knuckle	299	315	0.034	T	13-08-2026	IPR001878	Zinc finger, CCHC-type	GO:0003676(InterPro)|GO:0008270(InterPro)	Reactome:R-BTA-159231|Reactome:R-BTA-159236|Reactome:R-BTA-72163|Reactome:R-BTA-72165|Reactome:R-BTA-72203|Reactome:R-BTA-73856|Reactome:R-BTA-77595|Reactome:R-BTA-9770562|Reactome:R-CEL-159236|Reactome:R-CEL-72163|Reactome:R-CEL-73856|Reactome:R-DME-159231|Reactome:R-DME-159236|Reactome:R-DME-1834941|Reactome:R-DME-72163|Reactome:R-DME-72165|Reactome:R-DME-72203|Reactome:R-DME-73856|Reactome:R-DME-77595|Reactome:R-DME-8941326|Reactome:R-DME-9770562|Reactome:R-DME-9930044|Reactome:R-DRE-72165|Reactome:R-HSA-1169408|Reactome:R-HSA-159231|Reactome:R-HSA-159236|Reactome:R-HSA-162585|Reactome:R-HSA-162588|Reactome:R-HSA-162592|Reactome:R-HSA-162594|Reactome:R-HSA-164516|Reactome:R-HSA-164525|Reactome:R-HSA-164843|Reactome:R-HSA-168315|Reactome:R-HSA-173107|Reactome:R-HSA-174490|Reactome:R-HSA-174495|Reactome:R-HSA-175474|Reactome:R-HSA-175567|Reactome:R-HSA-177539|Reactome:R-HSA-180689|Reactome:R-HSA-180910|Reactome:R-HSA-429947|Reactome:R-HSA-452723|Reactome:R-HSA-6784531|Reactome:R-HSA-72163|Reactome:R-HSA-72165|Reactome:R-HSA-72187|Reactome:R-HSA-72203|Reactome:R-HSA-73856|Reactome:R-HSA-77595|Reactome:R-HSA-9013422|Reactome:R-HSA-9682706|Reactome:R-HSA-9694686|Reactome:R-HSA-9705671|Reactome:R-HSA-9770562|Reactome:R-HSA-9819196|Reactome:R-HSA-9820865|Reactome:R-HSA-983168|Reactome:R-HSA-9843970|Reactome:R-HSA-9918481|Reactome:R-HSA-9930044|Reactome:R-HSA-9931510|Reactome:R-MMU-159231|Reactome:R-MMU-159236|Reactome:R-MMU-72163|Reactome:R-MMU-72165|Reactome:R-MMU-72187|Reactome:R-MMU-72203|Reactome:R-MMU-73856|Reactome:R-MMU-77595|Reactome:R-MMU-9013422|Reactome:R-MMU-9770562|Reactome:R-MMU-983168|Reactome:R-MMU-9930044|Reactome:R-RNO-159231|Reactome:R-RNO-72165|Reactome:R-RNO-73856|Reactome:R-RNO-77595|Reactome:R-RNO-9770562|Reactome:R-SCE-983168|Reactome:R-SPO-9770562|Reactome:R-SPO-983168|Reactome:R-XTR-77595|Reactome:R-XTR-9770562
Peabody	4cbfca95ae0c9d99ccfd12ad148ece19	354	PANTHER	PTHR34482	DNA DAMAGE-INDUCIBLE PROTEIN 1-LIKE	28	325	3.4E-20	T	13-08-2026	-	-	-	-
Peabody	4cbfca95ae0c9d99ccfd12ad148ece19	354	SUPERFAMILY	SSF57756	Retrovirus zinc finger-like domains	270	317	2.44E-7	T	13-08-2026	IPR036875	Zinc finger, CCHC-type superfamily	GO:0003676(InterPro)|GO:0008270(InterPro)	Reactome:R-BTA-159231|Reactome:R-BTA-159236|Reactome:R-BTA-72163|Reactome:R-BTA-72165|Reactome:R-BTA-72203|Reactome:R-BTA-73856|Reactome:R-BTA-77595|Reactome:R-BTA-9770562|Reactome:R-CEL-159236|Reactome:R-CEL-72163|Reactome:R-CEL-73856|Reactome:R-DME-159231|Reactome:R-DME-159236|Reactome:R-DME-1834941|Reactome:R-DME-72163|Reactome:R-DME-72165|Reactome:R-DME-72203|Reactome:R-DME-73856|Reactome:R-DME-77595|Reactome:R-DME-9770562|Reactome:R-DRE-72165|Reactome:R-HSA-1169408|Reactome:R-HSA-159231|Reactome:R-HSA-159236|Reactome:R-HSA-162585|Reactome:R-HSA-162588|Reactome:R-HSA-162592|Reactome:R-HSA-162594|Reactome:R-HSA-164516|Reactome:R-HSA-164525|Reactome:R-HSA-164843|Reactome:R-HSA-168315|Reactome:R-HSA-173107|Reactome:R-HSA-174490|Reactome:R-HSA-174495|Reactome:R-HSA-175474|Reactome:R-HSA-175567|Reactome:R-HSA-177539|Reactome:R-HSA-180689|Reactome:R-HSA-180910|Reactome:R-HSA-429947|Reactome:R-HSA-452723|Reactome:R-HSA-6784531|Reactome:R-HSA-72163|Reactome:R-HSA-72165|Reactome:R-HSA-72187|Reactome:R-HSA-72203|Reactome:R-HSA-73856|Reactome:R-HSA-77595|Reactome:R-HSA-9013422|Reactome:R-HSA-9682706|Reactome:R-HSA-9694686|Reactome:R-HSA-9705671|Reactome:R-HSA-9770562|Reactome:R-HSA-9819196|Reactome:R-HSA-9820865|Reactome:R-HSA-983168|Reactome:R-HSA-9918481|Reactome:R-HSA-9930044|Reactome:R-MMU-159231|Reactome:R-MMU-159236|Reactome:R-MMU-72163|Reactome:R-MMU-72165|Reactome:R-MMU-72187|Reactome:R-MMU-72203|Reactome:R-MMU-73856|Reactome:R-MMU-77595|Reactome:R-MMU-9013422|Reactome:R-MMU-9770562|Reactome:R-MMU-983168|Reactome:R-RNO-159231|Reactome:R-RNO-72165|Reactome:R-RNO-73856|Reactome:R-RNO-77595|Reactome:R-RNO-9770562|Reactome:R-SCE-983168|Reactome:R-SPO-9770562|Reactome:R-SPO-983168|Reactome:R-XTR-77595|Reactome:R-XTR-9770562
Peabody	4cbfca95ae0c9d99ccfd12ad148ece19	354	SMART	SM00343	c2hcfinal6	279	295	1.0	T	13-08-2026	IPR001878	Zinc finger, CCHC-type	GO:0003676(InterPro)|GO:0008270(InterPro)	Reactome:R-BTA-159231|Reactome:R-BTA-159236|Reactome:R-BTA-72163|Reactome:R-BTA-72165|Reactome:R-BTA-72203|Reactome:R-BTA-73856|Reactome:R-BTA-77595|Reactome:R-BTA-9770562|Reactome:R-CEL-159236|Reactome:R-CEL-72163|Reactome:R-CEL-73856|Reactome:R-DME-159231|Reactome:R-DME-159236|Reactome:R-DME-1834941|Reactome:R-DME-72163|Reactome:R-DME-72165|Reactome:R-DME-72203|Reactome:R-DME-73856|Reactome:R-DME-77595|Reactome:R-DME-8941326|Reactome:R-DME-9770562|Reactome:R-DME-9930044|Reactome:R-DRE-72165|Reactome:R-HSA-1169408|Reactome:R-HSA-159231|Reactome:R-HSA-159236|Reactome:R-HSA-162585|Reactome:R-HSA-162588|Reactome:R-HSA-162592|Reactome:R-HSA-162594|Reactome:R-HSA-164516|Reactome:R-HSA-164525|Reactome:R-HSA-164843|Reactome:R-HSA-168315|Reactome:R-HSA-173107|Reactome:R-HSA-174490|Reactome:R-HSA-174495|Reactome:R-HSA-175474|Reactome:R-HSA-175567|Reactome:R-HSA-177539|Reactome:R-HSA-180689|Reactome:R-HSA-180910|Reactome:R-HSA-429947|Reactome:R-HSA-452723|Reactome:R-HSA-6784531|Reactome:R-HSA-72163|Reactome:R-HSA-72165|Reactome:R-HSA-72187|Reactome:R-HSA-72203|Reactome:R-HSA-73856|Reactome:R-HSA-77595|Reactome:R-HSA-9013422|Reactome:R-HSA-9682706|Reactome:R-HSA-9694686|Reactome:R-HSA-9705671|Reactome:R-HSA-9770562|Reactome:R-HSA-9819196|Reactome:R-HSA-9820865|Reactome:R-HSA-983168|Reactome:R-HSA-9843970|Reactome:R-HSA-9918481|Reactome:R-HSA-9930044|Reactome:R-HSA-9931510|Reactome:R-MMU-159231|Reactome:R-MMU-159236|Reactome:R-MMU-72163|Reactome:R-MMU-72165|Reactome:R-MMU-72187|Reactome:R-MMU-72203|Reactome:R-MMU-73856|Reactome:R-MMU-77595|Reactome:R-MMU-9013422|Reactome:R-MMU-9770562|Reactome:R-MMU-983168|Reactome:R-MMU-9930044|Reactome:R-RNO-159231|Reactome:R-RNO-72165|Reactome:R-RNO-73856|Reactome:R-RNO-77595|Reactome:R-RNO-9770562|Reactome:R-SCE-983168|Reactome:R-SPO-9770562|Reactome:R-SPO-983168|Reactome:R-XTR-77595|Reactome:R-XTR-9770562
Peabody	4cbfca95ae0c9d99ccfd12ad148ece19	354	SMART	SM00343	c2hcfinal6	299	315	0.002	T	13-08-2026	IPR001878	Zinc finger, CCHC-type	GO:0003676(InterPro)|GO:0008270(InterPro)	Reactome:R-BTA-159231|Reactome:R-BTA-159236|Reactome:R-BTA-72163|Reactome:R-BTA-72165|Reactome:R-BTA-72203|Reactome:R-BTA-73856|Reactome:R-BTA-77595|Reactome:R-BTA-9770562|Reactome:R-CEL-159236|Reactome:R-CEL-72163|Reactome:R-CEL-73856|Reactome:R-DME-159231|Reactome:R-DME-159236|Reactome:R-DME-1834941|Reactome:R-DME-72163|Reactome:R-DME-72165|Reactome:R-DME-72203|Reactome:R-DME-73856|Reactome:R-DME-77595|Reactome:R-DME-8941326|Reactome:R-DME-9770562|Reactome:R-DME-9930044|Reactome:R-DRE-72165|Reactome:R-HSA-1169408|Reactome:R-HSA-159231|Reactome:R-HSA-159236|Reactome:R-HSA-162585|Reactome:R-HSA-162588|Reactome:R-HSA-162592|Reactome:R-HSA-162594|Reactome:R-HSA-164516|Reactome:R-HSA-164525|Reactome:R-HSA-164843|Reactome:R-HSA-168315|Reactome:R-HSA-173107|Reactome:R-HSA-174490|Reactome:R-HSA-174495|Reactome:R-HSA-175474|Reactome:R-HSA-175567|Reactome:R-HSA-177539|Reactome:R-HSA-180689|Reactome:R-HSA-180910|Reactome:R-HSA-429947|Reactome:R-HSA-452723|Reactome:R-HSA-6784531|Reactome:R-HSA-72163|Reactome:R-HSA-72165|Reactome:R-HSA-72187|Reactome:R-HSA-72203|Reactome:R-HSA-73856|Reactome:R-HSA-77595|Reactome:R-HSA-9013422|Reactome:R-HSA-9682706|Reactome:R-HSA-9694686|Reactome:R-HSA-9705671|Reactome:R-HSA-9770562|Reactome:R-HSA-9819196|Reactome:R-HSA-9820865|Reactome:R-HSA-983168|Reactome:R-HSA-9843970|Reactome:R-HSA-9918481|Reactome:R-HSA-9930044|Reactome:R-HSA-9931510|Reactome:R-MMU-159231|Reactome:R-MMU-159236|Reactome:R-MMU-72163|Reactome:R-MMU-72165|Reactome:R-MMU-72187|Reactome:R-MMU-72203|Reactome:R-MMU-73856|Reactome:R-MMU-77595|Reactome:R-MMU-9013422|Reactome:R-MMU-9770562|Reactome:R-MMU-983168|Reactome:R-MMU-9930044|Reactome:R-RNO-159231|Reactome:R-RNO-72165|Reactome:R-RNO-73856|Reactome:R-RNO-77595|Reactome:R-RNO-9770562|Reactome:R-SCE-983168|Reactome:R-SPO-9770562|Reactome:R-SPO-983168|Reactome:R-XTR-77595|Reactome:R-XTR-9770562
Tft2	9fad12598b8a2a8753cd778e4f039588	393	PANTHER	PTHR33223	CCHC-TYPE DOMAIN-CONTAINING PROTEIN	16	94	9.2E-13	T	13-08-2026	-	-	-	-
Tft2	9fad12598b8a2a8753cd778e4f039588	393	MobiDBLite	mobidb-lite	consensus disorder prediction	200	209	-	T	13-08-2026	-	-	-	-
Tft2	9fad12598b8a2a8753cd778e4f039588	393	MobiDBLite	mobidb-lite	consensus disorder prediction	285	310	-	T	13-08-2026	-	-	-	-
Tft2	9fad12598b8a2a8753cd778e4f039588	393	MobiDBLite	mobidb-lite	consensus disorder prediction	216	232	-	T	13-08-2026	-	-	-	-
Tft2	9fad12598b8a2a8753cd778e4f039588	393	MobiDBLite	mobidb-lite	consensus disorder prediction	200	232	-	T	13-08-2026	-	-	-	-
Tft2	9fad12598b8a2a8753cd778e4f039588	393	Pfam	PF03732	Retrotransposon-derived protein PEG10, N-terminal capsid-like domain	18	93	3.1E-13	T	13-08-2026	IPR005162	Retrotransposon-derived protein PEG10, N-terminal capsid-like domain	-	-
Amn-san	46eb7cb9a73c29dac8f35904869de8ea	346	MobiDBLite	mobidb-lite	consensus disorder prediction	234	271	-	T	13-08-2026	-	-	-	-
Amn-san	46eb7cb9a73c29dac8f35904869de8ea	346	PANTHER	PTHR15503	LDOC1 RELATED	36	313	1.3E-34	T	13-08-2026	IPR032567	RTL1-related	-	-
Amn-san	46eb7cb9a73c29dac8f35904869de8ea	346	Pfam	PF16297	RTL1/3-8/LDOC, capsid-like domain	68	148	4.5E-4	T	13-08-2026	IPR032549	RTL1/3-8/LDOC, capsid-like domain	-	-
Amn-san	46eb7cb9a73c29dac8f35904869de8ea	346	Pfam	PF30901	PEG10/RTL1, C-terminal capsid-like domain	157	231	4.5E-24	T	13-08-2026	IPR063300	PEG10/RTL1, C-terminal capsid-like domain	-	-
RIRE2	4da34ee3869397eb23789cc9d336550b	740	Coils	Coil	Coil	201	260	-	T	13-08-2026	-	-	-	-
RIRE2	4da34ee3869397eb23789cc9d336550b	740	Pfam	PF03732	Retrotransposon-derived protein PEG10, N-terminal capsid-like domain	443	513	4.7E-8	T	13-08-2026	IPR005162	Retrotransposon-derived protein PEG10, N-terminal capsid-like domain	-	-
RIRE2	4da34ee3869397eb23789cc9d336550b	740	PANTHER	PTHR33223	CCHC-TYPE DOMAIN-CONTAINING PROTEIN	436	695	3.9E-27	T	13-08-2026	-	-	-	-
RIRE2	4da34ee3869397eb23789cc9d336550b	740	MobiDBLite	mobidb-lite	consensus disorder prediction	326	335	-	T	13-08-2026	-	-	-	-
RIRE2	4da34ee3869397eb23789cc9d336550b	740	MobiDBLite	mobidb-lite	consensus disorder prediction	730	740	-	T	13-08-2026	-	-	-	-
RIRE2	4da34ee3869397eb23789cc9d336550b	740	MobiDBLite	mobidb-lite	consensus disorder prediction	72	84	-	T	13-08-2026	-	-	-	-
RIRE2	4da34ee3869397eb23789cc9d336550b	740	MobiDBLite	mobidb-lite	consensus disorder prediction	204	269	-	T	13-08-2026	-	-	-	-
RIRE2	4da34ee3869397eb23789cc9d336550b	740	MobiDBLite	mobidb-lite	consensus disorder prediction	364	397	-	T	13-08-2026	-	-	-	-
RIRE2	4da34ee3869397eb23789cc9d336550b	740	MobiDBLite	mobidb-lite	consensus disorder prediction	103	113	-	T	13-08-2026	-	-	-	-
RIRE2	4da34ee3869397eb23789cc9d336550b	740	MobiDBLite	mobidb-lite	consensus disorder prediction	205	266	-	T	13-08-2026	-	-	-	-
RIRE2	4da34ee3869397eb23789cc9d336550b	740	MobiDBLite	mobidb-lite	consensus disorder prediction	326	397	-	T	13-08-2026	-	-	-	-
RIRE2	4da34ee3869397eb23789cc9d336550b	740	MobiDBLite	mobidb-lite	consensus disorder prediction	691	706	-	T	13-08-2026	-	-	-	-
RIRE2	4da34ee3869397eb23789cc9d336550b	740	MobiDBLite	mobidb-lite	consensus disorder prediction	72	126	-	T	13-08-2026	-	-	-	-
RIRE2	4da34ee3869397eb23789cc9d336550b	740	MobiDBLite	mobidb-lite	consensus disorder prediction	686	740	-	T	13-08-2026	-	-	-	-
RIRE2	4da34ee3869397eb23789cc9d336550b	740	MobiDBLite	mobidb-lite	consensus disorder prediction	598	652	-	T	13-08-2026	-	-	-	-
MPMV	a2c1deeda939c2db73beafc42d48e1bb	594	SMART	SM00343	c2hcfinal6	538	554	0.011	T	13-08-2026	IPR001878	Zinc finger, CCHC-type	GO:0003676(InterPro)|GO:0008270(InterPro)	Reactome:R-BTA-159231|Reactome:R-BTA-159236|Reactome:R-BTA-72163|Reactome:R-BTA-72165|Reactome:R-BTA-72203|Reactome:R-BTA-73856|Reactome:R-BTA-77595|Reactome:R-BTA-9770562|Reactome:R-CEL-159236|Reactome:R-CEL-72163|Reactome:R-CEL-73856|Reactome:R-DME-159231|Reactome:R-DME-159236|Reactome:R-DME-1834941|Reactome:R-DME-72163|Reactome:R-DME-72165|Reactome:R-DME-72203|Reactome:R-DME-73856|Reactome:R-DME-77595|Reactome:R-DME-8941326|Reactome:R-DME-9770562|Reactome:R-DME-9930044|Reactome:R-DRE-72165|Reactome:R-HSA-1169408|Reactome:R-HSA-159231|Reactome:R-HSA-159236|Reactome:R-HSA-162585|Reactome:R-HSA-162588|Reactome:R-HSA-162592|Reactome:R-HSA-162594|Reactome:R-HSA-164516|Reactome:R-HSA-164525|Reactome:R-HSA-164843|Reactome:R-HSA-168315|Reactome:R-HSA-173107|Reactome:R-HSA-174490|Reactome:R-HSA-174495|Reactome:R-HSA-175474|Reactome:R-HSA-175567|Reactome:R-HSA-177539|Reactome:R-HSA-180689|Reactome:R-HSA-180910|Reactome:R-HSA-429947|Reactome:R-HSA-452723|Reactome:R-HSA-6784531|Reactome:R-HSA-72163|Reactome:R-HSA-72165|Reactome:R-HSA-72187|Reactome:R-HSA-72203|Reactome:R-HSA-73856|Reactome:R-HSA-77595|Reactome:R-HSA-9013422|Reactome:R-HSA-9682706|Reactome:R-HSA-9694686|Reactome:R-HSA-9705671|Reactome:R-HSA-9770562|Reactome:R-HSA-9819196|Reactome:R-HSA-9820865|Reactome:R-HSA-983168|Reactome:R-HSA-9843970|Reactome:R-HSA-9918481|Reactome:R-HSA-9930044|Reactome:R-HSA-9931510|Reactome:R-MMU-159231|Reactome:R-MMU-159236|Reactome:R-MMU-72163|Reactome:R-MMU-72165|Reactome:R-MMU-72187|Reactome:R-MMU-72203|Reactome:R-MMU-73856|Reactome:R-MMU-77595|Reactome:R-MMU-9013422|Reactome:R-MMU-9770562|Reactome:R-MMU-983168|Reactome:R-MMU-9930044|Reactome:R-RNO-159231|Reactome:R-RNO-72165|Reactome:R-RNO-73856|Reactome:R-RNO-77595|Reactome:R-RNO-9770562|Reactome:R-SCE-983168|Reactome:R-SPO-9770562|Reactome:R-SPO-983168|Reactome:R-XTR-77595|Reactome:R-XTR-9770562
MPMV	a2c1deeda939c2db73beafc42d48e1bb	594	SMART	SM00343	c2hcfinal6	567	583	0.09	T	13-08-2026	IPR001878	Zinc finger, CCHC-type	GO:0003676(InterPro)|GO:0008270(InterPro)	Reactome:R-BTA-159231|Reactome:R-BTA-159236|Reactome:R-BTA-72163|Reactome:R-BTA-72165|Reactome:R-BTA-72203|Reactome:R-BTA-73856|Reactome:R-BTA-77595|Reactome:R-BTA-9770562|Reactome:R-CEL-159236|Reactome:R-CEL-72163|Reactome:R-CEL-73856|Reactome:R-DME-159231|Reactome:R-DME-159236|Reactome:R-DME-1834941|Reactome:R-DME-72163|Reactome:R-DME-72165|Reactome:R-DME-72203|Reactome:R-DME-73856|Reactome:R-DME-77595|Reactome:R-DME-8941326|Reactome:R-DME-9770562|Reactome:R-DME-9930044|Reactome:R-DRE-72165|Reactome:R-HSA-1169408|Reactome:R-HSA-159231|Reactome:R-HSA-159236|Reactome:R-HSA-162585|Reactome:R-HSA-162588|Reactome:R-HSA-162592|Reactome:R-HSA-162594|Reactome:R-HSA-164516|Reactome:R-HSA-164525|Reactome:R-HSA-164843|Reactome:R-HSA-168315|Reactome:R-HSA-173107|Reactome:R-HSA-174490|Reactome:R-HSA-174495|Reactome:R-HSA-175474|Reactome:R-HSA-175567|Reactome:R-HSA-177539|Reactome:R-HSA-180689|Reactome:R-HSA-180910|Reactome:R-HSA-429947|Reactome:R-HSA-452723|Reactome:R-HSA-6784531|Reactome:R-HSA-72163|Reactome:R-HSA-72165|Reactome:R-HSA-72187|Reactome:R-HSA-72203|Reactome:R-HSA-73856|Reactome:R-HSA-77595|Reactome:R-HSA-9013422|Reactome:R-HSA-9682706|Reactome:R-HSA-9694686|Reactome:R-HSA-9705671|Reactome:R-HSA-9770562|Reactome:R-HSA-9819196|Reactome:R-HSA-9820865|Reactome:R-HSA-983168|Reactome:R-HSA-9843970|Reactome:R-HSA-9918481|Reactome:R-HSA-9930044|Reactome:R-HSA-9931510|Reactome:R-MMU-159231|Reactome:R-MMU-159236|Reactome:R-MMU-72163|Reactome:R-MMU-72165|Reactome:R-MMU-72187|Reactome:R-MMU-72203|Reactome:R-MMU-73856|Reactome:R-MMU-77595|Reactome:R-MMU-9013422|Reactome:R-MMU-9770562|Reactome:R-MMU-983168|Reactome:R-MMU-9930044|Reactome:R-RNO-159231|Reactome:R-RNO-72165|Reactome:R-RNO-73856|Reactome:R-RNO-77595|Reactome:R-RNO-9770562|Reactome:R-SCE-983168|Reactome:R-SPO-9770562|Reactome:R-SPO-983168|Reactome:R-XTR-77595|Reactome:R-XTR-9770562
MPMV	a2c1deeda939c2db73beafc42d48e1bb	594	Coils	Coil	Coil	212	232	-	T	13-08-2026	-	-	-	-
MPMV	a2c1deeda939c2db73beafc42d48e1bb	594	Pfam	PF00607	gag protein p24 N-terminal domain	304	427	2.7E-41	T	13-08-2026	-	-	-	-
MPMV	a2c1deeda939c2db73beafc42d48e1bb	594	SUPERFAMILY	SSF47836	Retroviral matrix proteins	1	83	3.06E-27	T	13-08-2026	IPR010999	Retroviral matrix protein	-	Reactome:R-HSA-1169408|Reactome:R-HSA-162585|Reactome:R-HSA-162588|Reactome:R-HSA-162592|Reactome:R-HSA-162594|Reactome:R-HSA-164516|Reactome:R-HSA-164525|Reactome:R-HSA-164843|Reactome:R-HSA-173107|Reactome:R-HSA-174490|Reactome:R-HSA-174495|Reactome:R-HSA-175474|Reactome:R-HSA-175567|Reactome:R-HSA-177539|Reactome:R-HSA-180689|Reactome:R-HSA-180910|Reactome:R-HSA-198933
MPMV	a2c1deeda939c2db73beafc42d48e1bb	594	ProSiteProfiles	PS50158	Zinc finger CCHC-type profile.	539	552	10.625204	T	13-08-2026	IPR001878	Zinc finger, CCHC-type	GO:0003676(InterPro)|GO:0008270(InterPro)	Reactome:R-BTA-159231|Reactome:R-BTA-159236|Reactome:R-BTA-72163|Reactome:R-BTA-72165|Reactome:R-BTA-72203|Reactome:R-BTA-73856|Reactome:R-BTA-77595|Reactome:R-BTA-9770562|Reactome:R-CEL-159236|Reactome:R-CEL-72163|Reactome:R-CEL-73856|Reactome:R-DME-159231|Reactome:R-DME-159236|Reactome:R-DME-1834941|Reactome:R-DME-72163|Reactome:R-DME-72165|Reactome:R-DME-72203|Reactome:R-DME-73856|Reactome:R-DME-77595|Reactome:R-DME-8941326|Reactome:R-DME-9770562|Reactome:R-DME-9930044|Reactome:R-DRE-72165|Reactome:R-HSA-1169408|Reactome:R-HSA-159231|Reactome:R-HSA-159236|Reactome:R-HSA-162585|Reactome:R-HSA-162588|Reactome:R-HSA-162592|Reactome:R-HSA-162594|Reactome:R-HSA-164516|Reactome:R-HSA-164525|Reactome:R-HSA-164843|Reactome:R-HSA-168315|Reactome:R-HSA-173107|Reactome:R-HSA-174490|Reactome:R-HSA-174495|Reactome:R-HSA-175474|Reactome:R-HSA-175567|Reactome:R-HSA-177539|Reactome:R-HSA-180689|Reactome:R-HSA-180910|Reactome:R-HSA-429947|Reactome:R-HSA-452723|Reactome:R-HSA-6784531|Reactome:R-HSA-72163|Reactome:R-HSA-72165|Reactome:R-HSA-72187|Reactome:R-HSA-72203|Reactome:R-HSA-73856|Reactome:R-HSA-77595|Reactome:R-HSA-9013422|Reactome:R-HSA-9682706|Reactome:R-HSA-9694686|Reactome:R-HSA-9705671|Reactome:R-HSA-9770562|Reactome:R-HSA-9819196|Reactome:R-HSA-9820865|Reactome:R-HSA-983168|Reactome:R-HSA-9843970|Reactome:R-HSA-9918481|Reactome:R-HSA-9930044|Reactome:R-HSA-9931510|Reactome:R-MMU-159231|Reactome:R-MMU-159236|Reactome:R-MMU-72163|Reactome:R-MMU-72165|Reactome:R-MMU-72187|Reactome:R-MMU-72203|Reactome:R-MMU-73856|Reactome:R-MMU-77595|Reactome:R-MMU-9013422|Reactome:R-MMU-9770562|Reactome:R-MMU-983168|Reactome:R-MMU-9930044|Reactome:R-RNO-159231|Reactome:R-RNO-72165|Reactome:R-RNO-73856|Reactome:R-RNO-77595|Reactome:R-RNO-9770562|Reactome:R-SCE-983168|Reactome:R-SPO-9770562|Reactome:R-SPO-983168|Reactome:R-XTR-77595|Reactome:R-XTR-9770562
MPMV	a2c1deeda939c2db73beafc42d48e1bb	594	Pfam	PF19317	Gag protein p24 C-terminal domain	433	500	3.1E-18	T	13-08-2026	IPR045345	Retroviral nucleocapsid Gag protein p24, C-terminal domain	-	Reactome:R-HSA-1169408|Reactome:R-HSA-162585|Reactome:R-HSA-162588|Reactome:R-HSA-162592|Reactome:R-HSA-162594|Reactome:R-HSA-164516|Reactome:R-HSA-164525|Reactome:R-HSA-164843|Reactome:R-HSA-173107|Reactome:R-HSA-174490|Reactome:R-HSA-174495|Reactome:R-HSA-175474|Reactome:R-HSA-175567|Reactome:R-HSA-177539|Reactome:R-HSA-180689|Reactome:R-HSA-180910
MPMV	a2c1deeda939c2db73beafc42d48e1bb	594	Gene3D	G3DSA:4.10.60.10	-	524	590	1.2E-8	T	13-08-2026	-	-	-	-
MPMV	a2c1deeda939c2db73beafc42d48e1bb	594	Pfam	PF14787	GAG-polyprotein viral zinc-finger	565	594	4.4E-13	T	13-08-2026	-	-	-	-
MPMV	a2c1deeda939c2db73beafc42d48e1bb	594	SUPERFAMILY	SSF47943	Retrovirus capsid protein, N-terminal core domain	262	428	7.85E-47	T	13-08-2026	IPR008919	Retrovirus capsid, N-terminal	GO:0016032(InterPro)	Reactome:R-HSA-1169408|Reactome:R-HSA-162585|Reactome:R-HSA-162588|Reactome:R-HSA-162592|Reactome:R-HSA-162594|Reactome:R-HSA-164516|Reactome:R-HSA-164525|Reactome:R-HSA-164843|Reactome:R-HSA-173107|Reactome:R-HSA-174490|Reactome:R-HSA-174495|Reactome:R-HSA-175474|Reactome:R-HSA-175567|Reactome:R-HSA-177539|Reactome:R-HSA-180689|Reactome:R-HSA-180910
MPMV	a2c1deeda939c2db73beafc42d48e1bb	594	Gene3D	G3DSA:1.10.375.10	Human Immunodeficiency Virus Type 1 Capsid Protein	290	427	2.0E-50	T	13-08-2026	IPR008919	Retrovirus capsid, N-terminal	GO:0016032(InterPro)	Reactome:R-HSA-1169408|Reactome:R-HSA-162585|Reactome:R-HSA-162588|Reactome:R-HSA-162592|Reactome:R-HSA-162594|Reactome:R-HSA-164516|Reactome:R-HSA-164525|Reactome:R-HSA-164843|Reactome:R-HSA-173107|Reactome:R-HSA-174490|Reactome:R-HSA-174495|Reactome:R-HSA-175474|Reactome:R-HSA-175567|Reactome:R-HSA-177539|Reactome:R-HSA-180689|Reactome:R-HSA-180910
MPMV	a2c1deeda939c2db73beafc42d48e1bb	594	Gene3D	G3DSA:1.10.1200.30	-	428	523	6.1E-25	T	13-08-2026	IPR008916	Retrovirus capsid, C-terminal	-	Reactome:R-HSA-1169408|Reactome:R-HSA-162585|Reactome:R-HSA-162588|Reactome:R-HSA-162592|Reactome:R-HSA-162594|Reactome:R-HSA-164516|Reactome:R-HSA-164525|Reactome:R-HSA-164843|Reactome:R-HSA-173107|Reactome:R-HSA-174490|Reactome:R-HSA-174495|Reactome:R-HSA-175474|Reactome:R-HSA-175567|Reactome:R-HSA-177539|Reactome:R-HSA-180689|Reactome:R-HSA-180910
MPMV	a2c1deeda939c2db73beafc42d48e1bb	594	SUPERFAMILY	SSF57756	Retrovirus zinc finger-like domains	522	556	6.63E-5	T	13-08-2026	IPR036875	Zinc finger, CCHC-type superfamily	GO:0003676(InterPro)|GO:0008270(InterPro)	Reactome:R-BTA-159231|Reactome:R-BTA-159236|Reactome:R-BTA-72163|Reactome:R-BTA-72165|Reactome:R-BTA-72203|Reactome:R-BTA-73856|Reactome:R-BTA-77595|Reactome:R-BTA-9770562|Reactome:R-CEL-159236|Reactome:R-CEL-72163|Reactome:R-CEL-73856|Reactome:R-DME-159231|Reactome:R-DME-159236|Reactome:R-DME-1834941|Reactome:R-DME-72163|Reactome:R-DME-72165|Reactome:R-DME-72203|Reactome:R-DME-73856|Reactome:R-DME-77595|Reactome:R-DME-9770562|Reactome:R-DRE-72165|Reactome:R-HSA-1169408|Reactome:R-HSA-159231|Reactome:R-HSA-159236|Reactome:R-HSA-162585|Reactome:R-HSA-162588|Reactome:R-HSA-162592|Reactome:R-HSA-162594|Reactome:R-HSA-164516|Reactome:R-HSA-164525|Reactome:R-HSA-164843|Reactome:R-HSA-168315|Reactome:R-HSA-173107|Reactome:R-HSA-174490|Reactome:R-HSA-174495|Reactome:R-HSA-175474|Reactome:R-HSA-175567|Reactome:R-HSA-177539|Reactome:R-HSA-180689|Reactome:R-HSA-180910|Reactome:R-HSA-429947|Reactome:R-HSA-452723|Reactome:R-HSA-6784531|Reactome:R-HSA-72163|Reactome:R-HSA-72165|Reactome:R-HSA-72187|Reactome:R-HSA-72203|Reactome:R-HSA-73856|Reactome:R-HSA-77595|Reactome:R-HSA-9013422|Reactome:R-HSA-9682706|Reactome:R-HSA-9694686|Reactome:R-HSA-9705671|Reactome:R-HSA-9770562|Reactome:R-HSA-9819196|Reactome:R-HSA-9820865|Reactome:R-HSA-983168|Reactome:R-HSA-9918481|Reactome:R-HSA-9930044|Reactome:R-MMU-159231|Reactome:R-MMU-159236|Reactome:R-MMU-72163|Reactome:R-MMU-72165|Reactome:R-MMU-72187|Reactome:R-MMU-72203|Reactome:R-MMU-73856|Reactome:R-MMU-77595|Reactome:R-MMU-9013422|Reactome:R-MMU-9770562|Reactome:R-MMU-983168|Reactome:R-RNO-159231|Reactome:R-RNO-72165|Reactome:R-RNO-73856|Reactome:R-RNO-77595|Reactome:R-RNO-9770562|Reactome:R-SCE-983168|Reactome:R-SPO-9770562|Reactome:R-SPO-983168|Reactome:R-XTR-77595|Reactome:R-XTR-9770562
MPMV	a2c1deeda939c2db73beafc42d48e1bb	594	FunFam	G3DSA:4.10.60.10:FF:000036	Gag polyprotein	531	590	3.0E-27	T	13-08-2026	-	-	-	-
MPMV	a2c1deeda939c2db73beafc42d48e1bb	594	SUPERFAMILY	SSF47353	Retrovirus capsid dimerization domain-like	433	511	6.04E-24	T	13-08-2026	-	-	-	-
MPMV	a2c1deeda939c2db73beafc42d48e1bb	594	Gene3D	G3DSA:1.10.150.490	Retroviral GAG p10 protein	1	90	1.3E-33	T	13-08-2026	IPR038124	Beta-retroviral matrix superfamily	-	-
MPMV	a2c1deeda939c2db73beafc42d48e1bb	594	PANTHER	PTHR40389	ENDOGENOUS RETROVIRUS GROUP K MEMBER 24 GAG POLYPROTEIN-RELATED	1	593	1.5E-204	T	13-08-2026	IPR050195	Primate lentivirus group Gag polyprotein-like	-	Reactome:R-HSA-1169408|Reactome:R-HSA-162585|Reactome:R-HSA-162588|Reactome:R-HSA-162592|Reactome:R-HSA-162594|Reactome:R-HSA-164516|Reactome:R-HSA-164525|Reactome:R-HSA-164843|Reactome:R-HSA-173107|Reactome:R-HSA-174490|Reactome:R-HSA-174495|Reactome:R-HSA-175474|Reactome:R-HSA-175567|Reactome:R-HSA-177539|Reactome:R-HSA-180689|Reactome:R-HSA-180910
MPMV	a2c1deeda939c2db73beafc42d48e1bb	594	MobiDBLite	mobidb-lite	consensus disorder prediction	103	168	-	T	13-08-2026	-	-	-	-
MPMV	a2c1deeda939c2db73beafc42d48e1bb	594	MobiDBLite	mobidb-lite	consensus disorder prediction	130	142	-	T	13-08-2026	-	-	-	-
MPMV	a2c1deeda939c2db73beafc42d48e1bb	594	MobiDBLite	mobidb-lite	consensus disorder prediction	103	115	-	T	13-08-2026	-	-	-	-
MPMV	a2c1deeda939c2db73beafc42d48e1bb	594	SUPERFAMILY	SSF57756	Retrovirus zinc finger-like domains	565	594	1.21E-11	T	13-08-2026	IPR036875	Zinc finger, CCHC-type superfamily	GO:0003676(InterPro)|GO:0008270(InterPro)	Reactome:R-BTA-159231|Reactome:R-BTA-159236|Reactome:R-BTA-72163|Reactome:R-BTA-72165|Reactome:R-BTA-72203|Reactome:R-BTA-73856|Reactome:R-BTA-77595|Reactome:R-BTA-9770562|Reactome:R-CEL-159236|Reactome:R-CEL-72163|Reactome:R-CEL-73856|Reactome:R-DME-159231|Reactome:R-DME-159236|Reactome:R-DME-1834941|Reactome:R-DME-72163|Reactome:R-DME-72165|Reactome:R-DME-72203|Reactome:R-DME-73856|Reactome:R-DME-77595|Reactome:R-DME-9770562|Reactome:R-DRE-72165|Reactome:R-HSA-1169408|Reactome:R-HSA-159231|Reactome:R-HSA-159236|Reactome:R-HSA-162585|Reactome:R-HSA-162588|Reactome:R-HSA-162592|Reactome:R-HSA-162594|Reactome:R-HSA-164516|Reactome:R-HSA-164525|Reactome:R-HSA-164843|Reactome:R-HSA-168315|Reactome:R-HSA-173107|Reactome:R-HSA-174490|Reactome:R-HSA-174495|Reactome:R-HSA-175474|Reactome:R-HSA-175567|Reactome:R-HSA-177539|Reactome:R-HSA-180689|Reactome:R-HSA-180910|Reactome:R-HSA-429947|Reactome:R-HSA-452723|Reactome:R-HSA-6784531|Reactome:R-HSA-72163|Reactome:R-HSA-72165|Reactome:R-HSA-72187|Reactome:R-HSA-72203|Reactome:R-HSA-73856|Reactome:R-HSA-77595|Reactome:R-HSA-9013422|Reactome:R-HSA-9682706|Reactome:R-HSA-9694686|Reactome:R-HSA-9705671|Reactome:R-HSA-9770562|Reactome:R-HSA-9819196|Reactome:R-HSA-9820865|Reactome:R-HSA-983168|Reactome:R-HSA-9918481|Reactome:R-HSA-9930044|Reactome:R-MMU-159231|Reactome:R-MMU-159236|Reactome:R-MMU-72163|Reactome:R-MMU-72165|Reactome:R-MMU-72187|Reactome:R-MMU-72203|Reactome:R-MMU-73856|Reactome:R-MMU-77595|Reactome:R-MMU-9013422|Reactome:R-MMU-9770562|Reactome:R-MMU-983168|Reactome:R-RNO-159231|Reactome:R-RNO-72165|Reactome:R-RNO-73856|Reactome:R-RNO-77595|Reactome:R-RNO-9770562|Reactome:R-SCE-983168|Reactome:R-SPO-9770562|Reactome:R-SPO-983168|Reactome:R-XTR-77595|Reactome:R-XTR-9770562
MPMV	a2c1deeda939c2db73beafc42d48e1bb	594	Pfam	PF02337	Retroviral GAG p10 protein	1	81	1.5E-21	T	13-08-2026	IPR003322	Beta-retroviral matrix protein	GO:0005198(InterPro)	-
Monkey	8232dc8fe43636eba4d40b2c4c65ff89	162	PANTHER	PTHR15503	LDOC1 RELATED	3	161	7.0E-11	T	13-08-2026	IPR032567	RTL1-related	-	-
Monkey	8232dc8fe43636eba4d40b2c4c65ff89	162	MobiDBLite	mobidb-lite	consensus disorder prediction	95	147	-	T	13-08-2026	-	-	-	-
Monkey	8232dc8fe43636eba4d40b2c4c65ff89	162	MobiDBLite	mobidb-lite	consensus disorder prediction	133	146	-	T	13-08-2026	-	-	-	-
Cyclops-2	11610defb205bb3d2c1539ed5eb9ba33	666	PANTHER	PTHR33223	CCHC-TYPE DOMAIN-CONTAINING PROTEIN	29	405	1.6E-25	T	13-08-2026	-	-	-	-
Cyclops-2	11610defb205bb3d2c1539ed5eb9ba33	666	MobiDBLite	mobidb-lite	consensus disorder prediction	347	412	-	T	13-08-2026	-	-	-	-
Cyclops-2	11610defb205bb3d2c1539ed5eb9ba33	666	MobiDBLite	mobidb-lite	consensus disorder prediction	347	379	-	T	13-08-2026	-	-	-	-
Cyclops-2	11610defb205bb3d2c1539ed5eb9ba33	666	MobiDBLite	mobidb-lite	consensus disorder prediction	48	58	-	T	13-08-2026	-	-	-	-
Cyclops-2	11610defb205bb3d2c1539ed5eb9ba33	666	MobiDBLite	mobidb-lite	consensus disorder prediction	505	523	-	T	13-08-2026	-	-	-	-
Cyclops-2	11610defb205bb3d2c1539ed5eb9ba33	666	MobiDBLite	mobidb-lite	consensus disorder prediction	449	565	-	T	13-08-2026	-	-	-	-
Cyclops-2	11610defb205bb3d2c1539ed5eb9ba33	666	MobiDBLite	mobidb-lite	consensus disorder prediction	452	467	-	T	13-08-2026	-	-	-	-
Cyclops-2	11610defb205bb3d2c1539ed5eb9ba33	666	MobiDBLite	mobidb-lite	consensus disorder prediction	524	554	-	T	13-08-2026	-	-	-	-
Cyclops-2	11610defb205bb3d2c1539ed5eb9ba33	666	MobiDBLite	mobidb-lite	consensus disorder prediction	555	564	-	T	13-08-2026	-	-	-	-
Cyclops-2	11610defb205bb3d2c1539ed5eb9ba33	666	MobiDBLite	mobidb-lite	consensus disorder prediction	22	58	-	T	13-08-2026	-	-	-	-
Cyclops-2	11610defb205bb3d2c1539ed5eb9ba33	666	MobiDBLite	mobidb-lite	consensus disorder prediction	468	504	-	T	13-08-2026	-	-	-	-
Cyclops-2	11610defb205bb3d2c1539ed5eb9ba33	666	Coils	Coil	Coil	483	510	-	T	13-08-2026	-	-	-	-
EIAV	f222460059644d6e64c3c9c4922828ee	427	Gene3D	G3DSA:1.10.150.90	Immunodeficiency lentiviruses, gag gene matrix protein p17	1	124	1.1E-76	T	13-08-2026	IPR012344	Matrix protein, lentiviral and alpha-retroviral, N-terminal	-	Reactome:R-HSA-1169408|Reactome:R-HSA-162585|Reactome:R-HSA-162588|Reactome:R-HSA-162592|Reactome:R-HSA-162594|Reactome:R-HSA-164516|Reactome:R-HSA-164525|Reactome:R-HSA-164843|Reactome:R-HSA-173107|Reactome:R-HSA-174490|Reactome:R-HSA-174495|Reactome:R-HSA-175474|Reactome:R-HSA-175567|Reactome:R-HSA-177539|Reactome:R-HSA-180689|Reactome:R-HSA-180910
EIAV	f222460059644d6e64c3c9c4922828ee	427	Pfam	PF08723	Gag protein p15	2	124	8.0E-77	T	13-08-2026	IPR014834	Gag protein p15	-	-
EIAV	f222460059644d6e64c3c9c4922828ee	427	SUPERFAMILY	SSF47943	Retrovirus capsid protein, N-terminal core domain	123	280	5.1E-41	T	13-08-2026	IPR008919	Retrovirus capsid, N-terminal	GO:0016032(InterPro)	Reactome:R-HSA-1169408|Reactome:R-HSA-162585|Reactome:R-HSA-162588|Reactome:R-HSA-162592|Reactome:R-HSA-162594|Reactome:R-HSA-164516|Reactome:R-HSA-164525|Reactome:R-HSA-164843|Reactome:R-HSA-173107|Reactome:R-HSA-174490|Reactome:R-HSA-174495|Reactome:R-HSA-175474|Reactome:R-HSA-175567|Reactome:R-HSA-177539|Reactome:R-HSA-180689|Reactome:R-HSA-180910
EIAV	f222460059644d6e64c3c9c4922828ee	427	Gene3D	G3DSA:1.10.375.10	Human Immunodeficiency Virus Type 1 Capsid Protein	125	269	1.5E-42	T	13-08-2026	IPR008919	Retrovirus capsid, N-terminal	GO:0016032(InterPro)	Reactome:R-HSA-1169408|Reactome:R-HSA-162585|Reactome:R-HSA-162588|Reactome:R-HSA-162592|Reactome:R-HSA-162594|Reactome:R-HSA-164516|Reactome:R-HSA-164525|Reactome:R-HSA-164843|Reactome:R-HSA-173107|Reactome:R-HSA-174490|Reactome:R-HSA-174495|Reactome:R-HSA-175474|Reactome:R-HSA-175567|Reactome:R-HSA-177539|Reactome:R-HSA-180689|Reactome:R-HSA-180910
EIAV	f222460059644d6e64c3c9c4922828ee	427	SUPERFAMILY	SSF57756	Retrovirus zinc finger-like domains	379	417	4.07E-12	T	13-08-2026	IPR036875	Zinc finger, CCHC-type superfamily	GO:0003676(InterPro)|GO:0008270(InterPro)	Reactome:R-BTA-159231|Reactome:R-BTA-159236|Reactome:R-BTA-72163|Reactome:R-BTA-72165|Reactome:R-BTA-72203|Reactome:R-BTA-73856|Reactome:R-BTA-77595|Reactome:R-BTA-9770562|Reactome:R-CEL-159236|Reactome:R-CEL-72163|Reactome:R-CEL-73856|Reactome:R-DME-159231|Reactome:R-DME-159236|Reactome:R-DME-1834941|Reactome:R-DME-72163|Reactome:R-DME-72165|Reactome:R-DME-72203|Reactome:R-DME-73856|Reactome:R-DME-77595|Reactome:R-DME-9770562|Reactome:R-DRE-72165|Reactome:R-HSA-1169408|Reactome:R-HSA-159231|Reactome:R-HSA-159236|Reactome:R-HSA-162585|Reactome:R-HSA-162588|Reactome:R-HSA-162592|Reactome:R-HSA-162594|Reactome:R-HSA-164516|Reactome:R-HSA-164525|Reactome:R-HSA-164843|Reactome:R-HSA-168315|Reactome:R-HSA-173107|Reactome:R-HSA-174490|Reactome:R-HSA-174495|Reactome:R-HSA-175474|Reactome:R-HSA-175567|Reactome:R-HSA-177539|Reactome:R-HSA-180689|Reactome:R-HSA-180910|Reactome:R-HSA-429947|Reactome:R-HSA-452723|Reactome:R-HSA-6784531|Reactome:R-HSA-72163|Reactome:R-HSA-72165|Reactome:R-HSA-72187|Reactome:R-HSA-72203|Reactome:R-HSA-73856|Reactome:R-HSA-77595|Reactome:R-HSA-9013422|Reactome:R-HSA-9682706|Reactome:R-HSA-9694686|Reactome:R-HSA-9705671|Reactome:R-HSA-9770562|Reactome:R-HSA-9819196|Reactome:R-HSA-9820865|Reactome:R-HSA-983168|Reactome:R-HSA-9918481|Reactome:R-HSA-9930044|Reactome:R-MMU-159231|Reactome:R-MMU-159236|Reactome:R-MMU-72163|Reactome:R-MMU-72165|Reactome:R-MMU-72187|Reactome:R-MMU-72203|Reactome:R-MMU-73856|Reactome:R-MMU-77595|Reactome:R-MMU-9013422|Reactome:R-MMU-9770562|Reactome:R-MMU-983168|Reactome:R-RNO-159231|Reactome:R-RNO-72165|Reactome:R-RNO-73856|Reactome:R-RNO-77595|Reactome:R-RNO-9770562|Reactome:R-SCE-983168|Reactome:R-SPO-9770562|Reactome:R-SPO-983168|Reactome:R-XTR-77595|Reactome:R-XTR-9770562
EIAV	f222460059644d6e64c3c9c4922828ee	427	ProSiteProfiles	PS50158	Zinc finger CCHC-type profile.	383	397	10.592238	T	13-08-2026	IPR001878	Zinc finger, CCHC-type	GO:0003676(InterPro)|GO:0008270(InterPro)	Reactome:R-BTA-159231|Reactome:R-BTA-159236|Reactome:R-BTA-72163|Reactome:R-BTA-72165|Reactome:R-BTA-72203|Reactome:R-BTA-73856|Reactome:R-BTA-77595|Reactome:R-BTA-9770562|Reactome:R-CEL-159236|Reactome:R-CEL-72163|Reactome:R-CEL-73856|Reactome:R-DME-159231|Reactome:R-DME-159236|Reactome:R-DME-1834941|Reactome:R-DME-72163|Reactome:R-DME-72165|Reactome:R-DME-72203|Reactome:R-DME-73856|Reactome:R-DME-77595|Reactome:R-DME-8941326|Reactome:R-DME-9770562|Reactome:R-DME-9930044|Reactome:R-DRE-72165|Reactome:R-HSA-1169408|Reactome:R-HSA-159231|Reactome:R-HSA-159236|Reactome:R-HSA-162585|Reactome:R-HSA-162588|Reactome:R-HSA-162592|Reactome:R-HSA-162594|Reactome:R-HSA-164516|Reactome:R-HSA-164525|Reactome:R-HSA-164843|Reactome:R-HSA-168315|Reactome:R-HSA-173107|Reactome:R-HSA-174490|Reactome:R-HSA-174495|Reactome:R-HSA-175474|Reactome:R-HSA-175567|Reactome:R-HSA-177539|Reactome:R-HSA-180689|Reactome:R-HSA-180910|Reactome:R-HSA-429947|Reactome:R-HSA-452723|Reactome:R-HSA-6784531|Reactome:R-HSA-72163|Reactome:R-HSA-72165|Reactome:R-HSA-72187|Reactome:R-HSA-72203|Reactome:R-HSA-73856|Reactome:R-HSA-77595|Reactome:R-HSA-9013422|Reactome:R-HSA-9682706|Reactome:R-HSA-9694686|Reactome:R-HSA-9705671|Reactome:R-HSA-9770562|Reactome:R-HSA-9819196|Reactome:R-HSA-9820865|Reactome:R-HSA-983168|Reactome:R-HSA-9843970|Reactome:R-HSA-9918481|Reactome:R-HSA-9930044|Reactome:R-HSA-9931510|Reactome:R-MMU-159231|Reactome:R-MMU-159236|Reactome:R-MMU-72163|Reactome:R-MMU-72165|Reactome:R-MMU-72187|Reactome:R-MMU-72203|Reactome:R-MMU-73856|Reactome:R-MMU-77595|Reactome:R-MMU-9013422|Reactome:R-MMU-9770562|Reactome:R-MMU-983168|Reactome:R-MMU-9930044|Reactome:R-RNO-159231|Reactome:R-RNO-72165|Reactome:R-RNO-73856|Reactome:R-RNO-77595|Reactome:R-RNO-9770562|Reactome:R-SCE-983168|Reactome:R-SPO-9770562|Reactome:R-SPO-983168|Reactome:R-XTR-77595|Reactome:R-XTR-9770562
EIAV	f222460059644d6e64c3c9c4922828ee	427	Gene3D	G3DSA:1.10.1200.30	-	270	363	6.3E-29	T	13-08-2026	IPR008916	Retrovirus capsid, C-terminal	-	Reactome:R-HSA-1169408|Reactome:R-HSA-162585|Reactome:R-HSA-162588|Reactome:R-HSA-162592|Reactome:R-HSA-162594|Reactome:R-HSA-164516|Reactome:R-HSA-164525|Reactome:R-HSA-164843|Reactome:R-HSA-173107|Reactome:R-HSA-174490|Reactome:R-HSA-174495|Reactome:R-HSA-175474|Reactome:R-HSA-175567|Reactome:R-HSA-177539|Reactome:R-HSA-180689|Reactome:R-HSA-180910
EIAV	f222460059644d6e64c3c9c4922828ee	427	SUPERFAMILY	SSF47353	Retrovirus capsid dimerization domain-like	274	353	4.58E-24	T	13-08-2026	-	-	-	-
EIAV	f222460059644d6e64c3c9c4922828ee	427	SUPERFAMILY	SSF47836	Retroviral matrix proteins	1	109	6.0E-67	T	13-08-2026	IPR010999	Retroviral matrix protein	-	Reactome:R-HSA-1169408|Reactome:R-HSA-162585|Reactome:R-HSA-162588|Reactome:R-HSA-162592|Reactome:R-HSA-162594|Reactome:R-HSA-164516|Reactome:R-HSA-164525|Reactome:R-HSA-164843|Reactome:R-HSA-173107|Reactome:R-HSA-174490|Reactome:R-HSA-174495|Reactome:R-HSA-175474|Reactome:R-HSA-175567|Reactome:R-HSA-177539|Reactome:R-HSA-180689|Reactome:R-HSA-180910|Reactome:R-HSA-198933
EIAV	f222460059644d6e64c3c9c4922828ee	427	SMART	SM00343	c2hcfinal6	401	417	5.9E-5	T	13-08-2026	IPR001878	Zinc finger, CCHC-type	GO:0003676(InterPro)|GO:0008270(InterPro)	Reactome:R-BTA-159231|Reactome:R-BTA-159236|Reactome:R-BTA-72163|Reactome:R-BTA-72165|Reactome:R-BTA-72203|Reactome:R-BTA-73856|Reactome:R-BTA-77595|Reactome:R-BTA-9770562|Reactome:R-CEL-159236|Reactome:R-CEL-72163|Reactome:R-CEL-73856|Reactome:R-DME-159231|Reactome:R-DME-159236|Reactome:R-DME-1834941|Reactome:R-DME-72163|Reactome:R-DME-72165|Reactome:R-DME-72203|Reactome:R-DME-73856|Reactome:R-DME-77595|Reactome:R-DME-8941326|Reactome:R-DME-9770562|Reactome:R-DME-9930044|Reactome:R-DRE-72165|Reactome:R-HSA-1169408|Reactome:R-HSA-159231|Reactome:R-HSA-159236|Reactome:R-HSA-162585|Reactome:R-HSA-162588|Reactome:R-HSA-162592|Reactome:R-HSA-162594|Reactome:R-HSA-164516|Reactome:R-HSA-164525|Reactome:R-HSA-164843|Reactome:R-HSA-168315|Reactome:R-HSA-173107|Reactome:R-HSA-174490|Reactome:R-HSA-174495|Reactome:R-HSA-175474|Reactome:R-HSA-175567|Reactome:R-HSA-177539|Reactome:R-HSA-180689|Reactome:R-HSA-180910|Reactome:R-HSA-429947|Reactome:R-HSA-452723|Reactome:R-HSA-6784531|Reactome:R-HSA-72163|Reactome:R-HSA-72165|Reactome:R-HSA-72187|Reactome:R-HSA-72203|Reactome:R-HSA-73856|Reactome:R-HSA-77595|Reactome:R-HSA-9013422|Reactome:R-HSA-9682706|Reactome:R-HSA-9694686|Reactome:R-HSA-9705671|Reactome:R-HSA-9770562|Reactome:R-HSA-9819196|Reactome:R-HSA-9820865|Reactome:R-HSA-983168|Reactome:R-HSA-9843970|Reactome:R-HSA-9918481|Reactome:R-HSA-9930044|Reactome:R-HSA-9931510|Reactome:R-MMU-159231|Reactome:R-MMU-159236|Reactome:R-MMU-72163|Reactome:R-MMU-72165|Reactome:R-MMU-72187|Reactome:R-MMU-72203|Reactome:R-MMU-73856|Reactome:R-MMU-77595|Reactome:R-MMU-9013422|Reactome:R-MMU-9770562|Reactome:R-MMU-983168|Reactome:R-MMU-9930044|Reactome:R-RNO-159231|Reactome:R-RNO-72165|Reactome:R-RNO-73856|Reactome:R-RNO-77595|Reactome:R-RNO-9770562|Reactome:R-SCE-983168|Reactome:R-SPO-9770562|Reactome:R-SPO-983168|Reactome:R-XTR-77595|Reactome:R-XTR-9770562
EIAV	f222460059644d6e64c3c9c4922828ee	427	SMART	SM00343	c2hcfinal6	382	398	1.8E-5	T	13-08-2026	IPR001878	Zinc finger, CCHC-type	GO:0003676(InterPro)|GO:0008270(InterPro)	Reactome:R-BTA-159231|Reactome:R-BTA-159236|Reactome:R-BTA-72163|Reactome:R-BTA-72165|Reactome:R-BTA-72203|Reactome:R-BTA-73856|Reactome:R-BTA-77595|Reactome:R-BTA-9770562|Reactome:R-CEL-159236|Reactome:R-CEL-72163|Reactome:R-CEL-73856|Reactome:R-DME-159231|Reactome:R-DME-159236|Reactome:R-DME-1834941|Reactome:R-DME-72163|Reactome:R-DME-72165|Reactome:R-DME-72203|Reactome:R-DME-73856|Reactome:R-DME-77595|Reactome:R-DME-8941326|Reactome:R-DME-9770562|Reactome:R-DME-9930044|Reactome:R-DRE-72165|Reactome:R-HSA-1169408|Reactome:R-HSA-159231|Reactome:R-HSA-159236|Reactome:R-HSA-162585|Reactome:R-HSA-162588|Reactome:R-HSA-162592|Reactome:R-HSA-162594|Reactome:R-HSA-164516|Reactome:R-HSA-164525|Reactome:R-HSA-164843|Reactome:R-HSA-168315|Reactome:R-HSA-173107|Reactome:R-HSA-174490|Reactome:R-HSA-174495|Reactome:R-HSA-175474|Reactome:R-HSA-175567|Reactome:R-HSA-177539|Reactome:R-HSA-180689|Reactome:R-HSA-180910|Reactome:R-HSA-429947|Reactome:R-HSA-452723|Reactome:R-HSA-6784531|Reactome:R-HSA-72163|Reactome:R-HSA-72165|Reactome:R-HSA-72187|Reactome:R-HSA-72203|Reactome:R-HSA-73856|Reactome:R-HSA-77595|Reactome:R-HSA-9013422|Reactome:R-HSA-9682706|Reactome:R-HSA-9694686|Reactome:R-HSA-9705671|Reactome:R-HSA-9770562|Reactome:R-HSA-9819196|Reactome:R-HSA-9820865|Reactome:R-HSA-983168|Reactome:R-HSA-9843970|Reactome:R-HSA-9918481|Reactome:R-HSA-9930044|Reactome:R-HSA-9931510|Reactome:R-MMU-159231|Reactome:R-MMU-159236|Reactome:R-MMU-72163|Reactome:R-MMU-72165|Reactome:R-MMU-72187|Reactome:R-MMU-72203|Reactome:R-MMU-73856|Reactome:R-MMU-77595|Reactome:R-MMU-9013422|Reactome:R-MMU-9770562|Reactome:R-MMU-983168|Reactome:R-MMU-9930044|Reactome:R-RNO-159231|Reactome:R-RNO-72165|Reactome:R-RNO-73856|Reactome:R-RNO-77595|Reactome:R-RNO-9770562|Reactome:R-SCE-983168|Reactome:R-SPO-9770562|Reactome:R-SPO-983168|Reactome:R-XTR-77595|Reactome:R-XTR-9770562
EIAV	f222460059644d6e64c3c9c4922828ee	427	Pfam	PF19317	Gag protein p24 C-terminal domain	271	339	4.4E-15	T	13-08-2026	IPR045345	Retroviral nucleocapsid Gag protein p24, C-terminal domain	-	Reactome:R-HSA-1169408|Reactome:R-HSA-162585|Reactome:R-HSA-162588|Reactome:R-HSA-162592|Reactome:R-HSA-162594|Reactome:R-HSA-164516|Reactome:R-HSA-164525|Reactome:R-HSA-164843|Reactome:R-HSA-173107|Reactome:R-HSA-174490|Reactome:R-HSA-174495|Reactome:R-HSA-175474|Reactome:R-HSA-175567|Reactome:R-HSA-177539|Reactome:R-HSA-180689|Reactome:R-HSA-180910
EIAV	f222460059644d6e64c3c9c4922828ee	427	PANTHER	PTHR40389	ENDOGENOUS RETROVIRUS GROUP K MEMBER 24 GAG POLYPROTEIN-RELATED	275	425	2.7E-29	T	13-08-2026	IPR050195	Primate lentivirus group Gag polyprotein-like	-	Reactome:R-HSA-1169408|Reactome:R-HSA-162585|Reactome:R-HSA-162588|Reactome:R-HSA-162592|Reactome:R-HSA-162594|Reactome:R-HSA-164516|Reactome:R-HSA-164525|Reactome:R-HSA-164843|Reactome:R-HSA-173107|Reactome:R-HSA-174490|Reactome:R-HSA-174495|Reactome:R-HSA-175474|Reactome:R-HSA-175567|Reactome:R-HSA-177539|Reactome:R-HSA-180689|Reactome:R-HSA-180910
EIAV	f222460059644d6e64c3c9c4922828ee	427	Pfam	PF00098	Zinc knuckle	382	397	0.0032	T	13-08-2026	IPR001878	Zinc finger, CCHC-type	GO:0003676(InterPro)|GO:0008270(InterPro)	Reactome:R-BTA-159231|Reactome:R-BTA-159236|Reactome:R-BTA-72163|Reactome:R-BTA-72165|Reactome:R-BTA-72203|Reactome:R-BTA-73856|Reactome:R-BTA-77595|Reactome:R-BTA-9770562|Reactome:R-CEL-159236|Reactome:R-CEL-72163|Reactome:R-CEL-73856|Reactome:R-DME-159231|Reactome:R-DME-159236|Reactome:R-DME-1834941|Reactome:R-DME-72163|Reactome:R-DME-72165|Reactome:R-DME-72203|Reactome:R-DME-73856|Reactome:R-DME-77595|Reactome:R-DME-8941326|Reactome:R-DME-9770562|Reactome:R-DME-9930044|Reactome:R-DRE-72165|Reactome:R-HSA-1169408|Reactome:R-HSA-159231|Reactome:R-HSA-159236|Reactome:R-HSA-162585|Reactome:R-HSA-162588|Reactome:R-HSA-162592|Reactome:R-HSA-162594|Reactome:R-HSA-164516|Reactome:R-HSA-164525|Reactome:R-HSA-164843|Reactome:R-HSA-168315|Reactome:R-HSA-173107|Reactome:R-HSA-174490|Reactome:R-HSA-174495|Reactome:R-HSA-175474|Reactome:R-HSA-175567|Reactome:R-HSA-177539|Reactome:R-HSA-180689|Reactome:R-HSA-180910|Reactome:R-HSA-429947|Reactome:R-HSA-452723|Reactome:R-HSA-6784531|Reactome:R-HSA-72163|Reactome:R-HSA-72165|Reactome:R-HSA-72187|Reactome:R-HSA-72203|Reactome:R-HSA-73856|Reactome:R-HSA-77595|Reactome:R-HSA-9013422|Reactome:R-HSA-9682706|Reactome:R-HSA-9694686|Reactome:R-HSA-9705671|Reactome:R-HSA-9770562|Reactome:R-HSA-9819196|Reactome:R-HSA-9820865|Reactome:R-HSA-983168|Reactome:R-HSA-9843970|Reactome:R-HSA-9918481|Reactome:R-HSA-9930044|Reactome:R-HSA-9931510|Reactome:R-MMU-159231|Reactome:R-MMU-159236|Reactome:R-MMU-72163|Reactome:R-MMU-72165|Reactome:R-MMU-72187|Reactome:R-MMU-72203|Reactome:R-MMU-73856|Reactome:R-MMU-77595|Reactome:R-MMU-9013422|Reactome:R-MMU-9770562|Reactome:R-MMU-983168|Reactome:R-MMU-9930044|Reactome:R-RNO-159231|Reactome:R-RNO-72165|Reactome:R-RNO-73856|Reactome:R-RNO-77595|Reactome:R-RNO-9770562|Reactome:R-SCE-983168|Reactome:R-SPO-9770562|Reactome:R-SPO-983168|Reactome:R-XTR-77595|Reactome:R-XTR-9770562
EIAV	f222460059644d6e64c3c9c4922828ee	427	Pfam	PF00098	Zinc knuckle	401	416	0.023	T	13-08-2026	IPR001878	Zinc finger, CCHC-type	GO:0003676(InterPro)|GO:0008270(InterPro)	Reactome:R-BTA-159231|Reactome:R-BTA-159236|Reactome:R-BTA-72163|Reactome:R-BTA-72165|Reactome:R-BTA-72203|Reactome:R-BTA-73856|Reactome:R-BTA-77595|Reactome:R-BTA-9770562|Reactome:R-CEL-159236|Reactome:R-CEL-72163|Reactome:R-CEL-73856|Reactome:R-DME-159231|Reactome:R-DME-159236|Reactome:R-DME-1834941|Reactome:R-DME-72163|Reactome:R-DME-72165|Reactome:R-DME-72203|Reactome:R-DME-73856|Reactome:R-DME-77595|Reactome:R-DME-8941326|Reactome:R-DME-9770562|Reactome:R-DME-9930044|Reactome:R-DRE-72165|Reactome:R-HSA-1169408|Reactome:R-HSA-159231|Reactome:R-HSA-159236|Reactome:R-HSA-162585|Reactome:R-HSA-162588|Reactome:R-HSA-162592|Reactome:R-HSA-162594|Reactome:R-HSA-164516|Reactome:R-HSA-164525|Reactome:R-HSA-164843|Reactome:R-HSA-168315|Reactome:R-HSA-173107|Reactome:R-HSA-174490|Reactome:R-HSA-174495|Reactome:R-HSA-175474|Reactome:R-HSA-175567|Reactome:R-HSA-177539|Reactome:R-HSA-180689|Reactome:R-HSA-180910|Reactome:R-HSA-429947|Reactome:R-HSA-452723|Reactome:R-HSA-6784531|Reactome:R-HSA-72163|Reactome:R-HSA-72165|Reactome:R-HSA-72187|Reactome:R-HSA-72203|Reactome:R-HSA-73856|Reactome:R-HSA-77595|Reactome:R-HSA-9013422|Reactome:R-HSA-9682706|Reactome:R-HSA-9694686|Reactome:R-HSA-9705671|Reactome:R-HSA-9770562|Reactome:R-HSA-9819196|Reactome:R-HSA-9820865|Reactome:R-HSA-983168|Reactome:R-HSA-9843970|Reactome:R-HSA-9918481|Reactome:R-HSA-9930044|Reactome:R-HSA-9931510|Reactome:R-MMU-159231|Reactome:R-MMU-159236|Reactome:R-MMU-72163|Reactome:R-MMU-72165|Reactome:R-MMU-72187|Reactome:R-MMU-72203|Reactome:R-MMU-73856|Reactome:R-MMU-77595|Reactome:R-MMU-9013422|Reactome:R-MMU-9770562|Reactome:R-MMU-983168|Reactome:R-MMU-9930044|Reactome:R-RNO-159231|Reactome:R-RNO-72165|Reactome:R-RNO-73856|Reactome:R-RNO-77595|Reactome:R-RNO-9770562|Reactome:R-SCE-983168|Reactome:R-SPO-9770562|Reactome:R-SPO-983168|Reactome:R-XTR-77595|Reactome:R-XTR-9770562
EIAV	f222460059644d6e64c3c9c4922828ee	427	ProSiteProfiles	PS50158	Zinc finger CCHC-type profile.	402	417	9.702167	T	13-08-2026	IPR001878	Zinc finger, CCHC-type	GO:0003676(InterPro)|GO:0008270(InterPro)	Reactome:R-BTA-159231|Reactome:R-BTA-159236|Reactome:R-BTA-72163|Reactome:R-BTA-72165|Reactome:R-BTA-72203|Reactome:R-BTA-73856|Reactome:R-BTA-77595|Reactome:R-BTA-9770562|Reactome:R-CEL-159236|Reactome:R-CEL-72163|Reactome:R-CEL-73856|Reactome:R-DME-159231|Reactome:R-DME-159236|Reactome:R-DME-1834941|Reactome:R-DME-72163|Reactome:R-DME-72165|Reactome:R-DME-72203|Reactome:R-DME-73856|Reactome:R-DME-77595|Reactome:R-DME-8941326|Reactome:R-DME-9770562|Reactome:R-DME-9930044|Reactome:R-DRE-72165|Reactome:R-HSA-1169408|Reactome:R-HSA-159231|Reactome:R-HSA-159236|Reactome:R-HSA-162585|Reactome:R-HSA-162588|Reactome:R-HSA-162592|Reactome:R-HSA-162594|Reactome:R-HSA-164516|Reactome:R-HSA-164525|Reactome:R-HSA-164843|Reactome:R-HSA-168315|Reactome:R-HSA-173107|Reactome:R-HSA-174490|Reactome:R-HSA-174495|Reactome:R-HSA-175474|Reactome:R-HSA-175567|Reactome:R-HSA-177539|Reactome:R-HSA-180689|Reactome:R-HSA-180910|Reactome:R-HSA-429947|Reactome:R-HSA-452723|Reactome:R-HSA-6784531|Reactome:R-HSA-72163|Reactome:R-HSA-72165|Reactome:R-HSA-72187|Reactome:R-HSA-72203|Reactome:R-HSA-73856|Reactome:R-HSA-77595|Reactome:R-HSA-9013422|Reactome:R-HSA-9682706|Reactome:R-HSA-9694686|Reactome:R-HSA-9705671|Reactome:R-HSA-9770562|Reactome:R-HSA-9819196|Reactome:R-HSA-9820865|Reactome:R-HSA-983168|Reactome:R-HSA-9843970|Reactome:R-HSA-9918481|Reactome:R-HSA-9930044|Reactome:R-HSA-9931510|Reactome:R-MMU-159231|Reactome:R-MMU-159236|Reactome:R-MMU-72163|Reactome:R-MMU-72165|Reactome:R-MMU-72187|Reactome:R-MMU-72203|Reactome:R-MMU-73856|Reactome:R-MMU-77595|Reactome:R-MMU-9013422|Reactome:R-MMU-9770562|Reactome:R-MMU-983168|Reactome:R-MMU-9930044|Reactome:R-RNO-159231|Reactome:R-RNO-72165|Reactome:R-RNO-73856|Reactome:R-RNO-77595|Reactome:R-RNO-9770562|Reactome:R-SCE-983168|Reactome:R-SPO-9770562|Reactome:R-SPO-983168|Reactome:R-XTR-77595|Reactome:R-XTR-9770562
EIAV	f222460059644d6e64c3c9c4922828ee	427	Gene3D	G3DSA:4.10.60.10	-	400	427	8.8E-6	T	13-08-2026	-	-	-	-
EIAV	f222460059644d6e64c3c9c4922828ee	427	Gene3D	G3DSA:4.10.60.10	-	373	399	1.7E-5	T	13-08-2026	-	-	-	-
Tribel	29e352a75966d98e59af1a0ed4aee8fb	494	Pfam	PF03564	Protein of unknown function (DUF1759)	166	310	3.9E-41	T	13-08-2026	IPR005312	Domain of unknown function DUF1759	-	-
Tribel	29e352a75966d98e59af1a0ed4aee8fb	494	PANTHER	PTHR22955	RETROTRANSPOSON	2	461	3.9E-70	T	13-08-2026	-	-	-	-
Cer6	abf13f42b004d2d15bd1db3dd502acd0	364	PANTHER	PTHR36943	CCHC-TYPE DOMAIN-CONTAINING PROTEIN	91	353	2.0E-81	T	13-08-2026	-	-	-	-
Cer6	abf13f42b004d2d15bd1db3dd502acd0	364	Pfam	PF23309	Domain of unknown function (DUF7083)	91	179	2.5E-27	T	13-08-2026	IPR055510	Domain of unknown function DUF7083	-	-
Cer6	abf13f42b004d2d15bd1db3dd502acd0	364	SMART	SM00343	c2hcfinal6	330	346	0.0026	T	13-08-2026	IPR001878	Zinc finger, CCHC-type	GO:0003676(InterPro)|GO:0008270(InterPro)	Reactome:R-BTA-159231|Reactome:R-BTA-159236|Reactome:R-BTA-72163|Reactome:R-BTA-72165|Reactome:R-BTA-72203|Reactome:R-BTA-73856|Reactome:R-BTA-77595|Reactome:R-BTA-9770562|Reactome:R-CEL-159236|Reactome:R-CEL-72163|Reactome:R-CEL-73856|Reactome:R-DME-159231|Reactome:R-DME-159236|Reactome:R-DME-1834941|Reactome:R-DME-72163|Reactome:R-DME-72165|Reactome:R-DME-72203|Reactome:R-DME-73856|Reactome:R-DME-77595|Reactome:R-DME-8941326|Reactome:R-DME-9770562|Reactome:R-DME-9930044|Reactome:R-DRE-72165|Reactome:R-HSA-1169408|Reactome:R-HSA-159231|Reactome:R-HSA-159236|Reactome:R-HSA-162585|Reactome:R-HSA-162588|Reactome:R-HSA-162592|Reactome:R-HSA-162594|Reactome:R-HSA-164516|Reactome:R-HSA-164525|Reactome:R-HSA-164843|Reactome:R-HSA-168315|Reactome:R-HSA-173107|Reactome:R-HSA-174490|Reactome:R-HSA-174495|Reactome:R-HSA-175474|Reactome:R-HSA-175567|Reactome:R-HSA-177539|Reactome:R-HSA-180689|Reactome:R-HSA-180910|Reactome:R-HSA-429947|Reactome:R-HSA-452723|Reactome:R-HSA-6784531|Reactome:R-HSA-72163|Reactome:R-HSA-72165|Reactome:R-HSA-72187|Reactome:R-HSA-72203|Reactome:R-HSA-73856|Reactome:R-HSA-77595|Reactome:R-HSA-9013422|Reactome:R-HSA-9682706|Reactome:R-HSA-9694686|Reactome:R-HSA-9705671|Reactome:R-HSA-9770562|Reactome:R-HSA-9819196|Reactome:R-HSA-9820865|Reactome:R-HSA-983168|Reactome:R-HSA-9843970|Reactome:R-HSA-9918481|Reactome:R-HSA-9930044|Reactome:R-HSA-9931510|Reactome:R-MMU-159231|Reactome:R-MMU-159236|Reactome:R-MMU-72163|Reactome:R-MMU-72165|Reactome:R-MMU-72187|Reactome:R-MMU-72203|Reactome:R-MMU-73856|Reactome:R-MMU-77595|Reactome:R-MMU-9013422|Reactome:R-MMU-9770562|Reactome:R-MMU-983168|Reactome:R-MMU-9930044|Reactome:R-RNO-159231|Reactome:R-RNO-72165|Reactome:R-RNO-73856|Reactome:R-RNO-77595|Reactome:R-RNO-9770562|Reactome:R-SCE-983168|Reactome:R-SPO-9770562|Reactome:R-SPO-983168|Reactome:R-XTR-77595|Reactome:R-XTR-9770562
Cer6	abf13f42b004d2d15bd1db3dd502acd0	364	MobiDBLite	mobidb-lite	consensus disorder prediction	342	353	-	T	13-08-2026	-	-	-	-
Cer6	abf13f42b004d2d15bd1db3dd502acd0	364	MobiDBLite	mobidb-lite	consensus disorder prediction	306	319	-	T	13-08-2026	-	-	-	-
Cer6	abf13f42b004d2d15bd1db3dd502acd0	364	MobiDBLite	mobidb-lite	consensus disorder prediction	299	324	-	T	13-08-2026	-	-	-	-
Cer6	abf13f42b004d2d15bd1db3dd502acd0	364	MobiDBLite	mobidb-lite	consensus disorder prediction	339	364	-	T	13-08-2026	-	-	-	-
Cer6	abf13f42b004d2d15bd1db3dd502acd0	364	SUPERFAMILY	SSF57756	Retrovirus zinc finger-like domains	329	352	5.58E-6	T	13-08-2026	IPR036875	Zinc finger, CCHC-type superfamily	GO:0003676(InterPro)|GO:0008270(InterPro)	Reactome:R-BTA-159231|Reactome:R-BTA-159236|Reactome:R-BTA-72163|Reactome:R-BTA-72165|Reactome:R-BTA-72203|Reactome:R-BTA-73856|Reactome:R-BTA-77595|Reactome:R-BTA-9770562|Reactome:R-CEL-159236|Reactome:R-CEL-72163|Reactome:R-CEL-73856|Reactome:R-DME-159231|Reactome:R-DME-159236|Reactome:R-DME-1834941|Reactome:R-DME-72163|Reactome:R-DME-72165|Reactome:R-DME-72203|Reactome:R-DME-73856|Reactome:R-DME-77595|Reactome:R-DME-9770562|Reactome:R-DRE-72165|Reactome:R-HSA-1169408|Reactome:R-HSA-159231|Reactome:R-HSA-159236|Reactome:R-HSA-162585|Reactome:R-HSA-162588|Reactome:R-HSA-162592|Reactome:R-HSA-162594|Reactome:R-HSA-164516|Reactome:R-HSA-164525|Reactome:R-HSA-164843|Reactome:R-HSA-168315|Reactome:R-HSA-173107|Reactome:R-HSA-174490|Reactome:R-HSA-174495|Reactome:R-HSA-175474|Reactome:R-HSA-175567|Reactome:R-HSA-177539|Reactome:R-HSA-180689|Reactome:R-HSA-180910|Reactome:R-HSA-429947|Reactome:R-HSA-452723|Reactome:R-HSA-6784531|Reactome:R-HSA-72163|Reactome:R-HSA-72165|Reactome:R-HSA-72187|Reactome:R-HSA-72203|Reactome:R-HSA-73856|Reactome:R-HSA-77595|Reactome:R-HSA-9013422|Reactome:R-HSA-9682706|Reactome:R-HSA-9694686|Reactome:R-HSA-9705671|Reactome:R-HSA-9770562|Reactome:R-HSA-9819196|Reactome:R-HSA-9820865|Reactome:R-HSA-983168|Reactome:R-HSA-9918481|Reactome:R-HSA-9930044|Reactome:R-MMU-159231|Reactome:R-MMU-159236|Reactome:R-MMU-72163|Reactome:R-MMU-72165|Reactome:R-MMU-72187|Reactome:R-MMU-72203|Reactome:R-MMU-73856|Reactome:R-MMU-77595|Reactome:R-MMU-9013422|Reactome:R-MMU-9770562|Reactome:R-MMU-983168|Reactome:R-RNO-159231|Reactome:R-RNO-72165|Reactome:R-RNO-73856|Reactome:R-RNO-77595|Reactome:R-RNO-9770562|Reactome:R-SCE-983168|Reactome:R-SPO-9770562|Reactome:R-SPO-983168|Reactome:R-XTR-77595|Reactome:R-XTR-9770562
Cer6	abf13f42b004d2d15bd1db3dd502acd0	364	ProSiteProfiles	PS50158	Zinc finger CCHC-type profile.	331	346	9.290097	T	13-08-2026	IPR001878	Zinc finger, CCHC-type	GO:0003676(InterPro)|GO:0008270(InterPro)	Reactome:R-BTA-159231|Reactome:R-BTA-159236|Reactome:R-BTA-72163|Reactome:R-BTA-72165|Reactome:R-BTA-72203|Reactome:R-BTA-73856|Reactome:R-BTA-77595|Reactome:R-BTA-9770562|Reactome:R-CEL-159236|Reactome:R-CEL-72163|Reactome:R-CEL-73856|Reactome:R-DME-159231|Reactome:R-DME-159236|Reactome:R-DME-1834941|Reactome:R-DME-72163|Reactome:R-DME-72165|Reactome:R-DME-72203|Reactome:R-DME-73856|Reactome:R-DME-77595|Reactome:R-DME-8941326|Reactome:R-DME-9770562|Reactome:R-DME-9930044|Reactome:R-DRE-72165|Reactome:R-HSA-1169408|Reactome:R-HSA-159231|Reactome:R-HSA-159236|Reactome:R-HSA-162585|Reactome:R-HSA-162588|Reactome:R-HSA-162592|Reactome:R-HSA-162594|Reactome:R-HSA-164516|Reactome:R-HSA-164525|Reactome:R-HSA-164843|Reactome:R-HSA-168315|Reactome:R-HSA-173107|Reactome:R-HSA-174490|Reactome:R-HSA-174495|Reactome:R-HSA-175474|Reactome:R-HSA-175567|Reactome:R-HSA-177539|Reactome:R-HSA-180689|Reactome:R-HSA-180910|Reactome:R-HSA-429947|Reactome:R-HSA-452723|Reactome:R-HSA-6784531|Reactome:R-HSA-72163|Reactome:R-HSA-72165|Reactome:R-HSA-72187|Reactome:R-HSA-72203|Reactome:R-HSA-73856|Reactome:R-HSA-77595|Reactome:R-HSA-9013422|Reactome:R-HSA-9682706|Reactome:R-HSA-9694686|Reactome:R-HSA-9705671|Reactome:R-HSA-9770562|Reactome:R-HSA-9819196|Reactome:R-HSA-9820865|Reactome:R-HSA-983168|Reactome:R-HSA-9843970|Reactome:R-HSA-9918481|Reactome:R-HSA-9930044|Reactome:R-HSA-9931510|Reactome:R-MMU-159231|Reactome:R-MMU-159236|Reactome:R-MMU-72163|Reactome:R-MMU-72165|Reactome:R-MMU-72187|Reactome:R-MMU-72203|Reactome:R-MMU-73856|Reactome:R-MMU-77595|Reactome:R-MMU-9013422|Reactome:R-MMU-9770562|Reactome:R-MMU-983168|Reactome:R-MMU-9930044|Reactome:R-RNO-159231|Reactome:R-RNO-72165|Reactome:R-RNO-73856|Reactome:R-RNO-77595|Reactome:R-RNO-9770562|Reactome:R-SCE-983168|Reactome:R-SPO-9770562|Reactome:R-SPO-983168|Reactome:R-XTR-77595|Reactome:R-XTR-9770562
RTVL-Ia	0237fb04a3e86374b26b0fe605bb8309	232	SignalP_EUK	SignalP-noTM	SignalP-noTM	1	27	-	T	13-08-2026	-	-	-	-
RTVL-Ia	0237fb04a3e86374b26b0fe605bb8309	232	MobiDBLite	mobidb-lite	consensus disorder prediction	195	204	-	T	13-08-2026	-	-	-	-
RTVL-Ia	0237fb04a3e86374b26b0fe605bb8309	232	MobiDBLite	mobidb-lite	consensus disorder prediction	205	217	-	T	13-08-2026	-	-	-	-
RTVL-Ia	0237fb04a3e86374b26b0fe605bb8309	232	MobiDBLite	mobidb-lite	consensus disorder prediction	127	219	-	T	13-08-2026	-	-	-	-
RTVL-Ia	0237fb04a3e86374b26b0fe605bb8309	232	Pfam	PF02093	Gag P30 core shell protein	32	126	2.9E-8	T	13-08-2026	IPR003036	Core shell protein Gag P30	GO:0019068(InterPro)	-
RTVL-Ia	0237fb04a3e86374b26b0fe605bb8309	232	PANTHER	PTHR33166	GAG_P30 DOMAIN-CONTAINING PROTEIN	29	231	6.2E-24	T	13-08-2026	IPR050462	Retroviral Gag-Pol polyproteins	-	Reactome:R-HSA-198933
STcLV2PP1664	a3b66d8e0d499aef1f768409f48a0524	410	Pfam	PF02228	Major core protein p19	1	91	5.3E-44	T	13-08-2026	IPR003139	Delta-retroviral matrix protein	GO:0005198(InterPro)|GO:0019013(InterPro)	-
STcLV2PP1664	a3b66d8e0d499aef1f768409f48a0524	410	SUPERFAMILY	SSF57756	Retrovirus zinc finger-like domains	352	401	8.86E-13	T	13-08-2026	IPR036875	Zinc finger, CCHC-type superfamily	GO:0003676(InterPro)|GO:0008270(InterPro)	Reactome:R-BTA-159231|Reactome:R-BTA-159236|Reactome:R-BTA-72163|Reactome:R-BTA-72165|Reactome:R-BTA-72203|Reactome:R-BTA-73856|Reactome:R-BTA-77595|Reactome:R-BTA-9770562|Reactome:R-CEL-159236|Reactome:R-CEL-72163|Reactome:R-CEL-73856|Reactome:R-DME-159231|Reactome:R-DME-159236|Reactome:R-DME-1834941|Reactome:R-DME-72163|Reactome:R-DME-72165|Reactome:R-DME-72203|Reactome:R-DME-73856|Reactome:R-DME-77595|Reactome:R-DME-9770562|Reactome:R-DRE-72165|Reactome:R-HSA-1169408|Reactome:R-HSA-159231|Reactome:R-HSA-159236|Reactome:R-HSA-162585|Reactome:R-HSA-162588|Reactome:R-HSA-162592|Reactome:R-HSA-162594|Reactome:R-HSA-164516|Reactome:R-HSA-164525|Reactome:R-HSA-164843|Reactome:R-HSA-168315|Reactome:R-HSA-173107|Reactome:R-HSA-174490|Reactome:R-HSA-174495|Reactome:R-HSA-175474|Reactome:R-HSA-175567|Reactome:R-HSA-177539|Reactome:R-HSA-180689|Reactome:R-HSA-180910|Reactome:R-HSA-429947|Reactome:R-HSA-452723|Reactome:R-HSA-6784531|Reactome:R-HSA-72163|Reactome:R-HSA-72165|Reactome:R-HSA-72187|Reactome:R-HSA-72203|Reactome:R-HSA-73856|Reactome:R-HSA-77595|Reactome:R-HSA-9013422|Reactome:R-HSA-9682706|Reactome:R-HSA-9694686|Reactome:R-HSA-9705671|Reactome:R-HSA-9770562|Reactome:R-HSA-9819196|Reactome:R-HSA-9820865|Reactome:R-HSA-983168|Reactome:R-HSA-9918481|Reactome:R-HSA-9930044|Reactome:R-MMU-159231|Reactome:R-MMU-159236|Reactome:R-MMU-72163|Reactome:R-MMU-72165|Reactome:R-MMU-72187|Reactome:R-MMU-72203|Reactome:R-MMU-73856|Reactome:R-MMU-77595|Reactome:R-MMU-9013422|Reactome:R-MMU-9770562|Reactome:R-MMU-983168|Reactome:R-RNO-159231|Reactome:R-RNO-72165|Reactome:R-RNO-73856|Reactome:R-RNO-77595|Reactome:R-RNO-9770562|Reactome:R-SCE-983168|Reactome:R-SPO-9770562|Reactome:R-SPO-983168|Reactome:R-XTR-77595|Reactome:R-XTR-9770562
STcLV2PP1664	a3b66d8e0d499aef1f768409f48a0524	410	SUPERFAMILY	SSF47943	Retrovirus capsid protein, N-terminal core domain	136	265	2.28E-67	T	13-08-2026	IPR008919	Retrovirus capsid, N-terminal	GO:0016032(InterPro)	Reactome:R-HSA-1169408|Reactome:R-HSA-162585|Reactome:R-HSA-162588|Reactome:R-HSA-162592|Reactome:R-HSA-162594|Reactome:R-HSA-164516|Reactome:R-HSA-164525|Reactome:R-HSA-164843|Reactome:R-HSA-173107|Reactome:R-HSA-174490|Reactome:R-HSA-174495|Reactome:R-HSA-175474|Reactome:R-HSA-175567|Reactome:R-HSA-177539|Reactome:R-HSA-180689|Reactome:R-HSA-180910
STcLV2PP1664	a3b66d8e0d499aef1f768409f48a0524	410	Gene3D	G3DSA:1.10.1200.30	-	268	345	4.3E-25	T	13-08-2026	IPR008916	Retrovirus capsid, C-terminal	-	Reactome:R-HSA-1169408|Reactome:R-HSA-162585|Reactome:R-HSA-162588|Reactome:R-HSA-162592|Reactome:R-HSA-162594|Reactome:R-HSA-164516|Reactome:R-HSA-164525|Reactome:R-HSA-164843|Reactome:R-HSA-173107|Reactome:R-HSA-174490|Reactome:R-HSA-174495|Reactome:R-HSA-175474|Reactome:R-HSA-175567|Reactome:R-HSA-177539|Reactome:R-HSA-180689|Reactome:R-HSA-180910
STcLV2PP1664	a3b66d8e0d499aef1f768409f48a0524	410	ProSiteProfiles	PS50158	Zinc finger CCHC-type profile.	362	375	10.65817	T	13-08-2026	IPR001878	Zinc finger, CCHC-type	GO:0003676(InterPro)|GO:0008270(InterPro)	Reactome:R-BTA-159231|Reactome:R-BTA-159236|Reactome:R-BTA-72163|Reactome:R-BTA-72165|Reactome:R-BTA-72203|Reactome:R-BTA-73856|Reactome:R-BTA-77595|Reactome:R-BTA-9770562|Reactome:R-CEL-159236|Reactome:R-CEL-72163|Reactome:R-CEL-73856|Reactome:R-DME-159231|Reactome:R-DME-159236|Reactome:R-DME-1834941|Reactome:R-DME-72163|Reactome:R-DME-72165|Reactome:R-DME-72203|Reactome:R-DME-73856|Reactome:R-DME-77595|Reactome:R-DME-8941326|Reactome:R-DME-9770562|Reactome:R-DME-9930044|Reactome:R-DRE-72165|Reactome:R-HSA-1169408|Reactome:R-HSA-159231|Reactome:R-HSA-159236|Reactome:R-HSA-162585|Reactome:R-HSA-162588|Reactome:R-HSA-162592|Reactome:R-HSA-162594|Reactome:R-HSA-164516|Reactome:R-HSA-164525|Reactome:R-HSA-164843|Reactome:R-HSA-168315|Reactome:R-HSA-173107|Reactome:R-HSA-174490|Reactome:R-HSA-174495|Reactome:R-HSA-175474|Reactome:R-HSA-175567|Reactome:R-HSA-177539|Reactome:R-HSA-180689|Reactome:R-HSA-180910|Reactome:R-HSA-429947|Reactome:R-HSA-452723|Reactome:R-HSA-6784531|Reactome:R-HSA-72163|Reactome:R-HSA-72165|Reactome:R-HSA-72187|Reactome:R-HSA-72203|Reactome:R-HSA-73856|Reactome:R-HSA-77595|Reactome:R-HSA-9013422|Reactome:R-HSA-9682706|Reactome:R-HSA-9694686|Reactome:R-HSA-9705671|Reactome:R-HSA-9770562|Reactome:R-HSA-9819196|Reactome:R-HSA-9820865|Reactome:R-HSA-983168|Reactome:R-HSA-9843970|Reactome:R-HSA-9918481|Reactome:R-HSA-9930044|Reactome:R-HSA-9931510|Reactome:R-MMU-159231|Reactome:R-MMU-159236|Reactome:R-MMU-72163|Reactome:R-MMU-72165|Reactome:R-MMU-72187|Reactome:R-MMU-72203|Reactome:R-MMU-73856|Reactome:R-MMU-77595|Reactome:R-MMU-9013422|Reactome:R-MMU-9770562|Reactome:R-MMU-983168|Reactome:R-MMU-9930044|Reactome:R-RNO-159231|Reactome:R-RNO-72165|Reactome:R-RNO-73856|Reactome:R-RNO-77595|Reactome:R-RNO-9770562|Reactome:R-SCE-983168|Reactome:R-SPO-9770562|Reactome:R-SPO-983168|Reactome:R-XTR-77595|Reactome:R-XTR-9770562
STcLV2PP1664	a3b66d8e0d499aef1f768409f48a0524	410	Pfam	PF19317	Gag protein p24 C-terminal domain	263	336	6.2E-23	T	13-08-2026	IPR045345	Retroviral nucleocapsid Gag protein p24, C-terminal domain	-	Reactome:R-HSA-1169408|Reactome:R-HSA-162585|Reactome:R-HSA-162588|Reactome:R-HSA-162592|Reactome:R-HSA-162594|Reactome:R-HSA-164516|Reactome:R-HSA-164525|Reactome:R-HSA-164843|Reactome:R-HSA-173107|Reactome:R-HSA-174490|Reactome:R-HSA-174495|Reactome:R-HSA-175474|Reactome:R-HSA-175567|Reactome:R-HSA-177539|Reactome:R-HSA-180689|Reactome:R-HSA-180910
STcLV2PP1664	a3b66d8e0d499aef1f768409f48a0524	410	Gene3D	G3DSA:1.10.375.10	Human Immunodeficiency Virus Type 1 Capsid Protein	136	267	2.6E-76	T	13-08-2026	IPR008919	Retrovirus capsid, N-terminal	GO:0016032(InterPro)	Reactome:R-HSA-1169408|Reactome:R-HSA-162585|Reactome:R-HSA-162588|Reactome:R-HSA-162592|Reactome:R-HSA-162594|Reactome:R-HSA-164516|Reactome:R-HSA-164525|Reactome:R-HSA-164843|Reactome:R-HSA-173107|Reactome:R-HSA-174490|Reactome:R-HSA-174495|Reactome:R-HSA-175474|Reactome:R-HSA-175567|Reactome:R-HSA-177539|Reactome:R-HSA-180689|Reactome:R-HSA-180910
STcLV2PP1664	a3b66d8e0d499aef1f768409f48a0524	410	MobiDBLite	mobidb-lite	consensus disorder prediction	390	399	-	T	13-08-2026	-	-	-	-
STcLV2PP1664	a3b66d8e0d499aef1f768409f48a0524	410	MobiDBLite	mobidb-lite	consensus disorder prediction	389	410	-	T	13-08-2026	-	-	-	-
STcLV2PP1664	a3b66d8e0d499aef1f768409f48a0524	410	MobiDBLite	mobidb-lite	consensus disorder prediction	94	127	-	T	13-08-2026	-	-	-	-
STcLV2PP1664	a3b66d8e0d499aef1f768409f48a0524	410	MobiDBLite	mobidb-lite	consensus disorder prediction	92	127	-	T	13-08-2026	-	-	-	-
STcLV2PP1664	a3b66d8e0d499aef1f768409f48a0524	410	SUPERFAMILY	SSF47836	Retroviral matrix proteins	1	134	6.36E-56	T	13-08-2026	IPR010999	Retroviral matrix protein	-	Reactome:R-HSA-1169408|Reactome:R-HSA-162585|Reactome:R-HSA-162588|Reactome:R-HSA-162592|Reactome:R-HSA-162594|Reactome:R-HSA-164516|Reactome:R-HSA-164525|Reactome:R-HSA-164843|Reactome:R-HSA-173107|Reactome:R-HSA-174490|Reactome:R-HSA-174495|Reactome:R-HSA-175474|Reactome:R-HSA-175567|Reactome:R-HSA-177539|Reactome:R-HSA-180689|Reactome:R-HSA-180910|Reactome:R-HSA-198933
STcLV2PP1664	a3b66d8e0d499aef1f768409f48a0524	410	SUPERFAMILY	SSF47353	Retrovirus capsid dimerization domain-like	266	343	5.68E-22	T	13-08-2026	-	-	-	-
STcLV2PP1664	a3b66d8e0d499aef1f768409f48a0524	410	Gene3D	G3DSA:4.10.60.10	-	346	404	9.2E-13	T	13-08-2026	-	-	-	-
STcLV2PP1664	a3b66d8e0d499aef1f768409f48a0524	410	Pfam	PF00098	Zinc knuckle	361	376	3.6E-4	T	13-08-2026	IPR001878	Zinc finger, CCHC-type	GO:0003676(InterPro)|GO:0008270(InterPro)	Reactome:R-BTA-159231|Reactome:R-BTA-159236|Reactome:R-BTA-72163|Reactome:R-BTA-72165|Reactome:R-BTA-72203|Reactome:R-BTA-73856|Reactome:R-BTA-77595|Reactome:R-BTA-9770562|Reactome:R-CEL-159236|Reactome:R-CEL-72163|Reactome:R-CEL-73856|Reactome:R-DME-159231|Reactome:R-DME-159236|Reactome:R-DME-1834941|Reactome:R-DME-72163|Reactome:R-DME-72165|Reactome:R-DME-72203|Reactome:R-DME-73856|Reactome:R-DME-77595|Reactome:R-DME-8941326|Reactome:R-DME-9770562|Reactome:R-DME-9930044|Reactome:R-DRE-72165|Reactome:R-HSA-1169408|Reactome:R-HSA-159231|Reactome:R-HSA-159236|Reactome:R-HSA-162585|Reactome:R-HSA-162588|Reactome:R-HSA-162592|Reactome:R-HSA-162594|Reactome:R-HSA-164516|Reactome:R-HSA-164525|Reactome:R-HSA-164843|Reactome:R-HSA-168315|Reactome:R-HSA-173107|Reactome:R-HSA-174490|Reactome:R-HSA-174495|Reactome:R-HSA-175474|Reactome:R-HSA-175567|Reactome:R-HSA-177539|Reactome:R-HSA-180689|Reactome:R-HSA-180910|Reactome:R-HSA-429947|Reactome:R-HSA-452723|Reactome:R-HSA-6784531|Reactome:R-HSA-72163|Reactome:R-HSA-72165|Reactome:R-HSA-72187|Reactome:R-HSA-72203|Reactome:R-HSA-73856|Reactome:R-HSA-77595|Reactome:R-HSA-9013422|Reactome:R-HSA-9682706|Reactome:R-HSA-9694686|Reactome:R-HSA-9705671|Reactome:R-HSA-9770562|Reactome:R-HSA-9819196|Reactome:R-HSA-9820865|Reactome:R-HSA-983168|Reactome:R-HSA-9843970|Reactome:R-HSA-9918481|Reactome:R-HSA-9930044|Reactome:R-HSA-9931510|Reactome:R-MMU-159231|Reactome:R-MMU-159236|Reactome:R-MMU-72163|Reactome:R-MMU-72165|Reactome:R-MMU-72187|Reactome:R-MMU-72203|Reactome:R-MMU-73856|Reactome:R-MMU-77595|Reactome:R-MMU-9013422|Reactome:R-MMU-9770562|Reactome:R-MMU-983168|Reactome:R-MMU-9930044|Reactome:R-RNO-159231|Reactome:R-RNO-72165|Reactome:R-RNO-73856|Reactome:R-RNO-77595|Reactome:R-RNO-9770562|Reactome:R-SCE-983168|Reactome:R-SPO-9770562|Reactome:R-SPO-983168|Reactome:R-XTR-77595|Reactome:R-XTR-9770562
STcLV2PP1664	a3b66d8e0d499aef1f768409f48a0524	410	Gene3D	G3DSA:1.10.185.10	-	1	135	7.1E-63	T	13-08-2026	-	-	-	-
STcLV2PP1664	a3b66d8e0d499aef1f768409f48a0524	410	SMART	SM00343	c2hcfinal6	361	377	2.5E-5	T	13-08-2026	IPR001878	Zinc finger, CCHC-type	GO:0003676(InterPro)|GO:0008270(InterPro)	Reactome:R-BTA-159231|Reactome:R-BTA-159236|Reactome:R-BTA-72163|Reactome:R-BTA-72165|Reactome:R-BTA-72203|Reactome:R-BTA-73856|Reactome:R-BTA-77595|Reactome:R-BTA-9770562|Reactome:R-CEL-159236|Reactome:R-CEL-72163|Reactome:R-CEL-73856|Reactome:R-DME-159231|Reactome:R-DME-159236|Reactome:R-DME-1834941|Reactome:R-DME-72163|Reactome:R-DME-72165|Reactome:R-DME-72203|Reactome:R-DME-73856|Reactome:R-DME-77595|Reactome:R-DME-8941326|Reactome:R-DME-9770562|Reactome:R-DME-9930044|Reactome:R-DRE-72165|Reactome:R-HSA-1169408|Reactome:R-HSA-159231|Reactome:R-HSA-159236|Reactome:R-HSA-162585|Reactome:R-HSA-162588|Reactome:R-HSA-162592|Reactome:R-HSA-162594|Reactome:R-HSA-164516|Reactome:R-HSA-164525|Reactome:R-HSA-164843|Reactome:R-HSA-168315|Reactome:R-HSA-173107|Reactome:R-HSA-174490|Reactome:R-HSA-174495|Reactome:R-HSA-175474|Reactome:R-HSA-175567|Reactome:R-HSA-177539|Reactome:R-HSA-180689|Reactome:R-HSA-180910|Reactome:R-HSA-429947|Reactome:R-HSA-452723|Reactome:R-HSA-6784531|Reactome:R-HSA-72163|Reactome:R-HSA-72165|Reactome:R-HSA-72187|Reactome:R-HSA-72203|Reactome:R-HSA-73856|Reactome:R-HSA-77595|Reactome:R-HSA-9013422|Reactome:R-HSA-9682706|Reactome:R-HSA-9694686|Reactome:R-HSA-9705671|Reactome:R-HSA-9770562|Reactome:R-HSA-9819196|Reactome:R-HSA-9820865|Reactome:R-HSA-983168|Reactome:R-HSA-9843970|Reactome:R-HSA-9918481|Reactome:R-HSA-9930044|Reactome:R-HSA-9931510|Reactome:R-MMU-159231|Reactome:R-MMU-159236|Reactome:R-MMU-72163|Reactome:R-MMU-72165|Reactome:R-MMU-72187|Reactome:R-MMU-72203|Reactome:R-MMU-73856|Reactome:R-MMU-77595|Reactome:R-MMU-9013422|Reactome:R-MMU-9770562|Reactome:R-MMU-983168|Reactome:R-MMU-9930044|Reactome:R-RNO-159231|Reactome:R-RNO-72165|Reactome:R-RNO-73856|Reactome:R-RNO-77595|Reactome:R-RNO-9770562|Reactome:R-SCE-983168|Reactome:R-SPO-9770562|Reactome:R-SPO-983168|Reactome:R-XTR-77595|Reactome:R-XTR-9770562
STcLV2PP1664	a3b66d8e0d499aef1f768409f48a0524	410	SMART	SM00343	c2hcfinal6	384	400	0.014	T	13-08-2026	IPR001878	Zinc finger, CCHC-type	GO:0003676(InterPro)|GO:0008270(InterPro)	Reactome:R-BTA-159231|Reactome:R-BTA-159236|Reactome:R-BTA-72163|Reactome:R-BTA-72165|Reactome:R-BTA-72203|Reactome:R-BTA-73856|Reactome:R-BTA-77595|Reactome:R-BTA-9770562|Reactome:R-CEL-159236|Reactome:R-CEL-72163|Reactome:R-CEL-73856|Reactome:R-DME-159231|Reactome:R-DME-159236|Reactome:R-DME-1834941|Reactome:R-DME-72163|Reactome:R-DME-72165|Reactome:R-DME-72203|Reactome:R-DME-73856|Reactome:R-DME-77595|Reactome:R-DME-8941326|Reactome:R-DME-9770562|Reactome:R-DME-9930044|Reactome:R-DRE-72165|Reactome:R-HSA-1169408|Reactome:R-HSA-159231|Reactome:R-HSA-159236|Reactome:R-HSA-162585|Reactome:R-HSA-162588|Reactome:R-HSA-162592|Reactome:R-HSA-162594|Reactome:R-HSA-164516|Reactome:R-HSA-164525|Reactome:R-HSA-164843|Reactome:R-HSA-168315|Reactome:R-HSA-173107|Reactome:R-HSA-174490|Reactome:R-HSA-174495|Reactome:R-HSA-175474|Reactome:R-HSA-175567|Reactome:R-HSA-177539|Reactome:R-HSA-180689|Reactome:R-HSA-180910|Reactome:R-HSA-429947|Reactome:R-HSA-452723|Reactome:R-HSA-6784531|Reactome:R-HSA-72163|Reactome:R-HSA-72165|Reactome:R-HSA-72187|Reactome:R-HSA-72203|Reactome:R-HSA-73856|Reactome:R-HSA-77595|Reactome:R-HSA-9013422|Reactome:R-HSA-9682706|Reactome:R-HSA-9694686|Reactome:R-HSA-9705671|Reactome:R-HSA-9770562|Reactome:R-HSA-9819196|Reactome:R-HSA-9820865|Reactome:R-HSA-983168|Reactome:R-HSA-9843970|Reactome:R-HSA-9918481|Reactome:R-HSA-9930044|Reactome:R-HSA-9931510|Reactome:R-MMU-159231|Reactome:R-MMU-159236|Reactome:R-MMU-72163|Reactome:R-MMU-72165|Reactome:R-MMU-72187|Reactome:R-MMU-72203|Reactome:R-MMU-73856|Reactome:R-MMU-77595|Reactome:R-MMU-9013422|Reactome:R-MMU-9770562|Reactome:R-MMU-983168|Reactome:R-MMU-9930044|Reactome:R-RNO-159231|Reactome:R-RNO-72165|Reactome:R-RNO-73856|Reactome:R-RNO-77595|Reactome:R-RNO-9770562|Reactome:R-SCE-983168|Reactome:R-SPO-9770562|Reactome:R-SPO-983168|Reactome:R-XTR-77595|Reactome:R-XTR-9770562
STcLV2PP1664	a3b66d8e0d499aef1f768409f48a0524	410	PANTHER	PTHR40389	ENDOGENOUS RETROVIRUS GROUP K MEMBER 24 GAG POLYPROTEIN-RELATED	235	404	3.9E-25	T	13-08-2026	IPR050195	Primate lentivirus group Gag polyprotein-like	-	Reactome:R-HSA-1169408|Reactome:R-HSA-162585|Reactome:R-HSA-162588|Reactome:R-HSA-162592|Reactome:R-HSA-162594|Reactome:R-HSA-164516|Reactome:R-HSA-164525|Reactome:R-HSA-164843|Reactome:R-HSA-173107|Reactome:R-HSA-174490|Reactome:R-HSA-174495|Reactome:R-HSA-175474|Reactome:R-HSA-175567|Reactome:R-HSA-177539|Reactome:R-HSA-180689|Reactome:R-HSA-180910
STcLV2PP1664	a3b66d8e0d499aef1f768409f48a0524	410	Pfam	PF00607	gag protein p24 N-terminal domain	147	262	9.0E-9	T	13-08-2026	-	-	-	-
Bagy-2	24b2052ca8d467451a68edeccf9d9bef	386	PANTHER	PTHR33223	CCHC-TYPE DOMAIN-CONTAINING PROTEIN	22	222	7.7E-19	T	13-08-2026	-	-	-	-
RetroSor1	9a37e6d2d019ff0b04ecdfc9190c6cd0	617	Coils	Coil	Coil	61	95	-	T	13-08-2026	-	-	-	-
RetroSor1	9a37e6d2d019ff0b04ecdfc9190c6cd0	617	Pfam	PF03732	Retrotransposon-derived protein PEG10, N-terminal capsid-like domain	176	247	1.2E-12	T	13-08-2026	IPR005162	Retrotransposon-derived protein PEG10, N-terminal capsid-like domain	-	-
RetroSor1	9a37e6d2d019ff0b04ecdfc9190c6cd0	617	PANTHER	PTHR33223	CCHC-TYPE DOMAIN-CONTAINING PROTEIN	158	451	3.7E-25	T	13-08-2026	-	-	-	-
RetroSor1	9a37e6d2d019ff0b04ecdfc9190c6cd0	617	MobiDBLite	mobidb-lite	consensus disorder prediction	1	66	-	T	13-08-2026	-	-	-	-
RetroSor1	9a37e6d2d019ff0b04ecdfc9190c6cd0	617	MobiDBLite	mobidb-lite	consensus disorder prediction	1	10	-	T	13-08-2026	-	-	-	-
RetroSor1	9a37e6d2d019ff0b04ecdfc9190c6cd0	617	MobiDBLite	mobidb-lite	consensus disorder prediction	35	46	-	T	13-08-2026	-	-	-	-
RetroSor1	9a37e6d2d019ff0b04ecdfc9190c6cd0	617	MobiDBLite	mobidb-lite	consensus disorder prediction	339	464	-	T	13-08-2026	-	-	-	-
RetroSor1	9a37e6d2d019ff0b04ecdfc9190c6cd0	617	MobiDBLite	mobidb-lite	consensus disorder prediction	339	367	-	T	13-08-2026	-	-	-	-
RetroSor1	9a37e6d2d019ff0b04ecdfc9190c6cd0	617	MobiDBLite	mobidb-lite	consensus disorder prediction	537	568	-	T	13-08-2026	-	-	-	-
RetroSor1	9a37e6d2d019ff0b04ecdfc9190c6cd0	617	MobiDBLite	mobidb-lite	consensus disorder prediction	428	450	-	T	13-08-2026	-	-	-	-
Grande1-4	46e600e25079f4e392dde6572cde71c0	437	PANTHER	PTHR33223	CCHC-TYPE DOMAIN-CONTAINING PROTEIN	112	402	1.9E-17	T	13-08-2026	-	-	-	-
Grande1-4	46e600e25079f4e392dde6572cde71c0	437	MobiDBLite	mobidb-lite	consensus disorder prediction	428	437	-	T	13-08-2026	-	-	-	-
Grande1-4	46e600e25079f4e392dde6572cde71c0	437	MobiDBLite	mobidb-lite	consensus disorder prediction	43	113	-	T	13-08-2026	-	-	-	-
Grande1-4	46e600e25079f4e392dde6572cde71c0	437	MobiDBLite	mobidb-lite	consensus disorder prediction	307	329	-	T	13-08-2026	-	-	-	-
Grande1-4	46e600e25079f4e392dde6572cde71c0	437	MobiDBLite	mobidb-lite	consensus disorder prediction	383	392	-	T	13-08-2026	-	-	-	-
Grande1-4	46e600e25079f4e392dde6572cde71c0	437	MobiDBLite	mobidb-lite	consensus disorder prediction	372	437	-	T	13-08-2026	-	-	-	-
Grande1-4	46e600e25079f4e392dde6572cde71c0	437	MobiDBLite	mobidb-lite	consensus disorder prediction	393	404	-	T	13-08-2026	-	-	-	-
Grande1-4	46e600e25079f4e392dde6572cde71c0	437	MobiDBLite	mobidb-lite	consensus disorder prediction	76	95	-	T	13-08-2026	-	-	-	-
Grande1-4	46e600e25079f4e392dde6572cde71c0	437	MobiDBLite	mobidb-lite	consensus disorder prediction	298	348	-	T	13-08-2026	-	-	-	-
Grande1-4	46e600e25079f4e392dde6572cde71c0	437	MobiDBLite	mobidb-lite	consensus disorder prediction	48	69	-	T	13-08-2026	-	-	-	-
CFG1	fafacf9b83b8332a3ce1b0ab1aa1041f	298	PANTHER	PTHR33198	ANK_REP_REGION DOMAIN-CONTAINING PROTEIN-RELATED	17	241	4.9E-24	T	13-08-2026	-	-	-	-
CFG1	fafacf9b83b8332a3ce1b0ab1aa1041f	298	MobiDBLite	mobidb-lite	consensus disorder prediction	194	203	-	T	13-08-2026	-	-	-	-
CFG1	fafacf9b83b8332a3ce1b0ab1aa1041f	298	MobiDBLite	mobidb-lite	consensus disorder prediction	189	222	-	T	13-08-2026	-	-	-	-
CFG1	fafacf9b83b8332a3ce1b0ab1aa1041f	298	MobiDBLite	mobidb-lite	consensus disorder prediction	274	298	-	T	13-08-2026	-	-	-	-
CFG1	fafacf9b83b8332a3ce1b0ab1aa1041f	298	MobiDBLite	mobidb-lite	consensus disorder prediction	289	298	-	T	13-08-2026	-	-	-	-
CFG1	fafacf9b83b8332a3ce1b0ab1aa1041f	298	MobiDBLite	mobidb-lite	consensus disorder prediction	204	222	-	T	13-08-2026	-	-	-	-
Cereba	3bee395507029f1cfb1159e7ded03331	382	MobiDBLite	mobidb-lite	consensus disorder prediction	20	29	-	T	13-08-2026	-	-	-	-
Cereba	3bee395507029f1cfb1159e7ded03331	382	MobiDBLite	mobidb-lite	consensus disorder prediction	221	240	-	T	13-08-2026	-	-	-	-
Cereba	3bee395507029f1cfb1159e7ded03331	382	MobiDBLite	mobidb-lite	consensus disorder prediction	220	267	-	T	13-08-2026	-	-	-	-
Cereba	3bee395507029f1cfb1159e7ded03331	382	MobiDBLite	mobidb-lite	consensus disorder prediction	248	267	-	T	13-08-2026	-	-	-	-
Cereba	3bee395507029f1cfb1159e7ded03331	382	MobiDBLite	mobidb-lite	consensus disorder prediction	1	29	-	T	13-08-2026	-	-	-	-
Cereba	3bee395507029f1cfb1159e7ded03331	382	PANTHER	PTHR35046	ZINC KNUCKLE (CCHC-TYPE) FAMILY PROTEIN	24	377	6.6E-43	T	13-08-2026	-	-	-	-
Cereba	3bee395507029f1cfb1159e7ded03331	382	Pfam	PF03732	Retrotransposon-derived protein PEG10, N-terminal capsid-like domain	39	116	5.1E-5	T	13-08-2026	IPR005162	Retrotransposon-derived protein PEG10, N-terminal capsid-like domain	-	-
Cereba	3bee395507029f1cfb1159e7ded03331	382	SUPERFAMILY	SSF57756	Retrovirus zinc finger-like domains	273	296	3.66E-5	T	13-08-2026	IPR036875	Zinc finger, CCHC-type superfamily	GO:0003676(InterPro)|GO:0008270(InterPro)	Reactome:R-BTA-159231|Reactome:R-BTA-159236|Reactome:R-BTA-72163|Reactome:R-BTA-72165|Reactome:R-BTA-72203|Reactome:R-BTA-73856|Reactome:R-BTA-77595|Reactome:R-BTA-9770562|Reactome:R-CEL-159236|Reactome:R-CEL-72163|Reactome:R-CEL-73856|Reactome:R-DME-159231|Reactome:R-DME-159236|Reactome:R-DME-1834941|Reactome:R-DME-72163|Reactome:R-DME-72165|Reactome:R-DME-72203|Reactome:R-DME-73856|Reactome:R-DME-77595|Reactome:R-DME-9770562|Reactome:R-DRE-72165|Reactome:R-HSA-1169408|Reactome:R-HSA-159231|Reactome:R-HSA-159236|Reactome:R-HSA-162585|Reactome:R-HSA-162588|Reactome:R-HSA-162592|Reactome:R-HSA-162594|Reactome:R-HSA-164516|Reactome:R-HSA-164525|Reactome:R-HSA-164843|Reactome:R-HSA-168315|Reactome:R-HSA-173107|Reactome:R-HSA-174490|Reactome:R-HSA-174495|Reactome:R-HSA-175474|Reactome:R-HSA-175567|Reactome:R-HSA-177539|Reactome:R-HSA-180689|Reactome:R-HSA-180910|Reactome:R-HSA-429947|Reactome:R-HSA-452723|Reactome:R-HSA-6784531|Reactome:R-HSA-72163|Reactome:R-HSA-72165|Reactome:R-HSA-72187|Reactome:R-HSA-72203|Reactome:R-HSA-73856|Reactome:R-HSA-77595|Reactome:R-HSA-9013422|Reactome:R-HSA-9682706|Reactome:R-HSA-9694686|Reactome:R-HSA-9705671|Reactome:R-HSA-9770562|Reactome:R-HSA-9819196|Reactome:R-HSA-9820865|Reactome:R-HSA-983168|Reactome:R-HSA-9918481|Reactome:R-HSA-9930044|Reactome:R-MMU-159231|Reactome:R-MMU-159236|Reactome:R-MMU-72163|Reactome:R-MMU-72165|Reactome:R-MMU-72187|Reactome:R-MMU-72203|Reactome:R-MMU-73856|Reactome:R-MMU-77595|Reactome:R-MMU-9013422|Reactome:R-MMU-9770562|Reactome:R-MMU-983168|Reactome:R-RNO-159231|Reactome:R-RNO-72165|Reactome:R-RNO-73856|Reactome:R-RNO-77595|Reactome:R-RNO-9770562|Reactome:R-SCE-983168|Reactome:R-SPO-9770562|Reactome:R-SPO-983168|Reactome:R-XTR-77595|Reactome:R-XTR-9770562
Cereba_Cter_reverse	b435562630c5acc3682ae28ae87caaf8	319	Pfam	PF03732	Retrotransposon-derived protein PEG10, N-terminal capsid-like domain	39	117	7.6E-7	T	13-08-2026	IPR005162	Retrotransposon-derived protein PEG10, N-terminal capsid-like domain	-	-
Cereba_Cter_reverse	b435562630c5acc3682ae28ae87caaf8	319	Pfam	PF30901	PEG10/RTL1, C-terminal capsid-like domain	127	197	0.0025	T	13-08-2026	IPR063300	PEG10/RTL1, C-terminal capsid-like domain	-	-
Cereba_Cter_reverse	b435562630c5acc3682ae28ae87caaf8	319	PANTHER	PTHR35046	ZINC KNUCKLE (CCHC-TYPE) FAMILY PROTEIN	29	204	9.4E-18	T	13-08-2026	-	-	-	-
WdSV	2b5767eed6d088d330b6767e1f7800f0	487	Pfam	PF00098	Zinc knuckle	459	476	0.018	T	13-08-2026	IPR001878	Zinc finger, CCHC-type	GO:0003676(InterPro)|GO:0008270(InterPro)	Reactome:R-BTA-159231|Reactome:R-BTA-159236|Reactome:R-BTA-72163|Reactome:R-BTA-72165|Reactome:R-BTA-72203|Reactome:R-BTA-73856|Reactome:R-BTA-77595|Reactome:R-BTA-9770562|Reactome:R-CEL-159236|Reactome:R-CEL-72163|Reactome:R-CEL-73856|Reactome:R-DME-159231|Reactome:R-DME-159236|Reactome:R-DME-1834941|Reactome:R-DME-72163|Reactome:R-DME-72165|Reactome:R-DME-72203|Reactome:R-DME-73856|Reactome:R-DME-77595|Reactome:R-DME-8941326|Reactome:R-DME-9770562|Reactome:R-DME-9930044|Reactome:R-DRE-72165|Reactome:R-HSA-1169408|Reactome:R-HSA-159231|Reactome:R-HSA-159236|Reactome:R-HSA-162585|Reactome:R-HSA-162588|Reactome:R-HSA-162592|Reactome:R-HSA-162594|Reactome:R-HSA-164516|Reactome:R-HSA-164525|Reactome:R-HSA-164843|Reactome:R-HSA-168315|Reactome:R-HSA-173107|Reactome:R-HSA-174490|Reactome:R-HSA-174495|Reactome:R-HSA-175474|Reactome:R-HSA-175567|Reactome:R-HSA-177539|Reactome:R-HSA-180689|Reactome:R-HSA-180910|Reactome:R-HSA-429947|Reactome:R-HSA-452723|Reactome:R-HSA-6784531|Reactome:R-HSA-72163|Reactome:R-HSA-72165|Reactome:R-HSA-72187|Reactome:R-HSA-72203|Reactome:R-HSA-73856|Reactome:R-HSA-77595|Reactome:R-HSA-9013422|Reactome:R-HSA-9682706|Reactome:R-HSA-9694686|Reactome:R-HSA-9705671|Reactome:R-HSA-9770562|Reactome:R-HSA-9819196|Reactome:R-HSA-9820865|Reactome:R-HSA-983168|Reactome:R-HSA-9843970|Reactome:R-HSA-9918481|Reactome:R-HSA-9930044|Reactome:R-HSA-9931510|Reactome:R-MMU-159231|Reactome:R-MMU-159236|Reactome:R-MMU-72163|Reactome:R-MMU-72165|Reactome:R-MMU-72187|Reactome:R-MMU-72203|Reactome:R-MMU-73856|Reactome:R-MMU-77595|Reactome:R-MMU-9013422|Reactome:R-MMU-9770562|Reactome:R-MMU-983168|Reactome:R-MMU-9930044|Reactome:R-RNO-159231|Reactome:R-RNO-72165|Reactome:R-RNO-73856|Reactome:R-RNO-77595|Reactome:R-RNO-9770562|Reactome:R-SCE-983168|Reactome:R-SPO-9770562|Reactome:R-SPO-983168|Reactome:R-XTR-77595|Reactome:R-XTR-9770562
WdSV	2b5767eed6d088d330b6767e1f7800f0	487	Gene3D	G3DSA:4.10.60.10	-	440	486	3.3E-10	T	13-08-2026	-	-	-	-
WdSV	2b5767eed6d088d330b6767e1f7800f0	487	MobiDBLite	mobidb-lite	consensus disorder prediction	159	175	-	T	13-08-2026	-	-	-	-
WdSV	2b5767eed6d088d330b6767e1f7800f0	487	MobiDBLite	mobidb-lite	consensus disorder prediction	126	136	-	T	13-08-2026	-	-	-	-
WdSV	2b5767eed6d088d330b6767e1f7800f0	487	MobiDBLite	mobidb-lite	consensus disorder prediction	126	180	-	T	13-08-2026	-	-	-	-
WdSV	2b5767eed6d088d330b6767e1f7800f0	487	SUPERFAMILY	SSF57756	Retrovirus zinc finger-like domains	438	483	1.64E-11	T	13-08-2026	IPR036875	Zinc finger, CCHC-type superfamily	GO:0003676(InterPro)|GO:0008270(InterPro)	Reactome:R-BTA-159231|Reactome:R-BTA-159236|Reactome:R-BTA-72163|Reactome:R-BTA-72165|Reactome:R-BTA-72203|Reactome:R-BTA-73856|Reactome:R-BTA-77595|Reactome:R-BTA-9770562|Reactome:R-CEL-159236|Reactome:R-CEL-72163|Reactome:R-CEL-73856|Reactome:R-DME-159231|Reactome:R-DME-159236|Reactome:R-DME-1834941|Reactome:R-DME-72163|Reactome:R-DME-72165|Reactome:R-DME-72203|Reactome:R-DME-73856|Reactome:R-DME-77595|Reactome:R-DME-9770562|Reactome:R-DRE-72165|Reactome:R-HSA-1169408|Reactome:R-HSA-159231|Reactome:R-HSA-159236|Reactome:R-HSA-162585|Reactome:R-HSA-162588|Reactome:R-HSA-162592|Reactome:R-HSA-162594|Reactome:R-HSA-164516|Reactome:R-HSA-164525|Reactome:R-HSA-164843|Reactome:R-HSA-168315|Reactome:R-HSA-173107|Reactome:R-HSA-174490|Reactome:R-HSA-174495|Reactome:R-HSA-175474|Reactome:R-HSA-175567|Reactome:R-HSA-177539|Reactome:R-HSA-180689|Reactome:R-HSA-180910|Reactome:R-HSA-429947|Reactome:R-HSA-452723|Reactome:R-HSA-6784531|Reactome:R-HSA-72163|Reactome:R-HSA-72165|Reactome:R-HSA-72187|Reactome:R-HSA-72203|Reactome:R-HSA-73856|Reactome:R-HSA-77595|Reactome:R-HSA-9013422|Reactome:R-HSA-9682706|Reactome:R-HSA-9694686|Reactome:R-HSA-9705671|Reactome:R-HSA-9770562|Reactome:R-HSA-9819196|Reactome:R-HSA-9820865|Reactome:R-HSA-983168|Reactome:R-HSA-9918481|Reactome:R-HSA-9930044|Reactome:R-MMU-159231|Reactome:R-MMU-159236|Reactome:R-MMU-72163|Reactome:R-MMU-72165|Reactome:R-MMU-72187|Reactome:R-MMU-72203|Reactome:R-MMU-73856|Reactome:R-MMU-77595|Reactome:R-MMU-9013422|Reactome:R-MMU-9770562|Reactome:R-MMU-983168|Reactome:R-RNO-159231|Reactome:R-RNO-72165|Reactome:R-RNO-73856|Reactome:R-RNO-77595|Reactome:R-RNO-9770562|Reactome:R-SCE-983168|Reactome:R-SPO-9770562|Reactome:R-SPO-983168|Reactome:R-XTR-77595|Reactome:R-XTR-9770562
WdSV	2b5767eed6d088d330b6767e1f7800f0	487	Coils	Coil	Coil	122	142	-	T	13-08-2026	-	-	-	-
WdSV	2b5767eed6d088d330b6767e1f7800f0	487	SMART	SM00343	c2hcfinal6	460	476	3.9E-5	T	13-08-2026	IPR001878	Zinc finger, CCHC-type	GO:0003676(InterPro)|GO:0008270(InterPro)	Reactome:R-BTA-159231|Reactome:R-BTA-159236|Reactome:R-BTA-72163|Reactome:R-BTA-72165|Reactome:R-BTA-72203|Reactome:R-BTA-73856|Reactome:R-BTA-77595|Reactome:R-BTA-9770562|Reactome:R-CEL-159236|Reactome:R-CEL-72163|Reactome:R-CEL-73856|Reactome:R-DME-159231|Reactome:R-DME-159236|Reactome:R-DME-1834941|Reactome:R-DME-72163|Reactome:R-DME-72165|Reactome:R-DME-72203|Reactome:R-DME-73856|Reactome:R-DME-77595|Reactome:R-DME-8941326|Reactome:R-DME-9770562|Reactome:R-DME-9930044|Reactome:R-DRE-72165|Reactome:R-HSA-1169408|Reactome:R-HSA-159231|Reactome:R-HSA-159236|Reactome:R-HSA-162585|Reactome:R-HSA-162588|Reactome:R-HSA-162592|Reactome:R-HSA-162594|Reactome:R-HSA-164516|Reactome:R-HSA-164525|Reactome:R-HSA-164843|Reactome:R-HSA-168315|Reactome:R-HSA-173107|Reactome:R-HSA-174490|Reactome:R-HSA-174495|Reactome:R-HSA-175474|Reactome:R-HSA-175567|Reactome:R-HSA-177539|Reactome:R-HSA-180689|Reactome:R-HSA-180910|Reactome:R-HSA-429947|Reactome:R-HSA-452723|Reactome:R-HSA-6784531|Reactome:R-HSA-72163|Reactome:R-HSA-72165|Reactome:R-HSA-72187|Reactome:R-HSA-72203|Reactome:R-HSA-73856|Reactome:R-HSA-77595|Reactome:R-HSA-9013422|Reactome:R-HSA-9682706|Reactome:R-HSA-9694686|Reactome:R-HSA-9705671|Reactome:R-HSA-9770562|Reactome:R-HSA-9819196|Reactome:R-HSA-9820865|Reactome:R-HSA-983168|Reactome:R-HSA-9843970|Reactome:R-HSA-9918481|Reactome:R-HSA-9930044|Reactome:R-HSA-9931510|Reactome:R-MMU-159231|Reactome:R-MMU-159236|Reactome:R-MMU-72163|Reactome:R-MMU-72165|Reactome:R-MMU-72187|Reactome:R-MMU-72203|Reactome:R-MMU-73856|Reactome:R-MMU-77595|Reactome:R-MMU-9013422|Reactome:R-MMU-9770562|Reactome:R-MMU-983168|Reactome:R-MMU-9930044|Reactome:R-RNO-159231|Reactome:R-RNO-72165|Reactome:R-RNO-73856|Reactome:R-RNO-77595|Reactome:R-RNO-9770562|Reactome:R-SCE-983168|Reactome:R-SPO-9770562|Reactome:R-SPO-983168|Reactome:R-XTR-77595|Reactome:R-XTR-9770562
WdSV	2b5767eed6d088d330b6767e1f7800f0	487	ProSiteProfiles	PS50158	Zinc finger CCHC-type profile.	461	476	9.273614	T	13-08-2026	IPR001878	Zinc finger, CCHC-type	GO:0003676(InterPro)|GO:0008270(InterPro)	Reactome:R-BTA-159231|Reactome:R-BTA-159236|Reactome:R-BTA-72163|Reactome:R-BTA-72165|Reactome:R-BTA-72203|Reactome:R-BTA-73856|Reactome:R-BTA-77595|Reactome:R-BTA-9770562|Reactome:R-CEL-159236|Reactome:R-CEL-72163|Reactome:R-CEL-73856|Reactome:R-DME-159231|Reactome:R-DME-159236|Reactome:R-DME-1834941|Reactome:R-DME-72163|Reactome:R-DME-72165|Reactome:R-DME-72203|Reactome:R-DME-73856|Reactome:R-DME-77595|Reactome:R-DME-8941326|Reactome:R-DME-9770562|Reactome:R-DME-9930044|Reactome:R-DRE-72165|Reactome:R-HSA-1169408|Reactome:R-HSA-159231|Reactome:R-HSA-159236|Reactome:R-HSA-162585|Reactome:R-HSA-162588|Reactome:R-HSA-162592|Reactome:R-HSA-162594|Reactome:R-HSA-164516|Reactome:R-HSA-164525|Reactome:R-HSA-164843|Reactome:R-HSA-168315|Reactome:R-HSA-173107|Reactome:R-HSA-174490|Reactome:R-HSA-174495|Reactome:R-HSA-175474|Reactome:R-HSA-175567|Reactome:R-HSA-177539|Reactome:R-HSA-180689|Reactome:R-HSA-180910|Reactome:R-HSA-429947|Reactome:R-HSA-452723|Reactome:R-HSA-6784531|Reactome:R-HSA-72163|Reactome:R-HSA-72165|Reactome:R-HSA-72187|Reactome:R-HSA-72203|Reactome:R-HSA-73856|Reactome:R-HSA-77595|Reactome:R-HSA-9013422|Reactome:R-HSA-9682706|Reactome:R-HSA-9694686|Reactome:R-HSA-9705671|Reactome:R-HSA-9770562|Reactome:R-HSA-9819196|Reactome:R-HSA-9820865|Reactome:R-HSA-983168|Reactome:R-HSA-9843970|Reactome:R-HSA-9918481|Reactome:R-HSA-9930044|Reactome:R-HSA-9931510|Reactome:R-MMU-159231|Reactome:R-MMU-159236|Reactome:R-MMU-72163|Reactome:R-MMU-72165|Reactome:R-MMU-72187|Reactome:R-MMU-72203|Reactome:R-MMU-73856|Reactome:R-MMU-77595|Reactome:R-MMU-9013422|Reactome:R-MMU-9770562|Reactome:R-MMU-983168|Reactome:R-MMU-9930044|Reactome:R-RNO-159231|Reactome:R-RNO-72165|Reactome:R-RNO-73856|Reactome:R-RNO-77595|Reactome:R-RNO-9770562|Reactome:R-SCE-983168|Reactome:R-SPO-9770562|Reactome:R-SPO-983168|Reactome:R-XTR-77595|Reactome:R-XTR-9770562
SA-OMVV	66cc6a1997cd4f7adc5bbe0172ca807f	431	SMART	SM00343	c2hcfinal6	385	401	7.1E-6	T	13-08-2026	IPR001878	Zinc finger, CCHC-type	GO:0003676(InterPro)|GO:0008270(InterPro)	Reactome:R-BTA-159231|Reactome:R-BTA-159236|Reactome:R-BTA-72163|Reactome:R-BTA-72165|Reactome:R-BTA-72203|Reactome:R-BTA-73856|Reactome:R-BTA-77595|Reactome:R-BTA-9770562|Reactome:R-CEL-159236|Reactome:R-CEL-72163|Reactome:R-CEL-73856|Reactome:R-DME-159231|Reactome:R-DME-159236|Reactome:R-DME-1834941|Reactome:R-DME-72163|Reactome:R-DME-72165|Reactome:R-DME-72203|Reactome:R-DME-73856|Reactome:R-DME-77595|Reactome:R-DME-8941326|Reactome:R-DME-9770562|Reactome:R-DME-9930044|Reactome:R-DRE-72165|Reactome:R-HSA-1169408|Reactome:R-HSA-159231|Reactome:R-HSA-159236|Reactome:R-HSA-162585|Reactome:R-HSA-162588|Reactome:R-HSA-162592|Reactome:R-HSA-162594|Reactome:R-HSA-164516|Reactome:R-HSA-164525|Reactome:R-HSA-164843|Reactome:R-HSA-168315|Reactome:R-HSA-173107|Reactome:R-HSA-174490|Reactome:R-HSA-174495|Reactome:R-HSA-175474|Reactome:R-HSA-175567|Reactome:R-HSA-177539|Reactome:R-HSA-180689|Reactome:R-HSA-180910|Reactome:R-HSA-429947|Reactome:R-HSA-452723|Reactome:R-HSA-6784531|Reactome:R-HSA-72163|Reactome:R-HSA-72165|Reactome:R-HSA-72187|Reactome:R-HSA-72203|Reactome:R-HSA-73856|Reactome:R-HSA-77595|Reactome:R-HSA-9013422|Reactome:R-HSA-9682706|Reactome:R-HSA-9694686|Reactome:R-HSA-9705671|Reactome:R-HSA-9770562|Reactome:R-HSA-9819196|Reactome:R-HSA-9820865|Reactome:R-HSA-983168|Reactome:R-HSA-9843970|Reactome:R-HSA-9918481|Reactome:R-HSA-9930044|Reactome:R-HSA-9931510|Reactome:R-MMU-159231|Reactome:R-MMU-159236|Reactome:R-MMU-72163|Reactome:R-MMU-72165|Reactome:R-MMU-72187|Reactome:R-MMU-72203|Reactome:R-MMU-73856|Reactome:R-MMU-77595|Reactome:R-MMU-9013422|Reactome:R-MMU-9770562|Reactome:R-MMU-983168|Reactome:R-MMU-9930044|Reactome:R-RNO-159231|Reactome:R-RNO-72165|Reactome:R-RNO-73856|Reactome:R-RNO-77595|Reactome:R-RNO-9770562|Reactome:R-SCE-983168|Reactome:R-SPO-9770562|Reactome:R-SPO-983168|Reactome:R-XTR-77595|Reactome:R-XTR-9770562
SA-OMVV	66cc6a1997cd4f7adc5bbe0172ca807f	431	SMART	SM00343	c2hcfinal6	404	420	0.0048	T	13-08-2026	IPR001878	Zinc finger, CCHC-type	GO:0003676(InterPro)|GO:0008270(InterPro)	Reactome:R-BTA-159231|Reactome:R-BTA-159236|Reactome:R-BTA-72163|Reactome:R-BTA-72165|Reactome:R-BTA-72203|Reactome:R-BTA-73856|Reactome:R-BTA-77595|Reactome:R-BTA-9770562|Reactome:R-CEL-159236|Reactome:R-CEL-72163|Reactome:R-CEL-73856|Reactome:R-DME-159231|Reactome:R-DME-159236|Reactome:R-DME-1834941|Reactome:R-DME-72163|Reactome:R-DME-72165|Reactome:R-DME-72203|Reactome:R-DME-73856|Reactome:R-DME-77595|Reactome:R-DME-8941326|Reactome:R-DME-9770562|Reactome:R-DME-9930044|Reactome:R-DRE-72165|Reactome:R-HSA-1169408|Reactome:R-HSA-159231|Reactome:R-HSA-159236|Reactome:R-HSA-162585|Reactome:R-HSA-162588|Reactome:R-HSA-162592|Reactome:R-HSA-162594|Reactome:R-HSA-164516|Reactome:R-HSA-164525|Reactome:R-HSA-164843|Reactome:R-HSA-168315|Reactome:R-HSA-173107|Reactome:R-HSA-174490|Reactome:R-HSA-174495|Reactome:R-HSA-175474|Reactome:R-HSA-175567|Reactome:R-HSA-177539|Reactome:R-HSA-180689|Reactome:R-HSA-180910|Reactome:R-HSA-429947|Reactome:R-HSA-452723|Reactome:R-HSA-6784531|Reactome:R-HSA-72163|Reactome:R-HSA-72165|Reactome:R-HSA-72187|Reactome:R-HSA-72203|Reactome:R-HSA-73856|Reactome:R-HSA-77595|Reactome:R-HSA-9013422|Reactome:R-HSA-9682706|Reactome:R-HSA-9694686|Reactome:R-HSA-9705671|Reactome:R-HSA-9770562|Reactome:R-HSA-9819196|Reactome:R-HSA-9820865|Reactome:R-HSA-983168|Reactome:R-HSA-9843970|Reactome:R-HSA-9918481|Reactome:R-HSA-9930044|Reactome:R-HSA-9931510|Reactome:R-MMU-159231|Reactome:R-MMU-159236|Reactome:R-MMU-72163|Reactome:R-MMU-72165|Reactome:R-MMU-72187|Reactome:R-MMU-72203|Reactome:R-MMU-73856|Reactome:R-MMU-77595|Reactome:R-MMU-9013422|Reactome:R-MMU-9770562|Reactome:R-MMU-983168|Reactome:R-MMU-9930044|Reactome:R-RNO-159231|Reactome:R-RNO-72165|Reactome:R-RNO-73856|Reactome:R-RNO-77595|Reactome:R-RNO-9770562|Reactome:R-SCE-983168|Reactome:R-SPO-9770562|Reactome:R-SPO-983168|Reactome:R-XTR-77595|Reactome:R-XTR-9770562
SA-OMVV	66cc6a1997cd4f7adc5bbe0172ca807f	431	Pfam	PF00607	gag protein p24 N-terminal domain	155	274	3.0E-6	T	13-08-2026	-	-	-	-
SA-OMVV	66cc6a1997cd4f7adc5bbe0172ca807f	431	Pfam	PF00098	Zinc knuckle	404	420	1.3	T	13-08-2026	IPR001878	Zinc finger, CCHC-type	GO:0003676(InterPro)|GO:0008270(InterPro)	Reactome:R-BTA-159231|Reactome:R-BTA-159236|Reactome:R-BTA-72163|Reactome:R-BTA-72165|Reactome:R-BTA-72203|Reactome:R-BTA-73856|Reactome:R-BTA-77595|Reactome:R-BTA-9770562|Reactome:R-CEL-159236|Reactome:R-CEL-72163|Reactome:R-CEL-73856|Reactome:R-DME-159231|Reactome:R-DME-159236|Reactome:R-DME-1834941|Reactome:R-DME-72163|Reactome:R-DME-72165|Reactome:R-DME-72203|Reactome:R-DME-73856|Reactome:R-DME-77595|Reactome:R-DME-8941326|Reactome:R-DME-9770562|Reactome:R-DME-9930044|Reactome:R-DRE-72165|Reactome:R-HSA-1169408|Reactome:R-HSA-159231|Reactome:R-HSA-159236|Reactome:R-HSA-162585|Reactome:R-HSA-162588|Reactome:R-HSA-162592|Reactome:R-HSA-162594|Reactome:R-HSA-164516|Reactome:R-HSA-164525|Reactome:R-HSA-164843|Reactome:R-HSA-168315|Reactome:R-HSA-173107|Reactome:R-HSA-174490|Reactome:R-HSA-174495|Reactome:R-HSA-175474|Reactome:R-HSA-175567|Reactome:R-HSA-177539|Reactome:R-HSA-180689|Reactome:R-HSA-180910|Reactome:R-HSA-429947|Reactome:R-HSA-452723|Reactome:R-HSA-6784531|Reactome:R-HSA-72163|Reactome:R-HSA-72165|Reactome:R-HSA-72187|Reactome:R-HSA-72203|Reactome:R-HSA-73856|Reactome:R-HSA-77595|Reactome:R-HSA-9013422|Reactome:R-HSA-9682706|Reactome:R-HSA-9694686|Reactome:R-HSA-9705671|Reactome:R-HSA-9770562|Reactome:R-HSA-9819196|Reactome:R-HSA-9820865|Reactome:R-HSA-983168|Reactome:R-HSA-9843970|Reactome:R-HSA-9918481|Reactome:R-HSA-9930044|Reactome:R-HSA-9931510|Reactome:R-MMU-159231|Reactome:R-MMU-159236|Reactome:R-MMU-72163|Reactome:R-MMU-72165|Reactome:R-MMU-72187|Reactome:R-MMU-72203|Reactome:R-MMU-73856|Reactome:R-MMU-77595|Reactome:R-MMU-9013422|Reactome:R-MMU-9770562|Reactome:R-MMU-983168|Reactome:R-MMU-9930044|Reactome:R-RNO-159231|Reactome:R-RNO-72165|Reactome:R-RNO-73856|Reactome:R-RNO-77595|Reactome:R-RNO-9770562|Reactome:R-SCE-983168|Reactome:R-SPO-9770562|Reactome:R-SPO-983168|Reactome:R-XTR-77595|Reactome:R-XTR-9770562
SA-OMVV	66cc6a1997cd4f7adc5bbe0172ca807f	431	Pfam	PF00098	Zinc knuckle	384	401	0.0039	T	13-08-2026	IPR001878	Zinc finger, CCHC-type	GO:0003676(InterPro)|GO:0008270(InterPro)	Reactome:R-BTA-159231|Reactome:R-BTA-159236|Reactome:R-BTA-72163|Reactome:R-BTA-72165|Reactome:R-BTA-72203|Reactome:R-BTA-73856|Reactome:R-BTA-77595|Reactome:R-BTA-9770562|Reactome:R-CEL-159236|Reactome:R-CEL-72163|Reactome:R-CEL-73856|Reactome:R-DME-159231|Reactome:R-DME-159236|Reactome:R-DME-1834941|Reactome:R-DME-72163|Reactome:R-DME-72165|Reactome:R-DME-72203|Reactome:R-DME-73856|Reactome:R-DME-77595|Reactome:R-DME-8941326|Reactome:R-DME-9770562|Reactome:R-DME-9930044|Reactome:R-DRE-72165|Reactome:R-HSA-1169408|Reactome:R-HSA-159231|Reactome:R-HSA-159236|Reactome:R-HSA-162585|Reactome:R-HSA-162588|Reactome:R-HSA-162592|Reactome:R-HSA-162594|Reactome:R-HSA-164516|Reactome:R-HSA-164525|Reactome:R-HSA-164843|Reactome:R-HSA-168315|Reactome:R-HSA-173107|Reactome:R-HSA-174490|Reactome:R-HSA-174495|Reactome:R-HSA-175474|Reactome:R-HSA-175567|Reactome:R-HSA-177539|Reactome:R-HSA-180689|Reactome:R-HSA-180910|Reactome:R-HSA-429947|Reactome:R-HSA-452723|Reactome:R-HSA-6784531|Reactome:R-HSA-72163|Reactome:R-HSA-72165|Reactome:R-HSA-72187|Reactome:R-HSA-72203|Reactome:R-HSA-73856|Reactome:R-HSA-77595|Reactome:R-HSA-9013422|Reactome:R-HSA-9682706|Reactome:R-HSA-9694686|Reactome:R-HSA-9705671|Reactome:R-HSA-9770562|Reactome:R-HSA-9819196|Reactome:R-HSA-9820865|Reactome:R-HSA-983168|Reactome:R-HSA-9843970|Reactome:R-HSA-9918481|Reactome:R-HSA-9930044|Reactome:R-HSA-9931510|Reactome:R-MMU-159231|Reactome:R-MMU-159236|Reactome:R-MMU-72163|Reactome:R-MMU-72165|Reactome:R-MMU-72187|Reactome:R-MMU-72203|Reactome:R-MMU-73856|Reactome:R-MMU-77595|Reactome:R-MMU-9013422|Reactome:R-MMU-9770562|Reactome:R-MMU-983168|Reactome:R-MMU-9930044|Reactome:R-RNO-159231|Reactome:R-RNO-72165|Reactome:R-RNO-73856|Reactome:R-RNO-77595|Reactome:R-RNO-9770562|Reactome:R-SCE-983168|Reactome:R-SPO-9770562|Reactome:R-SPO-983168|Reactome:R-XTR-77595|Reactome:R-XTR-9770562
SA-OMVV	66cc6a1997cd4f7adc5bbe0172ca807f	431	PANTHER	PTHR40389	ENDOGENOUS RETROVIRUS GROUP K MEMBER 24 GAG POLYPROTEIN-RELATED	123	428	8.2E-24	T	13-08-2026	IPR050195	Primate lentivirus group Gag polyprotein-like	-	Reactome:R-HSA-1169408|Reactome:R-HSA-162585|Reactome:R-HSA-162588|Reactome:R-HSA-162592|Reactome:R-HSA-162594|Reactome:R-HSA-164516|Reactome:R-HSA-164525|Reactome:R-HSA-164843|Reactome:R-HSA-173107|Reactome:R-HSA-174490|Reactome:R-HSA-174495|Reactome:R-HSA-175474|Reactome:R-HSA-175567|Reactome:R-HSA-177539|Reactome:R-HSA-180689|Reactome:R-HSA-180910
SA-OMVV	66cc6a1997cd4f7adc5bbe0172ca807f	431	ProSiteProfiles	PS50158	Zinc finger CCHC-type profile.	385	401	10.921894	T	13-08-2026	IPR001878	Zinc finger, CCHC-type	GO:0003676(InterPro)|GO:0008270(InterPro)	Reactome:R-BTA-159231|Reactome:R-BTA-159236|Reactome:R-BTA-72163|Reactome:R-BTA-72165|Reactome:R-BTA-72203|Reactome:R-BTA-73856|Reactome:R-BTA-77595|Reactome:R-BTA-9770562|Reactome:R-CEL-159236|Reactome:R-CEL-72163|Reactome:R-CEL-73856|Reactome:R-DME-159231|Reactome:R-DME-159236|Reactome:R-DME-1834941|Reactome:R-DME-72163|Reactome:R-DME-72165|Reactome:R-DME-72203|Reactome:R-DME-73856|Reactome:R-DME-77595|Reactome:R-DME-8941326|Reactome:R-DME-9770562|Reactome:R-DME-9930044|Reactome:R-DRE-72165|Reactome:R-HSA-1169408|Reactome:R-HSA-159231|Reactome:R-HSA-159236|Reactome:R-HSA-162585|Reactome:R-HSA-162588|Reactome:R-HSA-162592|Reactome:R-HSA-162594|Reactome:R-HSA-164516|Reactome:R-HSA-164525|Reactome:R-HSA-164843|Reactome:R-HSA-168315|Reactome:R-HSA-173107|Reactome:R-HSA-174490|Reactome:R-HSA-174495|Reactome:R-HSA-175474|Reactome:R-HSA-175567|Reactome:R-HSA-177539|Reactome:R-HSA-180689|Reactome:R-HSA-180910|Reactome:R-HSA-429947|Reactome:R-HSA-452723|Reactome:R-HSA-6784531|Reactome:R-HSA-72163|Reactome:R-HSA-72165|Reactome:R-HSA-72187|Reactome:R-HSA-72203|Reactome:R-HSA-73856|Reactome:R-HSA-77595|Reactome:R-HSA-9013422|Reactome:R-HSA-9682706|Reactome:R-HSA-9694686|Reactome:R-HSA-9705671|Reactome:R-HSA-9770562|Reactome:R-HSA-9819196|Reactome:R-HSA-9820865|Reactome:R-HSA-983168|Reactome:R-HSA-9843970|Reactome:R-HSA-9918481|Reactome:R-HSA-9930044|Reactome:R-HSA-9931510|Reactome:R-MMU-159231|Reactome:R-MMU-159236|Reactome:R-MMU-72163|Reactome:R-MMU-72165|Reactome:R-MMU-72187|Reactome:R-MMU-72203|Reactome:R-MMU-73856|Reactome:R-MMU-77595|Reactome:R-MMU-9013422|Reactome:R-MMU-9770562|Reactome:R-MMU-983168|Reactome:R-MMU-9930044|Reactome:R-RNO-159231|Reactome:R-RNO-72165|Reactome:R-RNO-73856|Reactome:R-RNO-77595|Reactome:R-RNO-9770562|Reactome:R-SCE-983168|Reactome:R-SPO-9770562|Reactome:R-SPO-983168|Reactome:R-XTR-77595|Reactome:R-XTR-9770562
SA-OMVV	66cc6a1997cd4f7adc5bbe0172ca807f	431	Gene3D	G3DSA:4.10.60.10	-	374	430	2.6E-12	T	13-08-2026	-	-	-	-
SA-OMVV	66cc6a1997cd4f7adc5bbe0172ca807f	431	SUPERFAMILY	SSF47353	Retrovirus capsid dimerization domain-like	286	366	1.14E-17	T	13-08-2026	-	-	-	-
SA-OMVV	66cc6a1997cd4f7adc5bbe0172ca807f	431	SUPERFAMILY	SSF47943	Retrovirus capsid protein, N-terminal core domain	143	289	1.06E-32	T	13-08-2026	IPR008919	Retrovirus capsid, N-terminal	GO:0016032(InterPro)	Reactome:R-HSA-1169408|Reactome:R-HSA-162585|Reactome:R-HSA-162588|Reactome:R-HSA-162592|Reactome:R-HSA-162594|Reactome:R-HSA-164516|Reactome:R-HSA-164525|Reactome:R-HSA-164843|Reactome:R-HSA-173107|Reactome:R-HSA-174490|Reactome:R-HSA-174495|Reactome:R-HSA-175474|Reactome:R-HSA-175567|Reactome:R-HSA-177539|Reactome:R-HSA-180689|Reactome:R-HSA-180910
SA-OMVV	66cc6a1997cd4f7adc5bbe0172ca807f	431	SUPERFAMILY	SSF57756	Retrovirus zinc finger-like domains	378	422	1.13E-11	T	13-08-2026	IPR036875	Zinc finger, CCHC-type superfamily	GO:0003676(InterPro)|GO:0008270(InterPro)	Reactome:R-BTA-159231|Reactome:R-BTA-159236|Reactome:R-BTA-72163|Reactome:R-BTA-72165|Reactome:R-BTA-72203|Reactome:R-BTA-73856|Reactome:R-BTA-77595|Reactome:R-BTA-9770562|Reactome:R-CEL-159236|Reactome:R-CEL-72163|Reactome:R-CEL-73856|Reactome:R-DME-159231|Reactome:R-DME-159236|Reactome:R-DME-1834941|Reactome:R-DME-72163|Reactome:R-DME-72165|Reactome:R-DME-72203|Reactome:R-DME-73856|Reactome:R-DME-77595|Reactome:R-DME-9770562|Reactome:R-DRE-72165|Reactome:R-HSA-1169408|Reactome:R-HSA-159231|Reactome:R-HSA-159236|Reactome:R-HSA-162585|Reactome:R-HSA-162588|Reactome:R-HSA-162592|Reactome:R-HSA-162594|Reactome:R-HSA-164516|Reactome:R-HSA-164525|Reactome:R-HSA-164843|Reactome:R-HSA-168315|Reactome:R-HSA-173107|Reactome:R-HSA-174490|Reactome:R-HSA-174495|Reactome:R-HSA-175474|Reactome:R-HSA-175567|Reactome:R-HSA-177539|Reactome:R-HSA-180689|Reactome:R-HSA-180910|Reactome:R-HSA-429947|Reactome:R-HSA-452723|Reactome:R-HSA-6784531|Reactome:R-HSA-72163|Reactome:R-HSA-72165|Reactome:R-HSA-72187|Reactome:R-HSA-72203|Reactome:R-HSA-73856|Reactome:R-HSA-77595|Reactome:R-HSA-9013422|Reactome:R-HSA-9682706|Reactome:R-HSA-9694686|Reactome:R-HSA-9705671|Reactome:R-HSA-9770562|Reactome:R-HSA-9819196|Reactome:R-HSA-9820865|Reactome:R-HSA-983168|Reactome:R-HSA-9918481|Reactome:R-HSA-9930044|Reactome:R-MMU-159231|Reactome:R-MMU-159236|Reactome:R-MMU-72163|Reactome:R-MMU-72165|Reactome:R-MMU-72187|Reactome:R-MMU-72203|Reactome:R-MMU-73856|Reactome:R-MMU-77595|Reactome:R-MMU-9013422|Reactome:R-MMU-9770562|Reactome:R-MMU-983168|Reactome:R-RNO-159231|Reactome:R-RNO-72165|Reactome:R-RNO-73856|Reactome:R-RNO-77595|Reactome:R-RNO-9770562|Reactome:R-SCE-983168|Reactome:R-SPO-9770562|Reactome:R-SPO-983168|Reactome:R-XTR-77595|Reactome:R-XTR-9770562
SA-OMVV	66cc6a1997cd4f7adc5bbe0172ca807f	431	Gene3D	G3DSA:1.10.375.10	Human Immunodeficiency Virus Type 1 Capsid Protein	144	276	9.8E-26	T	13-08-2026	IPR008919	Retrovirus capsid, N-terminal	GO:0016032(InterPro)	Reactome:R-HSA-1169408|Reactome:R-HSA-162585|Reactome:R-HSA-162588|Reactome:R-HSA-162592|Reactome:R-HSA-162594|Reactome:R-HSA-164516|Reactome:R-HSA-164525|Reactome:R-HSA-164843|Reactome:R-HSA-173107|Reactome:R-HSA-174490|Reactome:R-HSA-174495|Reactome:R-HSA-175474|Reactome:R-HSA-175567|Reactome:R-HSA-177539|Reactome:R-HSA-180689|Reactome:R-HSA-180910
SA-OMVV	66cc6a1997cd4f7adc5bbe0172ca807f	431	Gene3D	G3DSA:1.10.150.90	Immunodeficiency lentiviruses, gag gene matrix protein p17	5	134	6.6E-6	T	13-08-2026	IPR012344	Matrix protein, lentiviral and alpha-retroviral, N-terminal	-	Reactome:R-HSA-1169408|Reactome:R-HSA-162585|Reactome:R-HSA-162588|Reactome:R-HSA-162592|Reactome:R-HSA-162594|Reactome:R-HSA-164516|Reactome:R-HSA-164525|Reactome:R-HSA-164843|Reactome:R-HSA-173107|Reactome:R-HSA-174490|Reactome:R-HSA-174495|Reactome:R-HSA-175474|Reactome:R-HSA-175567|Reactome:R-HSA-177539|Reactome:R-HSA-180689|Reactome:R-HSA-180910
SA-OMVV	66cc6a1997cd4f7adc5bbe0172ca807f	431	Pfam	PF19317	Gag protein p24 C-terminal domain	286	335	4.4E-5	T	13-08-2026	IPR045345	Retroviral nucleocapsid Gag protein p24, C-terminal domain	-	Reactome:R-HSA-1169408|Reactome:R-HSA-162585|Reactome:R-HSA-162588|Reactome:R-HSA-162592|Reactome:R-HSA-162594|Reactome:R-HSA-164516|Reactome:R-HSA-164525|Reactome:R-HSA-164843|Reactome:R-HSA-173107|Reactome:R-HSA-174490|Reactome:R-HSA-174495|Reactome:R-HSA-175474|Reactome:R-HSA-175567|Reactome:R-HSA-177539|Reactome:R-HSA-180689|Reactome:R-HSA-180910
SA-OMVV	66cc6a1997cd4f7adc5bbe0172ca807f	431	ProSiteProfiles	PS50158	Zinc finger CCHC-type profile.	405	420	10.229617	T	13-08-2026	IPR001878	Zinc finger, CCHC-type	GO:0003676(InterPro)|GO:0008270(InterPro)	Reactome:R-BTA-159231|Reactome:R-BTA-159236|Reactome:R-BTA-72163|Reactome:R-BTA-72165|Reactome:R-BTA-72203|Reactome:R-BTA-73856|Reactome:R-BTA-77595|Reactome:R-BTA-9770562|Reactome:R-CEL-159236|Reactome:R-CEL-72163|Reactome:R-CEL-73856|Reactome:R-DME-159231|Reactome:R-DME-159236|Reactome:R-DME-1834941|Reactome:R-DME-72163|Reactome:R-DME-72165|Reactome:R-DME-72203|Reactome:R-DME-73856|Reactome:R-DME-77595|Reactome:R-DME-8941326|Reactome:R-DME-9770562|Reactome:R-DME-9930044|Reactome:R-DRE-72165|Reactome:R-HSA-1169408|Reactome:R-HSA-159231|Reactome:R-HSA-159236|Reactome:R-HSA-162585|Reactome:R-HSA-162588|Reactome:R-HSA-162592|Reactome:R-HSA-162594|Reactome:R-HSA-164516|Reactome:R-HSA-164525|Reactome:R-HSA-164843|Reactome:R-HSA-168315|Reactome:R-HSA-173107|Reactome:R-HSA-174490|Reactome:R-HSA-174495|Reactome:R-HSA-175474|Reactome:R-HSA-175567|Reactome:R-HSA-177539|Reactome:R-HSA-180689|Reactome:R-HSA-180910|Reactome:R-HSA-429947|Reactome:R-HSA-452723|Reactome:R-HSA-6784531|Reactome:R-HSA-72163|Reactome:R-HSA-72165|Reactome:R-HSA-72187|Reactome:R-HSA-72203|Reactome:R-HSA-73856|Reactome:R-HSA-77595|Reactome:R-HSA-9013422|Reactome:R-HSA-9682706|Reactome:R-HSA-9694686|Reactome:R-HSA-9705671|Reactome:R-HSA-9770562|Reactome:R-HSA-9819196|Reactome:R-HSA-9820865|Reactome:R-HSA-983168|Reactome:R-HSA-9843970|Reactome:R-HSA-9918481|Reactome:R-HSA-9930044|Reactome:R-HSA-9931510|Reactome:R-MMU-159231|Reactome:R-MMU-159236|Reactome:R-MMU-72163|Reactome:R-MMU-72165|Reactome:R-MMU-72187|Reactome:R-MMU-72203|Reactome:R-MMU-73856|Reactome:R-MMU-77595|Reactome:R-MMU-9013422|Reactome:R-MMU-9770562|Reactome:R-MMU-983168|Reactome:R-MMU-9930044|Reactome:R-RNO-159231|Reactome:R-RNO-72165|Reactome:R-RNO-73856|Reactome:R-RNO-77595|Reactome:R-RNO-9770562|Reactome:R-SCE-983168|Reactome:R-SPO-9770562|Reactome:R-SPO-983168|Reactome:R-XTR-77595|Reactome:R-XTR-9770562
SA-OMVV	66cc6a1997cd4f7adc5bbe0172ca807f	431	Gene3D	G3DSA:1.10.1200.30	-	277	373	1.5E-23	T	13-08-2026	IPR008916	Retrovirus capsid, C-terminal	-	Reactome:R-HSA-1169408|Reactome:R-HSA-162585|Reactome:R-HSA-162588|Reactome:R-HSA-162592|Reactome:R-HSA-162594|Reactome:R-HSA-164516|Reactome:R-HSA-164525|Reactome:R-HSA-164843|Reactome:R-HSA-173107|Reactome:R-HSA-174490|Reactome:R-HSA-174495|Reactome:R-HSA-175474|Reactome:R-HSA-175567|Reactome:R-HSA-177539|Reactome:R-HSA-180689|Reactome:R-HSA-180910
Tse3	203fe2ec985170b1c60694058282f43f	255	MobiDBLite	mobidb-lite	consensus disorder prediction	231	255	-	T	13-08-2026	-	-	-	-
BLV	edc7058ce262e9e3fec6d9f72271b958	392	Pfam	PF02228	Major core protein p19	4	49	0.066	T	13-08-2026	IPR003139	Delta-retroviral matrix protein	GO:0005198(InterPro)|GO:0019013(InterPro)	-
BLV	edc7058ce262e9e3fec6d9f72271b958	392	Pfam	PF00607	gag protein p24 N-terminal domain	120	235	2.3E-4	T	13-08-2026	-	-	-	-
BLV	edc7058ce262e9e3fec6d9f72271b958	392	SUPERFAMILY	SSF57756	Retrovirus zinc finger-like domains	336	368	9.42E-7	T	13-08-2026	IPR036875	Zinc finger, CCHC-type superfamily	GO:0003676(InterPro)|GO:0008270(InterPro)	Reactome:R-BTA-159231|Reactome:R-BTA-159236|Reactome:R-BTA-72163|Reactome:R-BTA-72165|Reactome:R-BTA-72203|Reactome:R-BTA-73856|Reactome:R-BTA-77595|Reactome:R-BTA-9770562|Reactome:R-CEL-159236|Reactome:R-CEL-72163|Reactome:R-CEL-73856|Reactome:R-DME-159231|Reactome:R-DME-159236|Reactome:R-DME-1834941|Reactome:R-DME-72163|Reactome:R-DME-72165|Reactome:R-DME-72203|Reactome:R-DME-73856|Reactome:R-DME-77595|Reactome:R-DME-9770562|Reactome:R-DRE-72165|Reactome:R-HSA-1169408|Reactome:R-HSA-159231|Reactome:R-HSA-159236|Reactome:R-HSA-162585|Reactome:R-HSA-162588|Reactome:R-HSA-162592|Reactome:R-HSA-162594|Reactome:R-HSA-164516|Reactome:R-HSA-164525|Reactome:R-HSA-164843|Reactome:R-HSA-168315|Reactome:R-HSA-173107|Reactome:R-HSA-174490|Reactome:R-HSA-174495|Reactome:R-HSA-175474|Reactome:R-HSA-175567|Reactome:R-HSA-177539|Reactome:R-HSA-180689|Reactome:R-HSA-180910|Reactome:R-HSA-429947|Reactome:R-HSA-452723|Reactome:R-HSA-6784531|Reactome:R-HSA-72163|Reactome:R-HSA-72165|Reactome:R-HSA-72187|Reactome:R-HSA-72203|Reactome:R-HSA-73856|Reactome:R-HSA-77595|Reactome:R-HSA-9013422|Reactome:R-HSA-9682706|Reactome:R-HSA-9694686|Reactome:R-HSA-9705671|Reactome:R-HSA-9770562|Reactome:R-HSA-9819196|Reactome:R-HSA-9820865|Reactome:R-HSA-983168|Reactome:R-HSA-9918481|Reactome:R-HSA-9930044|Reactome:R-MMU-159231|Reactome:R-MMU-159236|Reactome:R-MMU-72163|Reactome:R-MMU-72165|Reactome:R-MMU-72187|Reactome:R-MMU-72203|Reactome:R-MMU-73856|Reactome:R-MMU-77595|Reactome:R-MMU-9013422|Reactome:R-MMU-9770562|Reactome:R-MMU-983168|Reactome:R-RNO-159231|Reactome:R-RNO-72165|Reactome:R-RNO-73856|Reactome:R-RNO-77595|Reactome:R-RNO-9770562|Reactome:R-SCE-983168|Reactome:R-SPO-9770562|Reactome:R-SPO-983168|Reactome:R-XTR-77595|Reactome:R-XTR-9770562
BLV	edc7058ce262e9e3fec6d9f72271b958	392	PANTHER	PTHR40389	ENDOGENOUS RETROVIRUS GROUP K MEMBER 24 GAG POLYPROTEIN-RELATED	109	378	3.8E-24	T	13-08-2026	IPR050195	Primate lentivirus group Gag polyprotein-like	-	Reactome:R-HSA-1169408|Reactome:R-HSA-162585|Reactome:R-HSA-162588|Reactome:R-HSA-162592|Reactome:R-HSA-162594|Reactome:R-HSA-164516|Reactome:R-HSA-164525|Reactome:R-HSA-164843|Reactome:R-HSA-173107|Reactome:R-HSA-174490|Reactome:R-HSA-174495|Reactome:R-HSA-175474|Reactome:R-HSA-175567|Reactome:R-HSA-177539|Reactome:R-HSA-180689|Reactome:R-HSA-180910
BLV	edc7058ce262e9e3fec6d9f72271b958	392	Gene3D	G3DSA:1.10.1200.30	-	239	324	3.5E-25	T	13-08-2026	IPR008916	Retrovirus capsid, C-terminal	-	Reactome:R-HSA-1169408|Reactome:R-HSA-162585|Reactome:R-HSA-162588|Reactome:R-HSA-162592|Reactome:R-HSA-162594|Reactome:R-HSA-164516|Reactome:R-HSA-164525|Reactome:R-HSA-164843|Reactome:R-HSA-173107|Reactome:R-HSA-174490|Reactome:R-HSA-174495|Reactome:R-HSA-175474|Reactome:R-HSA-175567|Reactome:R-HSA-177539|Reactome:R-HSA-180689|Reactome:R-HSA-180910
BLV	edc7058ce262e9e3fec6d9f72271b958	392	Gene3D	G3DSA:4.10.60.10	-	336	372	1.9E-7	T	13-08-2026	-	-	-	-
BLV	edc7058ce262e9e3fec6d9f72271b958	392	SMART	SM00343	c2hcfinal6	347	363	1.3E-5	T	13-08-2026	IPR001878	Zinc finger, CCHC-type	GO:0003676(InterPro)|GO:0008270(InterPro)	Reactome:R-BTA-159231|Reactome:R-BTA-159236|Reactome:R-BTA-72163|Reactome:R-BTA-72165|Reactome:R-BTA-72203|Reactome:R-BTA-73856|Reactome:R-BTA-77595|Reactome:R-BTA-9770562|Reactome:R-CEL-159236|Reactome:R-CEL-72163|Reactome:R-CEL-73856|Reactome:R-DME-159231|Reactome:R-DME-159236|Reactome:R-DME-1834941|Reactome:R-DME-72163|Reactome:R-DME-72165|Reactome:R-DME-72203|Reactome:R-DME-73856|Reactome:R-DME-77595|Reactome:R-DME-8941326|Reactome:R-DME-9770562|Reactome:R-DME-9930044|Reactome:R-DRE-72165|Reactome:R-HSA-1169408|Reactome:R-HSA-159231|Reactome:R-HSA-159236|Reactome:R-HSA-162585|Reactome:R-HSA-162588|Reactome:R-HSA-162592|Reactome:R-HSA-162594|Reactome:R-HSA-164516|Reactome:R-HSA-164525|Reactome:R-HSA-164843|Reactome:R-HSA-168315|Reactome:R-HSA-173107|Reactome:R-HSA-174490|Reactome:R-HSA-174495|Reactome:R-HSA-175474|Reactome:R-HSA-175567|Reactome:R-HSA-177539|Reactome:R-HSA-180689|Reactome:R-HSA-180910|Reactome:R-HSA-429947|Reactome:R-HSA-452723|Reactome:R-HSA-6784531|Reactome:R-HSA-72163|Reactome:R-HSA-72165|Reactome:R-HSA-72187|Reactome:R-HSA-72203|Reactome:R-HSA-73856|Reactome:R-HSA-77595|Reactome:R-HSA-9013422|Reactome:R-HSA-9682706|Reactome:R-HSA-9694686|Reactome:R-HSA-9705671|Reactome:R-HSA-9770562|Reactome:R-HSA-9819196|Reactome:R-HSA-9820865|Reactome:R-HSA-983168|Reactome:R-HSA-9843970|Reactome:R-HSA-9918481|Reactome:R-HSA-9930044|Reactome:R-HSA-9931510|Reactome:R-MMU-159231|Reactome:R-MMU-159236|Reactome:R-MMU-72163|Reactome:R-MMU-72165|Reactome:R-MMU-72187|Reactome:R-MMU-72203|Reactome:R-MMU-73856|Reactome:R-MMU-77595|Reactome:R-MMU-9013422|Reactome:R-MMU-9770562|Reactome:R-MMU-983168|Reactome:R-MMU-9930044|Reactome:R-RNO-159231|Reactome:R-RNO-72165|Reactome:R-RNO-73856|Reactome:R-RNO-77595|Reactome:R-RNO-9770562|Reactome:R-SCE-983168|Reactome:R-SPO-9770562|Reactome:R-SPO-983168|Reactome:R-XTR-77595|Reactome:R-XTR-9770562
BLV	edc7058ce262e9e3fec6d9f72271b958	392	Gene3D	G3DSA:1.10.375.10	Human Immunodeficiency Virus Type 1 Capsid Protein	110	238	6.2E-70	T	13-08-2026	IPR008919	Retrovirus capsid, N-terminal	GO:0016032(InterPro)	Reactome:R-HSA-1169408|Reactome:R-HSA-162585|Reactome:R-HSA-162588|Reactome:R-HSA-162592|Reactome:R-HSA-162594|Reactome:R-HSA-164516|Reactome:R-HSA-164525|Reactome:R-HSA-164843|Reactome:R-HSA-173107|Reactome:R-HSA-174490|Reactome:R-HSA-174495|Reactome:R-HSA-175474|Reactome:R-HSA-175567|Reactome:R-HSA-177539|Reactome:R-HSA-180689|Reactome:R-HSA-180910
BLV	edc7058ce262e9e3fec6d9f72271b958	392	SUPERFAMILY	SSF47943	Retrovirus capsid protein, N-terminal core domain	109	243	7.26E-69	T	13-08-2026	IPR008919	Retrovirus capsid, N-terminal	GO:0016032(InterPro)	Reactome:R-HSA-1169408|Reactome:R-HSA-162585|Reactome:R-HSA-162588|Reactome:R-HSA-162592|Reactome:R-HSA-162594|Reactome:R-HSA-164516|Reactome:R-HSA-164525|Reactome:R-HSA-164843|Reactome:R-HSA-173107|Reactome:R-HSA-174490|Reactome:R-HSA-174495|Reactome:R-HSA-175474|Reactome:R-HSA-175567|Reactome:R-HSA-177539|Reactome:R-HSA-180689|Reactome:R-HSA-180910
BLV	edc7058ce262e9e3fec6d9f72271b958	392	Pfam	PF00098	Zinc knuckle	347	362	0.013	T	13-08-2026	IPR001878	Zinc finger, CCHC-type	GO:0003676(InterPro)|GO:0008270(InterPro)	Reactome:R-BTA-159231|Reactome:R-BTA-159236|Reactome:R-BTA-72163|Reactome:R-BTA-72165|Reactome:R-BTA-72203|Reactome:R-BTA-73856|Reactome:R-BTA-77595|Reactome:R-BTA-9770562|Reactome:R-CEL-159236|Reactome:R-CEL-72163|Reactome:R-CEL-73856|Reactome:R-DME-159231|Reactome:R-DME-159236|Reactome:R-DME-1834941|Reactome:R-DME-72163|Reactome:R-DME-72165|Reactome:R-DME-72203|Reactome:R-DME-73856|Reactome:R-DME-77595|Reactome:R-DME-8941326|Reactome:R-DME-9770562|Reactome:R-DME-9930044|Reactome:R-DRE-72165|Reactome:R-HSA-1169408|Reactome:R-HSA-159231|Reactome:R-HSA-159236|Reactome:R-HSA-162585|Reactome:R-HSA-162588|Reactome:R-HSA-162592|Reactome:R-HSA-162594|Reactome:R-HSA-164516|Reactome:R-HSA-164525|Reactome:R-HSA-164843|Reactome:R-HSA-168315|Reactome:R-HSA-173107|Reactome:R-HSA-174490|Reactome:R-HSA-174495|Reactome:R-HSA-175474|Reactome:R-HSA-175567|Reactome:R-HSA-177539|Reactome:R-HSA-180689|Reactome:R-HSA-180910|Reactome:R-HSA-429947|Reactome:R-HSA-452723|Reactome:R-HSA-6784531|Reactome:R-HSA-72163|Reactome:R-HSA-72165|Reactome:R-HSA-72187|Reactome:R-HSA-72203|Reactome:R-HSA-73856|Reactome:R-HSA-77595|Reactome:R-HSA-9013422|Reactome:R-HSA-9682706|Reactome:R-HSA-9694686|Reactome:R-HSA-9705671|Reactome:R-HSA-9770562|Reactome:R-HSA-9819196|Reactome:R-HSA-9820865|Reactome:R-HSA-983168|Reactome:R-HSA-9843970|Reactome:R-HSA-9918481|Reactome:R-HSA-9930044|Reactome:R-HSA-9931510|Reactome:R-MMU-159231|Reactome:R-MMU-159236|Reactome:R-MMU-72163|Reactome:R-MMU-72165|Reactome:R-MMU-72187|Reactome:R-MMU-72203|Reactome:R-MMU-73856|Reactome:R-MMU-77595|Reactome:R-MMU-9013422|Reactome:R-MMU-9770562|Reactome:R-MMU-983168|Reactome:R-MMU-9930044|Reactome:R-RNO-159231|Reactome:R-RNO-72165|Reactome:R-RNO-73856|Reactome:R-RNO-77595|Reactome:R-RNO-9770562|Reactome:R-SCE-983168|Reactome:R-SPO-9770562|Reactome:R-SPO-983168|Reactome:R-XTR-77595|Reactome:R-XTR-9770562
BLV	edc7058ce262e9e3fec6d9f72271b958	392	Pfam	PF19317	Gag protein p24 C-terminal domain	241	298	6.9E-14	T	13-08-2026	IPR045345	Retroviral nucleocapsid Gag protein p24, C-terminal domain	-	Reactome:R-HSA-1169408|Reactome:R-HSA-162585|Reactome:R-HSA-162588|Reactome:R-HSA-162592|Reactome:R-HSA-162594|Reactome:R-HSA-164516|Reactome:R-HSA-164525|Reactome:R-HSA-164843|Reactome:R-HSA-173107|Reactome:R-HSA-174490|Reactome:R-HSA-174495|Reactome:R-HSA-175474|Reactome:R-HSA-175567|Reactome:R-HSA-177539|Reactome:R-HSA-180689|Reactome:R-HSA-180910
BLV	edc7058ce262e9e3fec6d9f72271b958	392	SUPERFAMILY	SSF47353	Retrovirus capsid dimerization domain-like	241	317	2.2E-20	T	13-08-2026	-	-	-	-
BLV	edc7058ce262e9e3fec6d9f72271b958	392	ProSiteProfiles	PS50158	Zinc finger CCHC-type profile.	348	362	10.377962	T	13-08-2026	IPR001878	Zinc finger, CCHC-type	GO:0003676(InterPro)|GO:0008270(InterPro)	Reactome:R-BTA-159231|Reactome:R-BTA-159236|Reactome:R-BTA-72163|Reactome:R-BTA-72165|Reactome:R-BTA-72203|Reactome:R-BTA-73856|Reactome:R-BTA-77595|Reactome:R-BTA-9770562|Reactome:R-CEL-159236|Reactome:R-CEL-72163|Reactome:R-CEL-73856|Reactome:R-DME-159231|Reactome:R-DME-159236|Reactome:R-DME-1834941|Reactome:R-DME-72163|Reactome:R-DME-72165|Reactome:R-DME-72203|Reactome:R-DME-73856|Reactome:R-DME-77595|Reactome:R-DME-8941326|Reactome:R-DME-9770562|Reactome:R-DME-9930044|Reactome:R-DRE-72165|Reactome:R-HSA-1169408|Reactome:R-HSA-159231|Reactome:R-HSA-159236|Reactome:R-HSA-162585|Reactome:R-HSA-162588|Reactome:R-HSA-162592|Reactome:R-HSA-162594|Reactome:R-HSA-164516|Reactome:R-HSA-164525|Reactome:R-HSA-164843|Reactome:R-HSA-168315|Reactome:R-HSA-173107|Reactome:R-HSA-174490|Reactome:R-HSA-174495|Reactome:R-HSA-175474|Reactome:R-HSA-175567|Reactome:R-HSA-177539|Reactome:R-HSA-180689|Reactome:R-HSA-180910|Reactome:R-HSA-429947|Reactome:R-HSA-452723|Reactome:R-HSA-6784531|Reactome:R-HSA-72163|Reactome:R-HSA-72165|Reactome:R-HSA-72187|Reactome:R-HSA-72203|Reactome:R-HSA-73856|Reactome:R-HSA-77595|Reactome:R-HSA-9013422|Reactome:R-HSA-9682706|Reactome:R-HSA-9694686|Reactome:R-HSA-9705671|Reactome:R-HSA-9770562|Reactome:R-HSA-9819196|Reactome:R-HSA-9820865|Reactome:R-HSA-983168|Reactome:R-HSA-9843970|Reactome:R-HSA-9918481|Reactome:R-HSA-9930044|Reactome:R-HSA-9931510|Reactome:R-MMU-159231|Reactome:R-MMU-159236|Reactome:R-MMU-72163|Reactome:R-MMU-72165|Reactome:R-MMU-72187|Reactome:R-MMU-72203|Reactome:R-MMU-73856|Reactome:R-MMU-77595|Reactome:R-MMU-9013422|Reactome:R-MMU-9770562|Reactome:R-MMU-983168|Reactome:R-MMU-9930044|Reactome:R-RNO-159231|Reactome:R-RNO-72165|Reactome:R-RNO-73856|Reactome:R-RNO-77595|Reactome:R-RNO-9770562|Reactome:R-SCE-983168|Reactome:R-SPO-9770562|Reactome:R-SPO-983168|Reactome:R-XTR-77595|Reactome:R-XTR-9770562
BLV	edc7058ce262e9e3fec6d9f72271b958	392	SUPERFAMILY	SSF47836	Retroviral matrix proteins	1	124	1.13E-38	T	13-08-2026	IPR010999	Retroviral matrix protein	-	Reactome:R-HSA-1169408|Reactome:R-HSA-162585|Reactome:R-HSA-162588|Reactome:R-HSA-162592|Reactome:R-HSA-162594|Reactome:R-HSA-164516|Reactome:R-HSA-164525|Reactome:R-HSA-164843|Reactome:R-HSA-173107|Reactome:R-HSA-174490|Reactome:R-HSA-174495|Reactome:R-HSA-175474|Reactome:R-HSA-175567|Reactome:R-HSA-177539|Reactome:R-HSA-180689|Reactome:R-HSA-180910|Reactome:R-HSA-198933
BLV	edc7058ce262e9e3fec6d9f72271b958	392	FunFam	G3DSA:4.10.60.10:FF:000119	Gag polyprotein	329	370	1.4E-25	T	13-08-2026	-	-	-	-
BLV	edc7058ce262e9e3fec6d9f72271b958	392	FunFam	G3DSA:1.10.375.10:FF:000005	Gag-pro-pol polyprotein	110	238	9.4E-88	T	13-08-2026	-	-	-	-
HTLV-2	990a51412fb04135dea24d64221f8171	410	PANTHER	PTHR40389	ENDOGENOUS RETROVIRUS GROUP K MEMBER 24 GAG POLYPROTEIN-RELATED	221	406	2.0E-26	T	13-08-2026	IPR050195	Primate lentivirus group Gag polyprotein-like	-	Reactome:R-HSA-1169408|Reactome:R-HSA-162585|Reactome:R-HSA-162588|Reactome:R-HSA-162592|Reactome:R-HSA-162594|Reactome:R-HSA-164516|Reactome:R-HSA-164525|Reactome:R-HSA-164843|Reactome:R-HSA-173107|Reactome:R-HSA-174490|Reactome:R-HSA-174495|Reactome:R-HSA-175474|Reactome:R-HSA-175567|Reactome:R-HSA-177539|Reactome:R-HSA-180689|Reactome:R-HSA-180910
HTLV-2	990a51412fb04135dea24d64221f8171	410	SMART	SM00343	c2hcfinal6	362	378	1.0E-5	T	13-08-2026	IPR001878	Zinc finger, CCHC-type	GO:0003676(InterPro)|GO:0008270(InterPro)	Reactome:R-BTA-159231|Reactome:R-BTA-159236|Reactome:R-BTA-72163|Reactome:R-BTA-72165|Reactome:R-BTA-72203|Reactome:R-BTA-73856|Reactome:R-BTA-77595|Reactome:R-BTA-9770562|Reactome:R-CEL-159236|Reactome:R-CEL-72163|Reactome:R-CEL-73856|Reactome:R-DME-159231|Reactome:R-DME-159236|Reactome:R-DME-1834941|Reactome:R-DME-72163|Reactome:R-DME-72165|Reactome:R-DME-72203|Reactome:R-DME-73856|Reactome:R-DME-77595|Reactome:R-DME-8941326|Reactome:R-DME-9770562|Reactome:R-DME-9930044|Reactome:R-DRE-72165|Reactome:R-HSA-1169408|Reactome:R-HSA-159231|Reactome:R-HSA-159236|Reactome:R-HSA-162585|Reactome:R-HSA-162588|Reactome:R-HSA-162592|Reactome:R-HSA-162594|Reactome:R-HSA-164516|Reactome:R-HSA-164525|Reactome:R-HSA-164843|Reactome:R-HSA-168315|Reactome:R-HSA-173107|Reactome:R-HSA-174490|Reactome:R-HSA-174495|Reactome:R-HSA-175474|Reactome:R-HSA-175567|Reactome:R-HSA-177539|Reactome:R-HSA-180689|Reactome:R-HSA-180910|Reactome:R-HSA-429947|Reactome:R-HSA-452723|Reactome:R-HSA-6784531|Reactome:R-HSA-72163|Reactome:R-HSA-72165|Reactome:R-HSA-72187|Reactome:R-HSA-72203|Reactome:R-HSA-73856|Reactome:R-HSA-77595|Reactome:R-HSA-9013422|Reactome:R-HSA-9682706|Reactome:R-HSA-9694686|Reactome:R-HSA-9705671|Reactome:R-HSA-9770562|Reactome:R-HSA-9819196|Reactome:R-HSA-9820865|Reactome:R-HSA-983168|Reactome:R-HSA-9843970|Reactome:R-HSA-9918481|Reactome:R-HSA-9930044|Reactome:R-HSA-9931510|Reactome:R-MMU-159231|Reactome:R-MMU-159236|Reactome:R-MMU-72163|Reactome:R-MMU-72165|Reactome:R-MMU-72187|Reactome:R-MMU-72203|Reactome:R-MMU-73856|Reactome:R-MMU-77595|Reactome:R-MMU-9013422|Reactome:R-MMU-9770562|Reactome:R-MMU-983168|Reactome:R-MMU-9930044|Reactome:R-RNO-159231|Reactome:R-RNO-72165|Reactome:R-RNO-73856|Reactome:R-RNO-77595|Reactome:R-RNO-9770562|Reactome:R-SCE-983168|Reactome:R-SPO-9770562|Reactome:R-SPO-983168|Reactome:R-XTR-77595|Reactome:R-XTR-9770562
HTLV-2	990a51412fb04135dea24d64221f8171	410	SMART	SM00343	c2hcfinal6	385	401	0.01	T	13-08-2026	IPR001878	Zinc finger, CCHC-type	GO:0003676(InterPro)|GO:0008270(InterPro)	Reactome:R-BTA-159231|Reactome:R-BTA-159236|Reactome:R-BTA-72163|Reactome:R-BTA-72165|Reactome:R-BTA-72203|Reactome:R-BTA-73856|Reactome:R-BTA-77595|Reactome:R-BTA-9770562|Reactome:R-CEL-159236|Reactome:R-CEL-72163|Reactome:R-CEL-73856|Reactome:R-DME-159231|Reactome:R-DME-159236|Reactome:R-DME-1834941|Reactome:R-DME-72163|Reactome:R-DME-72165|Reactome:R-DME-72203|Reactome:R-DME-73856|Reactome:R-DME-77595|Reactome:R-DME-8941326|Reactome:R-DME-9770562|Reactome:R-DME-9930044|Reactome:R-DRE-72165|Reactome:R-HSA-1169408|Reactome:R-HSA-159231|Reactome:R-HSA-159236|Reactome:R-HSA-162585|Reactome:R-HSA-162588|Reactome:R-HSA-162592|Reactome:R-HSA-162594|Reactome:R-HSA-164516|Reactome:R-HSA-164525|Reactome:R-HSA-164843|Reactome:R-HSA-168315|Reactome:R-HSA-173107|Reactome:R-HSA-174490|Reactome:R-HSA-174495|Reactome:R-HSA-175474|Reactome:R-HSA-175567|Reactome:R-HSA-177539|Reactome:R-HSA-180689|Reactome:R-HSA-180910|Reactome:R-HSA-429947|Reactome:R-HSA-452723|Reactome:R-HSA-6784531|Reactome:R-HSA-72163|Reactome:R-HSA-72165|Reactome:R-HSA-72187|Reactome:R-HSA-72203|Reactome:R-HSA-73856|Reactome:R-HSA-77595|Reactome:R-HSA-9013422|Reactome:R-HSA-9682706|Reactome:R-HSA-9694686|Reactome:R-HSA-9705671|Reactome:R-HSA-9770562|Reactome:R-HSA-9819196|Reactome:R-HSA-9820865|Reactome:R-HSA-983168|Reactome:R-HSA-9843970|Reactome:R-HSA-9918481|Reactome:R-HSA-9930044|Reactome:R-HSA-9931510|Reactome:R-MMU-159231|Reactome:R-MMU-159236|Reactome:R-MMU-72163|Reactome:R-MMU-72165|Reactome:R-MMU-72187|Reactome:R-MMU-72203|Reactome:R-MMU-73856|Reactome:R-MMU-77595|Reactome:R-MMU-9013422|Reactome:R-MMU-9770562|Reactome:R-MMU-983168|Reactome:R-MMU-9930044|Reactome:R-RNO-159231|Reactome:R-RNO-72165|Reactome:R-RNO-73856|Reactome:R-RNO-77595|Reactome:R-RNO-9770562|Reactome:R-SCE-983168|Reactome:R-SPO-9770562|Reactome:R-SPO-983168|Reactome:R-XTR-77595|Reactome:R-XTR-9770562
HTLV-2	990a51412fb04135dea24d64221f8171	410	SUPERFAMILY	SSF47353	Retrovirus capsid dimerization domain-like	267	343	1.5E-21	T	13-08-2026	-	-	-	-
HTLV-2	990a51412fb04135dea24d64221f8171	410	MobiDBLite	mobidb-lite	consensus disorder prediction	97	122	-	T	13-08-2026	-	-	-	-
HTLV-2	990a51412fb04135dea24d64221f8171	410	MobiDBLite	mobidb-lite	consensus disorder prediction	95	122	-	T	13-08-2026	-	-	-	-
HTLV-2	990a51412fb04135dea24d64221f8171	410	ProSiteProfiles	PS50158	Zinc finger CCHC-type profile.	363	378	10.592238	T	13-08-2026	IPR001878	Zinc finger, CCHC-type	GO:0003676(InterPro)|GO:0008270(InterPro)	Reactome:R-BTA-159231|Reactome:R-BTA-159236|Reactome:R-BTA-72163|Reactome:R-BTA-72165|Reactome:R-BTA-72203|Reactome:R-BTA-73856|Reactome:R-BTA-77595|Reactome:R-BTA-9770562|Reactome:R-CEL-159236|Reactome:R-CEL-72163|Reactome:R-CEL-73856|Reactome:R-DME-159231|Reactome:R-DME-159236|Reactome:R-DME-1834941|Reactome:R-DME-72163|Reactome:R-DME-72165|Reactome:R-DME-72203|Reactome:R-DME-73856|Reactome:R-DME-77595|Reactome:R-DME-8941326|Reactome:R-DME-9770562|Reactome:R-DME-9930044|Reactome:R-DRE-72165|Reactome:R-HSA-1169408|Reactome:R-HSA-159231|Reactome:R-HSA-159236|Reactome:R-HSA-162585|Reactome:R-HSA-162588|Reactome:R-HSA-162592|Reactome:R-HSA-162594|Reactome:R-HSA-164516|Reactome:R-HSA-164525|Reactome:R-HSA-164843|Reactome:R-HSA-168315|Reactome:R-HSA-173107|Reactome:R-HSA-174490|Reactome:R-HSA-174495|Reactome:R-HSA-175474|Reactome:R-HSA-175567|Reactome:R-HSA-177539|Reactome:R-HSA-180689|Reactome:R-HSA-180910|Reactome:R-HSA-429947|Reactome:R-HSA-452723|Reactome:R-HSA-6784531|Reactome:R-HSA-72163|Reactome:R-HSA-72165|Reactome:R-HSA-72187|Reactome:R-HSA-72203|Reactome:R-HSA-73856|Reactome:R-HSA-77595|Reactome:R-HSA-9013422|Reactome:R-HSA-9682706|Reactome:R-HSA-9694686|Reactome:R-HSA-9705671|Reactome:R-HSA-9770562|Reactome:R-HSA-9819196|Reactome:R-HSA-9820865|Reactome:R-HSA-983168|Reactome:R-HSA-9843970|Reactome:R-HSA-9918481|Reactome:R-HSA-9930044|Reactome:R-HSA-9931510|Reactome:R-MMU-159231|Reactome:R-MMU-159236|Reactome:R-MMU-72163|Reactome:R-MMU-72165|Reactome:R-MMU-72187|Reactome:R-MMU-72203|Reactome:R-MMU-73856|Reactome:R-MMU-77595|Reactome:R-MMU-9013422|Reactome:R-MMU-9770562|Reactome:R-MMU-983168|Reactome:R-MMU-9930044|Reactome:R-RNO-159231|Reactome:R-RNO-72165|Reactome:R-RNO-73856|Reactome:R-RNO-77595|Reactome:R-RNO-9770562|Reactome:R-SCE-983168|Reactome:R-SPO-9770562|Reactome:R-SPO-983168|Reactome:R-XTR-77595|Reactome:R-XTR-9770562
HTLV-2	990a51412fb04135dea24d64221f8171	410	Pfam	PF02228	Major core protein p19	1	91	1.7E-43	T	13-08-2026	IPR003139	Delta-retroviral matrix protein	GO:0005198(InterPro)|GO:0019013(InterPro)	-
HTLV-2	990a51412fb04135dea24d64221f8171	410	Pfam	PF00098	Zinc knuckle	362	378	4.3E-4	T	13-08-2026	IPR001878	Zinc finger, CCHC-type	GO:0003676(InterPro)|GO:0008270(InterPro)	Reactome:R-BTA-159231|Reactome:R-BTA-159236|Reactome:R-BTA-72163|Reactome:R-BTA-72165|Reactome:R-BTA-72203|Reactome:R-BTA-73856|Reactome:R-BTA-77595|Reactome:R-BTA-9770562|Reactome:R-CEL-159236|Reactome:R-CEL-72163|Reactome:R-CEL-73856|Reactome:R-DME-159231|Reactome:R-DME-159236|Reactome:R-DME-1834941|Reactome:R-DME-72163|Reactome:R-DME-72165|Reactome:R-DME-72203|Reactome:R-DME-73856|Reactome:R-DME-77595|Reactome:R-DME-8941326|Reactome:R-DME-9770562|Reactome:R-DME-9930044|Reactome:R-DRE-72165|Reactome:R-HSA-1169408|Reactome:R-HSA-159231|Reactome:R-HSA-159236|Reactome:R-HSA-162585|Reactome:R-HSA-162588|Reactome:R-HSA-162592|Reactome:R-HSA-162594|Reactome:R-HSA-164516|Reactome:R-HSA-164525|Reactome:R-HSA-164843|Reactome:R-HSA-168315|Reactome:R-HSA-173107|Reactome:R-HSA-174490|Reactome:R-HSA-174495|Reactome:R-HSA-175474|Reactome:R-HSA-175567|Reactome:R-HSA-177539|Reactome:R-HSA-180689|Reactome:R-HSA-180910|Reactome:R-HSA-429947|Reactome:R-HSA-452723|Reactome:R-HSA-6784531|Reactome:R-HSA-72163|Reactome:R-HSA-72165|Reactome:R-HSA-72187|Reactome:R-HSA-72203|Reactome:R-HSA-73856|Reactome:R-HSA-77595|Reactome:R-HSA-9013422|Reactome:R-HSA-9682706|Reactome:R-HSA-9694686|Reactome:R-HSA-9705671|Reactome:R-HSA-9770562|Reactome:R-HSA-9819196|Reactome:R-HSA-9820865|Reactome:R-HSA-983168|Reactome:R-HSA-9843970|Reactome:R-HSA-9918481|Reactome:R-HSA-9930044|Reactome:R-HSA-9931510|Reactome:R-MMU-159231|Reactome:R-MMU-159236|Reactome:R-MMU-72163|Reactome:R-MMU-72165|Reactome:R-MMU-72187|Reactome:R-MMU-72203|Reactome:R-MMU-73856|Reactome:R-MMU-77595|Reactome:R-MMU-9013422|Reactome:R-MMU-9770562|Reactome:R-MMU-983168|Reactome:R-MMU-9930044|Reactome:R-RNO-159231|Reactome:R-RNO-72165|Reactome:R-RNO-73856|Reactome:R-RNO-77595|Reactome:R-RNO-9770562|Reactome:R-SCE-983168|Reactome:R-SPO-9770562|Reactome:R-SPO-983168|Reactome:R-XTR-77595|Reactome:R-XTR-9770562
HTLV-2	990a51412fb04135dea24d64221f8171	410	Gene3D	G3DSA:4.10.60.10	-	359	410	3.3E-13	T	13-08-2026	-	-	-	-
HTLV-2	990a51412fb04135dea24d64221f8171	410	Pfam	PF19317	Gag protein p24 C-terminal domain	264	336	2.0E-22	T	13-08-2026	IPR045345	Retroviral nucleocapsid Gag protein p24, C-terminal domain	-	Reactome:R-HSA-1169408|Reactome:R-HSA-162585|Reactome:R-HSA-162588|Reactome:R-HSA-162592|Reactome:R-HSA-162594|Reactome:R-HSA-164516|Reactome:R-HSA-164525|Reactome:R-HSA-164843|Reactome:R-HSA-173107|Reactome:R-HSA-174490|Reactome:R-HSA-174495|Reactome:R-HSA-175474|Reactome:R-HSA-175567|Reactome:R-HSA-177539|Reactome:R-HSA-180689|Reactome:R-HSA-180910
HTLV-2	990a51412fb04135dea24d64221f8171	410	SUPERFAMILY	SSF47943	Retrovirus capsid protein, N-terminal core domain	137	266	5.76E-70	T	13-08-2026	IPR008919	Retrovirus capsid, N-terminal	GO:0016032(InterPro)	Reactome:R-HSA-1169408|Reactome:R-HSA-162585|Reactome:R-HSA-162588|Reactome:R-HSA-162592|Reactome:R-HSA-162594|Reactome:R-HSA-164516|Reactome:R-HSA-164525|Reactome:R-HSA-164843|Reactome:R-HSA-173107|Reactome:R-HSA-174490|Reactome:R-HSA-174495|Reactome:R-HSA-175474|Reactome:R-HSA-175567|Reactome:R-HSA-177539|Reactome:R-HSA-180689|Reactome:R-HSA-180910
HTLV-2	990a51412fb04135dea24d64221f8171	410	SUPERFAMILY	SSF47836	Retroviral matrix proteins	1	135	1.53E-62	T	13-08-2026	IPR010999	Retroviral matrix protein	-	Reactome:R-HSA-1169408|Reactome:R-HSA-162585|Reactome:R-HSA-162588|Reactome:R-HSA-162592|Reactome:R-HSA-162594|Reactome:R-HSA-164516|Reactome:R-HSA-164525|Reactome:R-HSA-164843|Reactome:R-HSA-173107|Reactome:R-HSA-174490|Reactome:R-HSA-174495|Reactome:R-HSA-175474|Reactome:R-HSA-175567|Reactome:R-HSA-177539|Reactome:R-HSA-180689|Reactome:R-HSA-180910|Reactome:R-HSA-198933
HTLV-2	990a51412fb04135dea24d64221f8171	410	Gene3D	G3DSA:1.10.375.10	Human Immunodeficiency Virus Type 1 Capsid Protein	137	268	2.0E-76	T	13-08-2026	IPR008919	Retrovirus capsid, N-terminal	GO:0016032(InterPro)	Reactome:R-HSA-1169408|Reactome:R-HSA-162585|Reactome:R-HSA-162588|Reactome:R-HSA-162592|Reactome:R-HSA-162594|Reactome:R-HSA-164516|Reactome:R-HSA-164525|Reactome:R-HSA-164843|Reactome:R-HSA-173107|Reactome:R-HSA-174490|Reactome:R-HSA-174495|Reactome:R-HSA-175474|Reactome:R-HSA-175567|Reactome:R-HSA-177539|Reactome:R-HSA-180689|Reactome:R-HSA-180910
HTLV-2	990a51412fb04135dea24d64221f8171	410	Gene3D	G3DSA:1.10.1200.30	-	269	350	5.8E-25	T	13-08-2026	IPR008916	Retrovirus capsid, C-terminal	-	Reactome:R-HSA-1169408|Reactome:R-HSA-162585|Reactome:R-HSA-162588|Reactome:R-HSA-162592|Reactome:R-HSA-162594|Reactome:R-HSA-164516|Reactome:R-HSA-164525|Reactome:R-HSA-164843|Reactome:R-HSA-173107|Reactome:R-HSA-174490|Reactome:R-HSA-174495|Reactome:R-HSA-175474|Reactome:R-HSA-175567|Reactome:R-HSA-177539|Reactome:R-HSA-180689|Reactome:R-HSA-180910
HTLV-2	990a51412fb04135dea24d64221f8171	410	Pfam	PF00607	gag protein p24 N-terminal domain	148	263	1.5E-9	T	13-08-2026	-	-	-	-
HTLV-2	990a51412fb04135dea24d64221f8171	410	SUPERFAMILY	SSF57756	Retrovirus zinc finger-like domains	353	402	1.29E-13	T	13-08-2026	IPR036875	Zinc finger, CCHC-type superfamily	GO:0003676(InterPro)|GO:0008270(InterPro)	Reactome:R-BTA-159231|Reactome:R-BTA-159236|Reactome:R-BTA-72163|Reactome:R-BTA-72165|Reactome:R-BTA-72203|Reactome:R-BTA-73856|Reactome:R-BTA-77595|Reactome:R-BTA-9770562|Reactome:R-CEL-159236|Reactome:R-CEL-72163|Reactome:R-CEL-73856|Reactome:R-DME-159231|Reactome:R-DME-159236|Reactome:R-DME-1834941|Reactome:R-DME-72163|Reactome:R-DME-72165|Reactome:R-DME-72203|Reactome:R-DME-73856|Reactome:R-DME-77595|Reactome:R-DME-9770562|Reactome:R-DRE-72165|Reactome:R-HSA-1169408|Reactome:R-HSA-159231|Reactome:R-HSA-159236|Reactome:R-HSA-162585|Reactome:R-HSA-162588|Reactome:R-HSA-162592|Reactome:R-HSA-162594|Reactome:R-HSA-164516|Reactome:R-HSA-164525|Reactome:R-HSA-164843|Reactome:R-HSA-168315|Reactome:R-HSA-173107|Reactome:R-HSA-174490|Reactome:R-HSA-174495|Reactome:R-HSA-175474|Reactome:R-HSA-175567|Reactome:R-HSA-177539|Reactome:R-HSA-180689|Reactome:R-HSA-180910|Reactome:R-HSA-429947|Reactome:R-HSA-452723|Reactome:R-HSA-6784531|Reactome:R-HSA-72163|Reactome:R-HSA-72165|Reactome:R-HSA-72187|Reactome:R-HSA-72203|Reactome:R-HSA-73856|Reactome:R-HSA-77595|Reactome:R-HSA-9013422|Reactome:R-HSA-9682706|Reactome:R-HSA-9694686|Reactome:R-HSA-9705671|Reactome:R-HSA-9770562|Reactome:R-HSA-9819196|Reactome:R-HSA-9820865|Reactome:R-HSA-983168|Reactome:R-HSA-9918481|Reactome:R-HSA-9930044|Reactome:R-MMU-159231|Reactome:R-MMU-159236|Reactome:R-MMU-72163|Reactome:R-MMU-72165|Reactome:R-MMU-72187|Reactome:R-MMU-72203|Reactome:R-MMU-73856|Reactome:R-MMU-77595|Reactome:R-MMU-9013422|Reactome:R-MMU-9770562|Reactome:R-MMU-983168|Reactome:R-RNO-159231|Reactome:R-RNO-72165|Reactome:R-RNO-73856|Reactome:R-RNO-77595|Reactome:R-RNO-9770562|Reactome:R-SCE-983168|Reactome:R-SPO-9770562|Reactome:R-SPO-983168|Reactome:R-XTR-77595|Reactome:R-XTR-9770562
HTLV-2	990a51412fb04135dea24d64221f8171	410	Gene3D	G3DSA:1.10.185.10	-	1	136	5.1E-71	T	13-08-2026	-	-	-	-
Tor2	5a0ec982e1273700261085c5c8b4d06f	376	MobiDBLite	mobidb-lite	consensus disorder prediction	292	303	-	T	13-08-2026	-	-	-	-
Tor2	5a0ec982e1273700261085c5c8b4d06f	376	MobiDBLite	mobidb-lite	consensus disorder prediction	279	303	-	T	13-08-2026	-	-	-	-
Tor2	5a0ec982e1273700261085c5c8b4d06f	376	MobiDBLite	mobidb-lite	consensus disorder prediction	43	63	-	T	13-08-2026	-	-	-	-
Amn-ni	1877f4d11a82e9ab905e830a3dd1199e	330	PANTHER	PTHR15503	LDOC1 RELATED	36	318	1.4E-33	T	13-08-2026	IPR032567	RTL1-related	-	-
Amn-ni	1877f4d11a82e9ab905e830a3dd1199e	330	Pfam	PF30901	PEG10/RTL1, C-terminal capsid-like domain	173	247	2.9E-25	T	13-08-2026	IPR063300	PEG10/RTL1, C-terminal capsid-like domain	-	-
Amn-ni	1877f4d11a82e9ab905e830a3dd1199e	330	SUPERFAMILY	SSF57756	Retrovirus zinc finger-like domains	284	321	3.14E-5	T	13-08-2026	IPR036875	Zinc finger, CCHC-type superfamily	GO:0003676(InterPro)|GO:0008270(InterPro)	Reactome:R-BTA-159231|Reactome:R-BTA-159236|Reactome:R-BTA-72163|Reactome:R-BTA-72165|Reactome:R-BTA-72203|Reactome:R-BTA-73856|Reactome:R-BTA-77595|Reactome:R-BTA-9770562|Reactome:R-CEL-159236|Reactome:R-CEL-72163|Reactome:R-CEL-73856|Reactome:R-DME-159231|Reactome:R-DME-159236|Reactome:R-DME-1834941|Reactome:R-DME-72163|Reactome:R-DME-72165|Reactome:R-DME-72203|Reactome:R-DME-73856|Reactome:R-DME-77595|Reactome:R-DME-9770562|Reactome:R-DRE-72165|Reactome:R-HSA-1169408|Reactome:R-HSA-159231|Reactome:R-HSA-159236|Reactome:R-HSA-162585|Reactome:R-HSA-162588|Reactome:R-HSA-162592|Reactome:R-HSA-162594|Reactome:R-HSA-164516|Reactome:R-HSA-164525|Reactome:R-HSA-164843|Reactome:R-HSA-168315|Reactome:R-HSA-173107|Reactome:R-HSA-174490|Reactome:R-HSA-174495|Reactome:R-HSA-175474|Reactome:R-HSA-175567|Reactome:R-HSA-177539|Reactome:R-HSA-180689|Reactome:R-HSA-180910|Reactome:R-HSA-429947|Reactome:R-HSA-452723|Reactome:R-HSA-6784531|Reactome:R-HSA-72163|Reactome:R-HSA-72165|Reactome:R-HSA-72187|Reactome:R-HSA-72203|Reactome:R-HSA-73856|Reactome:R-HSA-77595|Reactome:R-HSA-9013422|Reactome:R-HSA-9682706|Reactome:R-HSA-9694686|Reactome:R-HSA-9705671|Reactome:R-HSA-9770562|Reactome:R-HSA-9819196|Reactome:R-HSA-9820865|Reactome:R-HSA-983168|Reactome:R-HSA-9918481|Reactome:R-HSA-9930044|Reactome:R-MMU-159231|Reactome:R-MMU-159236|Reactome:R-MMU-72163|Reactome:R-MMU-72165|Reactome:R-MMU-72187|Reactome:R-MMU-72203|Reactome:R-MMU-73856|Reactome:R-MMU-77595|Reactome:R-MMU-9013422|Reactome:R-MMU-9770562|Reactome:R-MMU-983168|Reactome:R-RNO-159231|Reactome:R-RNO-72165|Reactome:R-RNO-73856|Reactome:R-RNO-77595|Reactome:R-RNO-9770562|Reactome:R-SCE-983168|Reactome:R-SPO-9770562|Reactome:R-SPO-983168|Reactome:R-XTR-77595|Reactome:R-XTR-9770562
Amn-ni	1877f4d11a82e9ab905e830a3dd1199e	330	MobiDBLite	mobidb-lite	consensus disorder prediction	259	284	-	T	13-08-2026	-	-	-	-
Amn-ni	1877f4d11a82e9ab905e830a3dd1199e	330	MobiDBLite	mobidb-lite	consensus disorder prediction	259	269	-	T	13-08-2026	-	-	-	-
Amn-ni	1877f4d11a82e9ab905e830a3dd1199e	330	Pfam	PF16297	RTL1/3-8/LDOC, capsid-like domain	84	165	9.6E-7	T	13-08-2026	IPR032549	RTL1/3-8/LDOC, capsid-like domain	-	-
Mag	bbaca261d3bbfce022f21f3abb432de7	314	Coils	Coil	Coil	109	129	-	T	13-08-2026	-	-	-	-
Mag	bbaca261d3bbfce022f21f3abb432de7	314	SMART	SM00343	c2hcfinal6	220	236	0.011	T	13-08-2026	IPR001878	Zinc finger, CCHC-type	GO:0003676(InterPro)|GO:0008270(InterPro)	Reactome:R-BTA-159231|Reactome:R-BTA-159236|Reactome:R-BTA-72163|Reactome:R-BTA-72165|Reactome:R-BTA-72203|Reactome:R-BTA-73856|Reactome:R-BTA-77595|Reactome:R-BTA-9770562|Reactome:R-CEL-159236|Reactome:R-CEL-72163|Reactome:R-CEL-73856|Reactome:R-DME-159231|Reactome:R-DME-159236|Reactome:R-DME-1834941|Reactome:R-DME-72163|Reactome:R-DME-72165|Reactome:R-DME-72203|Reactome:R-DME-73856|Reactome:R-DME-77595|Reactome:R-DME-8941326|Reactome:R-DME-9770562|Reactome:R-DME-9930044|Reactome:R-DRE-72165|Reactome:R-HSA-1169408|Reactome:R-HSA-159231|Reactome:R-HSA-159236|Reactome:R-HSA-162585|Reactome:R-HSA-162588|Reactome:R-HSA-162592|Reactome:R-HSA-162594|Reactome:R-HSA-164516|Reactome:R-HSA-164525|Reactome:R-HSA-164843|Reactome:R-HSA-168315|Reactome:R-HSA-173107|Reactome:R-HSA-174490|Reactome:R-HSA-174495|Reactome:R-HSA-175474|Reactome:R-HSA-175567|Reactome:R-HSA-177539|Reactome:R-HSA-180689|Reactome:R-HSA-180910|Reactome:R-HSA-429947|Reactome:R-HSA-452723|Reactome:R-HSA-6784531|Reactome:R-HSA-72163|Reactome:R-HSA-72165|Reactome:R-HSA-72187|Reactome:R-HSA-72203|Reactome:R-HSA-73856|Reactome:R-HSA-77595|Reactome:R-HSA-9013422|Reactome:R-HSA-9682706|Reactome:R-HSA-9694686|Reactome:R-HSA-9705671|Reactome:R-HSA-9770562|Reactome:R-HSA-9819196|Reactome:R-HSA-9820865|Reactome:R-HSA-983168|Reactome:R-HSA-9843970|Reactome:R-HSA-9918481|Reactome:R-HSA-9930044|Reactome:R-HSA-9931510|Reactome:R-MMU-159231|Reactome:R-MMU-159236|Reactome:R-MMU-72163|Reactome:R-MMU-72165|Reactome:R-MMU-72187|Reactome:R-MMU-72203|Reactome:R-MMU-73856|Reactome:R-MMU-77595|Reactome:R-MMU-9013422|Reactome:R-MMU-9770562|Reactome:R-MMU-983168|Reactome:R-MMU-9930044|Reactome:R-RNO-159231|Reactome:R-RNO-72165|Reactome:R-RNO-73856|Reactome:R-RNO-77595|Reactome:R-RNO-9770562|Reactome:R-SCE-983168|Reactome:R-SPO-9770562|Reactome:R-SPO-983168|Reactome:R-XTR-77595|Reactome:R-XTR-9770562
Mag	bbaca261d3bbfce022f21f3abb432de7	314	SMART	SM00343	c2hcfinal6	200	216	0.21	T	13-08-2026	IPR001878	Zinc finger, CCHC-type	GO:0003676(InterPro)|GO:0008270(InterPro)	Reactome:R-BTA-159231|Reactome:R-BTA-159236|Reactome:R-BTA-72163|Reactome:R-BTA-72165|Reactome:R-BTA-72203|Reactome:R-BTA-73856|Reactome:R-BTA-77595|Reactome:R-BTA-9770562|Reactome:R-CEL-159236|Reactome:R-CEL-72163|Reactome:R-CEL-73856|Reactome:R-DME-159231|Reactome:R-DME-159236|Reactome:R-DME-1834941|Reactome:R-DME-72163|Reactome:R-DME-72165|Reactome:R-DME-72203|Reactome:R-DME-73856|Reactome:R-DME-77595|Reactome:R-DME-8941326|Reactome:R-DME-9770562|Reactome:R-DME-9930044|Reactome:R-DRE-72165|Reactome:R-HSA-1169408|Reactome:R-HSA-159231|Reactome:R-HSA-159236|Reactome:R-HSA-162585|Reactome:R-HSA-162588|Reactome:R-HSA-162592|Reactome:R-HSA-162594|Reactome:R-HSA-164516|Reactome:R-HSA-164525|Reactome:R-HSA-164843|Reactome:R-HSA-168315|Reactome:R-HSA-173107|Reactome:R-HSA-174490|Reactome:R-HSA-174495|Reactome:R-HSA-175474|Reactome:R-HSA-175567|Reactome:R-HSA-177539|Reactome:R-HSA-180689|Reactome:R-HSA-180910|Reactome:R-HSA-429947|Reactome:R-HSA-452723|Reactome:R-HSA-6784531|Reactome:R-HSA-72163|Reactome:R-HSA-72165|Reactome:R-HSA-72187|Reactome:R-HSA-72203|Reactome:R-HSA-73856|Reactome:R-HSA-77595|Reactome:R-HSA-9013422|Reactome:R-HSA-9682706|Reactome:R-HSA-9694686|Reactome:R-HSA-9705671|Reactome:R-HSA-9770562|Reactome:R-HSA-9819196|Reactome:R-HSA-9820865|Reactome:R-HSA-983168|Reactome:R-HSA-9843970|Reactome:R-HSA-9918481|Reactome:R-HSA-9930044|Reactome:R-HSA-9931510|Reactome:R-MMU-159231|Reactome:R-MMU-159236|Reactome:R-MMU-72163|Reactome:R-MMU-72165|Reactome:R-MMU-72187|Reactome:R-MMU-72203|Reactome:R-MMU-73856|Reactome:R-MMU-77595|Reactome:R-MMU-9013422|Reactome:R-MMU-9770562|Reactome:R-MMU-983168|Reactome:R-MMU-9930044|Reactome:R-RNO-159231|Reactome:R-RNO-72165|Reactome:R-RNO-73856|Reactome:R-RNO-77595|Reactome:R-RNO-9770562|Reactome:R-SCE-983168|Reactome:R-SPO-9770562|Reactome:R-SPO-983168|Reactome:R-XTR-77595|Reactome:R-XTR-9770562
Mag	bbaca261d3bbfce022f21f3abb432de7	314	MobiDBLite	mobidb-lite	consensus disorder prediction	242	273	-	T	13-08-2026	-	-	-	-
Mag	bbaca261d3bbfce022f21f3abb432de7	314	SUPERFAMILY	SSF57756	Retrovirus zinc finger-like domains	196	238	2.3E-6	T	13-08-2026	IPR036875	Zinc finger, CCHC-type superfamily	GO:0003676(InterPro)|GO:0008270(InterPro)	Reactome:R-BTA-159231|Reactome:R-BTA-159236|Reactome:R-BTA-72163|Reactome:R-BTA-72165|Reactome:R-BTA-72203|Reactome:R-BTA-73856|Reactome:R-BTA-77595|Reactome:R-BTA-9770562|Reactome:R-CEL-159236|Reactome:R-CEL-72163|Reactome:R-CEL-73856|Reactome:R-DME-159231|Reactome:R-DME-159236|Reactome:R-DME-1834941|Reactome:R-DME-72163|Reactome:R-DME-72165|Reactome:R-DME-72203|Reactome:R-DME-73856|Reactome:R-DME-77595|Reactome:R-DME-9770562|Reactome:R-DRE-72165|Reactome:R-HSA-1169408|Reactome:R-HSA-159231|Reactome:R-HSA-159236|Reactome:R-HSA-162585|Reactome:R-HSA-162588|Reactome:R-HSA-162592|Reactome:R-HSA-162594|Reactome:R-HSA-164516|Reactome:R-HSA-164525|Reactome:R-HSA-164843|Reactome:R-HSA-168315|Reactome:R-HSA-173107|Reactome:R-HSA-174490|Reactome:R-HSA-174495|Reactome:R-HSA-175474|Reactome:R-HSA-175567|Reactome:R-HSA-177539|Reactome:R-HSA-180689|Reactome:R-HSA-180910|Reactome:R-HSA-429947|Reactome:R-HSA-452723|Reactome:R-HSA-6784531|Reactome:R-HSA-72163|Reactome:R-HSA-72165|Reactome:R-HSA-72187|Reactome:R-HSA-72203|Reactome:R-HSA-73856|Reactome:R-HSA-77595|Reactome:R-HSA-9013422|Reactome:R-HSA-9682706|Reactome:R-HSA-9694686|Reactome:R-HSA-9705671|Reactome:R-HSA-9770562|Reactome:R-HSA-9819196|Reactome:R-HSA-9820865|Reactome:R-HSA-983168|Reactome:R-HSA-9918481|Reactome:R-HSA-9930044|Reactome:R-MMU-159231|Reactome:R-MMU-159236|Reactome:R-MMU-72163|Reactome:R-MMU-72165|Reactome:R-MMU-72187|Reactome:R-MMU-72203|Reactome:R-MMU-73856|Reactome:R-MMU-77595|Reactome:R-MMU-9013422|Reactome:R-MMU-9770562|Reactome:R-MMU-983168|Reactome:R-RNO-159231|Reactome:R-RNO-72165|Reactome:R-RNO-73856|Reactome:R-RNO-77595|Reactome:R-RNO-9770562|Reactome:R-SCE-983168|Reactome:R-SPO-9770562|Reactome:R-SPO-983168|Reactome:R-XTR-77595|Reactome:R-XTR-9770562
Mag	bbaca261d3bbfce022f21f3abb432de7	314	Gene3D	G3DSA:4.10.60.10	-	180	244	4.1E-8	T	13-08-2026	-	-	-	-
Mag	bbaca261d3bbfce022f21f3abb432de7	314	ProSiteProfiles	PS50158	Zinc finger CCHC-type profile.	221	236	8.531888	T	13-08-2026	IPR001878	Zinc finger, CCHC-type	GO:0003676(InterPro)|GO:0008270(InterPro)	Reactome:R-BTA-159231|Reactome:R-BTA-159236|Reactome:R-BTA-72163|Reactome:R-BTA-72165|Reactome:R-BTA-72203|Reactome:R-BTA-73856|Reactome:R-BTA-77595|Reactome:R-BTA-9770562|Reactome:R-CEL-159236|Reactome:R-CEL-72163|Reactome:R-CEL-73856|Reactome:R-DME-159231|Reactome:R-DME-159236|Reactome:R-DME-1834941|Reactome:R-DME-72163|Reactome:R-DME-72165|Reactome:R-DME-72203|Reactome:R-DME-73856|Reactome:R-DME-77595|Reactome:R-DME-8941326|Reactome:R-DME-9770562|Reactome:R-DME-9930044|Reactome:R-DRE-72165|Reactome:R-HSA-1169408|Reactome:R-HSA-159231|Reactome:R-HSA-159236|Reactome:R-HSA-162585|Reactome:R-HSA-162588|Reactome:R-HSA-162592|Reactome:R-HSA-162594|Reactome:R-HSA-164516|Reactome:R-HSA-164525|Reactome:R-HSA-164843|Reactome:R-HSA-168315|Reactome:R-HSA-173107|Reactome:R-HSA-174490|Reactome:R-HSA-174495|Reactome:R-HSA-175474|Reactome:R-HSA-175567|Reactome:R-HSA-177539|Reactome:R-HSA-180689|Reactome:R-HSA-180910|Reactome:R-HSA-429947|Reactome:R-HSA-452723|Reactome:R-HSA-6784531|Reactome:R-HSA-72163|Reactome:R-HSA-72165|Reactome:R-HSA-72187|Reactome:R-HSA-72203|Reactome:R-HSA-73856|Reactome:R-HSA-77595|Reactome:R-HSA-9013422|Reactome:R-HSA-9682706|Reactome:R-HSA-9694686|Reactome:R-HSA-9705671|Reactome:R-HSA-9770562|Reactome:R-HSA-9819196|Reactome:R-HSA-9820865|Reactome:R-HSA-983168|Reactome:R-HSA-9843970|Reactome:R-HSA-9918481|Reactome:R-HSA-9930044|Reactome:R-HSA-9931510|Reactome:R-MMU-159231|Reactome:R-MMU-159236|Reactome:R-MMU-72163|Reactome:R-MMU-72165|Reactome:R-MMU-72187|Reactome:R-MMU-72203|Reactome:R-MMU-73856|Reactome:R-MMU-77595|Reactome:R-MMU-9013422|Reactome:R-MMU-9770562|Reactome:R-MMU-983168|Reactome:R-MMU-9930044|Reactome:R-RNO-159231|Reactome:R-RNO-72165|Reactome:R-RNO-73856|Reactome:R-RNO-77595|Reactome:R-RNO-9770562|Reactome:R-SCE-983168|Reactome:R-SPO-9770562|Reactome:R-SPO-983168|Reactome:R-XTR-77595|Reactome:R-XTR-9770562
Mag	bbaca261d3bbfce022f21f3abb432de7	314	PANTHER	PTHR37984	PROTEIN CBG26694	63	285	1.6E-20	T	13-08-2026	-	-	-	-
FIV	3155b2cf434d37d58877bfed82944c9f	422	Gene3D	G3DSA:1.10.375.10	Human Immunodeficiency Virus Type 1 Capsid Protein	136	277	6.3E-30	T	13-08-2026	IPR008919	Retrovirus capsid, N-terminal	GO:0016032(InterPro)	Reactome:R-HSA-1169408|Reactome:R-HSA-162585|Reactome:R-HSA-162588|Reactome:R-HSA-162592|Reactome:R-HSA-162594|Reactome:R-HSA-164516|Reactome:R-HSA-164525|Reactome:R-HSA-164843|Reactome:R-HSA-173107|Reactome:R-HSA-174490|Reactome:R-HSA-174495|Reactome:R-HSA-175474|Reactome:R-HSA-175567|Reactome:R-HSA-177539|Reactome:R-HSA-180689|Reactome:R-HSA-180910
FIV	3155b2cf434d37d58877bfed82944c9f	422	SUPERFAMILY	SSF47353	Retrovirus capsid dimerization domain-like	277	356	8.24E-22	T	13-08-2026	-	-	-	-
FIV	3155b2cf434d37d58877bfed82944c9f	422	SMART	SM00343	c2hcfinal6	376	392	3.3E-5	T	13-08-2026	IPR001878	Zinc finger, CCHC-type	GO:0003676(InterPro)|GO:0008270(InterPro)	Reactome:R-BTA-159231|Reactome:R-BTA-159236|Reactome:R-BTA-72163|Reactome:R-BTA-72165|Reactome:R-BTA-72203|Reactome:R-BTA-73856|Reactome:R-BTA-77595|Reactome:R-BTA-9770562|Reactome:R-CEL-159236|Reactome:R-CEL-72163|Reactome:R-CEL-73856|Reactome:R-DME-159231|Reactome:R-DME-159236|Reactome:R-DME-1834941|Reactome:R-DME-72163|Reactome:R-DME-72165|Reactome:R-DME-72203|Reactome:R-DME-73856|Reactome:R-DME-77595|Reactome:R-DME-8941326|Reactome:R-DME-9770562|Reactome:R-DME-9930044|Reactome:R-DRE-72165|Reactome:R-HSA-1169408|Reactome:R-HSA-159231|Reactome:R-HSA-159236|Reactome:R-HSA-162585|Reactome:R-HSA-162588|Reactome:R-HSA-162592|Reactome:R-HSA-162594|Reactome:R-HSA-164516|Reactome:R-HSA-164525|Reactome:R-HSA-164843|Reactome:R-HSA-168315|Reactome:R-HSA-173107|Reactome:R-HSA-174490|Reactome:R-HSA-174495|Reactome:R-HSA-175474|Reactome:R-HSA-175567|Reactome:R-HSA-177539|Reactome:R-HSA-180689|Reactome:R-HSA-180910|Reactome:R-HSA-429947|Reactome:R-HSA-452723|Reactome:R-HSA-6784531|Reactome:R-HSA-72163|Reactome:R-HSA-72165|Reactome:R-HSA-72187|Reactome:R-HSA-72203|Reactome:R-HSA-73856|Reactome:R-HSA-77595|Reactome:R-HSA-9013422|Reactome:R-HSA-9682706|Reactome:R-HSA-9694686|Reactome:R-HSA-9705671|Reactome:R-HSA-9770562|Reactome:R-HSA-9819196|Reactome:R-HSA-9820865|Reactome:R-HSA-983168|Reactome:R-HSA-9843970|Reactome:R-HSA-9918481|Reactome:R-HSA-9930044|Reactome:R-HSA-9931510|Reactome:R-MMU-159231|Reactome:R-MMU-159236|Reactome:R-MMU-72163|Reactome:R-MMU-72165|Reactome:R-MMU-72187|Reactome:R-MMU-72203|Reactome:R-MMU-73856|Reactome:R-MMU-77595|Reactome:R-MMU-9013422|Reactome:R-MMU-9770562|Reactome:R-MMU-983168|Reactome:R-MMU-9930044|Reactome:R-RNO-159231|Reactome:R-RNO-72165|Reactome:R-RNO-73856|Reactome:R-RNO-77595|Reactome:R-RNO-9770562|Reactome:R-SCE-983168|Reactome:R-SPO-9770562|Reactome:R-SPO-983168|Reactome:R-XTR-77595|Reactome:R-XTR-9770562
FIV	3155b2cf434d37d58877bfed82944c9f	422	SMART	SM00343	c2hcfinal6	395	411	0.0029	T	13-08-2026	IPR001878	Zinc finger, CCHC-type	GO:0003676(InterPro)|GO:0008270(InterPro)	Reactome:R-BTA-159231|Reactome:R-BTA-159236|Reactome:R-BTA-72163|Reactome:R-BTA-72165|Reactome:R-BTA-72203|Reactome:R-BTA-73856|Reactome:R-BTA-77595|Reactome:R-BTA-9770562|Reactome:R-CEL-159236|Reactome:R-CEL-72163|Reactome:R-CEL-73856|Reactome:R-DME-159231|Reactome:R-DME-159236|Reactome:R-DME-1834941|Reactome:R-DME-72163|Reactome:R-DME-72165|Reactome:R-DME-72203|Reactome:R-DME-73856|Reactome:R-DME-77595|Reactome:R-DME-8941326|Reactome:R-DME-9770562|Reactome:R-DME-9930044|Reactome:R-DRE-72165|Reactome:R-HSA-1169408|Reactome:R-HSA-159231|Reactome:R-HSA-159236|Reactome:R-HSA-162585|Reactome:R-HSA-162588|Reactome:R-HSA-162592|Reactome:R-HSA-162594|Reactome:R-HSA-164516|Reactome:R-HSA-164525|Reactome:R-HSA-164843|Reactome:R-HSA-168315|Reactome:R-HSA-173107|Reactome:R-HSA-174490|Reactome:R-HSA-174495|Reactome:R-HSA-175474|Reactome:R-HSA-175567|Reactome:R-HSA-177539|Reactome:R-HSA-180689|Reactome:R-HSA-180910|Reactome:R-HSA-429947|Reactome:R-HSA-452723|Reactome:R-HSA-6784531|Reactome:R-HSA-72163|Reactome:R-HSA-72165|Reactome:R-HSA-72187|Reactome:R-HSA-72203|Reactome:R-HSA-73856|Reactome:R-HSA-77595|Reactome:R-HSA-9013422|Reactome:R-HSA-9682706|Reactome:R-HSA-9694686|Reactome:R-HSA-9705671|Reactome:R-HSA-9770562|Reactome:R-HSA-9819196|Reactome:R-HSA-9820865|Reactome:R-HSA-983168|Reactome:R-HSA-9843970|Reactome:R-HSA-9918481|Reactome:R-HSA-9930044|Reactome:R-HSA-9931510|Reactome:R-MMU-159231|Reactome:R-MMU-159236|Reactome:R-MMU-72163|Reactome:R-MMU-72165|Reactome:R-MMU-72187|Reactome:R-MMU-72203|Reactome:R-MMU-73856|Reactome:R-MMU-77595|Reactome:R-MMU-9013422|Reactome:R-MMU-9770562|Reactome:R-MMU-983168|Reactome:R-MMU-9930044|Reactome:R-RNO-159231|Reactome:R-RNO-72165|Reactome:R-RNO-73856|Reactome:R-RNO-77595|Reactome:R-RNO-9770562|Reactome:R-SCE-983168|Reactome:R-SPO-9770562|Reactome:R-SPO-983168|Reactome:R-XTR-77595|Reactome:R-XTR-9770562
FIV	3155b2cf434d37d58877bfed82944c9f	422	Gene3D	G3DSA:1.10.1200.30	-	278	358	7.3E-26	T	13-08-2026	IPR008916	Retrovirus capsid, C-terminal	-	Reactome:R-HSA-1169408|Reactome:R-HSA-162585|Reactome:R-HSA-162588|Reactome:R-HSA-162592|Reactome:R-HSA-162594|Reactome:R-HSA-164516|Reactome:R-HSA-164525|Reactome:R-HSA-164843|Reactome:R-HSA-173107|Reactome:R-HSA-174490|Reactome:R-HSA-174495|Reactome:R-HSA-175474|Reactome:R-HSA-175567|Reactome:R-HSA-177539|Reactome:R-HSA-180689|Reactome:R-HSA-180910
FIV	3155b2cf434d37d58877bfed82944c9f	422	PANTHER	PTHR40389	ENDOGENOUS RETROVIRUS GROUP K MEMBER 24 GAG POLYPROTEIN-RELATED	216	411	3.9E-23	T	13-08-2026	IPR050195	Primate lentivirus group Gag polyprotein-like	-	Reactome:R-HSA-1169408|Reactome:R-HSA-162585|Reactome:R-HSA-162588|Reactome:R-HSA-162592|Reactome:R-HSA-162594|Reactome:R-HSA-164516|Reactome:R-HSA-164525|Reactome:R-HSA-164843|Reactome:R-HSA-173107|Reactome:R-HSA-174490|Reactome:R-HSA-174495|Reactome:R-HSA-175474|Reactome:R-HSA-175567|Reactome:R-HSA-177539|Reactome:R-HSA-180689|Reactome:R-HSA-180910
FIV	3155b2cf434d37d58877bfed82944c9f	422	ProSiteProfiles	PS50158	Zinc finger CCHC-type profile.	395	409	9.636236	T	13-08-2026	IPR001878	Zinc finger, CCHC-type	GO:0003676(InterPro)|GO:0008270(InterPro)	Reactome:R-BTA-159231|Reactome:R-BTA-159236|Reactome:R-BTA-72163|Reactome:R-BTA-72165|Reactome:R-BTA-72203|Reactome:R-BTA-73856|Reactome:R-BTA-77595|Reactome:R-BTA-9770562|Reactome:R-CEL-159236|Reactome:R-CEL-72163|Reactome:R-CEL-73856|Reactome:R-DME-159231|Reactome:R-DME-159236|Reactome:R-DME-1834941|Reactome:R-DME-72163|Reactome:R-DME-72165|Reactome:R-DME-72203|Reactome:R-DME-73856|Reactome:R-DME-77595|Reactome:R-DME-8941326|Reactome:R-DME-9770562|Reactome:R-DME-9930044|Reactome:R-DRE-72165|Reactome:R-HSA-1169408|Reactome:R-HSA-159231|Reactome:R-HSA-159236|Reactome:R-HSA-162585|Reactome:R-HSA-162588|Reactome:R-HSA-162592|Reactome:R-HSA-162594|Reactome:R-HSA-164516|Reactome:R-HSA-164525|Reactome:R-HSA-164843|Reactome:R-HSA-168315|Reactome:R-HSA-173107|Reactome:R-HSA-174490|Reactome:R-HSA-174495|Reactome:R-HSA-175474|Reactome:R-HSA-175567|Reactome:R-HSA-177539|Reactome:R-HSA-180689|Reactome:R-HSA-180910|Reactome:R-HSA-429947|Reactome:R-HSA-452723|Reactome:R-HSA-6784531|Reactome:R-HSA-72163|Reactome:R-HSA-72165|Reactome:R-HSA-72187|Reactome:R-HSA-72203|Reactome:R-HSA-73856|Reactome:R-HSA-77595|Reactome:R-HSA-9013422|Reactome:R-HSA-9682706|Reactome:R-HSA-9694686|Reactome:R-HSA-9705671|Reactome:R-HSA-9770562|Reactome:R-HSA-9819196|Reactome:R-HSA-9820865|Reactome:R-HSA-983168|Reactome:R-HSA-9843970|Reactome:R-HSA-9918481|Reactome:R-HSA-9930044|Reactome:R-HSA-9931510|Reactome:R-MMU-159231|Reactome:R-MMU-159236|Reactome:R-MMU-72163|Reactome:R-MMU-72165|Reactome:R-MMU-72187|Reactome:R-MMU-72203|Reactome:R-MMU-73856|Reactome:R-MMU-77595|Reactome:R-MMU-9013422|Reactome:R-MMU-9770562|Reactome:R-MMU-983168|Reactome:R-MMU-9930044|Reactome:R-RNO-159231|Reactome:R-RNO-72165|Reactome:R-RNO-73856|Reactome:R-RNO-77595|Reactome:R-RNO-9770562|Reactome:R-SCE-983168|Reactome:R-SPO-9770562|Reactome:R-SPO-983168|Reactome:R-XTR-77595|Reactome:R-XTR-9770562
FIV	3155b2cf434d37d58877bfed82944c9f	422	Pfam	PF00098	Zinc knuckle	394	409	3.4	T	13-08-2026	IPR001878	Zinc finger, CCHC-type	GO:0003676(InterPro)|GO:0008270(InterPro)	Reactome:R-BTA-159231|Reactome:R-BTA-159236|Reactome:R-BTA-72163|Reactome:R-BTA-72165|Reactome:R-BTA-72203|Reactome:R-BTA-73856|Reactome:R-BTA-77595|Reactome:R-BTA-9770562|Reactome:R-CEL-159236|Reactome:R-CEL-72163|Reactome:R-CEL-73856|Reactome:R-DME-159231|Reactome:R-DME-159236|Reactome:R-DME-1834941|Reactome:R-DME-72163|Reactome:R-DME-72165|Reactome:R-DME-72203|Reactome:R-DME-73856|Reactome:R-DME-77595|Reactome:R-DME-8941326|Reactome:R-DME-9770562|Reactome:R-DME-9930044|Reactome:R-DRE-72165|Reactome:R-HSA-1169408|Reactome:R-HSA-159231|Reactome:R-HSA-159236|Reactome:R-HSA-162585|Reactome:R-HSA-162588|Reactome:R-HSA-162592|Reactome:R-HSA-162594|Reactome:R-HSA-164516|Reactome:R-HSA-164525|Reactome:R-HSA-164843|Reactome:R-HSA-168315|Reactome:R-HSA-173107|Reactome:R-HSA-174490|Reactome:R-HSA-174495|Reactome:R-HSA-175474|Reactome:R-HSA-175567|Reactome:R-HSA-177539|Reactome:R-HSA-180689|Reactome:R-HSA-180910|Reactome:R-HSA-429947|Reactome:R-HSA-452723|Reactome:R-HSA-6784531|Reactome:R-HSA-72163|Reactome:R-HSA-72165|Reactome:R-HSA-72187|Reactome:R-HSA-72203|Reactome:R-HSA-73856|Reactome:R-HSA-77595|Reactome:R-HSA-9013422|Reactome:R-HSA-9682706|Reactome:R-HSA-9694686|Reactome:R-HSA-9705671|Reactome:R-HSA-9770562|Reactome:R-HSA-9819196|Reactome:R-HSA-9820865|Reactome:R-HSA-983168|Reactome:R-HSA-9843970|Reactome:R-HSA-9918481|Reactome:R-HSA-9930044|Reactome:R-HSA-9931510|Reactome:R-MMU-159231|Reactome:R-MMU-159236|Reactome:R-MMU-72163|Reactome:R-MMU-72165|Reactome:R-MMU-72187|Reactome:R-MMU-72203|Reactome:R-MMU-73856|Reactome:R-MMU-77595|Reactome:R-MMU-9013422|Reactome:R-MMU-9770562|Reactome:R-MMU-983168|Reactome:R-MMU-9930044|Reactome:R-RNO-159231|Reactome:R-RNO-72165|Reactome:R-RNO-73856|Reactome:R-RNO-77595|Reactome:R-RNO-9770562|Reactome:R-SCE-983168|Reactome:R-SPO-9770562|Reactome:R-SPO-983168|Reactome:R-XTR-77595|Reactome:R-XTR-9770562
FIV	3155b2cf434d37d58877bfed82944c9f	422	Pfam	PF00098	Zinc knuckle	376	391	0.016	T	13-08-2026	IPR001878	Zinc finger, CCHC-type	GO:0003676(InterPro)|GO:0008270(InterPro)	Reactome:R-BTA-159231|Reactome:R-BTA-159236|Reactome:R-BTA-72163|Reactome:R-BTA-72165|Reactome:R-BTA-72203|Reactome:R-BTA-73856|Reactome:R-BTA-77595|Reactome:R-BTA-9770562|Reactome:R-CEL-159236|Reactome:R-CEL-72163|Reactome:R-CEL-73856|Reactome:R-DME-159231|Reactome:R-DME-159236|Reactome:R-DME-1834941|Reactome:R-DME-72163|Reactome:R-DME-72165|Reactome:R-DME-72203|Reactome:R-DME-73856|Reactome:R-DME-77595|Reactome:R-DME-8941326|Reactome:R-DME-9770562|Reactome:R-DME-9930044|Reactome:R-DRE-72165|Reactome:R-HSA-1169408|Reactome:R-HSA-159231|Reactome:R-HSA-159236|Reactome:R-HSA-162585|Reactome:R-HSA-162588|Reactome:R-HSA-162592|Reactome:R-HSA-162594|Reactome:R-HSA-164516|Reactome:R-HSA-164525|Reactome:R-HSA-164843|Reactome:R-HSA-168315|Reactome:R-HSA-173107|Reactome:R-HSA-174490|Reactome:R-HSA-174495|Reactome:R-HSA-175474|Reactome:R-HSA-175567|Reactome:R-HSA-177539|Reactome:R-HSA-180689|Reactome:R-HSA-180910|Reactome:R-HSA-429947|Reactome:R-HSA-452723|Reactome:R-HSA-6784531|Reactome:R-HSA-72163|Reactome:R-HSA-72165|Reactome:R-HSA-72187|Reactome:R-HSA-72203|Reactome:R-HSA-73856|Reactome:R-HSA-77595|Reactome:R-HSA-9013422|Reactome:R-HSA-9682706|Reactome:R-HSA-9694686|Reactome:R-HSA-9705671|Reactome:R-HSA-9770562|Reactome:R-HSA-9819196|Reactome:R-HSA-9820865|Reactome:R-HSA-983168|Reactome:R-HSA-9843970|Reactome:R-HSA-9918481|Reactome:R-HSA-9930044|Reactome:R-HSA-9931510|Reactome:R-MMU-159231|Reactome:R-MMU-159236|Reactome:R-MMU-72163|Reactome:R-MMU-72165|Reactome:R-MMU-72187|Reactome:R-MMU-72203|Reactome:R-MMU-73856|Reactome:R-MMU-77595|Reactome:R-MMU-9013422|Reactome:R-MMU-9770562|Reactome:R-MMU-983168|Reactome:R-MMU-9930044|Reactome:R-RNO-159231|Reactome:R-RNO-72165|Reactome:R-RNO-73856|Reactome:R-RNO-77595|Reactome:R-RNO-9770562|Reactome:R-SCE-983168|Reactome:R-SPO-9770562|Reactome:R-SPO-983168|Reactome:R-XTR-77595|Reactome:R-XTR-9770562
FIV	3155b2cf434d37d58877bfed82944c9f	422	MobiDBLite	mobidb-lite	consensus disorder prediction	119	130	-	T	13-08-2026	-	-	-	-
FIV	3155b2cf434d37d58877bfed82944c9f	422	MobiDBLite	mobidb-lite	consensus disorder prediction	116	137	-	T	13-08-2026	-	-	-	-
FIV	3155b2cf434d37d58877bfed82944c9f	422	ProSiteProfiles	PS50158	Zinc finger CCHC-type profile.	377	392	10.031823	T	13-08-2026	IPR001878	Zinc finger, CCHC-type	GO:0003676(InterPro)|GO:0008270(InterPro)	Reactome:R-BTA-159231|Reactome:R-BTA-159236|Reactome:R-BTA-72163|Reactome:R-BTA-72165|Reactome:R-BTA-72203|Reactome:R-BTA-73856|Reactome:R-BTA-77595|Reactome:R-BTA-9770562|Reactome:R-CEL-159236|Reactome:R-CEL-72163|Reactome:R-CEL-73856|Reactome:R-DME-159231|Reactome:R-DME-159236|Reactome:R-DME-1834941|Reactome:R-DME-72163|Reactome:R-DME-72165|Reactome:R-DME-72203|Reactome:R-DME-73856|Reactome:R-DME-77595|Reactome:R-DME-8941326|Reactome:R-DME-9770562|Reactome:R-DME-9930044|Reactome:R-DRE-72165|Reactome:R-HSA-1169408|Reactome:R-HSA-159231|Reactome:R-HSA-159236|Reactome:R-HSA-162585|Reactome:R-HSA-162588|Reactome:R-HSA-162592|Reactome:R-HSA-162594|Reactome:R-HSA-164516|Reactome:R-HSA-164525|Reactome:R-HSA-164843|Reactome:R-HSA-168315|Reactome:R-HSA-173107|Reactome:R-HSA-174490|Reactome:R-HSA-174495|Reactome:R-HSA-175474|Reactome:R-HSA-175567|Reactome:R-HSA-177539|Reactome:R-HSA-180689|Reactome:R-HSA-180910|Reactome:R-HSA-429947|Reactome:R-HSA-452723|Reactome:R-HSA-6784531|Reactome:R-HSA-72163|Reactome:R-HSA-72165|Reactome:R-HSA-72187|Reactome:R-HSA-72203|Reactome:R-HSA-73856|Reactome:R-HSA-77595|Reactome:R-HSA-9013422|Reactome:R-HSA-9682706|Reactome:R-HSA-9694686|Reactome:R-HSA-9705671|Reactome:R-HSA-9770562|Reactome:R-HSA-9819196|Reactome:R-HSA-9820865|Reactome:R-HSA-983168|Reactome:R-HSA-9843970|Reactome:R-HSA-9918481|Reactome:R-HSA-9930044|Reactome:R-HSA-9931510|Reactome:R-MMU-159231|Reactome:R-MMU-159236|Reactome:R-MMU-72163|Reactome:R-MMU-72165|Reactome:R-MMU-72187|Reactome:R-MMU-72203|Reactome:R-MMU-73856|Reactome:R-MMU-77595|Reactome:R-MMU-9013422|Reactome:R-MMU-9770562|Reactome:R-MMU-983168|Reactome:R-MMU-9930044|Reactome:R-RNO-159231|Reactome:R-RNO-72165|Reactome:R-RNO-73856|Reactome:R-RNO-77595|Reactome:R-RNO-9770562|Reactome:R-SCE-983168|Reactome:R-SPO-9770562|Reactome:R-SPO-983168|Reactome:R-XTR-77595|Reactome:R-XTR-9770562
FIV	3155b2cf434d37d58877bfed82944c9f	422	Pfam	PF19317	Gag protein p24 C-terminal domain	272	344	3.0E-13	T	13-08-2026	IPR045345	Retroviral nucleocapsid Gag protein p24, C-terminal domain	-	Reactome:R-HSA-1169408|Reactome:R-HSA-162585|Reactome:R-HSA-162588|Reactome:R-HSA-162592|Reactome:R-HSA-162594|Reactome:R-HSA-164516|Reactome:R-HSA-164525|Reactome:R-HSA-164843|Reactome:R-HSA-173107|Reactome:R-HSA-174490|Reactome:R-HSA-174495|Reactome:R-HSA-175474|Reactome:R-HSA-175567|Reactome:R-HSA-177539|Reactome:R-HSA-180689|Reactome:R-HSA-180910
FIV	3155b2cf434d37d58877bfed82944c9f	422	SUPERFAMILY	SSF47943	Retrovirus capsid protein, N-terminal core domain	135	283	2.24E-44	T	13-08-2026	IPR008919	Retrovirus capsid, N-terminal	GO:0016032(InterPro)	Reactome:R-HSA-1169408|Reactome:R-HSA-162585|Reactome:R-HSA-162588|Reactome:R-HSA-162592|Reactome:R-HSA-162594|Reactome:R-HSA-164516|Reactome:R-HSA-164525|Reactome:R-HSA-164843|Reactome:R-HSA-173107|Reactome:R-HSA-174490|Reactome:R-HSA-174495|Reactome:R-HSA-175474|Reactome:R-HSA-175567|Reactome:R-HSA-177539|Reactome:R-HSA-180689|Reactome:R-HSA-180910
FIV	3155b2cf434d37d58877bfed82944c9f	422	Gene3D	G3DSA:4.10.60.10	-	360	418	1.5E-12	T	13-08-2026	-	-	-	-
FIV	3155b2cf434d37d58877bfed82944c9f	422	Gene3D	G3DSA:1.10.150.90	Immunodeficiency lentiviruses, gag gene matrix protein p17	1	133	6.7E-69	T	13-08-2026	IPR012344	Matrix protein, lentiviral and alpha-retroviral, N-terminal	-	Reactome:R-HSA-1169408|Reactome:R-HSA-162585|Reactome:R-HSA-162588|Reactome:R-HSA-162592|Reactome:R-HSA-162594|Reactome:R-HSA-164516|Reactome:R-HSA-164525|Reactome:R-HSA-164843|Reactome:R-HSA-173107|Reactome:R-HSA-174490|Reactome:R-HSA-174495|Reactome:R-HSA-175474|Reactome:R-HSA-175567|Reactome:R-HSA-177539|Reactome:R-HSA-180689|Reactome:R-HSA-180910
FIV	3155b2cf434d37d58877bfed82944c9f	422	SUPERFAMILY	SSF57756	Retrovirus zinc finger-like domains	371	412	1.96E-10	T	13-08-2026	IPR036875	Zinc finger, CCHC-type superfamily	GO:0003676(InterPro)|GO:0008270(InterPro)	Reactome:R-BTA-159231|Reactome:R-BTA-159236|Reactome:R-BTA-72163|Reactome:R-BTA-72165|Reactome:R-BTA-72203|Reactome:R-BTA-73856|Reactome:R-BTA-77595|Reactome:R-BTA-9770562|Reactome:R-CEL-159236|Reactome:R-CEL-72163|Reactome:R-CEL-73856|Reactome:R-DME-159231|Reactome:R-DME-159236|Reactome:R-DME-1834941|Reactome:R-DME-72163|Reactome:R-DME-72165|Reactome:R-DME-72203|Reactome:R-DME-73856|Reactome:R-DME-77595|Reactome:R-DME-9770562|Reactome:R-DRE-72165|Reactome:R-HSA-1169408|Reactome:R-HSA-159231|Reactome:R-HSA-159236|Reactome:R-HSA-162585|Reactome:R-HSA-162588|Reactome:R-HSA-162592|Reactome:R-HSA-162594|Reactome:R-HSA-164516|Reactome:R-HSA-164525|Reactome:R-HSA-164843|Reactome:R-HSA-168315|Reactome:R-HSA-173107|Reactome:R-HSA-174490|Reactome:R-HSA-174495|Reactome:R-HSA-175474|Reactome:R-HSA-175567|Reactome:R-HSA-177539|Reactome:R-HSA-180689|Reactome:R-HSA-180910|Reactome:R-HSA-429947|Reactome:R-HSA-452723|Reactome:R-HSA-6784531|Reactome:R-HSA-72163|Reactome:R-HSA-72165|Reactome:R-HSA-72187|Reactome:R-HSA-72203|Reactome:R-HSA-73856|Reactome:R-HSA-77595|Reactome:R-HSA-9013422|Reactome:R-HSA-9682706|Reactome:R-HSA-9694686|Reactome:R-HSA-9705671|Reactome:R-HSA-9770562|Reactome:R-HSA-9819196|Reactome:R-HSA-9820865|Reactome:R-HSA-983168|Reactome:R-HSA-9918481|Reactome:R-HSA-9930044|Reactome:R-MMU-159231|Reactome:R-MMU-159236|Reactome:R-MMU-72163|Reactome:R-MMU-72165|Reactome:R-MMU-72187|Reactome:R-MMU-72203|Reactome:R-MMU-73856|Reactome:R-MMU-77595|Reactome:R-MMU-9013422|Reactome:R-MMU-9770562|Reactome:R-MMU-983168|Reactome:R-RNO-159231|Reactome:R-RNO-72165|Reactome:R-RNO-73856|Reactome:R-RNO-77595|Reactome:R-RNO-9770562|Reactome:R-SCE-983168|Reactome:R-SPO-9770562|Reactome:R-SPO-983168|Reactome:R-XTR-77595|Reactome:R-XTR-9770562
Calypso5-1	43b2c554b0ab4bec3fc59ed5d70cc80c	427	PANTHER	PTHR33223	CCHC-TYPE DOMAIN-CONTAINING PROTEIN	9	382	7.1E-37	T	13-08-2026	-	-	-	-
Calypso5-1	43b2c554b0ab4bec3fc59ed5d70cc80c	427	Pfam	PF03732	Retrotransposon-derived protein PEG10, N-terminal capsid-like domain	44	116	2.6E-6	T	13-08-2026	IPR005162	Retrotransposon-derived protein PEG10, N-terminal capsid-like domain	-	-
Calypso5-1	43b2c554b0ab4bec3fc59ed5d70cc80c	427	MobiDBLite	mobidb-lite	consensus disorder prediction	247	279	-	T	13-08-2026	-	-	-	-
HTLV-1	ef190692dcf2f4a57fa75bc463b87235	406	Pfam	PF00607	gag protein p24 N-terminal domain	141	256	2.1E-8	T	13-08-2026	-	-	-	-
HTLV-1	ef190692dcf2f4a57fa75bc463b87235	406	Gene3D	G3DSA:4.10.60.10	-	353	401	1.8E-12	T	13-08-2026	-	-	-	-
HTLV-1	ef190692dcf2f4a57fa75bc463b87235	406	SMART	SM00343	c2hcfinal6	379	395	0.048	T	13-08-2026	IPR001878	Zinc finger, CCHC-type	GO:0003676(InterPro)|GO:0008270(InterPro)	Reactome:R-BTA-159231|Reactome:R-BTA-159236|Reactome:R-BTA-72163|Reactome:R-BTA-72165|Reactome:R-BTA-72203|Reactome:R-BTA-73856|Reactome:R-BTA-77595|Reactome:R-BTA-9770562|Reactome:R-CEL-159236|Reactome:R-CEL-72163|Reactome:R-CEL-73856|Reactome:R-DME-159231|Reactome:R-DME-159236|Reactome:R-DME-1834941|Reactome:R-DME-72163|Reactome:R-DME-72165|Reactome:R-DME-72203|Reactome:R-DME-73856|Reactome:R-DME-77595|Reactome:R-DME-8941326|Reactome:R-DME-9770562|Reactome:R-DME-9930044|Reactome:R-DRE-72165|Reactome:R-HSA-1169408|Reactome:R-HSA-159231|Reactome:R-HSA-159236|Reactome:R-HSA-162585|Reactome:R-HSA-162588|Reactome:R-HSA-162592|Reactome:R-HSA-162594|Reactome:R-HSA-164516|Reactome:R-HSA-164525|Reactome:R-HSA-164843|Reactome:R-HSA-168315|Reactome:R-HSA-173107|Reactome:R-HSA-174490|Reactome:R-HSA-174495|Reactome:R-HSA-175474|Reactome:R-HSA-175567|Reactome:R-HSA-177539|Reactome:R-HSA-180689|Reactome:R-HSA-180910|Reactome:R-HSA-429947|Reactome:R-HSA-452723|Reactome:R-HSA-6784531|Reactome:R-HSA-72163|Reactome:R-HSA-72165|Reactome:R-HSA-72187|Reactome:R-HSA-72203|Reactome:R-HSA-73856|Reactome:R-HSA-77595|Reactome:R-HSA-9013422|Reactome:R-HSA-9682706|Reactome:R-HSA-9694686|Reactome:R-HSA-9705671|Reactome:R-HSA-9770562|Reactome:R-HSA-9819196|Reactome:R-HSA-9820865|Reactome:R-HSA-983168|Reactome:R-HSA-9843970|Reactome:R-HSA-9918481|Reactome:R-HSA-9930044|Reactome:R-HSA-9931510|Reactome:R-MMU-159231|Reactome:R-MMU-159236|Reactome:R-MMU-72163|Reactome:R-MMU-72165|Reactome:R-MMU-72187|Reactome:R-MMU-72203|Reactome:R-MMU-73856|Reactome:R-MMU-77595|Reactome:R-MMU-9013422|Reactome:R-MMU-9770562|Reactome:R-MMU-983168|Reactome:R-MMU-9930044|Reactome:R-RNO-159231|Reactome:R-RNO-72165|Reactome:R-RNO-73856|Reactome:R-RNO-77595|Reactome:R-RNO-9770562|Reactome:R-SCE-983168|Reactome:R-SPO-9770562|Reactome:R-SPO-983168|Reactome:R-XTR-77595|Reactome:R-XTR-9770562
HTLV-1	ef190692dcf2f4a57fa75bc463b87235	406	SMART	SM00343	c2hcfinal6	356	372	1.5E-5	T	13-08-2026	IPR001878	Zinc finger, CCHC-type	GO:0003676(InterPro)|GO:0008270(InterPro)	Reactome:R-BTA-159231|Reactome:R-BTA-159236|Reactome:R-BTA-72163|Reactome:R-BTA-72165|Reactome:R-BTA-72203|Reactome:R-BTA-73856|Reactome:R-BTA-77595|Reactome:R-BTA-9770562|Reactome:R-CEL-159236|Reactome:R-CEL-72163|Reactome:R-CEL-73856|Reactome:R-DME-159231|Reactome:R-DME-159236|Reactome:R-DME-1834941|Reactome:R-DME-72163|Reactome:R-DME-72165|Reactome:R-DME-72203|Reactome:R-DME-73856|Reactome:R-DME-77595|Reactome:R-DME-8941326|Reactome:R-DME-9770562|Reactome:R-DME-9930044|Reactome:R-DRE-72165|Reactome:R-HSA-1169408|Reactome:R-HSA-159231|Reactome:R-HSA-159236|Reactome:R-HSA-162585|Reactome:R-HSA-162588|Reactome:R-HSA-162592|Reactome:R-HSA-162594|Reactome:R-HSA-164516|Reactome:R-HSA-164525|Reactome:R-HSA-164843|Reactome:R-HSA-168315|Reactome:R-HSA-173107|Reactome:R-HSA-174490|Reactome:R-HSA-174495|Reactome:R-HSA-175474|Reactome:R-HSA-175567|Reactome:R-HSA-177539|Reactome:R-HSA-180689|Reactome:R-HSA-180910|Reactome:R-HSA-429947|Reactome:R-HSA-452723|Reactome:R-HSA-6784531|Reactome:R-HSA-72163|Reactome:R-HSA-72165|Reactome:R-HSA-72187|Reactome:R-HSA-72203|Reactome:R-HSA-73856|Reactome:R-HSA-77595|Reactome:R-HSA-9013422|Reactome:R-HSA-9682706|Reactome:R-HSA-9694686|Reactome:R-HSA-9705671|Reactome:R-HSA-9770562|Reactome:R-HSA-9819196|Reactome:R-HSA-9820865|Reactome:R-HSA-983168|Reactome:R-HSA-9843970|Reactome:R-HSA-9918481|Reactome:R-HSA-9930044|Reactome:R-HSA-9931510|Reactome:R-MMU-159231|Reactome:R-MMU-159236|Reactome:R-MMU-72163|Reactome:R-MMU-72165|Reactome:R-MMU-72187|Reactome:R-MMU-72203|Reactome:R-MMU-73856|Reactome:R-MMU-77595|Reactome:R-MMU-9013422|Reactome:R-MMU-9770562|Reactome:R-MMU-983168|Reactome:R-MMU-9930044|Reactome:R-RNO-159231|Reactome:R-RNO-72165|Reactome:R-RNO-73856|Reactome:R-RNO-77595|Reactome:R-RNO-9770562|Reactome:R-SCE-983168|Reactome:R-SPO-9770562|Reactome:R-SPO-983168|Reactome:R-XTR-77595|Reactome:R-XTR-9770562
HTLV-1	ef190692dcf2f4a57fa75bc463b87235	406	Gene3D	G3DSA:1.10.185.10	-	1	130	3.7E-64	T	13-08-2026	-	-	-	-
HTLV-1	ef190692dcf2f4a57fa75bc463b87235	406	Gene3D	G3DSA:1.10.1200.30	-	263	344	7.6E-25	T	13-08-2026	IPR008916	Retrovirus capsid, C-terminal	-	Reactome:R-HSA-1169408|Reactome:R-HSA-162585|Reactome:R-HSA-162588|Reactome:R-HSA-162592|Reactome:R-HSA-162594|Reactome:R-HSA-164516|Reactome:R-HSA-164525|Reactome:R-HSA-164843|Reactome:R-HSA-173107|Reactome:R-HSA-174490|Reactome:R-HSA-174495|Reactome:R-HSA-175474|Reactome:R-HSA-175567|Reactome:R-HSA-177539|Reactome:R-HSA-180689|Reactome:R-HSA-180910
HTLV-1	ef190692dcf2f4a57fa75bc463b87235	406	SUPERFAMILY	SSF47353	Retrovirus capsid dimerization domain-like	261	337	7.33E-22	T	13-08-2026	-	-	-	-
HTLV-1	ef190692dcf2f4a57fa75bc463b87235	406	SUPERFAMILY	SSF57756	Retrovirus zinc finger-like domains	347	395	1.22E-12	T	13-08-2026	IPR036875	Zinc finger, CCHC-type superfamily	GO:0003676(InterPro)|GO:0008270(InterPro)	Reactome:R-BTA-159231|Reactome:R-BTA-159236|Reactome:R-BTA-72163|Reactome:R-BTA-72165|Reactome:R-BTA-72203|Reactome:R-BTA-73856|Reactome:R-BTA-77595|Reactome:R-BTA-9770562|Reactome:R-CEL-159236|Reactome:R-CEL-72163|Reactome:R-CEL-73856|Reactome:R-DME-159231|Reactome:R-DME-159236|Reactome:R-DME-1834941|Reactome:R-DME-72163|Reactome:R-DME-72165|Reactome:R-DME-72203|Reactome:R-DME-73856|Reactome:R-DME-77595|Reactome:R-DME-9770562|Reactome:R-DRE-72165|Reactome:R-HSA-1169408|Reactome:R-HSA-159231|Reactome:R-HSA-159236|Reactome:R-HSA-162585|Reactome:R-HSA-162588|Reactome:R-HSA-162592|Reactome:R-HSA-162594|Reactome:R-HSA-164516|Reactome:R-HSA-164525|Reactome:R-HSA-164843|Reactome:R-HSA-168315|Reactome:R-HSA-173107|Reactome:R-HSA-174490|Reactome:R-HSA-174495|Reactome:R-HSA-175474|Reactome:R-HSA-175567|Reactome:R-HSA-177539|Reactome:R-HSA-180689|Reactome:R-HSA-180910|Reactome:R-HSA-429947|Reactome:R-HSA-452723|Reactome:R-HSA-6784531|Reactome:R-HSA-72163|Reactome:R-HSA-72165|Reactome:R-HSA-72187|Reactome:R-HSA-72203|Reactome:R-HSA-73856|Reactome:R-HSA-77595|Reactome:R-HSA-9013422|Reactome:R-HSA-9682706|Reactome:R-HSA-9694686|Reactome:R-HSA-9705671|Reactome:R-HSA-9770562|Reactome:R-HSA-9819196|Reactome:R-HSA-9820865|Reactome:R-HSA-983168|Reactome:R-HSA-9918481|Reactome:R-HSA-9930044|Reactome:R-MMU-159231|Reactome:R-MMU-159236|Reactome:R-MMU-72163|Reactome:R-MMU-72165|Reactome:R-MMU-72187|Reactome:R-MMU-72203|Reactome:R-MMU-73856|Reactome:R-MMU-77595|Reactome:R-MMU-9013422|Reactome:R-MMU-9770562|Reactome:R-MMU-983168|Reactome:R-RNO-159231|Reactome:R-RNO-72165|Reactome:R-RNO-73856|Reactome:R-RNO-77595|Reactome:R-RNO-9770562|Reactome:R-SCE-983168|Reactome:R-SPO-9770562|Reactome:R-SPO-983168|Reactome:R-XTR-77595|Reactome:R-XTR-9770562
HTLV-1	ef190692dcf2f4a57fa75bc463b87235	406	Pfam	PF19317	Gag protein p24 C-terminal domain	258	331	2.7E-25	T	13-08-2026	IPR045345	Retroviral nucleocapsid Gag protein p24, C-terminal domain	-	Reactome:R-HSA-1169408|Reactome:R-HSA-162585|Reactome:R-HSA-162588|Reactome:R-HSA-162592|Reactome:R-HSA-162594|Reactome:R-HSA-164516|Reactome:R-HSA-164525|Reactome:R-HSA-164843|Reactome:R-HSA-173107|Reactome:R-HSA-174490|Reactome:R-HSA-174495|Reactome:R-HSA-175474|Reactome:R-HSA-175567|Reactome:R-HSA-177539|Reactome:R-HSA-180689|Reactome:R-HSA-180910
HTLV-1	ef190692dcf2f4a57fa75bc463b87235	406	SUPERFAMILY	SSF47943	Retrovirus capsid protein, N-terminal core domain	131	264	1.46E-71	T	13-08-2026	IPR008919	Retrovirus capsid, N-terminal	GO:0016032(InterPro)	Reactome:R-HSA-1169408|Reactome:R-HSA-162585|Reactome:R-HSA-162588|Reactome:R-HSA-162592|Reactome:R-HSA-162594|Reactome:R-HSA-164516|Reactome:R-HSA-164525|Reactome:R-HSA-164843|Reactome:R-HSA-173107|Reactome:R-HSA-174490|Reactome:R-HSA-174495|Reactome:R-HSA-175474|Reactome:R-HSA-175567|Reactome:R-HSA-177539|Reactome:R-HSA-180689|Reactome:R-HSA-180910
HTLV-1	ef190692dcf2f4a57fa75bc463b87235	406	SUPERFAMILY	SSF47836	Retroviral matrix proteins	1	129	7.89E-55	T	13-08-2026	IPR010999	Retroviral matrix protein	-	Reactome:R-HSA-1169408|Reactome:R-HSA-162585|Reactome:R-HSA-162588|Reactome:R-HSA-162592|Reactome:R-HSA-162594|Reactome:R-HSA-164516|Reactome:R-HSA-164525|Reactome:R-HSA-164843|Reactome:R-HSA-173107|Reactome:R-HSA-174490|Reactome:R-HSA-174495|Reactome:R-HSA-175474|Reactome:R-HSA-175567|Reactome:R-HSA-177539|Reactome:R-HSA-180689|Reactome:R-HSA-180910|Reactome:R-HSA-198933
HTLV-1	ef190692dcf2f4a57fa75bc463b87235	406	MobiDBLite	mobidb-lite	consensus disorder prediction	93	142	-	T	13-08-2026	-	-	-	-
HTLV-1	ef190692dcf2f4a57fa75bc463b87235	406	PANTHER	PTHR40389	ENDOGENOUS RETROVIRUS GROUP K MEMBER 24 GAG POLYPROTEIN-RELATED	217	398	1.6E-25	T	13-08-2026	IPR050195	Primate lentivirus group Gag polyprotein-like	-	Reactome:R-HSA-1169408|Reactome:R-HSA-162585|Reactome:R-HSA-162588|Reactome:R-HSA-162592|Reactome:R-HSA-162594|Reactome:R-HSA-164516|Reactome:R-HSA-164525|Reactome:R-HSA-164843|Reactome:R-HSA-173107|Reactome:R-HSA-174490|Reactome:R-HSA-174495|Reactome:R-HSA-175474|Reactome:R-HSA-175567|Reactome:R-HSA-177539|Reactome:R-HSA-180689|Reactome:R-HSA-180910
HTLV-1	ef190692dcf2f4a57fa75bc463b87235	406	FunFam	G3DSA:1.10.185.10:FF:000001	Gag polyprotein	1	130	2.5E-86	T	13-08-2026	-	-	-	-
HTLV-1	ef190692dcf2f4a57fa75bc463b87235	406	Gene3D	G3DSA:1.10.375.10	Human Immunodeficiency Virus Type 1 Capsid Protein	131	262	1.1E-77	T	13-08-2026	IPR008919	Retrovirus capsid, N-terminal	GO:0016032(InterPro)	Reactome:R-HSA-1169408|Reactome:R-HSA-162585|Reactome:R-HSA-162588|Reactome:R-HSA-162592|Reactome:R-HSA-162594|Reactome:R-HSA-164516|Reactome:R-HSA-164525|Reactome:R-HSA-164843|Reactome:R-HSA-173107|Reactome:R-HSA-174490|Reactome:R-HSA-174495|Reactome:R-HSA-175474|Reactome:R-HSA-175567|Reactome:R-HSA-177539|Reactome:R-HSA-180689|Reactome:R-HSA-180910
HTLV-1	ef190692dcf2f4a57fa75bc463b87235	406	Pfam	PF02228	Major core protein p19	1	92	7.0E-54	T	13-08-2026	IPR003139	Delta-retroviral matrix protein	GO:0005198(InterPro)|GO:0019013(InterPro)	-
HTLV-1	ef190692dcf2f4a57fa75bc463b87235	406	ProSiteProfiles	PS50158	Zinc finger CCHC-type profile.	357	372	10.757066	T	13-08-2026	IPR001878	Zinc finger, CCHC-type	GO:0003676(InterPro)|GO:0008270(InterPro)	Reactome:R-BTA-159231|Reactome:R-BTA-159236|Reactome:R-BTA-72163|Reactome:R-BTA-72165|Reactome:R-BTA-72203|Reactome:R-BTA-73856|Reactome:R-BTA-77595|Reactome:R-BTA-9770562|Reactome:R-CEL-159236|Reactome:R-CEL-72163|Reactome:R-CEL-73856|Reactome:R-DME-159231|Reactome:R-DME-159236|Reactome:R-DME-1834941|Reactome:R-DME-72163|Reactome:R-DME-72165|Reactome:R-DME-72203|Reactome:R-DME-73856|Reactome:R-DME-77595|Reactome:R-DME-8941326|Reactome:R-DME-9770562|Reactome:R-DME-9930044|Reactome:R-DRE-72165|Reactome:R-HSA-1169408|Reactome:R-HSA-159231|Reactome:R-HSA-159236|Reactome:R-HSA-162585|Reactome:R-HSA-162588|Reactome:R-HSA-162592|Reactome:R-HSA-162594|Reactome:R-HSA-164516|Reactome:R-HSA-164525|Reactome:R-HSA-164843|Reactome:R-HSA-168315|Reactome:R-HSA-173107|Reactome:R-HSA-174490|Reactome:R-HSA-174495|Reactome:R-HSA-175474|Reactome:R-HSA-175567|Reactome:R-HSA-177539|Reactome:R-HSA-180689|Reactome:R-HSA-180910|Reactome:R-HSA-429947|Reactome:R-HSA-452723|Reactome:R-HSA-6784531|Reactome:R-HSA-72163|Reactome:R-HSA-72165|Reactome:R-HSA-72187|Reactome:R-HSA-72203|Reactome:R-HSA-73856|Reactome:R-HSA-77595|Reactome:R-HSA-9013422|Reactome:R-HSA-9682706|Reactome:R-HSA-9694686|Reactome:R-HSA-9705671|Reactome:R-HSA-9770562|Reactome:R-HSA-9819196|Reactome:R-HSA-9820865|Reactome:R-HSA-983168|Reactome:R-HSA-9843970|Reactome:R-HSA-9918481|Reactome:R-HSA-9930044|Reactome:R-HSA-9931510|Reactome:R-MMU-159231|Reactome:R-MMU-159236|Reactome:R-MMU-72163|Reactome:R-MMU-72165|Reactome:R-MMU-72187|Reactome:R-MMU-72203|Reactome:R-MMU-73856|Reactome:R-MMU-77595|Reactome:R-MMU-9013422|Reactome:R-MMU-9770562|Reactome:R-MMU-983168|Reactome:R-MMU-9930044|Reactome:R-RNO-159231|Reactome:R-RNO-72165|Reactome:R-RNO-73856|Reactome:R-RNO-77595|Reactome:R-RNO-9770562|Reactome:R-SCE-983168|Reactome:R-SPO-9770562|Reactome:R-SPO-983168|Reactome:R-XTR-77595|Reactome:R-XTR-9770562
HTLV-1	ef190692dcf2f4a57fa75bc463b87235	406	Pfam	PF00098	Zinc knuckle	356	372	0.0011	T	13-08-2026	IPR001878	Zinc finger, CCHC-type	GO:0003676(InterPro)|GO:0008270(InterPro)	Reactome:R-BTA-159231|Reactome:R-BTA-159236|Reactome:R-BTA-72163|Reactome:R-BTA-72165|Reactome:R-BTA-72203|Reactome:R-BTA-73856|Reactome:R-BTA-77595|Reactome:R-BTA-9770562|Reactome:R-CEL-159236|Reactome:R-CEL-72163|Reactome:R-CEL-73856|Reactome:R-DME-159231|Reactome:R-DME-159236|Reactome:R-DME-1834941|Reactome:R-DME-72163|Reactome:R-DME-72165|Reactome:R-DME-72203|Reactome:R-DME-73856|Reactome:R-DME-77595|Reactome:R-DME-8941326|Reactome:R-DME-9770562|Reactome:R-DME-9930044|Reactome:R-DRE-72165|Reactome:R-HSA-1169408|Reactome:R-HSA-159231|Reactome:R-HSA-159236|Reactome:R-HSA-162585|Reactome:R-HSA-162588|Reactome:R-HSA-162592|Reactome:R-HSA-162594|Reactome:R-HSA-164516|Reactome:R-HSA-164525|Reactome:R-HSA-164843|Reactome:R-HSA-168315|Reactome:R-HSA-173107|Reactome:R-HSA-174490|Reactome:R-HSA-174495|Reactome:R-HSA-175474|Reactome:R-HSA-175567|Reactome:R-HSA-177539|Reactome:R-HSA-180689|Reactome:R-HSA-180910|Reactome:R-HSA-429947|Reactome:R-HSA-452723|Reactome:R-HSA-6784531|Reactome:R-HSA-72163|Reactome:R-HSA-72165|Reactome:R-HSA-72187|Reactome:R-HSA-72203|Reactome:R-HSA-73856|Reactome:R-HSA-77595|Reactome:R-HSA-9013422|Reactome:R-HSA-9682706|Reactome:R-HSA-9694686|Reactome:R-HSA-9705671|Reactome:R-HSA-9770562|Reactome:R-HSA-9819196|Reactome:R-HSA-9820865|Reactome:R-HSA-983168|Reactome:R-HSA-9843970|Reactome:R-HSA-9918481|Reactome:R-HSA-9930044|Reactome:R-HSA-9931510|Reactome:R-MMU-159231|Reactome:R-MMU-159236|Reactome:R-MMU-72163|Reactome:R-MMU-72165|Reactome:R-MMU-72187|Reactome:R-MMU-72203|Reactome:R-MMU-73856|Reactome:R-MMU-77595|Reactome:R-MMU-9013422|Reactome:R-MMU-9770562|Reactome:R-MMU-983168|Reactome:R-MMU-9930044|Reactome:R-RNO-159231|Reactome:R-RNO-72165|Reactome:R-RNO-73856|Reactome:R-RNO-77595|Reactome:R-RNO-9770562|Reactome:R-SCE-983168|Reactome:R-SPO-9770562|Reactome:R-SPO-983168|Reactome:R-XTR-77595|Reactome:R-XTR-9770562
Spirobel	4681263cb7d8fa4a895b81631ccd210f	434	PANTHER	PTHR47331	PHD-TYPE DOMAIN-CONTAINING PROTEIN	106	419	1.2E-36	T	13-08-2026	-	-	-	-
Spirobel	4681263cb7d8fa4a895b81631ccd210f	434	Pfam	PF03564	Protein of unknown function (DUF1759)	123	265	3.6E-32	T	13-08-2026	IPR005312	Domain of unknown function DUF1759	-	-
HERV-E	3cbc5468bbb9fe50d8608c3b8847789e	493	Gene3D	G3DSA:1.10.375.10	Human Immunodeficiency Virus Type 1 Capsid Protein	207	334	2.6E-40	T	13-08-2026	IPR008919	Retrovirus capsid, N-terminal	GO:0016032(InterPro)	Reactome:R-HSA-1169408|Reactome:R-HSA-162585|Reactome:R-HSA-162588|Reactome:R-HSA-162592|Reactome:R-HSA-162594|Reactome:R-HSA-164516|Reactome:R-HSA-164525|Reactome:R-HSA-164843|Reactome:R-HSA-173107|Reactome:R-HSA-174490|Reactome:R-HSA-174495|Reactome:R-HSA-175474|Reactome:R-HSA-175567|Reactome:R-HSA-177539|Reactome:R-HSA-180689|Reactome:R-HSA-180910
HERV-E	3cbc5468bbb9fe50d8608c3b8847789e	493	Pfam	PF02093	Gag P30 core shell protein	223	419	3.7E-44	T	13-08-2026	IPR003036	Core shell protein Gag P30	GO:0019068(InterPro)	-
HERV-E	3cbc5468bbb9fe50d8608c3b8847789e	493	SUPERFAMILY	SSF47943	Retrovirus capsid protein, N-terminal core domain	211	333	1.05E-37	T	13-08-2026	IPR008919	Retrovirus capsid, N-terminal	GO:0016032(InterPro)	Reactome:R-HSA-1169408|Reactome:R-HSA-162585|Reactome:R-HSA-162588|Reactome:R-HSA-162592|Reactome:R-HSA-162594|Reactome:R-HSA-164516|Reactome:R-HSA-164525|Reactome:R-HSA-164843|Reactome:R-HSA-173107|Reactome:R-HSA-174490|Reactome:R-HSA-174495|Reactome:R-HSA-175474|Reactome:R-HSA-175567|Reactome:R-HSA-177539|Reactome:R-HSA-180689|Reactome:R-HSA-180910
HERV-E	3cbc5468bbb9fe50d8608c3b8847789e	493	PANTHER	PTHR33166	GAG_P30 DOMAIN-CONTAINING PROTEIN	1	492	2.7E-121	T	13-08-2026	IPR050462	Retroviral Gag-Pol polyproteins	-	Reactome:R-HSA-198933
HERV-E	3cbc5468bbb9fe50d8608c3b8847789e	493	Pfam	PF01140	Matrix protein (MA), p15	20	87	3.3E-12	T	13-08-2026	IPR000840	Gamma-retroviral matrix protein	-	-
HERV-E	3cbc5468bbb9fe50d8608c3b8847789e	493	Gene3D	G3DSA:1.10.150.180	-	1	91	1.2E-28	T	13-08-2026	IPR036946	Gamma-retroviral matrix domain superfamily	-	Reactome:R-HSA-198933
HERV-E	3cbc5468bbb9fe50d8608c3b8847789e	493	MobiDBLite	mobidb-lite	consensus disorder prediction	163	183	-	T	13-08-2026	-	-	-	-
HERV-E	3cbc5468bbb9fe50d8608c3b8847789e	493	MobiDBLite	mobidb-lite	consensus disorder prediction	450	469	-	T	13-08-2026	-	-	-	-
HERV-E	3cbc5468bbb9fe50d8608c3b8847789e	493	SUPERFAMILY	SSF47836	Retroviral matrix proteins	1	88	1.18E-26	T	13-08-2026	IPR010999	Retroviral matrix protein	-	Reactome:R-HSA-1169408|Reactome:R-HSA-162585|Reactome:R-HSA-162588|Reactome:R-HSA-162592|Reactome:R-HSA-162594|Reactome:R-HSA-164516|Reactome:R-HSA-164525|Reactome:R-HSA-164843|Reactome:R-HSA-173107|Reactome:R-HSA-174490|Reactome:R-HSA-174495|Reactome:R-HSA-175474|Reactome:R-HSA-175567|Reactome:R-HSA-177539|Reactome:R-HSA-180689|Reactome:R-HSA-180910|Reactome:R-HSA-198933
Micropia	9b2074bf6d5ec5935b86390bfd649dd4	276	Pfam	PF00098	Zinc knuckle	244	260	1.6E-4	T	13-08-2026	IPR001878	Zinc finger, CCHC-type	GO:0003676(InterPro)|GO:0008270(InterPro)	Reactome:R-BTA-159231|Reactome:R-BTA-159236|Reactome:R-BTA-72163|Reactome:R-BTA-72165|Reactome:R-BTA-72203|Reactome:R-BTA-73856|Reactome:R-BTA-77595|Reactome:R-BTA-9770562|Reactome:R-CEL-159236|Reactome:R-CEL-72163|Reactome:R-CEL-73856|Reactome:R-DME-159231|Reactome:R-DME-159236|Reactome:R-DME-1834941|Reactome:R-DME-72163|Reactome:R-DME-72165|Reactome:R-DME-72203|Reactome:R-DME-73856|Reactome:R-DME-77595|Reactome:R-DME-8941326|Reactome:R-DME-9770562|Reactome:R-DME-9930044|Reactome:R-DRE-72165|Reactome:R-HSA-1169408|Reactome:R-HSA-159231|Reactome:R-HSA-159236|Reactome:R-HSA-162585|Reactome:R-HSA-162588|Reactome:R-HSA-162592|Reactome:R-HSA-162594|Reactome:R-HSA-164516|Reactome:R-HSA-164525|Reactome:R-HSA-164843|Reactome:R-HSA-168315|Reactome:R-HSA-173107|Reactome:R-HSA-174490|Reactome:R-HSA-174495|Reactome:R-HSA-175474|Reactome:R-HSA-175567|Reactome:R-HSA-177539|Reactome:R-HSA-180689|Reactome:R-HSA-180910|Reactome:R-HSA-429947|Reactome:R-HSA-452723|Reactome:R-HSA-6784531|Reactome:R-HSA-72163|Reactome:R-HSA-72165|Reactome:R-HSA-72187|Reactome:R-HSA-72203|Reactome:R-HSA-73856|Reactome:R-HSA-77595|Reactome:R-HSA-9013422|Reactome:R-HSA-9682706|Reactome:R-HSA-9694686|Reactome:R-HSA-9705671|Reactome:R-HSA-9770562|Reactome:R-HSA-9819196|Reactome:R-HSA-9820865|Reactome:R-HSA-983168|Reactome:R-HSA-9843970|Reactome:R-HSA-9918481|Reactome:R-HSA-9930044|Reactome:R-HSA-9931510|Reactome:R-MMU-159231|Reactome:R-MMU-159236|Reactome:R-MMU-72163|Reactome:R-MMU-72165|Reactome:R-MMU-72187|Reactome:R-MMU-72203|Reactome:R-MMU-73856|Reactome:R-MMU-77595|Reactome:R-MMU-9013422|Reactome:R-MMU-9770562|Reactome:R-MMU-983168|Reactome:R-MMU-9930044|Reactome:R-RNO-159231|Reactome:R-RNO-72165|Reactome:R-RNO-73856|Reactome:R-RNO-77595|Reactome:R-RNO-9770562|Reactome:R-SCE-983168|Reactome:R-SPO-9770562|Reactome:R-SPO-983168|Reactome:R-XTR-77595|Reactome:R-XTR-9770562
Micropia	9b2074bf6d5ec5935b86390bfd649dd4	276	Gene3D	G3DSA:4.10.60.10	-	207	272	3.1E-9	T	13-08-2026	-	-	-	-
Micropia	9b2074bf6d5ec5935b86390bfd649dd4	276	SUPERFAMILY	SSF57756	Retrovirus zinc finger-like domains	232	266	1.79E-8	T	13-08-2026	IPR036875	Zinc finger, CCHC-type superfamily	GO:0003676(InterPro)|GO:0008270(InterPro)	Reactome:R-BTA-159231|Reactome:R-BTA-159236|Reactome:R-BTA-72163|Reactome:R-BTA-72165|Reactome:R-BTA-72203|Reactome:R-BTA-73856|Reactome:R-BTA-77595|Reactome:R-BTA-9770562|Reactome:R-CEL-159236|Reactome:R-CEL-72163|Reactome:R-CEL-73856|Reactome:R-DME-159231|Reactome:R-DME-159236|Reactome:R-DME-1834941|Reactome:R-DME-72163|Reactome:R-DME-72165|Reactome:R-DME-72203|Reactome:R-DME-73856|Reactome:R-DME-77595|Reactome:R-DME-9770562|Reactome:R-DRE-72165|Reactome:R-HSA-1169408|Reactome:R-HSA-159231|Reactome:R-HSA-159236|Reactome:R-HSA-162585|Reactome:R-HSA-162588|Reactome:R-HSA-162592|Reactome:R-HSA-162594|Reactome:R-HSA-164516|Reactome:R-HSA-164525|Reactome:R-HSA-164843|Reactome:R-HSA-168315|Reactome:R-HSA-173107|Reactome:R-HSA-174490|Reactome:R-HSA-174495|Reactome:R-HSA-175474|Reactome:R-HSA-175567|Reactome:R-HSA-177539|Reactome:R-HSA-180689|Reactome:R-HSA-180910|Reactome:R-HSA-429947|Reactome:R-HSA-452723|Reactome:R-HSA-6784531|Reactome:R-HSA-72163|Reactome:R-HSA-72165|Reactome:R-HSA-72187|Reactome:R-HSA-72203|Reactome:R-HSA-73856|Reactome:R-HSA-77595|Reactome:R-HSA-9013422|Reactome:R-HSA-9682706|Reactome:R-HSA-9694686|Reactome:R-HSA-9705671|Reactome:R-HSA-9770562|Reactome:R-HSA-9819196|Reactome:R-HSA-9820865|Reactome:R-HSA-983168|Reactome:R-HSA-9918481|Reactome:R-HSA-9930044|Reactome:R-MMU-159231|Reactome:R-MMU-159236|Reactome:R-MMU-72163|Reactome:R-MMU-72165|Reactome:R-MMU-72187|Reactome:R-MMU-72203|Reactome:R-MMU-73856|Reactome:R-MMU-77595|Reactome:R-MMU-9013422|Reactome:R-MMU-9770562|Reactome:R-MMU-983168|Reactome:R-RNO-159231|Reactome:R-RNO-72165|Reactome:R-RNO-73856|Reactome:R-RNO-77595|Reactome:R-RNO-9770562|Reactome:R-SCE-983168|Reactome:R-SPO-9770562|Reactome:R-SPO-983168|Reactome:R-XTR-77595|Reactome:R-XTR-9770562
Micropia	9b2074bf6d5ec5935b86390bfd649dd4	276	MobiDBLite	mobidb-lite	consensus disorder prediction	256	276	-	T	13-08-2026	-	-	-	-
Micropia	9b2074bf6d5ec5935b86390bfd649dd4	276	ProSiteProfiles	PS50158	Zinc finger CCHC-type profile.	245	260	11.103205	T	13-08-2026	IPR001878	Zinc finger, CCHC-type	GO:0003676(InterPro)|GO:0008270(InterPro)	Reactome:R-BTA-159231|Reactome:R-BTA-159236|Reactome:R-BTA-72163|Reactome:R-BTA-72165|Reactome:R-BTA-72203|Reactome:R-BTA-73856|Reactome:R-BTA-77595|Reactome:R-BTA-9770562|Reactome:R-CEL-159236|Reactome:R-CEL-72163|Reactome:R-CEL-73856|Reactome:R-DME-159231|Reactome:R-DME-159236|Reactome:R-DME-1834941|Reactome:R-DME-72163|Reactome:R-DME-72165|Reactome:R-DME-72203|Reactome:R-DME-73856|Reactome:R-DME-77595|Reactome:R-DME-8941326|Reactome:R-DME-9770562|Reactome:R-DME-9930044|Reactome:R-DRE-72165|Reactome:R-HSA-1169408|Reactome:R-HSA-159231|Reactome:R-HSA-159236|Reactome:R-HSA-162585|Reactome:R-HSA-162588|Reactome:R-HSA-162592|Reactome:R-HSA-162594|Reactome:R-HSA-164516|Reactome:R-HSA-164525|Reactome:R-HSA-164843|Reactome:R-HSA-168315|Reactome:R-HSA-173107|Reactome:R-HSA-174490|Reactome:R-HSA-174495|Reactome:R-HSA-175474|Reactome:R-HSA-175567|Reactome:R-HSA-177539|Reactome:R-HSA-180689|Reactome:R-HSA-180910|Reactome:R-HSA-429947|Reactome:R-HSA-452723|Reactome:R-HSA-6784531|Reactome:R-HSA-72163|Reactome:R-HSA-72165|Reactome:R-HSA-72187|Reactome:R-HSA-72203|Reactome:R-HSA-73856|Reactome:R-HSA-77595|Reactome:R-HSA-9013422|Reactome:R-HSA-9682706|Reactome:R-HSA-9694686|Reactome:R-HSA-9705671|Reactome:R-HSA-9770562|Reactome:R-HSA-9819196|Reactome:R-HSA-9820865|Reactome:R-HSA-983168|Reactome:R-HSA-9843970|Reactome:R-HSA-9918481|Reactome:R-HSA-9930044|Reactome:R-HSA-9931510|Reactome:R-MMU-159231|Reactome:R-MMU-159236|Reactome:R-MMU-72163|Reactome:R-MMU-72165|Reactome:R-MMU-72187|Reactome:R-MMU-72203|Reactome:R-MMU-73856|Reactome:R-MMU-77595|Reactome:R-MMU-9013422|Reactome:R-MMU-9770562|Reactome:R-MMU-983168|Reactome:R-MMU-9930044|Reactome:R-RNO-159231|Reactome:R-RNO-72165|Reactome:R-RNO-73856|Reactome:R-RNO-77595|Reactome:R-RNO-9770562|Reactome:R-SCE-983168|Reactome:R-SPO-9770562|Reactome:R-SPO-983168|Reactome:R-XTR-77595|Reactome:R-XTR-9770562
Micropia	9b2074bf6d5ec5935b86390bfd649dd4	276	SMART	SM00343	c2hcfinal6	210	226	3.9	T	13-08-2026	IPR001878	Zinc finger, CCHC-type	GO:0003676(InterPro)|GO:0008270(InterPro)	Reactome:R-BTA-159231|Reactome:R-BTA-159236|Reactome:R-BTA-72163|Reactome:R-BTA-72165|Reactome:R-BTA-72203|Reactome:R-BTA-73856|Reactome:R-BTA-77595|Reactome:R-BTA-9770562|Reactome:R-CEL-159236|Reactome:R-CEL-72163|Reactome:R-CEL-73856|Reactome:R-DME-159231|Reactome:R-DME-159236|Reactome:R-DME-1834941|Reactome:R-DME-72163|Reactome:R-DME-72165|Reactome:R-DME-72203|Reactome:R-DME-73856|Reactome:R-DME-77595|Reactome:R-DME-8941326|Reactome:R-DME-9770562|Reactome:R-DME-9930044|Reactome:R-DRE-72165|Reactome:R-HSA-1169408|Reactome:R-HSA-159231|Reactome:R-HSA-159236|Reactome:R-HSA-162585|Reactome:R-HSA-162588|Reactome:R-HSA-162592|Reactome:R-HSA-162594|Reactome:R-HSA-164516|Reactome:R-HSA-164525|Reactome:R-HSA-164843|Reactome:R-HSA-168315|Reactome:R-HSA-173107|Reactome:R-HSA-174490|Reactome:R-HSA-174495|Reactome:R-HSA-175474|Reactome:R-HSA-175567|Reactome:R-HSA-177539|Reactome:R-HSA-180689|Reactome:R-HSA-180910|Reactome:R-HSA-429947|Reactome:R-HSA-452723|Reactome:R-HSA-6784531|Reactome:R-HSA-72163|Reactome:R-HSA-72165|Reactome:R-HSA-72187|Reactome:R-HSA-72203|Reactome:R-HSA-73856|Reactome:R-HSA-77595|Reactome:R-HSA-9013422|Reactome:R-HSA-9682706|Reactome:R-HSA-9694686|Reactome:R-HSA-9705671|Reactome:R-HSA-9770562|Reactome:R-HSA-9819196|Reactome:R-HSA-9820865|Reactome:R-HSA-983168|Reactome:R-HSA-9843970|Reactome:R-HSA-9918481|Reactome:R-HSA-9930044|Reactome:R-HSA-9931510|Reactome:R-MMU-159231|Reactome:R-MMU-159236|Reactome:R-MMU-72163|Reactome:R-MMU-72165|Reactome:R-MMU-72187|Reactome:R-MMU-72203|Reactome:R-MMU-73856|Reactome:R-MMU-77595|Reactome:R-MMU-9013422|Reactome:R-MMU-9770562|Reactome:R-MMU-983168|Reactome:R-MMU-9930044|Reactome:R-RNO-159231|Reactome:R-RNO-72165|Reactome:R-RNO-73856|Reactome:R-RNO-77595|Reactome:R-RNO-9770562|Reactome:R-SCE-983168|Reactome:R-SPO-9770562|Reactome:R-SPO-983168|Reactome:R-XTR-77595|Reactome:R-XTR-9770562
Micropia	9b2074bf6d5ec5935b86390bfd649dd4	276	SMART	SM00343	c2hcfinal6	244	260	7.9E-6	T	13-08-2026	IPR001878	Zinc finger, CCHC-type	GO:0003676(InterPro)|GO:0008270(InterPro)	Reactome:R-BTA-159231|Reactome:R-BTA-159236|Reactome:R-BTA-72163|Reactome:R-BTA-72165|Reactome:R-BTA-72203|Reactome:R-BTA-73856|Reactome:R-BTA-77595|Reactome:R-BTA-9770562|Reactome:R-CEL-159236|Reactome:R-CEL-72163|Reactome:R-CEL-73856|Reactome:R-DME-159231|Reactome:R-DME-159236|Reactome:R-DME-1834941|Reactome:R-DME-72163|Reactome:R-DME-72165|Reactome:R-DME-72203|Reactome:R-DME-73856|Reactome:R-DME-77595|Reactome:R-DME-8941326|Reactome:R-DME-9770562|Reactome:R-DME-9930044|Reactome:R-DRE-72165|Reactome:R-HSA-1169408|Reactome:R-HSA-159231|Reactome:R-HSA-159236|Reactome:R-HSA-162585|Reactome:R-HSA-162588|Reactome:R-HSA-162592|Reactome:R-HSA-162594|Reactome:R-HSA-164516|Reactome:R-HSA-164525|Reactome:R-HSA-164843|Reactome:R-HSA-168315|Reactome:R-HSA-173107|Reactome:R-HSA-174490|Reactome:R-HSA-174495|Reactome:R-HSA-175474|Reactome:R-HSA-175567|Reactome:R-HSA-177539|Reactome:R-HSA-180689|Reactome:R-HSA-180910|Reactome:R-HSA-429947|Reactome:R-HSA-452723|Reactome:R-HSA-6784531|Reactome:R-HSA-72163|Reactome:R-HSA-72165|Reactome:R-HSA-72187|Reactome:R-HSA-72203|Reactome:R-HSA-73856|Reactome:R-HSA-77595|Reactome:R-HSA-9013422|Reactome:R-HSA-9682706|Reactome:R-HSA-9694686|Reactome:R-HSA-9705671|Reactome:R-HSA-9770562|Reactome:R-HSA-9819196|Reactome:R-HSA-9820865|Reactome:R-HSA-983168|Reactome:R-HSA-9843970|Reactome:R-HSA-9918481|Reactome:R-HSA-9930044|Reactome:R-HSA-9931510|Reactome:R-MMU-159231|Reactome:R-MMU-159236|Reactome:R-MMU-72163|Reactome:R-MMU-72165|Reactome:R-MMU-72187|Reactome:R-MMU-72203|Reactome:R-MMU-73856|Reactome:R-MMU-77595|Reactome:R-MMU-9013422|Reactome:R-MMU-9770562|Reactome:R-MMU-983168|Reactome:R-MMU-9930044|Reactome:R-RNO-159231|Reactome:R-RNO-72165|Reactome:R-RNO-73856|Reactome:R-RNO-77595|Reactome:R-RNO-9770562|Reactome:R-SCE-983168|Reactome:R-SPO-9770562|Reactome:R-SPO-983168|Reactome:R-XTR-77595|Reactome:R-XTR-9770562
SIVMAC	cb840958098a6877a4620567fc57066d	440	SMART	SM00343	c2hcfinal6	392	408	5.7E-5	T	13-08-2026	IPR001878	Zinc finger, CCHC-type	GO:0003676(InterPro)|GO:0008270(InterPro)	Reactome:R-BTA-159231|Reactome:R-BTA-159236|Reactome:R-BTA-72163|Reactome:R-BTA-72165|Reactome:R-BTA-72203|Reactome:R-BTA-73856|Reactome:R-BTA-77595|Reactome:R-BTA-9770562|Reactome:R-CEL-159236|Reactome:R-CEL-72163|Reactome:R-CEL-73856|Reactome:R-DME-159231|Reactome:R-DME-159236|Reactome:R-DME-1834941|Reactome:R-DME-72163|Reactome:R-DME-72165|Reactome:R-DME-72203|Reactome:R-DME-73856|Reactome:R-DME-77595|Reactome:R-DME-8941326|Reactome:R-DME-9770562|Reactome:R-DME-9930044|Reactome:R-DRE-72165|Reactome:R-HSA-1169408|Reactome:R-HSA-159231|Reactome:R-HSA-159236|Reactome:R-HSA-162585|Reactome:R-HSA-162588|Reactome:R-HSA-162592|Reactome:R-HSA-162594|Reactome:R-HSA-164516|Reactome:R-HSA-164525|Reactome:R-HSA-164843|Reactome:R-HSA-168315|Reactome:R-HSA-173107|Reactome:R-HSA-174490|Reactome:R-HSA-174495|Reactome:R-HSA-175474|Reactome:R-HSA-175567|Reactome:R-HSA-177539|Reactome:R-HSA-180689|Reactome:R-HSA-180910|Reactome:R-HSA-429947|Reactome:R-HSA-452723|Reactome:R-HSA-6784531|Reactome:R-HSA-72163|Reactome:R-HSA-72165|Reactome:R-HSA-72187|Reactome:R-HSA-72203|Reactome:R-HSA-73856|Reactome:R-HSA-77595|Reactome:R-HSA-9013422|Reactome:R-HSA-9682706|Reactome:R-HSA-9694686|Reactome:R-HSA-9705671|Reactome:R-HSA-9770562|Reactome:R-HSA-9819196|Reactome:R-HSA-9820865|Reactome:R-HSA-983168|Reactome:R-HSA-9843970|Reactome:R-HSA-9918481|Reactome:R-HSA-9930044|Reactome:R-HSA-9931510|Reactome:R-MMU-159231|Reactome:R-MMU-159236|Reactome:R-MMU-72163|Reactome:R-MMU-72165|Reactome:R-MMU-72187|Reactome:R-MMU-72203|Reactome:R-MMU-73856|Reactome:R-MMU-77595|Reactome:R-MMU-9013422|Reactome:R-MMU-9770562|Reactome:R-MMU-983168|Reactome:R-MMU-9930044|Reactome:R-RNO-159231|Reactome:R-RNO-72165|Reactome:R-RNO-73856|Reactome:R-RNO-77595|Reactome:R-RNO-9770562|Reactome:R-SCE-983168|Reactome:R-SPO-9770562|Reactome:R-SPO-983168|Reactome:R-XTR-77595|Reactome:R-XTR-9770562
SIVMAC	cb840958098a6877a4620567fc57066d	440	SMART	SM00343	c2hcfinal6	413	429	8.4E-4	T	13-08-2026	IPR001878	Zinc finger, CCHC-type	GO:0003676(InterPro)|GO:0008270(InterPro)	Reactome:R-BTA-159231|Reactome:R-BTA-159236|Reactome:R-BTA-72163|Reactome:R-BTA-72165|Reactome:R-BTA-72203|Reactome:R-BTA-73856|Reactome:R-BTA-77595|Reactome:R-BTA-9770562|Reactome:R-CEL-159236|Reactome:R-CEL-72163|Reactome:R-CEL-73856|Reactome:R-DME-159231|Reactome:R-DME-159236|Reactome:R-DME-1834941|Reactome:R-DME-72163|Reactome:R-DME-72165|Reactome:R-DME-72203|Reactome:R-DME-73856|Reactome:R-DME-77595|Reactome:R-DME-8941326|Reactome:R-DME-9770562|Reactome:R-DME-9930044|Reactome:R-DRE-72165|Reactome:R-HSA-1169408|Reactome:R-HSA-159231|Reactome:R-HSA-159236|Reactome:R-HSA-162585|Reactome:R-HSA-162588|Reactome:R-HSA-162592|Reactome:R-HSA-162594|Reactome:R-HSA-164516|Reactome:R-HSA-164525|Reactome:R-HSA-164843|Reactome:R-HSA-168315|Reactome:R-HSA-173107|Reactome:R-HSA-174490|Reactome:R-HSA-174495|Reactome:R-HSA-175474|Reactome:R-HSA-175567|Reactome:R-HSA-177539|Reactome:R-HSA-180689|Reactome:R-HSA-180910|Reactome:R-HSA-429947|Reactome:R-HSA-452723|Reactome:R-HSA-6784531|Reactome:R-HSA-72163|Reactome:R-HSA-72165|Reactome:R-HSA-72187|Reactome:R-HSA-72203|Reactome:R-HSA-73856|Reactome:R-HSA-77595|Reactome:R-HSA-9013422|Reactome:R-HSA-9682706|Reactome:R-HSA-9694686|Reactome:R-HSA-9705671|Reactome:R-HSA-9770562|Reactome:R-HSA-9819196|Reactome:R-HSA-9820865|Reactome:R-HSA-983168|Reactome:R-HSA-9843970|Reactome:R-HSA-9918481|Reactome:R-HSA-9930044|Reactome:R-HSA-9931510|Reactome:R-MMU-159231|Reactome:R-MMU-159236|Reactome:R-MMU-72163|Reactome:R-MMU-72165|Reactome:R-MMU-72187|Reactome:R-MMU-72203|Reactome:R-MMU-73856|Reactome:R-MMU-77595|Reactome:R-MMU-9013422|Reactome:R-MMU-9770562|Reactome:R-MMU-983168|Reactome:R-MMU-9930044|Reactome:R-RNO-159231|Reactome:R-RNO-72165|Reactome:R-RNO-73856|Reactome:R-RNO-77595|Reactome:R-RNO-9770562|Reactome:R-SCE-983168|Reactome:R-SPO-9770562|Reactome:R-SPO-983168|Reactome:R-XTR-77595|Reactome:R-XTR-9770562
SIVMAC	cb840958098a6877a4620567fc57066d	440	SUPERFAMILY	SSF57756	Retrovirus zinc finger-like domains	383	431	2.44E-15	T	13-08-2026	IPR036875	Zinc finger, CCHC-type superfamily	GO:0003676(InterPro)|GO:0008270(InterPro)	Reactome:R-BTA-159231|Reactome:R-BTA-159236|Reactome:R-BTA-72163|Reactome:R-BTA-72165|Reactome:R-BTA-72203|Reactome:R-BTA-73856|Reactome:R-BTA-77595|Reactome:R-BTA-9770562|Reactome:R-CEL-159236|Reactome:R-CEL-72163|Reactome:R-CEL-73856|Reactome:R-DME-159231|Reactome:R-DME-159236|Reactome:R-DME-1834941|Reactome:R-DME-72163|Reactome:R-DME-72165|Reactome:R-DME-72203|Reactome:R-DME-73856|Reactome:R-DME-77595|Reactome:R-DME-9770562|Reactome:R-DRE-72165|Reactome:R-HSA-1169408|Reactome:R-HSA-159231|Reactome:R-HSA-159236|Reactome:R-HSA-162585|Reactome:R-HSA-162588|Reactome:R-HSA-162592|Reactome:R-HSA-162594|Reactome:R-HSA-164516|Reactome:R-HSA-164525|Reactome:R-HSA-164843|Reactome:R-HSA-168315|Reactome:R-HSA-173107|Reactome:R-HSA-174490|Reactome:R-HSA-174495|Reactome:R-HSA-175474|Reactome:R-HSA-175567|Reactome:R-HSA-177539|Reactome:R-HSA-180689|Reactome:R-HSA-180910|Reactome:R-HSA-429947|Reactome:R-HSA-452723|Reactome:R-HSA-6784531|Reactome:R-HSA-72163|Reactome:R-HSA-72165|Reactome:R-HSA-72187|Reactome:R-HSA-72203|Reactome:R-HSA-73856|Reactome:R-HSA-77595|Reactome:R-HSA-9013422|Reactome:R-HSA-9682706|Reactome:R-HSA-9694686|Reactome:R-HSA-9705671|Reactome:R-HSA-9770562|Reactome:R-HSA-9819196|Reactome:R-HSA-9820865|Reactome:R-HSA-983168|Reactome:R-HSA-9918481|Reactome:R-HSA-9930044|Reactome:R-MMU-159231|Reactome:R-MMU-159236|Reactome:R-MMU-72163|Reactome:R-MMU-72165|Reactome:R-MMU-72187|Reactome:R-MMU-72203|Reactome:R-MMU-73856|Reactome:R-MMU-77595|Reactome:R-MMU-9013422|Reactome:R-MMU-9770562|Reactome:R-MMU-983168|Reactome:R-RNO-159231|Reactome:R-RNO-72165|Reactome:R-RNO-73856|Reactome:R-RNO-77595|Reactome:R-RNO-9770562|Reactome:R-SCE-983168|Reactome:R-SPO-9770562|Reactome:R-SPO-983168|Reactome:R-XTR-77595|Reactome:R-XTR-9770562
SIVMAC	cb840958098a6877a4620567fc57066d	440	PRINTS	PR00234	HIV-1 matrix protein signature	4	20	4.5E-35	T	13-08-2026	IPR000071	Immunodeficiency lentiviral matrix, N-terminal	GO:0005198(InterPro)	Reactome:R-HSA-1169408|Reactome:R-HSA-162585|Reactome:R-HSA-162588|Reactome:R-HSA-162592|Reactome:R-HSA-162594|Reactome:R-HSA-164516|Reactome:R-HSA-164525|Reactome:R-HSA-164843|Reactome:R-HSA-173107|Reactome:R-HSA-174490|Reactome:R-HSA-174495|Reactome:R-HSA-175474|Reactome:R-HSA-175567|Reactome:R-HSA-177539|Reactome:R-HSA-180689|Reactome:R-HSA-180910
SIVMAC	cb840958098a6877a4620567fc57066d	440	PRINTS	PR00234	HIV-1 matrix protein signature	70	89	4.5E-35	T	13-08-2026	IPR000071	Immunodeficiency lentiviral matrix, N-terminal	GO:0005198(InterPro)	Reactome:R-HSA-1169408|Reactome:R-HSA-162585|Reactome:R-HSA-162588|Reactome:R-HSA-162592|Reactome:R-HSA-162594|Reactome:R-HSA-164516|Reactome:R-HSA-164525|Reactome:R-HSA-164843|Reactome:R-HSA-173107|Reactome:R-HSA-174490|Reactome:R-HSA-174495|Reactome:R-HSA-175474|Reactome:R-HSA-175567|Reactome:R-HSA-177539|Reactome:R-HSA-180689|Reactome:R-HSA-180910
SIVMAC	cb840958098a6877a4620567fc57066d	440	PRINTS	PR00234	HIV-1 matrix protein signature	42	57	4.5E-35	T	13-08-2026	IPR000071	Immunodeficiency lentiviral matrix, N-terminal	GO:0005198(InterPro)	Reactome:R-HSA-1169408|Reactome:R-HSA-162585|Reactome:R-HSA-162588|Reactome:R-HSA-162592|Reactome:R-HSA-162594|Reactome:R-HSA-164516|Reactome:R-HSA-164525|Reactome:R-HSA-164843|Reactome:R-HSA-173107|Reactome:R-HSA-174490|Reactome:R-HSA-174495|Reactome:R-HSA-175474|Reactome:R-HSA-175567|Reactome:R-HSA-177539|Reactome:R-HSA-180689|Reactome:R-HSA-180910
SIVMAC	cb840958098a6877a4620567fc57066d	440	PRINTS	PR00234	HIV-1 matrix protein signature	89	102	4.5E-35	T	13-08-2026	IPR000071	Immunodeficiency lentiviral matrix, N-terminal	GO:0005198(InterPro)	Reactome:R-HSA-1169408|Reactome:R-HSA-162585|Reactome:R-HSA-162588|Reactome:R-HSA-162592|Reactome:R-HSA-162594|Reactome:R-HSA-164516|Reactome:R-HSA-164525|Reactome:R-HSA-164843|Reactome:R-HSA-173107|Reactome:R-HSA-174490|Reactome:R-HSA-174495|Reactome:R-HSA-175474|Reactome:R-HSA-175567|Reactome:R-HSA-177539|Reactome:R-HSA-180689|Reactome:R-HSA-180910
SIVMAC	cb840958098a6877a4620567fc57066d	440	PRINTS	PR00234	HIV-1 matrix protein signature	22	40	4.5E-35	T	13-08-2026	IPR000071	Immunodeficiency lentiviral matrix, N-terminal	GO:0005198(InterPro)	Reactome:R-HSA-1169408|Reactome:R-HSA-162585|Reactome:R-HSA-162588|Reactome:R-HSA-162592|Reactome:R-HSA-162594|Reactome:R-HSA-164516|Reactome:R-HSA-164525|Reactome:R-HSA-164843|Reactome:R-HSA-173107|Reactome:R-HSA-174490|Reactome:R-HSA-174495|Reactome:R-HSA-175474|Reactome:R-HSA-175567|Reactome:R-HSA-177539|Reactome:R-HSA-180689|Reactome:R-HSA-180910
SIVMAC	cb840958098a6877a4620567fc57066d	440	Pfam	PF00607	gag protein p24 N-terminal domain	146	270	7.5E-8	T	13-08-2026	-	-	-	-
SIVMAC	cb840958098a6877a4620567fc57066d	440	ProSiteProfiles	PS50158	Zinc finger CCHC-type profile.	392	407	10.592238	T	13-08-2026	IPR001878	Zinc finger, CCHC-type	GO:0003676(InterPro)|GO:0008270(InterPro)	Reactome:R-BTA-159231|Reactome:R-BTA-159236|Reactome:R-BTA-72163|Reactome:R-BTA-72165|Reactome:R-BTA-72203|Reactome:R-BTA-73856|Reactome:R-BTA-77595|Reactome:R-BTA-9770562|Reactome:R-CEL-159236|Reactome:R-CEL-72163|Reactome:R-CEL-73856|Reactome:R-DME-159231|Reactome:R-DME-159236|Reactome:R-DME-1834941|Reactome:R-DME-72163|Reactome:R-DME-72165|Reactome:R-DME-72203|Reactome:R-DME-73856|Reactome:R-DME-77595|Reactome:R-DME-8941326|Reactome:R-DME-9770562|Reactome:R-DME-9930044|Reactome:R-DRE-72165|Reactome:R-HSA-1169408|Reactome:R-HSA-159231|Reactome:R-HSA-159236|Reactome:R-HSA-162585|Reactome:R-HSA-162588|Reactome:R-HSA-162592|Reactome:R-HSA-162594|Reactome:R-HSA-164516|Reactome:R-HSA-164525|Reactome:R-HSA-164843|Reactome:R-HSA-168315|Reactome:R-HSA-173107|Reactome:R-HSA-174490|Reactome:R-HSA-174495|Reactome:R-HSA-175474|Reactome:R-HSA-175567|Reactome:R-HSA-177539|Reactome:R-HSA-180689|Reactome:R-HSA-180910|Reactome:R-HSA-429947|Reactome:R-HSA-452723|Reactome:R-HSA-6784531|Reactome:R-HSA-72163|Reactome:R-HSA-72165|Reactome:R-HSA-72187|Reactome:R-HSA-72203|Reactome:R-HSA-73856|Reactome:R-HSA-77595|Reactome:R-HSA-9013422|Reactome:R-HSA-9682706|Reactome:R-HSA-9694686|Reactome:R-HSA-9705671|Reactome:R-HSA-9770562|Reactome:R-HSA-9819196|Reactome:R-HSA-9820865|Reactome:R-HSA-983168|Reactome:R-HSA-9843970|Reactome:R-HSA-9918481|Reactome:R-HSA-9930044|Reactome:R-HSA-9931510|Reactome:R-MMU-159231|Reactome:R-MMU-159236|Reactome:R-MMU-72163|Reactome:R-MMU-72165|Reactome:R-MMU-72187|Reactome:R-MMU-72203|Reactome:R-MMU-73856|Reactome:R-MMU-77595|Reactome:R-MMU-9013422|Reactome:R-MMU-9770562|Reactome:R-MMU-983168|Reactome:R-MMU-9930044|Reactome:R-RNO-159231|Reactome:R-RNO-72165|Reactome:R-RNO-73856|Reactome:R-RNO-77595|Reactome:R-RNO-9770562|Reactome:R-SCE-983168|Reactome:R-SPO-9770562|Reactome:R-SPO-983168|Reactome:R-XTR-77595|Reactome:R-XTR-9770562
SIVMAC	cb840958098a6877a4620567fc57066d	440	MobiDBLite	mobidb-lite	consensus disorder prediction	218	227	-	T	13-08-2026	-	-	-	-
SIVMAC	cb840958098a6877a4620567fc57066d	440	MobiDBLite	mobidb-lite	consensus disorder prediction	218	237	-	T	13-08-2026	-	-	-	-
SIVMAC	cb840958098a6877a4620567fc57066d	440	Pfam	PF00098	Zinc knuckle	391	407	0.036	T	13-08-2026	IPR001878	Zinc finger, CCHC-type	GO:0003676(InterPro)|GO:0008270(InterPro)	Reactome:R-BTA-159231|Reactome:R-BTA-159236|Reactome:R-BTA-72163|Reactome:R-BTA-72165|Reactome:R-BTA-72203|Reactome:R-BTA-73856|Reactome:R-BTA-77595|Reactome:R-BTA-9770562|Reactome:R-CEL-159236|Reactome:R-CEL-72163|Reactome:R-CEL-73856|Reactome:R-DME-159231|Reactome:R-DME-159236|Reactome:R-DME-1834941|Reactome:R-DME-72163|Reactome:R-DME-72165|Reactome:R-DME-72203|Reactome:R-DME-73856|Reactome:R-DME-77595|Reactome:R-DME-8941326|Reactome:R-DME-9770562|Reactome:R-DME-9930044|Reactome:R-DRE-72165|Reactome:R-HSA-1169408|Reactome:R-HSA-159231|Reactome:R-HSA-159236|Reactome:R-HSA-162585|Reactome:R-HSA-162588|Reactome:R-HSA-162592|Reactome:R-HSA-162594|Reactome:R-HSA-164516|Reactome:R-HSA-164525|Reactome:R-HSA-164843|Reactome:R-HSA-168315|Reactome:R-HSA-173107|Reactome:R-HSA-174490|Reactome:R-HSA-174495|Reactome:R-HSA-175474|Reactome:R-HSA-175567|Reactome:R-HSA-177539|Reactome:R-HSA-180689|Reactome:R-HSA-180910|Reactome:R-HSA-429947|Reactome:R-HSA-452723|Reactome:R-HSA-6784531|Reactome:R-HSA-72163|Reactome:R-HSA-72165|Reactome:R-HSA-72187|Reactome:R-HSA-72203|Reactome:R-HSA-73856|Reactome:R-HSA-77595|Reactome:R-HSA-9013422|Reactome:R-HSA-9682706|Reactome:R-HSA-9694686|Reactome:R-HSA-9705671|Reactome:R-HSA-9770562|Reactome:R-HSA-9819196|Reactome:R-HSA-9820865|Reactome:R-HSA-983168|Reactome:R-HSA-9843970|Reactome:R-HSA-9918481|Reactome:R-HSA-9930044|Reactome:R-HSA-9931510|Reactome:R-MMU-159231|Reactome:R-MMU-159236|Reactome:R-MMU-72163|Reactome:R-MMU-72165|Reactome:R-MMU-72187|Reactome:R-MMU-72203|Reactome:R-MMU-73856|Reactome:R-MMU-77595|Reactome:R-MMU-9013422|Reactome:R-MMU-9770562|Reactome:R-MMU-983168|Reactome:R-MMU-9930044|Reactome:R-RNO-159231|Reactome:R-RNO-72165|Reactome:R-RNO-73856|Reactome:R-RNO-77595|Reactome:R-RNO-9770562|Reactome:R-SCE-983168|Reactome:R-SPO-9770562|Reactome:R-SPO-983168|Reactome:R-XTR-77595|Reactome:R-XTR-9770562
SIVMAC	cb840958098a6877a4620567fc57066d	440	Gene3D	G3DSA:1.10.150.90	Immunodeficiency lentiviruses, gag gene matrix protein p17	1	119	8.8E-52	T	13-08-2026	IPR012344	Matrix protein, lentiviral and alpha-retroviral, N-terminal	-	Reactome:R-HSA-1169408|Reactome:R-HSA-162585|Reactome:R-HSA-162588|Reactome:R-HSA-162592|Reactome:R-HSA-162594|Reactome:R-HSA-164516|Reactome:R-HSA-164525|Reactome:R-HSA-164843|Reactome:R-HSA-173107|Reactome:R-HSA-174490|Reactome:R-HSA-174495|Reactome:R-HSA-175474|Reactome:R-HSA-175567|Reactome:R-HSA-177539|Reactome:R-HSA-180689|Reactome:R-HSA-180910
SIVMAC	cb840958098a6877a4620567fc57066d	440	SUPERFAMILY	SSF47836	Retroviral matrix proteins	2	139	9.81E-52	T	13-08-2026	IPR010999	Retroviral matrix protein	-	Reactome:R-HSA-1169408|Reactome:R-HSA-162585|Reactome:R-HSA-162588|Reactome:R-HSA-162592|Reactome:R-HSA-162594|Reactome:R-HSA-164516|Reactome:R-HSA-164525|Reactome:R-HSA-164843|Reactome:R-HSA-173107|Reactome:R-HSA-174490|Reactome:R-HSA-174495|Reactome:R-HSA-175474|Reactome:R-HSA-175567|Reactome:R-HSA-177539|Reactome:R-HSA-180689|Reactome:R-HSA-180910|Reactome:R-HSA-198933
SIVMAC	cb840958098a6877a4620567fc57066d	440	Gene3D	G3DSA:1.10.375.10	Human Immunodeficiency Virus Type 1 Capsid Protein	136	274	1.0E-69	T	13-08-2026	IPR008919	Retrovirus capsid, N-terminal	GO:0016032(InterPro)	Reactome:R-HSA-1169408|Reactome:R-HSA-162585|Reactome:R-HSA-162588|Reactome:R-HSA-162592|Reactome:R-HSA-162594|Reactome:R-HSA-164516|Reactome:R-HSA-164525|Reactome:R-HSA-164843|Reactome:R-HSA-173107|Reactome:R-HSA-174490|Reactome:R-HSA-174495|Reactome:R-HSA-175474|Reactome:R-HSA-175567|Reactome:R-HSA-177539|Reactome:R-HSA-180689|Reactome:R-HSA-180910
SIVMAC	cb840958098a6877a4620567fc57066d	440	PANTHER	PTHR40389	ENDOGENOUS RETROVIRUS GROUP K MEMBER 24 GAG POLYPROTEIN-RELATED	281	431	6.0E-25	T	13-08-2026	IPR050195	Primate lentivirus group Gag polyprotein-like	-	Reactome:R-HSA-1169408|Reactome:R-HSA-162585|Reactome:R-HSA-162588|Reactome:R-HSA-162592|Reactome:R-HSA-162594|Reactome:R-HSA-164516|Reactome:R-HSA-164525|Reactome:R-HSA-164843|Reactome:R-HSA-173107|Reactome:R-HSA-174490|Reactome:R-HSA-174495|Reactome:R-HSA-175474|Reactome:R-HSA-175567|Reactome:R-HSA-177539|Reactome:R-HSA-180689|Reactome:R-HSA-180910
SIVMAC	cb840958098a6877a4620567fc57066d	440	Pfam	PF00540	gag gene protein p17 (matrix protein)	2	127	1.8E-46	T	13-08-2026	IPR000071	Immunodeficiency lentiviral matrix, N-terminal	GO:0005198(InterPro)	Reactome:R-HSA-1169408|Reactome:R-HSA-162585|Reactome:R-HSA-162588|Reactome:R-HSA-162592|Reactome:R-HSA-162594|Reactome:R-HSA-164516|Reactome:R-HSA-164525|Reactome:R-HSA-164843|Reactome:R-HSA-173107|Reactome:R-HSA-174490|Reactome:R-HSA-174495|Reactome:R-HSA-175474|Reactome:R-HSA-175567|Reactome:R-HSA-177539|Reactome:R-HSA-180689|Reactome:R-HSA-180910
SIVMAC	cb840958098a6877a4620567fc57066d	440	Pfam	PF19317	Gag protein p24 C-terminal domain	277	350	3.0E-28	T	13-08-2026	IPR045345	Retroviral nucleocapsid Gag protein p24, C-terminal domain	-	Reactome:R-HSA-1169408|Reactome:R-HSA-162585|Reactome:R-HSA-162588|Reactome:R-HSA-162592|Reactome:R-HSA-162594|Reactome:R-HSA-164516|Reactome:R-HSA-164525|Reactome:R-HSA-164843|Reactome:R-HSA-173107|Reactome:R-HSA-174490|Reactome:R-HSA-174495|Reactome:R-HSA-175474|Reactome:R-HSA-175567|Reactome:R-HSA-177539|Reactome:R-HSA-180689|Reactome:R-HSA-180910
SIVMAC	cb840958098a6877a4620567fc57066d	440	SUPERFAMILY	SSF47353	Retrovirus capsid dimerization domain-like	282	362	8.79E-30	T	13-08-2026	-	-	-	-
SIVMAC	cb840958098a6877a4620567fc57066d	440	Gene3D	G3DSA:1.10.1200.30	-	275	348	1.4E-34	T	13-08-2026	IPR008916	Retrovirus capsid, C-terminal	-	Reactome:R-HSA-1169408|Reactome:R-HSA-162585|Reactome:R-HSA-162588|Reactome:R-HSA-162592|Reactome:R-HSA-162594|Reactome:R-HSA-164516|Reactome:R-HSA-164525|Reactome:R-HSA-164843|Reactome:R-HSA-173107|Reactome:R-HSA-174490|Reactome:R-HSA-174495|Reactome:R-HSA-175474|Reactome:R-HSA-175567|Reactome:R-HSA-177539|Reactome:R-HSA-180689|Reactome:R-HSA-180910
SIVMAC	cb840958098a6877a4620567fc57066d	440	SUPERFAMILY	SSF47943	Retrovirus capsid protein, N-terminal core domain	134	290	1.33E-70	T	13-08-2026	IPR008919	Retrovirus capsid, N-terminal	GO:0016032(InterPro)	Reactome:R-HSA-1169408|Reactome:R-HSA-162585|Reactome:R-HSA-162588|Reactome:R-HSA-162592|Reactome:R-HSA-162594|Reactome:R-HSA-164516|Reactome:R-HSA-164525|Reactome:R-HSA-164843|Reactome:R-HSA-173107|Reactome:R-HSA-174490|Reactome:R-HSA-174495|Reactome:R-HSA-175474|Reactome:R-HSA-175567|Reactome:R-HSA-177539|Reactome:R-HSA-180689|Reactome:R-HSA-180910
SIVMAC	cb840958098a6877a4620567fc57066d	440	ProSiteProfiles	PS50158	Zinc finger CCHC-type profile.	414	429	9.092303	T	13-08-2026	IPR001878	Zinc finger, CCHC-type	GO:0003676(InterPro)|GO:0008270(InterPro)	Reactome:R-BTA-159231|Reactome:R-BTA-159236|Reactome:R-BTA-72163|Reactome:R-BTA-72165|Reactome:R-BTA-72203|Reactome:R-BTA-73856|Reactome:R-BTA-77595|Reactome:R-BTA-9770562|Reactome:R-CEL-159236|Reactome:R-CEL-72163|Reactome:R-CEL-73856|Reactome:R-DME-159231|Reactome:R-DME-159236|Reactome:R-DME-1834941|Reactome:R-DME-72163|Reactome:R-DME-72165|Reactome:R-DME-72203|Reactome:R-DME-73856|Reactome:R-DME-77595|Reactome:R-DME-8941326|Reactome:R-DME-9770562|Reactome:R-DME-9930044|Reactome:R-DRE-72165|Reactome:R-HSA-1169408|Reactome:R-HSA-159231|Reactome:R-HSA-159236|Reactome:R-HSA-162585|Reactome:R-HSA-162588|Reactome:R-HSA-162592|Reactome:R-HSA-162594|Reactome:R-HSA-164516|Reactome:R-HSA-164525|Reactome:R-HSA-164843|Reactome:R-HSA-168315|Reactome:R-HSA-173107|Reactome:R-HSA-174490|Reactome:R-HSA-174495|Reactome:R-HSA-175474|Reactome:R-HSA-175567|Reactome:R-HSA-177539|Reactome:R-HSA-180689|Reactome:R-HSA-180910|Reactome:R-HSA-429947|Reactome:R-HSA-452723|Reactome:R-HSA-6784531|Reactome:R-HSA-72163|Reactome:R-HSA-72165|Reactome:R-HSA-72187|Reactome:R-HSA-72203|Reactome:R-HSA-73856|Reactome:R-HSA-77595|Reactome:R-HSA-9013422|Reactome:R-HSA-9682706|Reactome:R-HSA-9694686|Reactome:R-HSA-9705671|Reactome:R-HSA-9770562|Reactome:R-HSA-9819196|Reactome:R-HSA-9820865|Reactome:R-HSA-983168|Reactome:R-HSA-9843970|Reactome:R-HSA-9918481|Reactome:R-HSA-9930044|Reactome:R-HSA-9931510|Reactome:R-MMU-159231|Reactome:R-MMU-159236|Reactome:R-MMU-72163|Reactome:R-MMU-72165|Reactome:R-MMU-72187|Reactome:R-MMU-72203|Reactome:R-MMU-73856|Reactome:R-MMU-77595|Reactome:R-MMU-9013422|Reactome:R-MMU-9770562|Reactome:R-MMU-983168|Reactome:R-MMU-9930044|Reactome:R-RNO-159231|Reactome:R-RNO-72165|Reactome:R-RNO-73856|Reactome:R-RNO-77595|Reactome:R-RNO-9770562|Reactome:R-SCE-983168|Reactome:R-SPO-9770562|Reactome:R-SPO-983168|Reactome:R-XTR-77595|Reactome:R-XTR-9770562
SIVMAC	cb840958098a6877a4620567fc57066d	440	Gene3D	G3DSA:4.10.60.10	-	389	433	2.8E-15	T	13-08-2026	-	-	-	-
SIVMAC	cb840958098a6877a4620567fc57066d	440	Gene3D	G3DSA:1.20.5.760	Single helix bin	349	388	7.4E-17	T	13-08-2026	-	-	-	-
Cer4	966eabc705b33d7401ca85d05ec34d01	311	Pfam	PF23309	Domain of unknown function (DUF7083)	43	132	2.3E-23	T	13-08-2026	IPR055510	Domain of unknown function DUF7083	-	-
Cer4	966eabc705b33d7401ca85d05ec34d01	311	ProSiteProfiles	PS50158	Zinc finger CCHC-type profile.	280	295	10.674652	T	13-08-2026	IPR001878	Zinc finger, CCHC-type	GO:0003676(InterPro)|GO:0008270(InterPro)	Reactome:R-BTA-159231|Reactome:R-BTA-159236|Reactome:R-BTA-72163|Reactome:R-BTA-72165|Reactome:R-BTA-72203|Reactome:R-BTA-73856|Reactome:R-BTA-77595|Reactome:R-BTA-9770562|Reactome:R-CEL-159236|Reactome:R-CEL-72163|Reactome:R-CEL-73856|Reactome:R-DME-159231|Reactome:R-DME-159236|Reactome:R-DME-1834941|Reactome:R-DME-72163|Reactome:R-DME-72165|Reactome:R-DME-72203|Reactome:R-DME-73856|Reactome:R-DME-77595|Reactome:R-DME-8941326|Reactome:R-DME-9770562|Reactome:R-DME-9930044|Reactome:R-DRE-72165|Reactome:R-HSA-1169408|Reactome:R-HSA-159231|Reactome:R-HSA-159236|Reactome:R-HSA-162585|Reactome:R-HSA-162588|Reactome:R-HSA-162592|Reactome:R-HSA-162594|Reactome:R-HSA-164516|Reactome:R-HSA-164525|Reactome:R-HSA-164843|Reactome:R-HSA-168315|Reactome:R-HSA-173107|Reactome:R-HSA-174490|Reactome:R-HSA-174495|Reactome:R-HSA-175474|Reactome:R-HSA-175567|Reactome:R-HSA-177539|Reactome:R-HSA-180689|Reactome:R-HSA-180910|Reactome:R-HSA-429947|Reactome:R-HSA-452723|Reactome:R-HSA-6784531|Reactome:R-HSA-72163|Reactome:R-HSA-72165|Reactome:R-HSA-72187|Reactome:R-HSA-72203|Reactome:R-HSA-73856|Reactome:R-HSA-77595|Reactome:R-HSA-9013422|Reactome:R-HSA-9682706|Reactome:R-HSA-9694686|Reactome:R-HSA-9705671|Reactome:R-HSA-9770562|Reactome:R-HSA-9819196|Reactome:R-HSA-9820865|Reactome:R-HSA-983168|Reactome:R-HSA-9843970|Reactome:R-HSA-9918481|Reactome:R-HSA-9930044|Reactome:R-HSA-9931510|Reactome:R-MMU-159231|Reactome:R-MMU-159236|Reactome:R-MMU-72163|Reactome:R-MMU-72165|Reactome:R-MMU-72187|Reactome:R-MMU-72203|Reactome:R-MMU-73856|Reactome:R-MMU-77595|Reactome:R-MMU-9013422|Reactome:R-MMU-9770562|Reactome:R-MMU-983168|Reactome:R-MMU-9930044|Reactome:R-RNO-159231|Reactome:R-RNO-72165|Reactome:R-RNO-73856|Reactome:R-RNO-77595|Reactome:R-RNO-9770562|Reactome:R-SCE-983168|Reactome:R-SPO-9770562|Reactome:R-SPO-983168|Reactome:R-XTR-77595|Reactome:R-XTR-9770562
Cer4	966eabc705b33d7401ca85d05ec34d01	311	PANTHER	PTHR36943	CCHC-TYPE DOMAIN-CONTAINING PROTEIN	45	300	1.4E-68	T	13-08-2026	-	-	-	-
Cer4	966eabc705b33d7401ca85d05ec34d01	311	SUPERFAMILY	SSF57756	Retrovirus zinc finger-like domains	271	303	4.19E-7	T	13-08-2026	IPR036875	Zinc finger, CCHC-type superfamily	GO:0003676(InterPro)|GO:0008270(InterPro)	Reactome:R-BTA-159231|Reactome:R-BTA-159236|Reactome:R-BTA-72163|Reactome:R-BTA-72165|Reactome:R-BTA-72203|Reactome:R-BTA-73856|Reactome:R-BTA-77595|Reactome:R-BTA-9770562|Reactome:R-CEL-159236|Reactome:R-CEL-72163|Reactome:R-CEL-73856|Reactome:R-DME-159231|Reactome:R-DME-159236|Reactome:R-DME-1834941|Reactome:R-DME-72163|Reactome:R-DME-72165|Reactome:R-DME-72203|Reactome:R-DME-73856|Reactome:R-DME-77595|Reactome:R-DME-9770562|Reactome:R-DRE-72165|Reactome:R-HSA-1169408|Reactome:R-HSA-159231|Reactome:R-HSA-159236|Reactome:R-HSA-162585|Reactome:R-HSA-162588|Reactome:R-HSA-162592|Reactome:R-HSA-162594|Reactome:R-HSA-164516|Reactome:R-HSA-164525|Reactome:R-HSA-164843|Reactome:R-HSA-168315|Reactome:R-HSA-173107|Reactome:R-HSA-174490|Reactome:R-HSA-174495|Reactome:R-HSA-175474|Reactome:R-HSA-175567|Reactome:R-HSA-177539|Reactome:R-HSA-180689|Reactome:R-HSA-180910|Reactome:R-HSA-429947|Reactome:R-HSA-452723|Reactome:R-HSA-6784531|Reactome:R-HSA-72163|Reactome:R-HSA-72165|Reactome:R-HSA-72187|Reactome:R-HSA-72203|Reactome:R-HSA-73856|Reactome:R-HSA-77595|Reactome:R-HSA-9013422|Reactome:R-HSA-9682706|Reactome:R-HSA-9694686|Reactome:R-HSA-9705671|Reactome:R-HSA-9770562|Reactome:R-HSA-9819196|Reactome:R-HSA-9820865|Reactome:R-HSA-983168|Reactome:R-HSA-9918481|Reactome:R-HSA-9930044|Reactome:R-MMU-159231|Reactome:R-MMU-159236|Reactome:R-MMU-72163|Reactome:R-MMU-72165|Reactome:R-MMU-72187|Reactome:R-MMU-72203|Reactome:R-MMU-73856|Reactome:R-MMU-77595|Reactome:R-MMU-9013422|Reactome:R-MMU-9770562|Reactome:R-MMU-983168|Reactome:R-RNO-159231|Reactome:R-RNO-72165|Reactome:R-RNO-73856|Reactome:R-RNO-77595|Reactome:R-RNO-9770562|Reactome:R-SCE-983168|Reactome:R-SPO-9770562|Reactome:R-SPO-983168|Reactome:R-XTR-77595|Reactome:R-XTR-9770562
Cer4	966eabc705b33d7401ca85d05ec34d01	311	MobiDBLite	mobidb-lite	consensus disorder prediction	292	311	-	T	13-08-2026	-	-	-	-
Cer4	966eabc705b33d7401ca85d05ec34d01	311	Gene3D	G3DSA:4.10.60.10	-	220	308	4.7E-7	T	13-08-2026	-	-	-	-
Cer4	966eabc705b33d7401ca85d05ec34d01	311	Pfam	PF00098	Zinc knuckle	278	295	0.013	T	13-08-2026	IPR001878	Zinc finger, CCHC-type	GO:0003676(InterPro)|GO:0008270(InterPro)	Reactome:R-BTA-159231|Reactome:R-BTA-159236|Reactome:R-BTA-72163|Reactome:R-BTA-72165|Reactome:R-BTA-72203|Reactome:R-BTA-73856|Reactome:R-BTA-77595|Reactome:R-BTA-9770562|Reactome:R-CEL-159236|Reactome:R-CEL-72163|Reactome:R-CEL-73856|Reactome:R-DME-159231|Reactome:R-DME-159236|Reactome:R-DME-1834941|Reactome:R-DME-72163|Reactome:R-DME-72165|Reactome:R-DME-72203|Reactome:R-DME-73856|Reactome:R-DME-77595|Reactome:R-DME-8941326|Reactome:R-DME-9770562|Reactome:R-DME-9930044|Reactome:R-DRE-72165|Reactome:R-HSA-1169408|Reactome:R-HSA-159231|Reactome:R-HSA-159236|Reactome:R-HSA-162585|Reactome:R-HSA-162588|Reactome:R-HSA-162592|Reactome:R-HSA-162594|Reactome:R-HSA-164516|Reactome:R-HSA-164525|Reactome:R-HSA-164843|Reactome:R-HSA-168315|Reactome:R-HSA-173107|Reactome:R-HSA-174490|Reactome:R-HSA-174495|Reactome:R-HSA-175474|Reactome:R-HSA-175567|Reactome:R-HSA-177539|Reactome:R-HSA-180689|Reactome:R-HSA-180910|Reactome:R-HSA-429947|Reactome:R-HSA-452723|Reactome:R-HSA-6784531|Reactome:R-HSA-72163|Reactome:R-HSA-72165|Reactome:R-HSA-72187|Reactome:R-HSA-72203|Reactome:R-HSA-73856|Reactome:R-HSA-77595|Reactome:R-HSA-9013422|Reactome:R-HSA-9682706|Reactome:R-HSA-9694686|Reactome:R-HSA-9705671|Reactome:R-HSA-9770562|Reactome:R-HSA-9819196|Reactome:R-HSA-9820865|Reactome:R-HSA-983168|Reactome:R-HSA-9843970|Reactome:R-HSA-9918481|Reactome:R-HSA-9930044|Reactome:R-HSA-9931510|Reactome:R-MMU-159231|Reactome:R-MMU-159236|Reactome:R-MMU-72163|Reactome:R-MMU-72165|Reactome:R-MMU-72187|Reactome:R-MMU-72203|Reactome:R-MMU-73856|Reactome:R-MMU-77595|Reactome:R-MMU-9013422|Reactome:R-MMU-9770562|Reactome:R-MMU-983168|Reactome:R-MMU-9930044|Reactome:R-RNO-159231|Reactome:R-RNO-72165|Reactome:R-RNO-73856|Reactome:R-RNO-77595|Reactome:R-RNO-9770562|Reactome:R-SCE-983168|Reactome:R-SPO-9770562|Reactome:R-SPO-983168|Reactome:R-XTR-77595|Reactome:R-XTR-9770562
Cer4	966eabc705b33d7401ca85d05ec34d01	311	SMART	SM00343	c2hcfinal6	279	295	1.8E-4	T	13-08-2026	IPR001878	Zinc finger, CCHC-type	GO:0003676(InterPro)|GO:0008270(InterPro)	Reactome:R-BTA-159231|Reactome:R-BTA-159236|Reactome:R-BTA-72163|Reactome:R-BTA-72165|Reactome:R-BTA-72203|Reactome:R-BTA-73856|Reactome:R-BTA-77595|Reactome:R-BTA-9770562|Reactome:R-CEL-159236|Reactome:R-CEL-72163|Reactome:R-CEL-73856|Reactome:R-DME-159231|Reactome:R-DME-159236|Reactome:R-DME-1834941|Reactome:R-DME-72163|Reactome:R-DME-72165|Reactome:R-DME-72203|Reactome:R-DME-73856|Reactome:R-DME-77595|Reactome:R-DME-8941326|Reactome:R-DME-9770562|Reactome:R-DME-9930044|Reactome:R-DRE-72165|Reactome:R-HSA-1169408|Reactome:R-HSA-159231|Reactome:R-HSA-159236|Reactome:R-HSA-162585|Reactome:R-HSA-162588|Reactome:R-HSA-162592|Reactome:R-HSA-162594|Reactome:R-HSA-164516|Reactome:R-HSA-164525|Reactome:R-HSA-164843|Reactome:R-HSA-168315|Reactome:R-HSA-173107|Reactome:R-HSA-174490|Reactome:R-HSA-174495|Reactome:R-HSA-175474|Reactome:R-HSA-175567|Reactome:R-HSA-177539|Reactome:R-HSA-180689|Reactome:R-HSA-180910|Reactome:R-HSA-429947|Reactome:R-HSA-452723|Reactome:R-HSA-6784531|Reactome:R-HSA-72163|Reactome:R-HSA-72165|Reactome:R-HSA-72187|Reactome:R-HSA-72203|Reactome:R-HSA-73856|Reactome:R-HSA-77595|Reactome:R-HSA-9013422|Reactome:R-HSA-9682706|Reactome:R-HSA-9694686|Reactome:R-HSA-9705671|Reactome:R-HSA-9770562|Reactome:R-HSA-9819196|Reactome:R-HSA-9820865|Reactome:R-HSA-983168|Reactome:R-HSA-9843970|Reactome:R-HSA-9918481|Reactome:R-HSA-9930044|Reactome:R-HSA-9931510|Reactome:R-MMU-159231|Reactome:R-MMU-159236|Reactome:R-MMU-72163|Reactome:R-MMU-72165|Reactome:R-MMU-72187|Reactome:R-MMU-72203|Reactome:R-MMU-73856|Reactome:R-MMU-77595|Reactome:R-MMU-9013422|Reactome:R-MMU-9770562|Reactome:R-MMU-983168|Reactome:R-MMU-9930044|Reactome:R-RNO-159231|Reactome:R-RNO-72165|Reactome:R-RNO-73856|Reactome:R-RNO-77595|Reactome:R-RNO-9770562|Reactome:R-SCE-983168|Reactome:R-SPO-9770562|Reactome:R-SPO-983168|Reactome:R-XTR-77595|Reactome:R-XTR-9770562
Gmr1	0b163790393ac1dea4d760ba49807797	297	Pfam	PF00098	Zinc knuckle	242	257	0.0054	T	13-08-2026	IPR001878	Zinc finger, CCHC-type	GO:0003676(InterPro)|GO:0008270(InterPro)	Reactome:R-BTA-159231|Reactome:R-BTA-159236|Reactome:R-BTA-72163|Reactome:R-BTA-72165|Reactome:R-BTA-72203|Reactome:R-BTA-73856|Reactome:R-BTA-77595|Reactome:R-BTA-9770562|Reactome:R-CEL-159236|Reactome:R-CEL-72163|Reactome:R-CEL-73856|Reactome:R-DME-159231|Reactome:R-DME-159236|Reactome:R-DME-1834941|Reactome:R-DME-72163|Reactome:R-DME-72165|Reactome:R-DME-72203|Reactome:R-DME-73856|Reactome:R-DME-77595|Reactome:R-DME-8941326|Reactome:R-DME-9770562|Reactome:R-DME-9930044|Reactome:R-DRE-72165|Reactome:R-HSA-1169408|Reactome:R-HSA-159231|Reactome:R-HSA-159236|Reactome:R-HSA-162585|Reactome:R-HSA-162588|Reactome:R-HSA-162592|Reactome:R-HSA-162594|Reactome:R-HSA-164516|Reactome:R-HSA-164525|Reactome:R-HSA-164843|Reactome:R-HSA-168315|Reactome:R-HSA-173107|Reactome:R-HSA-174490|Reactome:R-HSA-174495|Reactome:R-HSA-175474|Reactome:R-HSA-175567|Reactome:R-HSA-177539|Reactome:R-HSA-180689|Reactome:R-HSA-180910|Reactome:R-HSA-429947|Reactome:R-HSA-452723|Reactome:R-HSA-6784531|Reactome:R-HSA-72163|Reactome:R-HSA-72165|Reactome:R-HSA-72187|Reactome:R-HSA-72203|Reactome:R-HSA-73856|Reactome:R-HSA-77595|Reactome:R-HSA-9013422|Reactome:R-HSA-9682706|Reactome:R-HSA-9694686|Reactome:R-HSA-9705671|Reactome:R-HSA-9770562|Reactome:R-HSA-9819196|Reactome:R-HSA-9820865|Reactome:R-HSA-983168|Reactome:R-HSA-9843970|Reactome:R-HSA-9918481|Reactome:R-HSA-9930044|Reactome:R-HSA-9931510|Reactome:R-MMU-159231|Reactome:R-MMU-159236|Reactome:R-MMU-72163|Reactome:R-MMU-72165|Reactome:R-MMU-72187|Reactome:R-MMU-72203|Reactome:R-MMU-73856|Reactome:R-MMU-77595|Reactome:R-MMU-9013422|Reactome:R-MMU-9770562|Reactome:R-MMU-983168|Reactome:R-MMU-9930044|Reactome:R-RNO-159231|Reactome:R-RNO-72165|Reactome:R-RNO-73856|Reactome:R-RNO-77595|Reactome:R-RNO-9770562|Reactome:R-SCE-983168|Reactome:R-SPO-9770562|Reactome:R-SPO-983168|Reactome:R-XTR-77595|Reactome:R-XTR-9770562
Gmr1	0b163790393ac1dea4d760ba49807797	297	SUPERFAMILY	SSF57756	Retrovirus zinc finger-like domains	226	262	1.45E-7	T	13-08-2026	IPR036875	Zinc finger, CCHC-type superfamily	GO:0003676(InterPro)|GO:0008270(InterPro)	Reactome:R-BTA-159231|Reactome:R-BTA-159236|Reactome:R-BTA-72163|Reactome:R-BTA-72165|Reactome:R-BTA-72203|Reactome:R-BTA-73856|Reactome:R-BTA-77595|Reactome:R-BTA-9770562|Reactome:R-CEL-159236|Reactome:R-CEL-72163|Reactome:R-CEL-73856|Reactome:R-DME-159231|Reactome:R-DME-159236|Reactome:R-DME-1834941|Reactome:R-DME-72163|Reactome:R-DME-72165|Reactome:R-DME-72203|Reactome:R-DME-73856|Reactome:R-DME-77595|Reactome:R-DME-9770562|Reactome:R-DRE-72165|Reactome:R-HSA-1169408|Reactome:R-HSA-159231|Reactome:R-HSA-159236|Reactome:R-HSA-162585|Reactome:R-HSA-162588|Reactome:R-HSA-162592|Reactome:R-HSA-162594|Reactome:R-HSA-164516|Reactome:R-HSA-164525|Reactome:R-HSA-164843|Reactome:R-HSA-168315|Reactome:R-HSA-173107|Reactome:R-HSA-174490|Reactome:R-HSA-174495|Reactome:R-HSA-175474|Reactome:R-HSA-175567|Reactome:R-HSA-177539|Reactome:R-HSA-180689|Reactome:R-HSA-180910|Reactome:R-HSA-429947|Reactome:R-HSA-452723|Reactome:R-HSA-6784531|Reactome:R-HSA-72163|Reactome:R-HSA-72165|Reactome:R-HSA-72187|Reactome:R-HSA-72203|Reactome:R-HSA-73856|Reactome:R-HSA-77595|Reactome:R-HSA-9013422|Reactome:R-HSA-9682706|Reactome:R-HSA-9694686|Reactome:R-HSA-9705671|Reactome:R-HSA-9770562|Reactome:R-HSA-9819196|Reactome:R-HSA-9820865|Reactome:R-HSA-983168|Reactome:R-HSA-9918481|Reactome:R-HSA-9930044|Reactome:R-MMU-159231|Reactome:R-MMU-159236|Reactome:R-MMU-72163|Reactome:R-MMU-72165|Reactome:R-MMU-72187|Reactome:R-MMU-72203|Reactome:R-MMU-73856|Reactome:R-MMU-77595|Reactome:R-MMU-9013422|Reactome:R-MMU-9770562|Reactome:R-MMU-983168|Reactome:R-RNO-159231|Reactome:R-RNO-72165|Reactome:R-RNO-73856|Reactome:R-RNO-77595|Reactome:R-RNO-9770562|Reactome:R-SCE-983168|Reactome:R-SPO-9770562|Reactome:R-SPO-983168|Reactome:R-XTR-77595|Reactome:R-XTR-9770562
Gmr1	0b163790393ac1dea4d760ba49807797	297	SMART	SM00343	c2hcfinal6	242	258	1.1E-4	T	13-08-2026	IPR001878	Zinc finger, CCHC-type	GO:0003676(InterPro)|GO:0008270(InterPro)	Reactome:R-BTA-159231|Reactome:R-BTA-159236|Reactome:R-BTA-72163|Reactome:R-BTA-72165|Reactome:R-BTA-72203|Reactome:R-BTA-73856|Reactome:R-BTA-77595|Reactome:R-BTA-9770562|Reactome:R-CEL-159236|Reactome:R-CEL-72163|Reactome:R-CEL-73856|Reactome:R-DME-159231|Reactome:R-DME-159236|Reactome:R-DME-1834941|Reactome:R-DME-72163|Reactome:R-DME-72165|Reactome:R-DME-72203|Reactome:R-DME-73856|Reactome:R-DME-77595|Reactome:R-DME-8941326|Reactome:R-DME-9770562|Reactome:R-DME-9930044|Reactome:R-DRE-72165|Reactome:R-HSA-1169408|Reactome:R-HSA-159231|Reactome:R-HSA-159236|Reactome:R-HSA-162585|Reactome:R-HSA-162588|Reactome:R-HSA-162592|Reactome:R-HSA-162594|Reactome:R-HSA-164516|Reactome:R-HSA-164525|Reactome:R-HSA-164843|Reactome:R-HSA-168315|Reactome:R-HSA-173107|Reactome:R-HSA-174490|Reactome:R-HSA-174495|Reactome:R-HSA-175474|Reactome:R-HSA-175567|Reactome:R-HSA-177539|Reactome:R-HSA-180689|Reactome:R-HSA-180910|Reactome:R-HSA-429947|Reactome:R-HSA-452723|Reactome:R-HSA-6784531|Reactome:R-HSA-72163|Reactome:R-HSA-72165|Reactome:R-HSA-72187|Reactome:R-HSA-72203|Reactome:R-HSA-73856|Reactome:R-HSA-77595|Reactome:R-HSA-9013422|Reactome:R-HSA-9682706|Reactome:R-HSA-9694686|Reactome:R-HSA-9705671|Reactome:R-HSA-9770562|Reactome:R-HSA-9819196|Reactome:R-HSA-9820865|Reactome:R-HSA-983168|Reactome:R-HSA-9843970|Reactome:R-HSA-9918481|Reactome:R-HSA-9930044|Reactome:R-HSA-9931510|Reactome:R-MMU-159231|Reactome:R-MMU-159236|Reactome:R-MMU-72163|Reactome:R-MMU-72165|Reactome:R-MMU-72187|Reactome:R-MMU-72203|Reactome:R-MMU-73856|Reactome:R-MMU-77595|Reactome:R-MMU-9013422|Reactome:R-MMU-9770562|Reactome:R-MMU-983168|Reactome:R-MMU-9930044|Reactome:R-RNO-159231|Reactome:R-RNO-72165|Reactome:R-RNO-73856|Reactome:R-RNO-77595|Reactome:R-RNO-9770562|Reactome:R-SCE-983168|Reactome:R-SPO-9770562|Reactome:R-SPO-983168|Reactome:R-XTR-77595|Reactome:R-XTR-9770562
Gmr1	0b163790393ac1dea4d760ba49807797	297	MobiDBLite	mobidb-lite	consensus disorder prediction	220	231	-	T	13-08-2026	-	-	-	-
Gmr1	0b163790393ac1dea4d760ba49807797	297	MobiDBLite	mobidb-lite	consensus disorder prediction	203	240	-	T	13-08-2026	-	-	-	-
Gmr1	0b163790393ac1dea4d760ba49807797	297	MobiDBLite	mobidb-lite	consensus disorder prediction	158	186	-	T	13-08-2026	-	-	-	-
Gmr1	0b163790393ac1dea4d760ba49807797	297	MobiDBLite	mobidb-lite	consensus disorder prediction	175	186	-	T	13-08-2026	-	-	-	-
Gmr1	0b163790393ac1dea4d760ba49807797	297	PANTHER	PTHR46888	ZINC KNUCKLE DOMAINCONTAINING PROTEIN-RELATED	48	116	8.0E-22	T	13-08-2026	-	-	-	-
Gmr1	0b163790393ac1dea4d760ba49807797	297	Gene3D	G3DSA:4.10.60.10	-	232	265	7.8E-8	T	13-08-2026	-	-	-	-
Gmr1	0b163790393ac1dea4d760ba49807797	297	ProSiteProfiles	PS50158	Zinc finger CCHC-type profile.	241	258	11.152654	T	13-08-2026	IPR001878	Zinc finger, CCHC-type	GO:0003676(InterPro)|GO:0008270(InterPro)	Reactome:R-BTA-159231|Reactome:R-BTA-159236|Reactome:R-BTA-72163|Reactome:R-BTA-72165|Reactome:R-BTA-72203|Reactome:R-BTA-73856|Reactome:R-BTA-77595|Reactome:R-BTA-9770562|Reactome:R-CEL-159236|Reactome:R-CEL-72163|Reactome:R-CEL-73856|Reactome:R-DME-159231|Reactome:R-DME-159236|Reactome:R-DME-1834941|Reactome:R-DME-72163|Reactome:R-DME-72165|Reactome:R-DME-72203|Reactome:R-DME-73856|Reactome:R-DME-77595|Reactome:R-DME-8941326|Reactome:R-DME-9770562|Reactome:R-DME-9930044|Reactome:R-DRE-72165|Reactome:R-HSA-1169408|Reactome:R-HSA-159231|Reactome:R-HSA-159236|Reactome:R-HSA-162585|Reactome:R-HSA-162588|Reactome:R-HSA-162592|Reactome:R-HSA-162594|Reactome:R-HSA-164516|Reactome:R-HSA-164525|Reactome:R-HSA-164843|Reactome:R-HSA-168315|Reactome:R-HSA-173107|Reactome:R-HSA-174490|Reactome:R-HSA-174495|Reactome:R-HSA-175474|Reactome:R-HSA-175567|Reactome:R-HSA-177539|Reactome:R-HSA-180689|Reactome:R-HSA-180910|Reactome:R-HSA-429947|Reactome:R-HSA-452723|Reactome:R-HSA-6784531|Reactome:R-HSA-72163|Reactome:R-HSA-72165|Reactome:R-HSA-72187|Reactome:R-HSA-72203|Reactome:R-HSA-73856|Reactome:R-HSA-77595|Reactome:R-HSA-9013422|Reactome:R-HSA-9682706|Reactome:R-HSA-9694686|Reactome:R-HSA-9705671|Reactome:R-HSA-9770562|Reactome:R-HSA-9819196|Reactome:R-HSA-9820865|Reactome:R-HSA-983168|Reactome:R-HSA-9843970|Reactome:R-HSA-9918481|Reactome:R-HSA-9930044|Reactome:R-HSA-9931510|Reactome:R-MMU-159231|Reactome:R-MMU-159236|Reactome:R-MMU-72163|Reactome:R-MMU-72165|Reactome:R-MMU-72187|Reactome:R-MMU-72203|Reactome:R-MMU-73856|Reactome:R-MMU-77595|Reactome:R-MMU-9013422|Reactome:R-MMU-9770562|Reactome:R-MMU-983168|Reactome:R-MMU-9930044|Reactome:R-RNO-159231|Reactome:R-RNO-72165|Reactome:R-RNO-73856|Reactome:R-RNO-77595|Reactome:R-RNO-9770562|Reactome:R-SCE-983168|Reactome:R-SPO-9770562|Reactome:R-SPO-983168|Reactome:R-XTR-77595|Reactome:R-XTR-9770562
Galadriel	d6a3de45457d37e0c2b632206945dccb	389	PANTHER	PTHR35046	ZINC KNUCKLE (CCHC-TYPE) FAMILY PROTEIN	97	368	7.8E-17	T	13-08-2026	-	-	-	-
Galadriel	d6a3de45457d37e0c2b632206945dccb	389	Coils	Coil	Coil	70	97	-	T	13-08-2026	-	-	-	-
Galadriel	d6a3de45457d37e0c2b632206945dccb	389	MobiDBLite	mobidb-lite	consensus disorder prediction	278	288	-	T	13-08-2026	-	-	-	-
Galadriel	d6a3de45457d37e0c2b632206945dccb	389	MobiDBLite	mobidb-lite	consensus disorder prediction	296	330	-	T	13-08-2026	-	-	-	-
Galadriel	d6a3de45457d37e0c2b632206945dccb	389	MobiDBLite	mobidb-lite	consensus disorder prediction	277	340	-	T	13-08-2026	-	-	-	-
Galadriel	d6a3de45457d37e0c2b632206945dccb	389	Pfam	PF03732	Retrotransposon-derived protein PEG10, N-terminal capsid-like domain	115	194	7.3E-8	T	13-08-2026	IPR005162	Retrotransposon-derived protein PEG10, N-terminal capsid-like domain	-	-
Legolas	92d9090fcd85cf30bbbcd1634af8a6f8	509	Gene3D	G3DSA:4.10.60.10	-	372	431	2.8E-10	T	13-08-2026	-	-	-	-
Legolas	92d9090fcd85cf30bbbcd1634af8a6f8	509	SMART	SM00343	c2hcfinal6	405	421	9.5E-6	T	13-08-2026	IPR001878	Zinc finger, CCHC-type	GO:0003676(InterPro)|GO:0008270(InterPro)	Reactome:R-BTA-159231|Reactome:R-BTA-159236|Reactome:R-BTA-72163|Reactome:R-BTA-72165|Reactome:R-BTA-72203|Reactome:R-BTA-73856|Reactome:R-BTA-77595|Reactome:R-BTA-9770562|Reactome:R-CEL-159236|Reactome:R-CEL-72163|Reactome:R-CEL-73856|Reactome:R-DME-159231|Reactome:R-DME-159236|Reactome:R-DME-1834941|Reactome:R-DME-72163|Reactome:R-DME-72165|Reactome:R-DME-72203|Reactome:R-DME-73856|Reactome:R-DME-77595|Reactome:R-DME-8941326|Reactome:R-DME-9770562|Reactome:R-DME-9930044|Reactome:R-DRE-72165|Reactome:R-HSA-1169408|Reactome:R-HSA-159231|Reactome:R-HSA-159236|Reactome:R-HSA-162585|Reactome:R-HSA-162588|Reactome:R-HSA-162592|Reactome:R-HSA-162594|Reactome:R-HSA-164516|Reactome:R-HSA-164525|Reactome:R-HSA-164843|Reactome:R-HSA-168315|Reactome:R-HSA-173107|Reactome:R-HSA-174490|Reactome:R-HSA-174495|Reactome:R-HSA-175474|Reactome:R-HSA-175567|Reactome:R-HSA-177539|Reactome:R-HSA-180689|Reactome:R-HSA-180910|Reactome:R-HSA-429947|Reactome:R-HSA-452723|Reactome:R-HSA-6784531|Reactome:R-HSA-72163|Reactome:R-HSA-72165|Reactome:R-HSA-72187|Reactome:R-HSA-72203|Reactome:R-HSA-73856|Reactome:R-HSA-77595|Reactome:R-HSA-9013422|Reactome:R-HSA-9682706|Reactome:R-HSA-9694686|Reactome:R-HSA-9705671|Reactome:R-HSA-9770562|Reactome:R-HSA-9819196|Reactome:R-HSA-9820865|Reactome:R-HSA-983168|Reactome:R-HSA-9843970|Reactome:R-HSA-9918481|Reactome:R-HSA-9930044|Reactome:R-HSA-9931510|Reactome:R-MMU-159231|Reactome:R-MMU-159236|Reactome:R-MMU-72163|Reactome:R-MMU-72165|Reactome:R-MMU-72187|Reactome:R-MMU-72203|Reactome:R-MMU-73856|Reactome:R-MMU-77595|Reactome:R-MMU-9013422|Reactome:R-MMU-9770562|Reactome:R-MMU-983168|Reactome:R-MMU-9930044|Reactome:R-RNO-159231|Reactome:R-RNO-72165|Reactome:R-RNO-73856|Reactome:R-RNO-77595|Reactome:R-RNO-9770562|Reactome:R-SCE-983168|Reactome:R-SPO-9770562|Reactome:R-SPO-983168|Reactome:R-XTR-77595|Reactome:R-XTR-9770562
Legolas	92d9090fcd85cf30bbbcd1634af8a6f8	509	SMART	SM00343	c2hcfinal6	374	390	1.4	T	13-08-2026	IPR001878	Zinc finger, CCHC-type	GO:0003676(InterPro)|GO:0008270(InterPro)	Reactome:R-BTA-159231|Reactome:R-BTA-159236|Reactome:R-BTA-72163|Reactome:R-BTA-72165|Reactome:R-BTA-72203|Reactome:R-BTA-73856|Reactome:R-BTA-77595|Reactome:R-BTA-9770562|Reactome:R-CEL-159236|Reactome:R-CEL-72163|Reactome:R-CEL-73856|Reactome:R-DME-159231|Reactome:R-DME-159236|Reactome:R-DME-1834941|Reactome:R-DME-72163|Reactome:R-DME-72165|Reactome:R-DME-72203|Reactome:R-DME-73856|Reactome:R-DME-77595|Reactome:R-DME-8941326|Reactome:R-DME-9770562|Reactome:R-DME-9930044|Reactome:R-DRE-72165|Reactome:R-HSA-1169408|Reactome:R-HSA-159231|Reactome:R-HSA-159236|Reactome:R-HSA-162585|Reactome:R-HSA-162588|Reactome:R-HSA-162592|Reactome:R-HSA-162594|Reactome:R-HSA-164516|Reactome:R-HSA-164525|Reactome:R-HSA-164843|Reactome:R-HSA-168315|Reactome:R-HSA-173107|Reactome:R-HSA-174490|Reactome:R-HSA-174495|Reactome:R-HSA-175474|Reactome:R-HSA-175567|Reactome:R-HSA-177539|Reactome:R-HSA-180689|Reactome:R-HSA-180910|Reactome:R-HSA-429947|Reactome:R-HSA-452723|Reactome:R-HSA-6784531|Reactome:R-HSA-72163|Reactome:R-HSA-72165|Reactome:R-HSA-72187|Reactome:R-HSA-72203|Reactome:R-HSA-73856|Reactome:R-HSA-77595|Reactome:R-HSA-9013422|Reactome:R-HSA-9682706|Reactome:R-HSA-9694686|Reactome:R-HSA-9705671|Reactome:R-HSA-9770562|Reactome:R-HSA-9819196|Reactome:R-HSA-9820865|Reactome:R-HSA-983168|Reactome:R-HSA-9843970|Reactome:R-HSA-9918481|Reactome:R-HSA-9930044|Reactome:R-HSA-9931510|Reactome:R-MMU-159231|Reactome:R-MMU-159236|Reactome:R-MMU-72163|Reactome:R-MMU-72165|Reactome:R-MMU-72187|Reactome:R-MMU-72203|Reactome:R-MMU-73856|Reactome:R-MMU-77595|Reactome:R-MMU-9013422|Reactome:R-MMU-9770562|Reactome:R-MMU-983168|Reactome:R-MMU-9930044|Reactome:R-RNO-159231|Reactome:R-RNO-72165|Reactome:R-RNO-73856|Reactome:R-RNO-77595|Reactome:R-RNO-9770562|Reactome:R-SCE-983168|Reactome:R-SPO-9770562|Reactome:R-SPO-983168|Reactome:R-XTR-77595|Reactome:R-XTR-9770562
Legolas	92d9090fcd85cf30bbbcd1634af8a6f8	509	SUPERFAMILY	SSF57756	Retrovirus zinc finger-like domains	400	424	4.88E-8	T	13-08-2026	IPR036875	Zinc finger, CCHC-type superfamily	GO:0003676(InterPro)|GO:0008270(InterPro)	Reactome:R-BTA-159231|Reactome:R-BTA-159236|Reactome:R-BTA-72163|Reactome:R-BTA-72165|Reactome:R-BTA-72203|Reactome:R-BTA-73856|Reactome:R-BTA-77595|Reactome:R-BTA-9770562|Reactome:R-CEL-159236|Reactome:R-CEL-72163|Reactome:R-CEL-73856|Reactome:R-DME-159231|Reactome:R-DME-159236|Reactome:R-DME-1834941|Reactome:R-DME-72163|Reactome:R-DME-72165|Reactome:R-DME-72203|Reactome:R-DME-73856|Reactome:R-DME-77595|Reactome:R-DME-9770562|Reactome:R-DRE-72165|Reactome:R-HSA-1169408|Reactome:R-HSA-159231|Reactome:R-HSA-159236|Reactome:R-HSA-162585|Reactome:R-HSA-162588|Reactome:R-HSA-162592|Reactome:R-HSA-162594|Reactome:R-HSA-164516|Reactome:R-HSA-164525|Reactome:R-HSA-164843|Reactome:R-HSA-168315|Reactome:R-HSA-173107|Reactome:R-HSA-174490|Reactome:R-HSA-174495|Reactome:R-HSA-175474|Reactome:R-HSA-175567|Reactome:R-HSA-177539|Reactome:R-HSA-180689|Reactome:R-HSA-180910|Reactome:R-HSA-429947|Reactome:R-HSA-452723|Reactome:R-HSA-6784531|Reactome:R-HSA-72163|Reactome:R-HSA-72165|Reactome:R-HSA-72187|Reactome:R-HSA-72203|Reactome:R-HSA-73856|Reactome:R-HSA-77595|Reactome:R-HSA-9013422|Reactome:R-HSA-9682706|Reactome:R-HSA-9694686|Reactome:R-HSA-9705671|Reactome:R-HSA-9770562|Reactome:R-HSA-9819196|Reactome:R-HSA-9820865|Reactome:R-HSA-983168|Reactome:R-HSA-9918481|Reactome:R-HSA-9930044|Reactome:R-MMU-159231|Reactome:R-MMU-159236|Reactome:R-MMU-72163|Reactome:R-MMU-72165|Reactome:R-MMU-72187|Reactome:R-MMU-72203|Reactome:R-MMU-73856|Reactome:R-MMU-77595|Reactome:R-MMU-9013422|Reactome:R-MMU-9770562|Reactome:R-MMU-983168|Reactome:R-RNO-159231|Reactome:R-RNO-72165|Reactome:R-RNO-73856|Reactome:R-RNO-77595|Reactome:R-RNO-9770562|Reactome:R-SCE-983168|Reactome:R-SPO-9770562|Reactome:R-SPO-983168|Reactome:R-XTR-77595|Reactome:R-XTR-9770562
Legolas	92d9090fcd85cf30bbbcd1634af8a6f8	509	Pfam	PF00098	Zinc knuckle	404	421	0.0038	T	13-08-2026	IPR001878	Zinc finger, CCHC-type	GO:0003676(InterPro)|GO:0008270(InterPro)	Reactome:R-BTA-159231|Reactome:R-BTA-159236|Reactome:R-BTA-72163|Reactome:R-BTA-72165|Reactome:R-BTA-72203|Reactome:R-BTA-73856|Reactome:R-BTA-77595|Reactome:R-BTA-9770562|Reactome:R-CEL-159236|Reactome:R-CEL-72163|Reactome:R-CEL-73856|Reactome:R-DME-159231|Reactome:R-DME-159236|Reactome:R-DME-1834941|Reactome:R-DME-72163|Reactome:R-DME-72165|Reactome:R-DME-72203|Reactome:R-DME-73856|Reactome:R-DME-77595|Reactome:R-DME-8941326|Reactome:R-DME-9770562|Reactome:R-DME-9930044|Reactome:R-DRE-72165|Reactome:R-HSA-1169408|Reactome:R-HSA-159231|Reactome:R-HSA-159236|Reactome:R-HSA-162585|Reactome:R-HSA-162588|Reactome:R-HSA-162592|Reactome:R-HSA-162594|Reactome:R-HSA-164516|Reactome:R-HSA-164525|Reactome:R-HSA-164843|Reactome:R-HSA-168315|Reactome:R-HSA-173107|Reactome:R-HSA-174490|Reactome:R-HSA-174495|Reactome:R-HSA-175474|Reactome:R-HSA-175567|Reactome:R-HSA-177539|Reactome:R-HSA-180689|Reactome:R-HSA-180910|Reactome:R-HSA-429947|Reactome:R-HSA-452723|Reactome:R-HSA-6784531|Reactome:R-HSA-72163|Reactome:R-HSA-72165|Reactome:R-HSA-72187|Reactome:R-HSA-72203|Reactome:R-HSA-73856|Reactome:R-HSA-77595|Reactome:R-HSA-9013422|Reactome:R-HSA-9682706|Reactome:R-HSA-9694686|Reactome:R-HSA-9705671|Reactome:R-HSA-9770562|Reactome:R-HSA-9819196|Reactome:R-HSA-9820865|Reactome:R-HSA-983168|Reactome:R-HSA-9843970|Reactome:R-HSA-9918481|Reactome:R-HSA-9930044|Reactome:R-HSA-9931510|Reactome:R-MMU-159231|Reactome:R-MMU-159236|Reactome:R-MMU-72163|Reactome:R-MMU-72165|Reactome:R-MMU-72187|Reactome:R-MMU-72203|Reactome:R-MMU-73856|Reactome:R-MMU-77595|Reactome:R-MMU-9013422|Reactome:R-MMU-9770562|Reactome:R-MMU-983168|Reactome:R-MMU-9930044|Reactome:R-RNO-159231|Reactome:R-RNO-72165|Reactome:R-RNO-73856|Reactome:R-RNO-77595|Reactome:R-RNO-9770562|Reactome:R-SCE-983168|Reactome:R-SPO-9770562|Reactome:R-SPO-983168|Reactome:R-XTR-77595|Reactome:R-XTR-9770562
Legolas	92d9090fcd85cf30bbbcd1634af8a6f8	509	ProSiteProfiles	PS50158	Zinc finger CCHC-type profile.	406	421	10.855963	T	13-08-2026	IPR001878	Zinc finger, CCHC-type	GO:0003676(InterPro)|GO:0008270(InterPro)	Reactome:R-BTA-159231|Reactome:R-BTA-159236|Reactome:R-BTA-72163|Reactome:R-BTA-72165|Reactome:R-BTA-72203|Reactome:R-BTA-73856|Reactome:R-BTA-77595|Reactome:R-BTA-9770562|Reactome:R-CEL-159236|Reactome:R-CEL-72163|Reactome:R-CEL-73856|Reactome:R-DME-159231|Reactome:R-DME-159236|Reactome:R-DME-1834941|Reactome:R-DME-72163|Reactome:R-DME-72165|Reactome:R-DME-72203|Reactome:R-DME-73856|Reactome:R-DME-77595|Reactome:R-DME-8941326|Reactome:R-DME-9770562|Reactome:R-DME-9930044|Reactome:R-DRE-72165|Reactome:R-HSA-1169408|Reactome:R-HSA-159231|Reactome:R-HSA-159236|Reactome:R-HSA-162585|Reactome:R-HSA-162588|Reactome:R-HSA-162592|Reactome:R-HSA-162594|Reactome:R-HSA-164516|Reactome:R-HSA-164525|Reactome:R-HSA-164843|Reactome:R-HSA-168315|Reactome:R-HSA-173107|Reactome:R-HSA-174490|Reactome:R-HSA-174495|Reactome:R-HSA-175474|Reactome:R-HSA-175567|Reactome:R-HSA-177539|Reactome:R-HSA-180689|Reactome:R-HSA-180910|Reactome:R-HSA-429947|Reactome:R-HSA-452723|Reactome:R-HSA-6784531|Reactome:R-HSA-72163|Reactome:R-HSA-72165|Reactome:R-HSA-72187|Reactome:R-HSA-72203|Reactome:R-HSA-73856|Reactome:R-HSA-77595|Reactome:R-HSA-9013422|Reactome:R-HSA-9682706|Reactome:R-HSA-9694686|Reactome:R-HSA-9705671|Reactome:R-HSA-9770562|Reactome:R-HSA-9819196|Reactome:R-HSA-9820865|Reactome:R-HSA-983168|Reactome:R-HSA-9843970|Reactome:R-HSA-9918481|Reactome:R-HSA-9930044|Reactome:R-HSA-9931510|Reactome:R-MMU-159231|Reactome:R-MMU-159236|Reactome:R-MMU-72163|Reactome:R-MMU-72165|Reactome:R-MMU-72187|Reactome:R-MMU-72203|Reactome:R-MMU-73856|Reactome:R-MMU-77595|Reactome:R-MMU-9013422|Reactome:R-MMU-9770562|Reactome:R-MMU-983168|Reactome:R-MMU-9930044|Reactome:R-RNO-159231|Reactome:R-RNO-72165|Reactome:R-RNO-73856|Reactome:R-RNO-77595|Reactome:R-RNO-9770562|Reactome:R-SCE-983168|Reactome:R-SPO-9770562|Reactome:R-SPO-983168|Reactome:R-XTR-77595|Reactome:R-XTR-9770562
Legolas	92d9090fcd85cf30bbbcd1634af8a6f8	509	PANTHER	PTHR34482	DNA DAMAGE-INDUCIBLE PROTEIN 1-LIKE	133	426	3.4E-21	T	13-08-2026	-	-	-	-
Legolas	92d9090fcd85cf30bbbcd1634af8a6f8	509	Pfam	PF03732	Retrotransposon-derived protein PEG10, N-terminal capsid-like domain	153	230	2.9E-20	T	13-08-2026	IPR005162	Retrotransposon-derived protein PEG10, N-terminal capsid-like domain	-	-
Legolas	92d9090fcd85cf30bbbcd1634af8a6f8	509	MobiDBLite	mobidb-lite	consensus disorder prediction	1	85	-	T	13-08-2026	-	-	-	-
Legolas	92d9090fcd85cf30bbbcd1634af8a6f8	509	MobiDBLite	mobidb-lite	consensus disorder prediction	343	352	-	T	13-08-2026	-	-	-	-
Legolas	92d9090fcd85cf30bbbcd1634af8a6f8	509	MobiDBLite	mobidb-lite	consensus disorder prediction	423	447	-	T	13-08-2026	-	-	-	-
Legolas	92d9090fcd85cf30bbbcd1634af8a6f8	509	MobiDBLite	mobidb-lite	consensus disorder prediction	423	434	-	T	13-08-2026	-	-	-	-
Legolas	92d9090fcd85cf30bbbcd1634af8a6f8	509	MobiDBLite	mobidb-lite	consensus disorder prediction	323	352	-	T	13-08-2026	-	-	-	-
Bagy-1	5cea30a15564064aa3442fe51330f035	334	PANTHER	PTHR15503	LDOC1 RELATED	64	330	2.1E-11	T	13-08-2026	IPR032567	RTL1-related	-	-
Bagy-1	5cea30a15564064aa3442fe51330f035	334	Pfam	PF03732	Retrotransposon-derived protein PEG10, N-terminal capsid-like domain	79	157	7.8E-11	T	13-08-2026	IPR005162	Retrotransposon-derived protein PEG10, N-terminal capsid-like domain	-	-
Bagy-1	5cea30a15564064aa3442fe51330f035	334	Coils	Coil	Coil	42	62	-	T	13-08-2026	-	-	-	-
Bagy-1	5cea30a15564064aa3442fe51330f035	334	SignalP_GRAM_POSITIVE	SignalP-TM	SignalP-TM	1	18	-	T	13-08-2026	-	-	-	-
B1147A04.5	a5debf243431205f178237d8582d9738	339	Coils	Coil	Coil	306	326	-	T	13-08-2026	-	-	-	-
B1147A04.5	a5debf243431205f178237d8582d9738	339	PANTHER	PTHR33223	CCHC-TYPE DOMAIN-CONTAINING PROTEIN	45	160	5.1E-14	T	13-08-2026	-	-	-	-
B1147A04.5	a5debf243431205f178237d8582d9738	339	Pfam	PF03732	Retrotransposon-derived protein PEG10, N-terminal capsid-like domain	57	126	7.6E-8	T	13-08-2026	IPR005162	Retrotransposon-derived protein PEG10, N-terminal capsid-like domain	-	-
B1147A04.5	a5debf243431205f178237d8582d9738	339	MobiDBLite	mobidb-lite	consensus disorder prediction	314	339	-	T	13-08-2026	-	-	-	-
B1147A04.5	a5debf243431205f178237d8582d9738	339	MobiDBLite	mobidb-lite	consensus disorder prediction	255	287	-	T	13-08-2026	-	-	-	-
B1147A04.5	a5debf243431205f178237d8582d9738	339	MobiDBLite	mobidb-lite	consensus disorder prediction	314	328	-	T	13-08-2026	-	-	-	-
B1147A04.5	a5debf243431205f178237d8582d9738	339	MobiDBLite	mobidb-lite	consensus disorder prediction	264	286	-	T	13-08-2026	-	-	-	-
Hydra2-1	59023ed7b0a59dae222fa186e42ec58e	274	PANTHER	PTHR33198	ANK_REP_REGION DOMAIN-CONTAINING PROTEIN-RELATED	15	233	6.6E-25	T	13-08-2026	-	-	-	-
Gimli	b2f24c144f1f5693fd196cfc7b61ee03	371	Pfam	PF03732	Retrotransposon-derived protein PEG10, N-terminal capsid-like domain	123	195	1.6E-9	T	13-08-2026	IPR005162	Retrotransposon-derived protein PEG10, N-terminal capsid-like domain	-	-
Gimli	b2f24c144f1f5693fd196cfc7b61ee03	371	Coils	Coil	Coil	36	70	-	T	13-08-2026	-	-	-	-
Gimli	b2f24c144f1f5693fd196cfc7b61ee03	371	MobiDBLite	mobidb-lite	consensus disorder prediction	300	330	-	T	13-08-2026	-	-	-	-
SRV-1	ed7b214fe92b72a2e5c31d3c79ab4a72	595	SUPERFAMILY	SSF47836	Retroviral matrix proteins	1	83	3.06E-27	T	13-08-2026	IPR010999	Retroviral matrix protein	-	Reactome:R-HSA-1169408|Reactome:R-HSA-162585|Reactome:R-HSA-162588|Reactome:R-HSA-162592|Reactome:R-HSA-162594|Reactome:R-HSA-164516|Reactome:R-HSA-164525|Reactome:R-HSA-164843|Reactome:R-HSA-173107|Reactome:R-HSA-174490|Reactome:R-HSA-174495|Reactome:R-HSA-175474|Reactome:R-HSA-175567|Reactome:R-HSA-177539|Reactome:R-HSA-180689|Reactome:R-HSA-180910|Reactome:R-HSA-198933
SRV-1	ed7b214fe92b72a2e5c31d3c79ab4a72	595	SUPERFAMILY	SSF47353	Retrovirus capsid dimerization domain-like	434	512	6.04E-24	T	13-08-2026	-	-	-	-
SRV-1	ed7b214fe92b72a2e5c31d3c79ab4a72	595	PANTHER	PTHR40389	ENDOGENOUS RETROVIRUS GROUP K MEMBER 24 GAG POLYPROTEIN-RELATED	1	595	4.7E-204	T	13-08-2026	IPR050195	Primate lentivirus group Gag polyprotein-like	-	Reactome:R-HSA-1169408|Reactome:R-HSA-162585|Reactome:R-HSA-162588|Reactome:R-HSA-162592|Reactome:R-HSA-162594|Reactome:R-HSA-164516|Reactome:R-HSA-164525|Reactome:R-HSA-164843|Reactome:R-HSA-173107|Reactome:R-HSA-174490|Reactome:R-HSA-174495|Reactome:R-HSA-175474|Reactome:R-HSA-175567|Reactome:R-HSA-177539|Reactome:R-HSA-180689|Reactome:R-HSA-180910
SRV-1	ed7b214fe92b72a2e5c31d3c79ab4a72	595	FunFam	G3DSA:4.10.60.10:FF:000036	Gag polyprotein	532	591	1.2E-27	T	13-08-2026	-	-	-	-
SRV-1	ed7b214fe92b72a2e5c31d3c79ab4a72	595	Gene3D	G3DSA:1.10.150.490	Retroviral GAG p10 protein	1	90	1.3E-33	T	13-08-2026	IPR038124	Beta-retroviral matrix superfamily	-	-
SRV-1	ed7b214fe92b72a2e5c31d3c79ab4a72	595	SMART	SM00343	c2hcfinal6	539	555	0.025	T	13-08-2026	IPR001878	Zinc finger, CCHC-type	GO:0003676(InterPro)|GO:0008270(InterPro)	Reactome:R-BTA-159231|Reactome:R-BTA-159236|Reactome:R-BTA-72163|Reactome:R-BTA-72165|Reactome:R-BTA-72203|Reactome:R-BTA-73856|Reactome:R-BTA-77595|Reactome:R-BTA-9770562|Reactome:R-CEL-159236|Reactome:R-CEL-72163|Reactome:R-CEL-73856|Reactome:R-DME-159231|Reactome:R-DME-159236|Reactome:R-DME-1834941|Reactome:R-DME-72163|Reactome:R-DME-72165|Reactome:R-DME-72203|Reactome:R-DME-73856|Reactome:R-DME-77595|Reactome:R-DME-8941326|Reactome:R-DME-9770562|Reactome:R-DME-9930044|Reactome:R-DRE-72165|Reactome:R-HSA-1169408|Reactome:R-HSA-159231|Reactome:R-HSA-159236|Reactome:R-HSA-162585|Reactome:R-HSA-162588|Reactome:R-HSA-162592|Reactome:R-HSA-162594|Reactome:R-HSA-164516|Reactome:R-HSA-164525|Reactome:R-HSA-164843|Reactome:R-HSA-168315|Reactome:R-HSA-173107|Reactome:R-HSA-174490|Reactome:R-HSA-174495|Reactome:R-HSA-175474|Reactome:R-HSA-175567|Reactome:R-HSA-177539|Reactome:R-HSA-180689|Reactome:R-HSA-180910|Reactome:R-HSA-429947|Reactome:R-HSA-452723|Reactome:R-HSA-6784531|Reactome:R-HSA-72163|Reactome:R-HSA-72165|Reactome:R-HSA-72187|Reactome:R-HSA-72203|Reactome:R-HSA-73856|Reactome:R-HSA-77595|Reactome:R-HSA-9013422|Reactome:R-HSA-9682706|Reactome:R-HSA-9694686|Reactome:R-HSA-9705671|Reactome:R-HSA-9770562|Reactome:R-HSA-9819196|Reactome:R-HSA-9820865|Reactome:R-HSA-983168|Reactome:R-HSA-9843970|Reactome:R-HSA-9918481|Reactome:R-HSA-9930044|Reactome:R-HSA-9931510|Reactome:R-MMU-159231|Reactome:R-MMU-159236|Reactome:R-MMU-72163|Reactome:R-MMU-72165|Reactome:R-MMU-72187|Reactome:R-MMU-72203|Reactome:R-MMU-73856|Reactome:R-MMU-77595|Reactome:R-MMU-9013422|Reactome:R-MMU-9770562|Reactome:R-MMU-983168|Reactome:R-MMU-9930044|Reactome:R-RNO-159231|Reactome:R-RNO-72165|Reactome:R-RNO-73856|Reactome:R-RNO-77595|Reactome:R-RNO-9770562|Reactome:R-SCE-983168|Reactome:R-SPO-9770562|Reactome:R-SPO-983168|Reactome:R-XTR-77595|Reactome:R-XTR-9770562
SRV-1	ed7b214fe92b72a2e5c31d3c79ab4a72	595	SMART	SM00343	c2hcfinal6	568	584	0.09	T	13-08-2026	IPR001878	Zinc finger, CCHC-type	GO:0003676(InterPro)|GO:0008270(InterPro)	Reactome:R-BTA-159231|Reactome:R-BTA-159236|Reactome:R-BTA-72163|Reactome:R-BTA-72165|Reactome:R-BTA-72203|Reactome:R-BTA-73856|Reactome:R-BTA-77595|Reactome:R-BTA-9770562|Reactome:R-CEL-159236|Reactome:R-CEL-72163|Reactome:R-CEL-73856|Reactome:R-DME-159231|Reactome:R-DME-159236|Reactome:R-DME-1834941|Reactome:R-DME-72163|Reactome:R-DME-72165|Reactome:R-DME-72203|Reactome:R-DME-73856|Reactome:R-DME-77595|Reactome:R-DME-8941326|Reactome:R-DME-9770562|Reactome:R-DME-9930044|Reactome:R-DRE-72165|Reactome:R-HSA-1169408|Reactome:R-HSA-159231|Reactome:R-HSA-159236|Reactome:R-HSA-162585|Reactome:R-HSA-162588|Reactome:R-HSA-162592|Reactome:R-HSA-162594|Reactome:R-HSA-164516|Reactome:R-HSA-164525|Reactome:R-HSA-164843|Reactome:R-HSA-168315|Reactome:R-HSA-173107|Reactome:R-HSA-174490|Reactome:R-HSA-174495|Reactome:R-HSA-175474|Reactome:R-HSA-175567|Reactome:R-HSA-177539|Reactome:R-HSA-180689|Reactome:R-HSA-180910|Reactome:R-HSA-429947|Reactome:R-HSA-452723|Reactome:R-HSA-6784531|Reactome:R-HSA-72163|Reactome:R-HSA-72165|Reactome:R-HSA-72187|Reactome:R-HSA-72203|Reactome:R-HSA-73856|Reactome:R-HSA-77595|Reactome:R-HSA-9013422|Reactome:R-HSA-9682706|Reactome:R-HSA-9694686|Reactome:R-HSA-9705671|Reactome:R-HSA-9770562|Reactome:R-HSA-9819196|Reactome:R-HSA-9820865|Reactome:R-HSA-983168|Reactome:R-HSA-9843970|Reactome:R-HSA-9918481|Reactome:R-HSA-9930044|Reactome:R-HSA-9931510|Reactome:R-MMU-159231|Reactome:R-MMU-159236|Reactome:R-MMU-72163|Reactome:R-MMU-72165|Reactome:R-MMU-72187|Reactome:R-MMU-72203|Reactome:R-MMU-73856|Reactome:R-MMU-77595|Reactome:R-MMU-9013422|Reactome:R-MMU-9770562|Reactome:R-MMU-983168|Reactome:R-MMU-9930044|Reactome:R-RNO-159231|Reactome:R-RNO-72165|Reactome:R-RNO-73856|Reactome:R-RNO-77595|Reactome:R-RNO-9770562|Reactome:R-SCE-983168|Reactome:R-SPO-9770562|Reactome:R-SPO-983168|Reactome:R-XTR-77595|Reactome:R-XTR-9770562
SRV-1	ed7b214fe92b72a2e5c31d3c79ab4a72	595	Gene3D	G3DSA:1.10.375.10	Human Immunodeficiency Virus Type 1 Capsid Protein	291	428	1.7E-50	T	13-08-2026	IPR008919	Retrovirus capsid, N-terminal	GO:0016032(InterPro)	Reactome:R-HSA-1169408|Reactome:R-HSA-162585|Reactome:R-HSA-162588|Reactome:R-HSA-162592|Reactome:R-HSA-162594|Reactome:R-HSA-164516|Reactome:R-HSA-164525|Reactome:R-HSA-164843|Reactome:R-HSA-173107|Reactome:R-HSA-174490|Reactome:R-HSA-174495|Reactome:R-HSA-175474|Reactome:R-HSA-175567|Reactome:R-HSA-177539|Reactome:R-HSA-180689|Reactome:R-HSA-180910
SRV-1	ed7b214fe92b72a2e5c31d3c79ab4a72	595	Pfam	PF02337	Retroviral GAG p10 protein	1	81	1.5E-21	T	13-08-2026	IPR003322	Beta-retroviral matrix protein	GO:0005198(InterPro)	-
SRV-1	ed7b214fe92b72a2e5c31d3c79ab4a72	595	Pfam	PF14787	GAG-polyprotein viral zinc-finger	566	595	1.6E-13	T	13-08-2026	-	-	-	-
SRV-1	ed7b214fe92b72a2e5c31d3c79ab4a72	595	Pfam	PF19317	Gag protein p24 C-terminal domain	434	501	3.1E-18	T	13-08-2026	IPR045345	Retroviral nucleocapsid Gag protein p24, C-terminal domain	-	Reactome:R-HSA-1169408|Reactome:R-HSA-162585|Reactome:R-HSA-162588|Reactome:R-HSA-162592|Reactome:R-HSA-162594|Reactome:R-HSA-164516|Reactome:R-HSA-164525|Reactome:R-HSA-164843|Reactome:R-HSA-173107|Reactome:R-HSA-174490|Reactome:R-HSA-174495|Reactome:R-HSA-175474|Reactome:R-HSA-175567|Reactome:R-HSA-177539|Reactome:R-HSA-180689|Reactome:R-HSA-180910
SRV-1	ed7b214fe92b72a2e5c31d3c79ab4a72	595	ProSiteProfiles	PS50158	Zinc finger CCHC-type profile.	540	553	10.526307	T	13-08-2026	IPR001878	Zinc finger, CCHC-type	GO:0003676(InterPro)|GO:0008270(InterPro)	Reactome:R-BTA-159231|Reactome:R-BTA-159236|Reactome:R-BTA-72163|Reactome:R-BTA-72165|Reactome:R-BTA-72203|Reactome:R-BTA-73856|Reactome:R-BTA-77595|Reactome:R-BTA-9770562|Reactome:R-CEL-159236|Reactome:R-CEL-72163|Reactome:R-CEL-73856|Reactome:R-DME-159231|Reactome:R-DME-159236|Reactome:R-DME-1834941|Reactome:R-DME-72163|Reactome:R-DME-72165|Reactome:R-DME-72203|Reactome:R-DME-73856|Reactome:R-DME-77595|Reactome:R-DME-8941326|Reactome:R-DME-9770562|Reactome:R-DME-9930044|Reactome:R-DRE-72165|Reactome:R-HSA-1169408|Reactome:R-HSA-159231|Reactome:R-HSA-159236|Reactome:R-HSA-162585|Reactome:R-HSA-162588|Reactome:R-HSA-162592|Reactome:R-HSA-162594|Reactome:R-HSA-164516|Reactome:R-HSA-164525|Reactome:R-HSA-164843|Reactome:R-HSA-168315|Reactome:R-HSA-173107|Reactome:R-HSA-174490|Reactome:R-HSA-174495|Reactome:R-HSA-175474|Reactome:R-HSA-175567|Reactome:R-HSA-177539|Reactome:R-HSA-180689|Reactome:R-HSA-180910|Reactome:R-HSA-429947|Reactome:R-HSA-452723|Reactome:R-HSA-6784531|Reactome:R-HSA-72163|Reactome:R-HSA-72165|Reactome:R-HSA-72187|Reactome:R-HSA-72203|Reactome:R-HSA-73856|Reactome:R-HSA-77595|Reactome:R-HSA-9013422|Reactome:R-HSA-9682706|Reactome:R-HSA-9694686|Reactome:R-HSA-9705671|Reactome:R-HSA-9770562|Reactome:R-HSA-9819196|Reactome:R-HSA-9820865|Reactome:R-HSA-983168|Reactome:R-HSA-9843970|Reactome:R-HSA-9918481|Reactome:R-HSA-9930044|Reactome:R-HSA-9931510|Reactome:R-MMU-159231|Reactome:R-MMU-159236|Reactome:R-MMU-72163|Reactome:R-MMU-72165|Reactome:R-MMU-72187|Reactome:R-MMU-72203|Reactome:R-MMU-73856|Reactome:R-MMU-77595|Reactome:R-MMU-9013422|Reactome:R-MMU-9770562|Reactome:R-MMU-983168|Reactome:R-MMU-9930044|Reactome:R-RNO-159231|Reactome:R-RNO-72165|Reactome:R-RNO-73856|Reactome:R-RNO-77595|Reactome:R-RNO-9770562|Reactome:R-SCE-983168|Reactome:R-SPO-9770562|Reactome:R-SPO-983168|Reactome:R-XTR-77595|Reactome:R-XTR-9770562
SRV-1	ed7b214fe92b72a2e5c31d3c79ab4a72	595	MobiDBLite	mobidb-lite	consensus disorder prediction	248	272	-	T	13-08-2026	-	-	-	-
SRV-1	ed7b214fe92b72a2e5c31d3c79ab4a72	595	MobiDBLite	mobidb-lite	consensus disorder prediction	128	139	-	T	13-08-2026	-	-	-	-
SRV-1	ed7b214fe92b72a2e5c31d3c79ab4a72	595	MobiDBLite	mobidb-lite	consensus disorder prediction	103	139	-	T	13-08-2026	-	-	-	-
SRV-1	ed7b214fe92b72a2e5c31d3c79ab4a72	595	MobiDBLite	mobidb-lite	consensus disorder prediction	103	116	-	T	13-08-2026	-	-	-	-
SRV-1	ed7b214fe92b72a2e5c31d3c79ab4a72	595	Gene3D	G3DSA:1.10.1200.30	-	429	524	6.1E-25	T	13-08-2026	IPR008916	Retrovirus capsid, C-terminal	-	Reactome:R-HSA-1169408|Reactome:R-HSA-162585|Reactome:R-HSA-162588|Reactome:R-HSA-162592|Reactome:R-HSA-162594|Reactome:R-HSA-164516|Reactome:R-HSA-164525|Reactome:R-HSA-164843|Reactome:R-HSA-173107|Reactome:R-HSA-174490|Reactome:R-HSA-174495|Reactome:R-HSA-175474|Reactome:R-HSA-175567|Reactome:R-HSA-177539|Reactome:R-HSA-180689|Reactome:R-HSA-180910
SRV-1	ed7b214fe92b72a2e5c31d3c79ab4a72	595	SUPERFAMILY	SSF57756	Retrovirus zinc finger-like domains	566	595	5.06E-12	T	13-08-2026	IPR036875	Zinc finger, CCHC-type superfamily	GO:0003676(InterPro)|GO:0008270(InterPro)	Reactome:R-BTA-159231|Reactome:R-BTA-159236|Reactome:R-BTA-72163|Reactome:R-BTA-72165|Reactome:R-BTA-72203|Reactome:R-BTA-73856|Reactome:R-BTA-77595|Reactome:R-BTA-9770562|Reactome:R-CEL-159236|Reactome:R-CEL-72163|Reactome:R-CEL-73856|Reactome:R-DME-159231|Reactome:R-DME-159236|Reactome:R-DME-1834941|Reactome:R-DME-72163|Reactome:R-DME-72165|Reactome:R-DME-72203|Reactome:R-DME-73856|Reactome:R-DME-77595|Reactome:R-DME-9770562|Reactome:R-DRE-72165|Reactome:R-HSA-1169408|Reactome:R-HSA-159231|Reactome:R-HSA-159236|Reactome:R-HSA-162585|Reactome:R-HSA-162588|Reactome:R-HSA-162592|Reactome:R-HSA-162594|Reactome:R-HSA-164516|Reactome:R-HSA-164525|Reactome:R-HSA-164843|Reactome:R-HSA-168315|Reactome:R-HSA-173107|Reactome:R-HSA-174490|Reactome:R-HSA-174495|Reactome:R-HSA-175474|Reactome:R-HSA-175567|Reactome:R-HSA-177539|Reactome:R-HSA-180689|Reactome:R-HSA-180910|Reactome:R-HSA-429947|Reactome:R-HSA-452723|Reactome:R-HSA-6784531|Reactome:R-HSA-72163|Reactome:R-HSA-72165|Reactome:R-HSA-72187|Reactome:R-HSA-72203|Reactome:R-HSA-73856|Reactome:R-HSA-77595|Reactome:R-HSA-9013422|Reactome:R-HSA-9682706|Reactome:R-HSA-9694686|Reactome:R-HSA-9705671|Reactome:R-HSA-9770562|Reactome:R-HSA-9819196|Reactome:R-HSA-9820865|Reactome:R-HSA-983168|Reactome:R-HSA-9918481|Reactome:R-HSA-9930044|Reactome:R-MMU-159231|Reactome:R-MMU-159236|Reactome:R-MMU-72163|Reactome:R-MMU-72165|Reactome:R-MMU-72187|Reactome:R-MMU-72203|Reactome:R-MMU-73856|Reactome:R-MMU-77595|Reactome:R-MMU-9013422|Reactome:R-MMU-9770562|Reactome:R-MMU-983168|Reactome:R-RNO-159231|Reactome:R-RNO-72165|Reactome:R-RNO-73856|Reactome:R-RNO-77595|Reactome:R-RNO-9770562|Reactome:R-SCE-983168|Reactome:R-SPO-9770562|Reactome:R-SPO-983168|Reactome:R-XTR-77595|Reactome:R-XTR-9770562
SRV-1	ed7b214fe92b72a2e5c31d3c79ab4a72	595	Gene3D	G3DSA:4.10.60.10	-	525	591	3.2E-8	T	13-08-2026	-	-	-	-
SRV-1	ed7b214fe92b72a2e5c31d3c79ab4a72	595	SUPERFAMILY	SSF47943	Retrovirus capsid protein, N-terminal core domain	263	429	5.73E-47	T	13-08-2026	IPR008919	Retrovirus capsid, N-terminal	GO:0016032(InterPro)	Reactome:R-HSA-1169408|Reactome:R-HSA-162585|Reactome:R-HSA-162588|Reactome:R-HSA-162592|Reactome:R-HSA-162594|Reactome:R-HSA-164516|Reactome:R-HSA-164525|Reactome:R-HSA-164843|Reactome:R-HSA-173107|Reactome:R-HSA-174490|Reactome:R-HSA-174495|Reactome:R-HSA-175474|Reactome:R-HSA-175567|Reactome:R-HSA-177539|Reactome:R-HSA-180689|Reactome:R-HSA-180910
SRV-1	ed7b214fe92b72a2e5c31d3c79ab4a72	595	Coils	Coil	Coil	213	233	-	T	13-08-2026	-	-	-	-
SRV-1	ed7b214fe92b72a2e5c31d3c79ab4a72	595	Pfam	PF00607	gag protein p24 N-terminal domain	305	428	1.2E-41	T	13-08-2026	-	-	-	-
FeLV	32e563c560f5824ba865969c27498d3d	493	Pfam	PF02093	Gag P30 core shell protein	207	407	4.8E-125	T	13-08-2026	IPR003036	Core shell protein Gag P30	GO:0019068(InterPro)	-
FeLV	32e563c560f5824ba865969c27498d3d	493	Gene3D	G3DSA:4.10.60.10	-	438	492	8.3E-16	T	13-08-2026	-	-	-	-
FeLV	32e563c560f5824ba865969c27498d3d	493	Gene3D	G3DSA:1.10.150.180	-	1	94	1.5E-40	T	13-08-2026	IPR036946	Gamma-retroviral matrix domain superfamily	-	Reactome:R-HSA-198933
FeLV	32e563c560f5824ba865969c27498d3d	493	SUPERFAMILY	SSF47943	Retrovirus capsid protein, N-terminal core domain	191	320	1.8E-53	T	13-08-2026	IPR008919	Retrovirus capsid, N-terminal	GO:0016032(InterPro)	Reactome:R-HSA-1169408|Reactome:R-HSA-162585|Reactome:R-HSA-162588|Reactome:R-HSA-162592|Reactome:R-HSA-162594|Reactome:R-HSA-164516|Reactome:R-HSA-164525|Reactome:R-HSA-164843|Reactome:R-HSA-173107|Reactome:R-HSA-174490|Reactome:R-HSA-174495|Reactome:R-HSA-175474|Reactome:R-HSA-175567|Reactome:R-HSA-177539|Reactome:R-HSA-180689|Reactome:R-HSA-180910
FeLV	32e563c560f5824ba865969c27498d3d	493	Gene3D	G3DSA:1.10.375.10	Human Immunodeficiency Virus Type 1 Capsid Protein	190	320	3.1E-58	T	13-08-2026	IPR008919	Retrovirus capsid, N-terminal	GO:0016032(InterPro)	Reactome:R-HSA-1169408|Reactome:R-HSA-162585|Reactome:R-HSA-162588|Reactome:R-HSA-162592|Reactome:R-HSA-162594|Reactome:R-HSA-164516|Reactome:R-HSA-164525|Reactome:R-HSA-164843|Reactome:R-HSA-173107|Reactome:R-HSA-174490|Reactome:R-HSA-174495|Reactome:R-HSA-175474|Reactome:R-HSA-175567|Reactome:R-HSA-177539|Reactome:R-HSA-180689|Reactome:R-HSA-180910
FeLV	32e563c560f5824ba865969c27498d3d	493	ProSiteProfiles	PS50158	Zinc finger CCHC-type profile.	467	482	8.828579	T	13-08-2026	IPR001878	Zinc finger, CCHC-type	GO:0003676(InterPro)|GO:0008270(InterPro)	Reactome:R-BTA-159231|Reactome:R-BTA-159236|Reactome:R-BTA-72163|Reactome:R-BTA-72165|Reactome:R-BTA-72203|Reactome:R-BTA-73856|Reactome:R-BTA-77595|Reactome:R-BTA-9770562|Reactome:R-CEL-159236|Reactome:R-CEL-72163|Reactome:R-CEL-73856|Reactome:R-DME-159231|Reactome:R-DME-159236|Reactome:R-DME-1834941|Reactome:R-DME-72163|Reactome:R-DME-72165|Reactome:R-DME-72203|Reactome:R-DME-73856|Reactome:R-DME-77595|Reactome:R-DME-8941326|Reactome:R-DME-9770562|Reactome:R-DME-9930044|Reactome:R-DRE-72165|Reactome:R-HSA-1169408|Reactome:R-HSA-159231|Reactome:R-HSA-159236|Reactome:R-HSA-162585|Reactome:R-HSA-162588|Reactome:R-HSA-162592|Reactome:R-HSA-162594|Reactome:R-HSA-164516|Reactome:R-HSA-164525|Reactome:R-HSA-164843|Reactome:R-HSA-168315|Reactome:R-HSA-173107|Reactome:R-HSA-174490|Reactome:R-HSA-174495|Reactome:R-HSA-175474|Reactome:R-HSA-175567|Reactome:R-HSA-177539|Reactome:R-HSA-180689|Reactome:R-HSA-180910|Reactome:R-HSA-429947|Reactome:R-HSA-452723|Reactome:R-HSA-6784531|Reactome:R-HSA-72163|Reactome:R-HSA-72165|Reactome:R-HSA-72187|Reactome:R-HSA-72203|Reactome:R-HSA-73856|Reactome:R-HSA-77595|Reactome:R-HSA-9013422|Reactome:R-HSA-9682706|Reactome:R-HSA-9694686|Reactome:R-HSA-9705671|Reactome:R-HSA-9770562|Reactome:R-HSA-9819196|Reactome:R-HSA-9820865|Reactome:R-HSA-983168|Reactome:R-HSA-9843970|Reactome:R-HSA-9918481|Reactome:R-HSA-9930044|Reactome:R-HSA-9931510|Reactome:R-MMU-159231|Reactome:R-MMU-159236|Reactome:R-MMU-72163|Reactome:R-MMU-72165|Reactome:R-MMU-72187|Reactome:R-MMU-72203|Reactome:R-MMU-73856|Reactome:R-MMU-77595|Reactome:R-MMU-9013422|Reactome:R-MMU-9770562|Reactome:R-MMU-983168|Reactome:R-MMU-9930044|Reactome:R-RNO-159231|Reactome:R-RNO-72165|Reactome:R-RNO-73856|Reactome:R-RNO-77595|Reactome:R-RNO-9770562|Reactome:R-SCE-983168|Reactome:R-SPO-9770562|Reactome:R-SPO-983168|Reactome:R-XTR-77595|Reactome:R-XTR-9770562
FeLV	32e563c560f5824ba865969c27498d3d	493	Pfam	PF01140	Matrix protein (MA), p15	1	105	1.5E-44	T	13-08-2026	IPR000840	Gamma-retroviral matrix protein	-	-
FeLV	32e563c560f5824ba865969c27498d3d	493	SUPERFAMILY	SSF47836	Retroviral matrix proteins	1	95	2.71E-37	T	13-08-2026	IPR010999	Retroviral matrix protein	-	Reactome:R-HSA-1169408|Reactome:R-HSA-162585|Reactome:R-HSA-162588|Reactome:R-HSA-162592|Reactome:R-HSA-162594|Reactome:R-HSA-164516|Reactome:R-HSA-164525|Reactome:R-HSA-164843|Reactome:R-HSA-173107|Reactome:R-HSA-174490|Reactome:R-HSA-174495|Reactome:R-HSA-175474|Reactome:R-HSA-175567|Reactome:R-HSA-177539|Reactome:R-HSA-180689|Reactome:R-HSA-180910|Reactome:R-HSA-198933
FeLV	32e563c560f5824ba865969c27498d3d	493	SMART	SM00343	c2hcfinal6	466	482	0.0015	T	13-08-2026	IPR001878	Zinc finger, CCHC-type	GO:0003676(InterPro)|GO:0008270(InterPro)	Reactome:R-BTA-159231|Reactome:R-BTA-159236|Reactome:R-BTA-72163|Reactome:R-BTA-72165|Reactome:R-BTA-72203|Reactome:R-BTA-73856|Reactome:R-BTA-77595|Reactome:R-BTA-9770562|Reactome:R-CEL-159236|Reactome:R-CEL-72163|Reactome:R-CEL-73856|Reactome:R-DME-159231|Reactome:R-DME-159236|Reactome:R-DME-1834941|Reactome:R-DME-72163|Reactome:R-DME-72165|Reactome:R-DME-72203|Reactome:R-DME-73856|Reactome:R-DME-77595|Reactome:R-DME-8941326|Reactome:R-DME-9770562|Reactome:R-DME-9930044|Reactome:R-DRE-72165|Reactome:R-HSA-1169408|Reactome:R-HSA-159231|Reactome:R-HSA-159236|Reactome:R-HSA-162585|Reactome:R-HSA-162588|Reactome:R-HSA-162592|Reactome:R-HSA-162594|Reactome:R-HSA-164516|Reactome:R-HSA-164525|Reactome:R-HSA-164843|Reactome:R-HSA-168315|Reactome:R-HSA-173107|Reactome:R-HSA-174490|Reactome:R-HSA-174495|Reactome:R-HSA-175474|Reactome:R-HSA-175567|Reactome:R-HSA-177539|Reactome:R-HSA-180689|Reactome:R-HSA-180910|Reactome:R-HSA-429947|Reactome:R-HSA-452723|Reactome:R-HSA-6784531|Reactome:R-HSA-72163|Reactome:R-HSA-72165|Reactome:R-HSA-72187|Reactome:R-HSA-72203|Reactome:R-HSA-73856|Reactome:R-HSA-77595|Reactome:R-HSA-9013422|Reactome:R-HSA-9682706|Reactome:R-HSA-9694686|Reactome:R-HSA-9705671|Reactome:R-HSA-9770562|Reactome:R-HSA-9819196|Reactome:R-HSA-9820865|Reactome:R-HSA-983168|Reactome:R-HSA-9843970|Reactome:R-HSA-9918481|Reactome:R-HSA-9930044|Reactome:R-HSA-9931510|Reactome:R-MMU-159231|Reactome:R-MMU-159236|Reactome:R-MMU-72163|Reactome:R-MMU-72165|Reactome:R-MMU-72187|Reactome:R-MMU-72203|Reactome:R-MMU-73856|Reactome:R-MMU-77595|Reactome:R-MMU-9013422|Reactome:R-MMU-9770562|Reactome:R-MMU-983168|Reactome:R-MMU-9930044|Reactome:R-RNO-159231|Reactome:R-RNO-72165|Reactome:R-RNO-73856|Reactome:R-RNO-77595|Reactome:R-RNO-9770562|Reactome:R-SCE-983168|Reactome:R-SPO-9770562|Reactome:R-SPO-983168|Reactome:R-XTR-77595|Reactome:R-XTR-9770562
FeLV	32e563c560f5824ba865969c27498d3d	493	MobiDBLite	mobidb-lite	consensus disorder prediction	409	426	-	T	13-08-2026	-	-	-	-
FeLV	32e563c560f5824ba865969c27498d3d	493	MobiDBLite	mobidb-lite	consensus disorder prediction	128	138	-	T	13-08-2026	-	-	-	-
FeLV	32e563c560f5824ba865969c27498d3d	493	MobiDBLite	mobidb-lite	consensus disorder prediction	112	124	-	T	13-08-2026	-	-	-	-
FeLV	32e563c560f5824ba865969c27498d3d	493	MobiDBLite	mobidb-lite	consensus disorder prediction	148	163	-	T	13-08-2026	-	-	-	-
FeLV	32e563c560f5824ba865969c27498d3d	493	MobiDBLite	mobidb-lite	consensus disorder prediction	409	432	-	T	13-08-2026	-	-	-	-
FeLV	32e563c560f5824ba865969c27498d3d	493	MobiDBLite	mobidb-lite	consensus disorder prediction	92	111	-	T	13-08-2026	-	-	-	-
FeLV	32e563c560f5824ba865969c27498d3d	493	MobiDBLite	mobidb-lite	consensus disorder prediction	89	200	-	T	13-08-2026	-	-	-	-
FeLV	32e563c560f5824ba865969c27498d3d	493	PANTHER	PTHR33166	GAG_P30 DOMAIN-CONTAINING PROTEIN	1	492	1.8E-181	T	13-08-2026	IPR050462	Retroviral Gag-Pol polyproteins	-	Reactome:R-HSA-198933
FeLV	32e563c560f5824ba865969c27498d3d	493	SUPERFAMILY	SSF57756	Retrovirus zinc finger-like domains	449	488	8.52E-11	T	13-08-2026	IPR036875	Zinc finger, CCHC-type superfamily	GO:0003676(InterPro)|GO:0008270(InterPro)	Reactome:R-BTA-159231|Reactome:R-BTA-159236|Reactome:R-BTA-72163|Reactome:R-BTA-72165|Reactome:R-BTA-72203|Reactome:R-BTA-73856|Reactome:R-BTA-77595|Reactome:R-BTA-9770562|Reactome:R-CEL-159236|Reactome:R-CEL-72163|Reactome:R-CEL-73856|Reactome:R-DME-159231|Reactome:R-DME-159236|Reactome:R-DME-1834941|Reactome:R-DME-72163|Reactome:R-DME-72165|Reactome:R-DME-72203|Reactome:R-DME-73856|Reactome:R-DME-77595|Reactome:R-DME-9770562|Reactome:R-DRE-72165|Reactome:R-HSA-1169408|Reactome:R-HSA-159231|Reactome:R-HSA-159236|Reactome:R-HSA-162585|Reactome:R-HSA-162588|Reactome:R-HSA-162592|Reactome:R-HSA-162594|Reactome:R-HSA-164516|Reactome:R-HSA-164525|Reactome:R-HSA-164843|Reactome:R-HSA-168315|Reactome:R-HSA-173107|Reactome:R-HSA-174490|Reactome:R-HSA-174495|Reactome:R-HSA-175474|Reactome:R-HSA-175567|Reactome:R-HSA-177539|Reactome:R-HSA-180689|Reactome:R-HSA-180910|Reactome:R-HSA-429947|Reactome:R-HSA-452723|Reactome:R-HSA-6784531|Reactome:R-HSA-72163|Reactome:R-HSA-72165|Reactome:R-HSA-72187|Reactome:R-HSA-72203|Reactome:R-HSA-73856|Reactome:R-HSA-77595|Reactome:R-HSA-9013422|Reactome:R-HSA-9682706|Reactome:R-HSA-9694686|Reactome:R-HSA-9705671|Reactome:R-HSA-9770562|Reactome:R-HSA-9819196|Reactome:R-HSA-9820865|Reactome:R-HSA-983168|Reactome:R-HSA-9918481|Reactome:R-HSA-9930044|Reactome:R-MMU-159231|Reactome:R-MMU-159236|Reactome:R-MMU-72163|Reactome:R-MMU-72165|Reactome:R-MMU-72187|Reactome:R-MMU-72203|Reactome:R-MMU-73856|Reactome:R-MMU-77595|Reactome:R-MMU-9013422|Reactome:R-MMU-9770562|Reactome:R-MMU-983168|Reactome:R-RNO-159231|Reactome:R-RNO-72165|Reactome:R-RNO-73856|Reactome:R-RNO-77595|Reactome:R-RNO-9770562|Reactome:R-SCE-983168|Reactome:R-SPO-9770562|Reactome:R-SPO-983168|Reactome:R-XTR-77595|Reactome:R-XTR-9770562
FeLV	32e563c560f5824ba865969c27498d3d	493	Pfam	PF00098	Zinc knuckle	466	482	0.23	T	13-08-2026	IPR001878	Zinc finger, CCHC-type	GO:0003676(InterPro)|GO:0008270(InterPro)	Reactome:R-BTA-159231|Reactome:R-BTA-159236|Reactome:R-BTA-72163|Reactome:R-BTA-72165|Reactome:R-BTA-72203|Reactome:R-BTA-73856|Reactome:R-BTA-77595|Reactome:R-BTA-9770562|Reactome:R-CEL-159236|Reactome:R-CEL-72163|Reactome:R-CEL-73856|Reactome:R-DME-159231|Reactome:R-DME-159236|Reactome:R-DME-1834941|Reactome:R-DME-72163|Reactome:R-DME-72165|Reactome:R-DME-72203|Reactome:R-DME-73856|Reactome:R-DME-77595|Reactome:R-DME-8941326|Reactome:R-DME-9770562|Reactome:R-DME-9930044|Reactome:R-DRE-72165|Reactome:R-HSA-1169408|Reactome:R-HSA-159231|Reactome:R-HSA-159236|Reactome:R-HSA-162585|Reactome:R-HSA-162588|Reactome:R-HSA-162592|Reactome:R-HSA-162594|Reactome:R-HSA-164516|Reactome:R-HSA-164525|Reactome:R-HSA-164843|Reactome:R-HSA-168315|Reactome:R-HSA-173107|Reactome:R-HSA-174490|Reactome:R-HSA-174495|Reactome:R-HSA-175474|Reactome:R-HSA-175567|Reactome:R-HSA-177539|Reactome:R-HSA-180689|Reactome:R-HSA-180910|Reactome:R-HSA-429947|Reactome:R-HSA-452723|Reactome:R-HSA-6784531|Reactome:R-HSA-72163|Reactome:R-HSA-72165|Reactome:R-HSA-72187|Reactome:R-HSA-72203|Reactome:R-HSA-73856|Reactome:R-HSA-77595|Reactome:R-HSA-9013422|Reactome:R-HSA-9682706|Reactome:R-HSA-9694686|Reactome:R-HSA-9705671|Reactome:R-HSA-9770562|Reactome:R-HSA-9819196|Reactome:R-HSA-9820865|Reactome:R-HSA-983168|Reactome:R-HSA-9843970|Reactome:R-HSA-9918481|Reactome:R-HSA-9930044|Reactome:R-HSA-9931510|Reactome:R-MMU-159231|Reactome:R-MMU-159236|Reactome:R-MMU-72163|Reactome:R-MMU-72165|Reactome:R-MMU-72187|Reactome:R-MMU-72203|Reactome:R-MMU-73856|Reactome:R-MMU-77595|Reactome:R-MMU-9013422|Reactome:R-MMU-9770562|Reactome:R-MMU-983168|Reactome:R-MMU-9930044|Reactome:R-RNO-159231|Reactome:R-RNO-72165|Reactome:R-RNO-73856|Reactome:R-RNO-77595|Reactome:R-RNO-9770562|Reactome:R-SCE-983168|Reactome:R-SPO-9770562|Reactome:R-SPO-983168|Reactome:R-XTR-77595|Reactome:R-XTR-9770562
FeLV	32e563c560f5824ba865969c27498d3d	493	Pfam	PF01141	Gag polyprotein, inner coat protein p12	124	186	0.0095	T	13-08-2026	IPR002079	Gag polyprotein, inner coat protein p12	-	-
Boudicca	5531d83bacde5bf1f2d063f89d9c9b9a	274	Pfam	PF30931	Domain of unknown function (DUF8764)	94	164	8.7E-11	T	13-08-2026	IPR061825	Domain of unknown function DUF8764	-	-
Boudicca	5531d83bacde5bf1f2d063f89d9c9b9a	274	PANTHER	PTHR33327	ENDONUCLEASE	12	261	1.6E-32	T	13-08-2026	-	-	-	-
Boudicca	5531d83bacde5bf1f2d063f89d9c9b9a	274	MobiDBLite	mobidb-lite	consensus disorder prediction	210	222	-	T	13-08-2026	-	-	-	-
Boudicca	5531d83bacde5bf1f2d063f89d9c9b9a	274	MobiDBLite	mobidb-lite	consensus disorder prediction	244	274	-	T	13-08-2026	-	-	-	-
Boudicca	5531d83bacde5bf1f2d063f89d9c9b9a	274	MobiDBLite	mobidb-lite	consensus disorder prediction	260	274	-	T	13-08-2026	-	-	-	-
Boudicca	5531d83bacde5bf1f2d063f89d9c9b9a	274	MobiDBLite	mobidb-lite	consensus disorder prediction	205	229	-	T	13-08-2026	-	-	-	-
JSRV	a03a40c335be4af97172d5731507ae21	553	SUPERFAMILY	SSF57756	Retrovirus zinc finger-like domains	486	518	1.3E-5	T	13-08-2026	IPR036875	Zinc finger, CCHC-type superfamily	GO:0003676(InterPro)|GO:0008270(InterPro)	Reactome:R-BTA-159231|Reactome:R-BTA-159236|Reactome:R-BTA-72163|Reactome:R-BTA-72165|Reactome:R-BTA-72203|Reactome:R-BTA-73856|Reactome:R-BTA-77595|Reactome:R-BTA-9770562|Reactome:R-CEL-159236|Reactome:R-CEL-72163|Reactome:R-CEL-73856|Reactome:R-DME-159231|Reactome:R-DME-159236|Reactome:R-DME-1834941|Reactome:R-DME-72163|Reactome:R-DME-72165|Reactome:R-DME-72203|Reactome:R-DME-73856|Reactome:R-DME-77595|Reactome:R-DME-9770562|Reactome:R-DRE-72165|Reactome:R-HSA-1169408|Reactome:R-HSA-159231|Reactome:R-HSA-159236|Reactome:R-HSA-162585|Reactome:R-HSA-162588|Reactome:R-HSA-162592|Reactome:R-HSA-162594|Reactome:R-HSA-164516|Reactome:R-HSA-164525|Reactome:R-HSA-164843|Reactome:R-HSA-168315|Reactome:R-HSA-173107|Reactome:R-HSA-174490|Reactome:R-HSA-174495|Reactome:R-HSA-175474|Reactome:R-HSA-175567|Reactome:R-HSA-177539|Reactome:R-HSA-180689|Reactome:R-HSA-180910|Reactome:R-HSA-429947|Reactome:R-HSA-452723|Reactome:R-HSA-6784531|Reactome:R-HSA-72163|Reactome:R-HSA-72165|Reactome:R-HSA-72187|Reactome:R-HSA-72203|Reactome:R-HSA-73856|Reactome:R-HSA-77595|Reactome:R-HSA-9013422|Reactome:R-HSA-9682706|Reactome:R-HSA-9694686|Reactome:R-HSA-9705671|Reactome:R-HSA-9770562|Reactome:R-HSA-9819196|Reactome:R-HSA-9820865|Reactome:R-HSA-983168|Reactome:R-HSA-9918481|Reactome:R-HSA-9930044|Reactome:R-MMU-159231|Reactome:R-MMU-159236|Reactome:R-MMU-72163|Reactome:R-MMU-72165|Reactome:R-MMU-72187|Reactome:R-MMU-72203|Reactome:R-MMU-73856|Reactome:R-MMU-77595|Reactome:R-MMU-9013422|Reactome:R-MMU-9770562|Reactome:R-MMU-983168|Reactome:R-RNO-159231|Reactome:R-RNO-72165|Reactome:R-RNO-73856|Reactome:R-RNO-77595|Reactome:R-RNO-9770562|Reactome:R-SCE-983168|Reactome:R-SPO-9770562|Reactome:R-SPO-983168|Reactome:R-XTR-77595|Reactome:R-XTR-9770562
JSRV	a03a40c335be4af97172d5731507ae21	553	Gene3D	G3DSA:1.10.375.10	Human Immunodeficiency Virus Type 1 Capsid Protein	248	382	2.6E-53	T	13-08-2026	IPR008919	Retrovirus capsid, N-terminal	GO:0016032(InterPro)	Reactome:R-HSA-1169408|Reactome:R-HSA-162585|Reactome:R-HSA-162588|Reactome:R-HSA-162592|Reactome:R-HSA-162594|Reactome:R-HSA-164516|Reactome:R-HSA-164525|Reactome:R-HSA-164843|Reactome:R-HSA-173107|Reactome:R-HSA-174490|Reactome:R-HSA-174495|Reactome:R-HSA-175474|Reactome:R-HSA-175567|Reactome:R-HSA-177539|Reactome:R-HSA-180689|Reactome:R-HSA-180910
JSRV	a03a40c335be4af97172d5731507ae21	553	Gene3D	G3DSA:4.10.60.10	-	478	548	1.5E-11	T	13-08-2026	-	-	-	-
JSRV	a03a40c335be4af97172d5731507ae21	553	MobiDBLite	mobidb-lite	consensus disorder prediction	110	119	-	T	13-08-2026	-	-	-	-
JSRV	a03a40c335be4af97172d5731507ae21	553	MobiDBLite	mobidb-lite	consensus disorder prediction	94	139	-	T	13-08-2026	-	-	-	-
JSRV	a03a40c335be4af97172d5731507ae21	553	SUPERFAMILY	SSF47353	Retrovirus capsid dimerization domain-like	387	464	6.41E-25	T	13-08-2026	-	-	-	-
JSRV	a03a40c335be4af97172d5731507ae21	553	Gene3D	G3DSA:1.10.1200.30	-	383	467	5.5E-27	T	13-08-2026	IPR008916	Retrovirus capsid, C-terminal	-	Reactome:R-HSA-1169408|Reactome:R-HSA-162585|Reactome:R-HSA-162588|Reactome:R-HSA-162592|Reactome:R-HSA-162594|Reactome:R-HSA-164516|Reactome:R-HSA-164525|Reactome:R-HSA-164843|Reactome:R-HSA-173107|Reactome:R-HSA-174490|Reactome:R-HSA-174495|Reactome:R-HSA-175474|Reactome:R-HSA-175567|Reactome:R-HSA-177539|Reactome:R-HSA-180689|Reactome:R-HSA-180910
JSRV	a03a40c335be4af97172d5731507ae21	553	Gene3D	G3DSA:1.10.150.490	Retroviral GAG p10 protein	1	88	7.2E-31	T	13-08-2026	IPR038124	Beta-retroviral matrix superfamily	-	-
JSRV	a03a40c335be4af97172d5731507ae21	553	Pfam	PF02337	Retroviral GAG p10 protein	1	81	4.6E-32	T	13-08-2026	IPR003322	Beta-retroviral matrix protein	GO:0005198(InterPro)	-
JSRV	a03a40c335be4af97172d5731507ae21	553	SUPERFAMILY	SSF57756	Retrovirus zinc finger-like domains	524	553	2.97E-12	T	13-08-2026	IPR036875	Zinc finger, CCHC-type superfamily	GO:0003676(InterPro)|GO:0008270(InterPro)	Reactome:R-BTA-159231|Reactome:R-BTA-159236|Reactome:R-BTA-72163|Reactome:R-BTA-72165|Reactome:R-BTA-72203|Reactome:R-BTA-73856|Reactome:R-BTA-77595|Reactome:R-BTA-9770562|Reactome:R-CEL-159236|Reactome:R-CEL-72163|Reactome:R-CEL-73856|Reactome:R-DME-159231|Reactome:R-DME-159236|Reactome:R-DME-1834941|Reactome:R-DME-72163|Reactome:R-DME-72165|Reactome:R-DME-72203|Reactome:R-DME-73856|Reactome:R-DME-77595|Reactome:R-DME-9770562|Reactome:R-DRE-72165|Reactome:R-HSA-1169408|Reactome:R-HSA-159231|Reactome:R-HSA-159236|Reactome:R-HSA-162585|Reactome:R-HSA-162588|Reactome:R-HSA-162592|Reactome:R-HSA-162594|Reactome:R-HSA-164516|Reactome:R-HSA-164525|Reactome:R-HSA-164843|Reactome:R-HSA-168315|Reactome:R-HSA-173107|Reactome:R-HSA-174490|Reactome:R-HSA-174495|Reactome:R-HSA-175474|Reactome:R-HSA-175567|Reactome:R-HSA-177539|Reactome:R-HSA-180689|Reactome:R-HSA-180910|Reactome:R-HSA-429947|Reactome:R-HSA-452723|Reactome:R-HSA-6784531|Reactome:R-HSA-72163|Reactome:R-HSA-72165|Reactome:R-HSA-72187|Reactome:R-HSA-72203|Reactome:R-HSA-73856|Reactome:R-HSA-77595|Reactome:R-HSA-9013422|Reactome:R-HSA-9682706|Reactome:R-HSA-9694686|Reactome:R-HSA-9705671|Reactome:R-HSA-9770562|Reactome:R-HSA-9819196|Reactome:R-HSA-9820865|Reactome:R-HSA-983168|Reactome:R-HSA-9918481|Reactome:R-HSA-9930044|Reactome:R-MMU-159231|Reactome:R-MMU-159236|Reactome:R-MMU-72163|Reactome:R-MMU-72165|Reactome:R-MMU-72187|Reactome:R-MMU-72203|Reactome:R-MMU-73856|Reactome:R-MMU-77595|Reactome:R-MMU-9013422|Reactome:R-MMU-9770562|Reactome:R-MMU-983168|Reactome:R-RNO-159231|Reactome:R-RNO-72165|Reactome:R-RNO-73856|Reactome:R-RNO-77595|Reactome:R-RNO-9770562|Reactome:R-SCE-983168|Reactome:R-SPO-9770562|Reactome:R-SPO-983168|Reactome:R-XTR-77595|Reactome:R-XTR-9770562
JSRV	a03a40c335be4af97172d5731507ae21	553	PANTHER	PTHR40389	ENDOGENOUS RETROVIRUS GROUP K MEMBER 24 GAG POLYPROTEIN-RELATED	1	553	1.9E-141	T	13-08-2026	IPR050195	Primate lentivirus group Gag polyprotein-like	-	Reactome:R-HSA-1169408|Reactome:R-HSA-162585|Reactome:R-HSA-162588|Reactome:R-HSA-162592|Reactome:R-HSA-162594|Reactome:R-HSA-164516|Reactome:R-HSA-164525|Reactome:R-HSA-164843|Reactome:R-HSA-173107|Reactome:R-HSA-174490|Reactome:R-HSA-174495|Reactome:R-HSA-175474|Reactome:R-HSA-175567|Reactome:R-HSA-177539|Reactome:R-HSA-180689|Reactome:R-HSA-180910
JSRV	a03a40c335be4af97172d5731507ae21	553	Pfam	PF00098	Zinc knuckle	499	515	0.56	T	13-08-2026	IPR001878	Zinc finger, CCHC-type	GO:0003676(InterPro)|GO:0008270(InterPro)	Reactome:R-BTA-159231|Reactome:R-BTA-159236|Reactome:R-BTA-72163|Reactome:R-BTA-72165|Reactome:R-BTA-72203|Reactome:R-BTA-73856|Reactome:R-BTA-77595|Reactome:R-BTA-9770562|Reactome:R-CEL-159236|Reactome:R-CEL-72163|Reactome:R-CEL-73856|Reactome:R-DME-159231|Reactome:R-DME-159236|Reactome:R-DME-1834941|Reactome:R-DME-72163|Reactome:R-DME-72165|Reactome:R-DME-72203|Reactome:R-DME-73856|Reactome:R-DME-77595|Reactome:R-DME-8941326|Reactome:R-DME-9770562|Reactome:R-DME-9930044|Reactome:R-DRE-72165|Reactome:R-HSA-1169408|Reactome:R-HSA-159231|Reactome:R-HSA-159236|Reactome:R-HSA-162585|Reactome:R-HSA-162588|Reactome:R-HSA-162592|Reactome:R-HSA-162594|Reactome:R-HSA-164516|Reactome:R-HSA-164525|Reactome:R-HSA-164843|Reactome:R-HSA-168315|Reactome:R-HSA-173107|Reactome:R-HSA-174490|Reactome:R-HSA-174495|Reactome:R-HSA-175474|Reactome:R-HSA-175567|Reactome:R-HSA-177539|Reactome:R-HSA-180689|Reactome:R-HSA-180910|Reactome:R-HSA-429947|Reactome:R-HSA-452723|Reactome:R-HSA-6784531|Reactome:R-HSA-72163|Reactome:R-HSA-72165|Reactome:R-HSA-72187|Reactome:R-HSA-72203|Reactome:R-HSA-73856|Reactome:R-HSA-77595|Reactome:R-HSA-9013422|Reactome:R-HSA-9682706|Reactome:R-HSA-9694686|Reactome:R-HSA-9705671|Reactome:R-HSA-9770562|Reactome:R-HSA-9819196|Reactome:R-HSA-9820865|Reactome:R-HSA-983168|Reactome:R-HSA-9843970|Reactome:R-HSA-9918481|Reactome:R-HSA-9930044|Reactome:R-HSA-9931510|Reactome:R-MMU-159231|Reactome:R-MMU-159236|Reactome:R-MMU-72163|Reactome:R-MMU-72165|Reactome:R-MMU-72187|Reactome:R-MMU-72203|Reactome:R-MMU-73856|Reactome:R-MMU-77595|Reactome:R-MMU-9013422|Reactome:R-MMU-9770562|Reactome:R-MMU-983168|Reactome:R-MMU-9930044|Reactome:R-RNO-159231|Reactome:R-RNO-72165|Reactome:R-RNO-73856|Reactome:R-RNO-77595|Reactome:R-RNO-9770562|Reactome:R-SCE-983168|Reactome:R-SPO-9770562|Reactome:R-SPO-983168|Reactome:R-XTR-77595|Reactome:R-XTR-9770562
JSRV	a03a40c335be4af97172d5731507ae21	553	SMART	SM00343	c2hcfinal6	526	542	0.0085	T	13-08-2026	IPR001878	Zinc finger, CCHC-type	GO:0003676(InterPro)|GO:0008270(InterPro)	Reactome:R-BTA-159231|Reactome:R-BTA-159236|Reactome:R-BTA-72163|Reactome:R-BTA-72165|Reactome:R-BTA-72203|Reactome:R-BTA-73856|Reactome:R-BTA-77595|Reactome:R-BTA-9770562|Reactome:R-CEL-159236|Reactome:R-CEL-72163|Reactome:R-CEL-73856|Reactome:R-DME-159231|Reactome:R-DME-159236|Reactome:R-DME-1834941|Reactome:R-DME-72163|Reactome:R-DME-72165|Reactome:R-DME-72203|Reactome:R-DME-73856|Reactome:R-DME-77595|Reactome:R-DME-8941326|Reactome:R-DME-9770562|Reactome:R-DME-9930044|Reactome:R-DRE-72165|Reactome:R-HSA-1169408|Reactome:R-HSA-159231|Reactome:R-HSA-159236|Reactome:R-HSA-162585|Reactome:R-HSA-162588|Reactome:R-HSA-162592|Reactome:R-HSA-162594|Reactome:R-HSA-164516|Reactome:R-HSA-164525|Reactome:R-HSA-164843|Reactome:R-HSA-168315|Reactome:R-HSA-173107|Reactome:R-HSA-174490|Reactome:R-HSA-174495|Reactome:R-HSA-175474|Reactome:R-HSA-175567|Reactome:R-HSA-177539|Reactome:R-HSA-180689|Reactome:R-HSA-180910|Reactome:R-HSA-429947|Reactome:R-HSA-452723|Reactome:R-HSA-6784531|Reactome:R-HSA-72163|Reactome:R-HSA-72165|Reactome:R-HSA-72187|Reactome:R-HSA-72203|Reactome:R-HSA-73856|Reactome:R-HSA-77595|Reactome:R-HSA-9013422|Reactome:R-HSA-9682706|Reactome:R-HSA-9694686|Reactome:R-HSA-9705671|Reactome:R-HSA-9770562|Reactome:R-HSA-9819196|Reactome:R-HSA-9820865|Reactome:R-HSA-983168|Reactome:R-HSA-9843970|Reactome:R-HSA-9918481|Reactome:R-HSA-9930044|Reactome:R-HSA-9931510|Reactome:R-MMU-159231|Reactome:R-MMU-159236|Reactome:R-MMU-72163|Reactome:R-MMU-72165|Reactome:R-MMU-72187|Reactome:R-MMU-72203|Reactome:R-MMU-73856|Reactome:R-MMU-77595|Reactome:R-MMU-9013422|Reactome:R-MMU-9770562|Reactome:R-MMU-983168|Reactome:R-MMU-9930044|Reactome:R-RNO-159231|Reactome:R-RNO-72165|Reactome:R-RNO-73856|Reactome:R-RNO-77595|Reactome:R-RNO-9770562|Reactome:R-SCE-983168|Reactome:R-SPO-9770562|Reactome:R-SPO-983168|Reactome:R-XTR-77595|Reactome:R-XTR-9770562
JSRV	a03a40c335be4af97172d5731507ae21	553	SMART	SM00343	c2hcfinal6	499	515	3.0E-4	T	13-08-2026	IPR001878	Zinc finger, CCHC-type	GO:0003676(InterPro)|GO:0008270(InterPro)	Reactome:R-BTA-159231|Reactome:R-BTA-159236|Reactome:R-BTA-72163|Reactome:R-BTA-72165|Reactome:R-BTA-72203|Reactome:R-BTA-73856|Reactome:R-BTA-77595|Reactome:R-BTA-9770562|Reactome:R-CEL-159236|Reactome:R-CEL-72163|Reactome:R-CEL-73856|Reactome:R-DME-159231|Reactome:R-DME-159236|Reactome:R-DME-1834941|Reactome:R-DME-72163|Reactome:R-DME-72165|Reactome:R-DME-72203|Reactome:R-DME-73856|Reactome:R-DME-77595|Reactome:R-DME-8941326|Reactome:R-DME-9770562|Reactome:R-DME-9930044|Reactome:R-DRE-72165|Reactome:R-HSA-1169408|Reactome:R-HSA-159231|Reactome:R-HSA-159236|Reactome:R-HSA-162585|Reactome:R-HSA-162588|Reactome:R-HSA-162592|Reactome:R-HSA-162594|Reactome:R-HSA-164516|Reactome:R-HSA-164525|Reactome:R-HSA-164843|Reactome:R-HSA-168315|Reactome:R-HSA-173107|Reactome:R-HSA-174490|Reactome:R-HSA-174495|Reactome:R-HSA-175474|Reactome:R-HSA-175567|Reactome:R-HSA-177539|Reactome:R-HSA-180689|Reactome:R-HSA-180910|Reactome:R-HSA-429947|Reactome:R-HSA-452723|Reactome:R-HSA-6784531|Reactome:R-HSA-72163|Reactome:R-HSA-72165|Reactome:R-HSA-72187|Reactome:R-HSA-72203|Reactome:R-HSA-73856|Reactome:R-HSA-77595|Reactome:R-HSA-9013422|Reactome:R-HSA-9682706|Reactome:R-HSA-9694686|Reactome:R-HSA-9705671|Reactome:R-HSA-9770562|Reactome:R-HSA-9819196|Reactome:R-HSA-9820865|Reactome:R-HSA-983168|Reactome:R-HSA-9843970|Reactome:R-HSA-9918481|Reactome:R-HSA-9930044|Reactome:R-HSA-9931510|Reactome:R-MMU-159231|Reactome:R-MMU-159236|Reactome:R-MMU-72163|Reactome:R-MMU-72165|Reactome:R-MMU-72187|Reactome:R-MMU-72203|Reactome:R-MMU-73856|Reactome:R-MMU-77595|Reactome:R-MMU-9013422|Reactome:R-MMU-9770562|Reactome:R-MMU-983168|Reactome:R-MMU-9930044|Reactome:R-RNO-159231|Reactome:R-RNO-72165|Reactome:R-RNO-73856|Reactome:R-RNO-77595|Reactome:R-RNO-9770562|Reactome:R-SCE-983168|Reactome:R-SPO-9770562|Reactome:R-SPO-983168|Reactome:R-XTR-77595|Reactome:R-XTR-9770562
JSRV	a03a40c335be4af97172d5731507ae21	553	Pfam	PF00607	gag protein p24 N-terminal domain	258	380	9.6E-40	T	13-08-2026	-	-	-	-
JSRV	a03a40c335be4af97172d5731507ae21	553	ProSiteProfiles	PS50158	Zinc finger CCHC-type profile.	500	515	9.652719	T	13-08-2026	IPR001878	Zinc finger, CCHC-type	GO:0003676(InterPro)|GO:0008270(InterPro)	Reactome:R-BTA-159231|Reactome:R-BTA-159236|Reactome:R-BTA-72163|Reactome:R-BTA-72165|Reactome:R-BTA-72203|Reactome:R-BTA-73856|Reactome:R-BTA-77595|Reactome:R-BTA-9770562|Reactome:R-CEL-159236|Reactome:R-CEL-72163|Reactome:R-CEL-73856|Reactome:R-DME-159231|Reactome:R-DME-159236|Reactome:R-DME-1834941|Reactome:R-DME-72163|Reactome:R-DME-72165|Reactome:R-DME-72203|Reactome:R-DME-73856|Reactome:R-DME-77595|Reactome:R-DME-8941326|Reactome:R-DME-9770562|Reactome:R-DME-9930044|Reactome:R-DRE-72165|Reactome:R-HSA-1169408|Reactome:R-HSA-159231|Reactome:R-HSA-159236|Reactome:R-HSA-162585|Reactome:R-HSA-162588|Reactome:R-HSA-162592|Reactome:R-HSA-162594|Reactome:R-HSA-164516|Reactome:R-HSA-164525|Reactome:R-HSA-164843|Reactome:R-HSA-168315|Reactome:R-HSA-173107|Reactome:R-HSA-174490|Reactome:R-HSA-174495|Reactome:R-HSA-175474|Reactome:R-HSA-175567|Reactome:R-HSA-177539|Reactome:R-HSA-180689|Reactome:R-HSA-180910|Reactome:R-HSA-429947|Reactome:R-HSA-452723|Reactome:R-HSA-6784531|Reactome:R-HSA-72163|Reactome:R-HSA-72165|Reactome:R-HSA-72187|Reactome:R-HSA-72203|Reactome:R-HSA-73856|Reactome:R-HSA-77595|Reactome:R-HSA-9013422|Reactome:R-HSA-9682706|Reactome:R-HSA-9694686|Reactome:R-HSA-9705671|Reactome:R-HSA-9770562|Reactome:R-HSA-9819196|Reactome:R-HSA-9820865|Reactome:R-HSA-983168|Reactome:R-HSA-9843970|Reactome:R-HSA-9918481|Reactome:R-HSA-9930044|Reactome:R-HSA-9931510|Reactome:R-MMU-159231|Reactome:R-MMU-159236|Reactome:R-MMU-72163|Reactome:R-MMU-72165|Reactome:R-MMU-72187|Reactome:R-MMU-72203|Reactome:R-MMU-73856|Reactome:R-MMU-77595|Reactome:R-MMU-9013422|Reactome:R-MMU-9770562|Reactome:R-MMU-983168|Reactome:R-MMU-9930044|Reactome:R-RNO-159231|Reactome:R-RNO-72165|Reactome:R-RNO-73856|Reactome:R-RNO-77595|Reactome:R-RNO-9770562|Reactome:R-SCE-983168|Reactome:R-SPO-9770562|Reactome:R-SPO-983168|Reactome:R-XTR-77595|Reactome:R-XTR-9770562
JSRV	a03a40c335be4af97172d5731507ae21	553	SUPERFAMILY	SSF47943	Retrovirus capsid protein, N-terminal core domain	218	379	3.22E-50	T	13-08-2026	IPR008919	Retrovirus capsid, N-terminal	GO:0016032(InterPro)	Reactome:R-HSA-1169408|Reactome:R-HSA-162585|Reactome:R-HSA-162588|Reactome:R-HSA-162592|Reactome:R-HSA-162594|Reactome:R-HSA-164516|Reactome:R-HSA-164525|Reactome:R-HSA-164843|Reactome:R-HSA-173107|Reactome:R-HSA-174490|Reactome:R-HSA-174495|Reactome:R-HSA-175474|Reactome:R-HSA-175567|Reactome:R-HSA-177539|Reactome:R-HSA-180689|Reactome:R-HSA-180910
JSRV	a03a40c335be4af97172d5731507ae21	553	Pfam	PF14787	GAG-polyprotein viral zinc-finger	523	553	1.6E-15	T	13-08-2026	-	-	-	-
JSRV	a03a40c335be4af97172d5731507ae21	553	Pfam	PF19317	Gag protein p24 C-terminal domain	381	454	9.5E-29	T	13-08-2026	IPR045345	Retroviral nucleocapsid Gag protein p24, C-terminal domain	-	Reactome:R-HSA-1169408|Reactome:R-HSA-162585|Reactome:R-HSA-162588|Reactome:R-HSA-162592|Reactome:R-HSA-162594|Reactome:R-HSA-164516|Reactome:R-HSA-164525|Reactome:R-HSA-164843|Reactome:R-HSA-173107|Reactome:R-HSA-174490|Reactome:R-HSA-174495|Reactome:R-HSA-175474|Reactome:R-HSA-175567|Reactome:R-HSA-177539|Reactome:R-HSA-180689|Reactome:R-HSA-180910
JSRV	a03a40c335be4af97172d5731507ae21	553	SUPERFAMILY	SSF47836	Retroviral matrix proteins	2	81	2.94E-25	T	13-08-2026	IPR010999	Retroviral matrix protein	-	Reactome:R-HSA-1169408|Reactome:R-HSA-162585|Reactome:R-HSA-162588|Reactome:R-HSA-162592|Reactome:R-HSA-162594|Reactome:R-HSA-164516|Reactome:R-HSA-164525|Reactome:R-HSA-164843|Reactome:R-HSA-173107|Reactome:R-HSA-174490|Reactome:R-HSA-174495|Reactome:R-HSA-175474|Reactome:R-HSA-175567|Reactome:R-HSA-177539|Reactome:R-HSA-180689|Reactome:R-HSA-180910|Reactome:R-HSA-198933
Ty3-1	5099d16ff7935e99347700e0a313c094	307	Pfam	PF19259	Ty3 transposon capsid-like protein	34	222	3.3E-75	T	13-08-2026	IPR045358	Ty3 transposon capsid-like protein	-	-
Ty3-1	5099d16ff7935e99347700e0a313c094	307	ProSiteProfiles	PS50158	Zinc finger CCHC-type profile.	284	298	8.614303	T	13-08-2026	IPR001878	Zinc finger, CCHC-type	GO:0003676(InterPro)|GO:0008270(InterPro)	Reactome:R-BTA-159231|Reactome:R-BTA-159236|Reactome:R-BTA-72163|Reactome:R-BTA-72165|Reactome:R-BTA-72203|Reactome:R-BTA-73856|Reactome:R-BTA-77595|Reactome:R-BTA-9770562|Reactome:R-CEL-159236|Reactome:R-CEL-72163|Reactome:R-CEL-73856|Reactome:R-DME-159231|Reactome:R-DME-159236|Reactome:R-DME-1834941|Reactome:R-DME-72163|Reactome:R-DME-72165|Reactome:R-DME-72203|Reactome:R-DME-73856|Reactome:R-DME-77595|Reactome:R-DME-8941326|Reactome:R-DME-9770562|Reactome:R-DME-9930044|Reactome:R-DRE-72165|Reactome:R-HSA-1169408|Reactome:R-HSA-159231|Reactome:R-HSA-159236|Reactome:R-HSA-162585|Reactome:R-HSA-162588|Reactome:R-HSA-162592|Reactome:R-HSA-162594|Reactome:R-HSA-164516|Reactome:R-HSA-164525|Reactome:R-HSA-164843|Reactome:R-HSA-168315|Reactome:R-HSA-173107|Reactome:R-HSA-174490|Reactome:R-HSA-174495|Reactome:R-HSA-175474|Reactome:R-HSA-175567|Reactome:R-HSA-177539|Reactome:R-HSA-180689|Reactome:R-HSA-180910|Reactome:R-HSA-429947|Reactome:R-HSA-452723|Reactome:R-HSA-6784531|Reactome:R-HSA-72163|Reactome:R-HSA-72165|Reactome:R-HSA-72187|Reactome:R-HSA-72203|Reactome:R-HSA-73856|Reactome:R-HSA-77595|Reactome:R-HSA-9013422|Reactome:R-HSA-9682706|Reactome:R-HSA-9694686|Reactome:R-HSA-9705671|Reactome:R-HSA-9770562|Reactome:R-HSA-9819196|Reactome:R-HSA-9820865|Reactome:R-HSA-983168|Reactome:R-HSA-9843970|Reactome:R-HSA-9918481|Reactome:R-HSA-9930044|Reactome:R-HSA-9931510|Reactome:R-MMU-159231|Reactome:R-MMU-159236|Reactome:R-MMU-72163|Reactome:R-MMU-72165|Reactome:R-MMU-72187|Reactome:R-MMU-72203|Reactome:R-MMU-73856|Reactome:R-MMU-77595|Reactome:R-MMU-9013422|Reactome:R-MMU-9770562|Reactome:R-MMU-983168|Reactome:R-MMU-9930044|Reactome:R-RNO-159231|Reactome:R-RNO-72165|Reactome:R-RNO-73856|Reactome:R-RNO-77595|Reactome:R-RNO-9770562|Reactome:R-SCE-983168|Reactome:R-SPO-9770562|Reactome:R-SPO-983168|Reactome:R-XTR-77595|Reactome:R-XTR-9770562
Ty3-1	5099d16ff7935e99347700e0a313c094	307	SMART	SM00343	c2hcfinal6	283	299	0.0043	T	13-08-2026	IPR001878	Zinc finger, CCHC-type	GO:0003676(InterPro)|GO:0008270(InterPro)	Reactome:R-BTA-159231|Reactome:R-BTA-159236|Reactome:R-BTA-72163|Reactome:R-BTA-72165|Reactome:R-BTA-72203|Reactome:R-BTA-73856|Reactome:R-BTA-77595|Reactome:R-BTA-9770562|Reactome:R-CEL-159236|Reactome:R-CEL-72163|Reactome:R-CEL-73856|Reactome:R-DME-159231|Reactome:R-DME-159236|Reactome:R-DME-1834941|Reactome:R-DME-72163|Reactome:R-DME-72165|Reactome:R-DME-72203|Reactome:R-DME-73856|Reactome:R-DME-77595|Reactome:R-DME-8941326|Reactome:R-DME-9770562|Reactome:R-DME-9930044|Reactome:R-DRE-72165|Reactome:R-HSA-1169408|Reactome:R-HSA-159231|Reactome:R-HSA-159236|Reactome:R-HSA-162585|Reactome:R-HSA-162588|Reactome:R-HSA-162592|Reactome:R-HSA-162594|Reactome:R-HSA-164516|Reactome:R-HSA-164525|Reactome:R-HSA-164843|Reactome:R-HSA-168315|Reactome:R-HSA-173107|Reactome:R-HSA-174490|Reactome:R-HSA-174495|Reactome:R-HSA-175474|Reactome:R-HSA-175567|Reactome:R-HSA-177539|Reactome:R-HSA-180689|Reactome:R-HSA-180910|Reactome:R-HSA-429947|Reactome:R-HSA-452723|Reactome:R-HSA-6784531|Reactome:R-HSA-72163|Reactome:R-HSA-72165|Reactome:R-HSA-72187|Reactome:R-HSA-72203|Reactome:R-HSA-73856|Reactome:R-HSA-77595|Reactome:R-HSA-9013422|Reactome:R-HSA-9682706|Reactome:R-HSA-9694686|Reactome:R-HSA-9705671|Reactome:R-HSA-9770562|Reactome:R-HSA-9819196|Reactome:R-HSA-9820865|Reactome:R-HSA-983168|Reactome:R-HSA-9843970|Reactome:R-HSA-9918481|Reactome:R-HSA-9930044|Reactome:R-HSA-9931510|Reactome:R-MMU-159231|Reactome:R-MMU-159236|Reactome:R-MMU-72163|Reactome:R-MMU-72165|Reactome:R-MMU-72187|Reactome:R-MMU-72203|Reactome:R-MMU-73856|Reactome:R-MMU-77595|Reactome:R-MMU-9013422|Reactome:R-MMU-9770562|Reactome:R-MMU-983168|Reactome:R-MMU-9930044|Reactome:R-RNO-159231|Reactome:R-RNO-72165|Reactome:R-RNO-73856|Reactome:R-RNO-77595|Reactome:R-RNO-9770562|Reactome:R-SCE-983168|Reactome:R-SPO-9770562|Reactome:R-SPO-983168|Reactome:R-XTR-77595|Reactome:R-XTR-9770562
Ty3-1	5099d16ff7935e99347700e0a313c094	307	SUPERFAMILY	SSF57756	Retrovirus zinc finger-like domains	265	302	8.02E-6	T	13-08-2026	IPR036875	Zinc finger, CCHC-type superfamily	GO:0003676(InterPro)|GO:0008270(InterPro)	Reactome:R-BTA-159231|Reactome:R-BTA-159236|Reactome:R-BTA-72163|Reactome:R-BTA-72165|Reactome:R-BTA-72203|Reactome:R-BTA-73856|Reactome:R-BTA-77595|Reactome:R-BTA-9770562|Reactome:R-CEL-159236|Reactome:R-CEL-72163|Reactome:R-CEL-73856|Reactome:R-DME-159231|Reactome:R-DME-159236|Reactome:R-DME-1834941|Reactome:R-DME-72163|Reactome:R-DME-72165|Reactome:R-DME-72203|Reactome:R-DME-73856|Reactome:R-DME-77595|Reactome:R-DME-9770562|Reactome:R-DRE-72165|Reactome:R-HSA-1169408|Reactome:R-HSA-159231|Reactome:R-HSA-159236|Reactome:R-HSA-162585|Reactome:R-HSA-162588|Reactome:R-HSA-162592|Reactome:R-HSA-162594|Reactome:R-HSA-164516|Reactome:R-HSA-164525|Reactome:R-HSA-164843|Reactome:R-HSA-168315|Reactome:R-HSA-173107|Reactome:R-HSA-174490|Reactome:R-HSA-174495|Reactome:R-HSA-175474|Reactome:R-HSA-175567|Reactome:R-HSA-177539|Reactome:R-HSA-180689|Reactome:R-HSA-180910|Reactome:R-HSA-429947|Reactome:R-HSA-452723|Reactome:R-HSA-6784531|Reactome:R-HSA-72163|Reactome:R-HSA-72165|Reactome:R-HSA-72187|Reactome:R-HSA-72203|Reactome:R-HSA-73856|Reactome:R-HSA-77595|Reactome:R-HSA-9013422|Reactome:R-HSA-9682706|Reactome:R-HSA-9694686|Reactome:R-HSA-9705671|Reactome:R-HSA-9770562|Reactome:R-HSA-9819196|Reactome:R-HSA-9820865|Reactome:R-HSA-983168|Reactome:R-HSA-9918481|Reactome:R-HSA-9930044|Reactome:R-MMU-159231|Reactome:R-MMU-159236|Reactome:R-MMU-72163|Reactome:R-MMU-72165|Reactome:R-MMU-72187|Reactome:R-MMU-72203|Reactome:R-MMU-73856|Reactome:R-MMU-77595|Reactome:R-MMU-9013422|Reactome:R-MMU-9770562|Reactome:R-MMU-983168|Reactome:R-RNO-159231|Reactome:R-RNO-72165|Reactome:R-RNO-73856|Reactome:R-RNO-77595|Reactome:R-RNO-9770562|Reactome:R-SCE-983168|Reactome:R-SPO-9770562|Reactome:R-SPO-983168|Reactome:R-XTR-77595|Reactome:R-XTR-9770562
Cer5	d046dd4ecf57f441cc806b15c41294ed	264	ProSiteProfiles	PS50158	Zinc finger CCHC-type profile.	232	247	9.372511	T	13-08-2026	IPR001878	Zinc finger, CCHC-type	GO:0003676(InterPro)|GO:0008270(InterPro)	Reactome:R-BTA-159231|Reactome:R-BTA-159236|Reactome:R-BTA-72163|Reactome:R-BTA-72165|Reactome:R-BTA-72203|Reactome:R-BTA-73856|Reactome:R-BTA-77595|Reactome:R-BTA-9770562|Reactome:R-CEL-159236|Reactome:R-CEL-72163|Reactome:R-CEL-73856|Reactome:R-DME-159231|Reactome:R-DME-159236|Reactome:R-DME-1834941|Reactome:R-DME-72163|Reactome:R-DME-72165|Reactome:R-DME-72203|Reactome:R-DME-73856|Reactome:R-DME-77595|Reactome:R-DME-8941326|Reactome:R-DME-9770562|Reactome:R-DME-9930044|Reactome:R-DRE-72165|Reactome:R-HSA-1169408|Reactome:R-HSA-159231|Reactome:R-HSA-159236|Reactome:R-HSA-162585|Reactome:R-HSA-162588|Reactome:R-HSA-162592|Reactome:R-HSA-162594|Reactome:R-HSA-164516|Reactome:R-HSA-164525|Reactome:R-HSA-164843|Reactome:R-HSA-168315|Reactome:R-HSA-173107|Reactome:R-HSA-174490|Reactome:R-HSA-174495|Reactome:R-HSA-175474|Reactome:R-HSA-175567|Reactome:R-HSA-177539|Reactome:R-HSA-180689|Reactome:R-HSA-180910|Reactome:R-HSA-429947|Reactome:R-HSA-452723|Reactome:R-HSA-6784531|Reactome:R-HSA-72163|Reactome:R-HSA-72165|Reactome:R-HSA-72187|Reactome:R-HSA-72203|Reactome:R-HSA-73856|Reactome:R-HSA-77595|Reactome:R-HSA-9013422|Reactome:R-HSA-9682706|Reactome:R-HSA-9694686|Reactome:R-HSA-9705671|Reactome:R-HSA-9770562|Reactome:R-HSA-9819196|Reactome:R-HSA-9820865|Reactome:R-HSA-983168|Reactome:R-HSA-9843970|Reactome:R-HSA-9918481|Reactome:R-HSA-9930044|Reactome:R-HSA-9931510|Reactome:R-MMU-159231|Reactome:R-MMU-159236|Reactome:R-MMU-72163|Reactome:R-MMU-72165|Reactome:R-MMU-72187|Reactome:R-MMU-72203|Reactome:R-MMU-73856|Reactome:R-MMU-77595|Reactome:R-MMU-9013422|Reactome:R-MMU-9770562|Reactome:R-MMU-983168|Reactome:R-MMU-9930044|Reactome:R-RNO-159231|Reactome:R-RNO-72165|Reactome:R-RNO-73856|Reactome:R-RNO-77595|Reactome:R-RNO-9770562|Reactome:R-SCE-983168|Reactome:R-SPO-9770562|Reactome:R-SPO-983168|Reactome:R-XTR-77595|Reactome:R-XTR-9770562
Cer5	d046dd4ecf57f441cc806b15c41294ed	264	PANTHER	PTHR36943	CCHC-TYPE DOMAIN-CONTAINING PROTEIN	16	263	5.4E-121	T	13-08-2026	-	-	-	-
Cer5	d046dd4ecf57f441cc806b15c41294ed	264	Gene3D	G3DSA:4.10.60.10	-	199	260	8.0E-6	T	13-08-2026	-	-	-	-
Cer5	d046dd4ecf57f441cc806b15c41294ed	264	SMART	SM00343	c2hcfinal6	231	247	7.7E-4	T	13-08-2026	IPR001878	Zinc finger, CCHC-type	GO:0003676(InterPro)|GO:0008270(InterPro)	Reactome:R-BTA-159231|Reactome:R-BTA-159236|Reactome:R-BTA-72163|Reactome:R-BTA-72165|Reactome:R-BTA-72203|Reactome:R-BTA-73856|Reactome:R-BTA-77595|Reactome:R-BTA-9770562|Reactome:R-CEL-159236|Reactome:R-CEL-72163|Reactome:R-CEL-73856|Reactome:R-DME-159231|Reactome:R-DME-159236|Reactome:R-DME-1834941|Reactome:R-DME-72163|Reactome:R-DME-72165|Reactome:R-DME-72203|Reactome:R-DME-73856|Reactome:R-DME-77595|Reactome:R-DME-8941326|Reactome:R-DME-9770562|Reactome:R-DME-9930044|Reactome:R-DRE-72165|Reactome:R-HSA-1169408|Reactome:R-HSA-159231|Reactome:R-HSA-159236|Reactome:R-HSA-162585|Reactome:R-HSA-162588|Reactome:R-HSA-162592|Reactome:R-HSA-162594|Reactome:R-HSA-164516|Reactome:R-HSA-164525|Reactome:R-HSA-164843|Reactome:R-HSA-168315|Reactome:R-HSA-173107|Reactome:R-HSA-174490|Reactome:R-HSA-174495|Reactome:R-HSA-175474|Reactome:R-HSA-175567|Reactome:R-HSA-177539|Reactome:R-HSA-180689|Reactome:R-HSA-180910|Reactome:R-HSA-429947|Reactome:R-HSA-452723|Reactome:R-HSA-6784531|Reactome:R-HSA-72163|Reactome:R-HSA-72165|Reactome:R-HSA-72187|Reactome:R-HSA-72203|Reactome:R-HSA-73856|Reactome:R-HSA-77595|Reactome:R-HSA-9013422|Reactome:R-HSA-9682706|Reactome:R-HSA-9694686|Reactome:R-HSA-9705671|Reactome:R-HSA-9770562|Reactome:R-HSA-9819196|Reactome:R-HSA-9820865|Reactome:R-HSA-983168|Reactome:R-HSA-9843970|Reactome:R-HSA-9918481|Reactome:R-HSA-9930044|Reactome:R-HSA-9931510|Reactome:R-MMU-159231|Reactome:R-MMU-159236|Reactome:R-MMU-72163|Reactome:R-MMU-72165|Reactome:R-MMU-72187|Reactome:R-MMU-72203|Reactome:R-MMU-73856|Reactome:R-MMU-77595|Reactome:R-MMU-9013422|Reactome:R-MMU-9770562|Reactome:R-MMU-983168|Reactome:R-MMU-9930044|Reactome:R-RNO-159231|Reactome:R-RNO-72165|Reactome:R-RNO-73856|Reactome:R-RNO-77595|Reactome:R-RNO-9770562|Reactome:R-SCE-983168|Reactome:R-SPO-9770562|Reactome:R-SPO-983168|Reactome:R-XTR-77595|Reactome:R-XTR-9770562
Cer5	d046dd4ecf57f441cc806b15c41294ed	264	Pfam	PF23309	Domain of unknown function (DUF7083)	17	79	4.8E-16	T	13-08-2026	IPR055510	Domain of unknown function DUF7083	-	-
Cer5	d046dd4ecf57f441cc806b15c41294ed	264	MobiDBLite	mobidb-lite	consensus disorder prediction	183	264	-	T	13-08-2026	-	-	-	-
Cer5	d046dd4ecf57f441cc806b15c41294ed	264	MobiDBLite	mobidb-lite	consensus disorder prediction	214	228	-	T	13-08-2026	-	-	-	-
Cer5	d046dd4ecf57f441cc806b15c41294ed	264	MobiDBLite	mobidb-lite	consensus disorder prediction	183	197	-	T	13-08-2026	-	-	-	-
Cer5	d046dd4ecf57f441cc806b15c41294ed	264	SUPERFAMILY	SSF57756	Retrovirus zinc finger-like domains	219	253	5.76E-7	T	13-08-2026	IPR036875	Zinc finger, CCHC-type superfamily	GO:0003676(InterPro)|GO:0008270(InterPro)	Reactome:R-BTA-159231|Reactome:R-BTA-159236|Reactome:R-BTA-72163|Reactome:R-BTA-72165|Reactome:R-BTA-72203|Reactome:R-BTA-73856|Reactome:R-BTA-77595|Reactome:R-BTA-9770562|Reactome:R-CEL-159236|Reactome:R-CEL-72163|Reactome:R-CEL-73856|Reactome:R-DME-159231|Reactome:R-DME-159236|Reactome:R-DME-1834941|Reactome:R-DME-72163|Reactome:R-DME-72165|Reactome:R-DME-72203|Reactome:R-DME-73856|Reactome:R-DME-77595|Reactome:R-DME-9770562|Reactome:R-DRE-72165|Reactome:R-HSA-1169408|Reactome:R-HSA-159231|Reactome:R-HSA-159236|Reactome:R-HSA-162585|Reactome:R-HSA-162588|Reactome:R-HSA-162592|Reactome:R-HSA-162594|Reactome:R-HSA-164516|Reactome:R-HSA-164525|Reactome:R-HSA-164843|Reactome:R-HSA-168315|Reactome:R-HSA-173107|Reactome:R-HSA-174490|Reactome:R-HSA-174495|Reactome:R-HSA-175474|Reactome:R-HSA-175567|Reactome:R-HSA-177539|Reactome:R-HSA-180689|Reactome:R-HSA-180910|Reactome:R-HSA-429947|Reactome:R-HSA-452723|Reactome:R-HSA-6784531|Reactome:R-HSA-72163|Reactome:R-HSA-72165|Reactome:R-HSA-72187|Reactome:R-HSA-72203|Reactome:R-HSA-73856|Reactome:R-HSA-77595|Reactome:R-HSA-9013422|Reactome:R-HSA-9682706|Reactome:R-HSA-9694686|Reactome:R-HSA-9705671|Reactome:R-HSA-9770562|Reactome:R-HSA-9819196|Reactome:R-HSA-9820865|Reactome:R-HSA-983168|Reactome:R-HSA-9918481|Reactome:R-HSA-9930044|Reactome:R-MMU-159231|Reactome:R-MMU-159236|Reactome:R-MMU-72163|Reactome:R-MMU-72165|Reactome:R-MMU-72187|Reactome:R-MMU-72203|Reactome:R-MMU-73856|Reactome:R-MMU-77595|Reactome:R-MMU-9013422|Reactome:R-MMU-9770562|Reactome:R-MMU-983168|Reactome:R-RNO-159231|Reactome:R-RNO-72165|Reactome:R-RNO-73856|Reactome:R-RNO-77595|Reactome:R-RNO-9770562|Reactome:R-SCE-983168|Reactome:R-SPO-9770562|Reactome:R-SPO-983168|Reactome:R-XTR-77595|Reactome:R-XTR-9770562
G-Rhodo	a2c2a85074f871c4e38f3608cff9d778	397	MobiDBLite	mobidb-lite	consensus disorder prediction	328	370	-	T	13-08-2026	-	-	-	-
G-Rhodo	a2c2a85074f871c4e38f3608cff9d778	397	MobiDBLite	mobidb-lite	consensus disorder prediction	1	26	-	T	13-08-2026	-	-	-	-
G-Rhodo	a2c2a85074f871c4e38f3608cff9d778	397	MobiDBLite	mobidb-lite	consensus disorder prediction	1	42	-	T	13-08-2026	-	-	-	-
G-Rhodo	a2c2a85074f871c4e38f3608cff9d778	397	MobiDBLite	mobidb-lite	consensus disorder prediction	378	397	-	T	13-08-2026	-	-	-	-
G-Rhodo	a2c2a85074f871c4e38f3608cff9d778	397	MobiDBLite	mobidb-lite	consensus disorder prediction	352	370	-	T	13-08-2026	-	-	-	-
_ORF2_Ogre	47a51fd4c02cf863c6bfc22430c746b8	839	PANTHER	PTHR32108	DNA-DIRECTED RNA POLYMERASE SUBUNIT ALPHA	253	836	6.6E-97	T	13-08-2026	-	-	-	-
_ORF2_Ogre	47a51fd4c02cf863c6bfc22430c746b8	839	Coils	Coil	Coil	1	21	-	T	13-08-2026	-	-	-	-
_ORF2_Ogre	47a51fd4c02cf863c6bfc22430c746b8	839	MobiDBLite	mobidb-lite	consensus disorder prediction	375	408	-	T	13-08-2026	-	-	-	-
_ORF2_Ogre	47a51fd4c02cf863c6bfc22430c746b8	839	MobiDBLite	mobidb-lite	consensus disorder prediction	327	362	-	T	13-08-2026	-	-	-	-
_ORF2_Ogre	47a51fd4c02cf863c6bfc22430c746b8	839	MobiDBLite	mobidb-lite	consensus disorder prediction	346	362	-	T	13-08-2026	-	-	-	-
_ORF2_Ogre	47a51fd4c02cf863c6bfc22430c746b8	839	MobiDBLite	mobidb-lite	consensus disorder prediction	379	403	-	T	13-08-2026	-	-	-	-
HERV-K10	108f5e435a7c87611a9cf8aa89aae826	645	PANTHER	PTHR40389	ENDOGENOUS RETROVIRUS GROUP K MEMBER 24 GAG POLYPROTEIN-RELATED	1	644	6.3E-208	T	13-08-2026	IPR050195	Primate lentivirus group Gag polyprotein-like	-	Reactome:R-HSA-1169408|Reactome:R-HSA-162585|Reactome:R-HSA-162588|Reactome:R-HSA-162592|Reactome:R-HSA-162594|Reactome:R-HSA-164516|Reactome:R-HSA-164525|Reactome:R-HSA-164843|Reactome:R-HSA-173107|Reactome:R-HSA-174490|Reactome:R-HSA-174495|Reactome:R-HSA-175474|Reactome:R-HSA-175567|Reactome:R-HSA-177539|Reactome:R-HSA-180689|Reactome:R-HSA-180910
HERV-K10	108f5e435a7c87611a9cf8aa89aae826	645	SUPERFAMILY	SSF47943	Retrovirus capsid protein, N-terminal core domain	293	471	1.73E-42	T	13-08-2026	IPR008919	Retrovirus capsid, N-terminal	GO:0016032(InterPro)	Reactome:R-HSA-1169408|Reactome:R-HSA-162585|Reactome:R-HSA-162588|Reactome:R-HSA-162592|Reactome:R-HSA-162594|Reactome:R-HSA-164516|Reactome:R-HSA-164525|Reactome:R-HSA-164843|Reactome:R-HSA-173107|Reactome:R-HSA-174490|Reactome:R-HSA-174495|Reactome:R-HSA-175474|Reactome:R-HSA-175567|Reactome:R-HSA-177539|Reactome:R-HSA-180689|Reactome:R-HSA-180910
HERV-K10	108f5e435a7c87611a9cf8aa89aae826	645	Pfam	PF00607	gag protein p24 N-terminal domain	344	471	3.8E-38	T	13-08-2026	-	-	-	-
HERV-K10	108f5e435a7c87611a9cf8aa89aae826	645	Pfam	PF14787	GAG-polyprotein viral zinc-finger	615	645	9.5E-16	T	13-08-2026	-	-	-	-
HERV-K10	108f5e435a7c87611a9cf8aa89aae826	645	Pfam	PF19317	Gag protein p24 C-terminal domain	472	549	4.0E-26	T	13-08-2026	IPR045345	Retroviral nucleocapsid Gag protein p24, C-terminal domain	-	Reactome:R-HSA-1169408|Reactome:R-HSA-162585|Reactome:R-HSA-162588|Reactome:R-HSA-162592|Reactome:R-HSA-162594|Reactome:R-HSA-164516|Reactome:R-HSA-164525|Reactome:R-HSA-164843|Reactome:R-HSA-173107|Reactome:R-HSA-174490|Reactome:R-HSA-174495|Reactome:R-HSA-175474|Reactome:R-HSA-175567|Reactome:R-HSA-177539|Reactome:R-HSA-180689|Reactome:R-HSA-180910
HERV-K10	108f5e435a7c87611a9cf8aa89aae826	645	SUPERFAMILY	SSF47836	Retroviral matrix proteins	1	81	4.12E-24	T	13-08-2026	IPR010999	Retroviral matrix protein	-	Reactome:R-HSA-1169408|Reactome:R-HSA-162585|Reactome:R-HSA-162588|Reactome:R-HSA-162592|Reactome:R-HSA-162594|Reactome:R-HSA-164516|Reactome:R-HSA-164525|Reactome:R-HSA-164843|Reactome:R-HSA-173107|Reactome:R-HSA-174490|Reactome:R-HSA-174495|Reactome:R-HSA-175474|Reactome:R-HSA-175567|Reactome:R-HSA-177539|Reactome:R-HSA-180689|Reactome:R-HSA-180910|Reactome:R-HSA-198933
HERV-K10	108f5e435a7c87611a9cf8aa89aae826	645	Gene3D	G3DSA:4.10.60.10	-	580	642	5.0E-10	T	13-08-2026	-	-	-	-
HERV-K10	108f5e435a7c87611a9cf8aa89aae826	645	Gene3D	G3DSA:1.10.1200.30	-	467	571	1.2E-25	T	13-08-2026	IPR008916	Retrovirus capsid, C-terminal	-	Reactome:R-HSA-1169408|Reactome:R-HSA-162585|Reactome:R-HSA-162588|Reactome:R-HSA-162592|Reactome:R-HSA-162594|Reactome:R-HSA-164516|Reactome:R-HSA-164525|Reactome:R-HSA-164843|Reactome:R-HSA-173107|Reactome:R-HSA-174490|Reactome:R-HSA-174495|Reactome:R-HSA-175474|Reactome:R-HSA-175567|Reactome:R-HSA-177539|Reactome:R-HSA-180689|Reactome:R-HSA-180910
HERV-K10	108f5e435a7c87611a9cf8aa89aae826	645	SUPERFAMILY	SSF57756	Retrovirus zinc finger-like domains	575	601	2.09E-6	T	13-08-2026	IPR036875	Zinc finger, CCHC-type superfamily	GO:0003676(InterPro)|GO:0008270(InterPro)	Reactome:R-BTA-159231|Reactome:R-BTA-159236|Reactome:R-BTA-72163|Reactome:R-BTA-72165|Reactome:R-BTA-72203|Reactome:R-BTA-73856|Reactome:R-BTA-77595|Reactome:R-BTA-9770562|Reactome:R-CEL-159236|Reactome:R-CEL-72163|Reactome:R-CEL-73856|Reactome:R-DME-159231|Reactome:R-DME-159236|Reactome:R-DME-1834941|Reactome:R-DME-72163|Reactome:R-DME-72165|Reactome:R-DME-72203|Reactome:R-DME-73856|Reactome:R-DME-77595|Reactome:R-DME-9770562|Reactome:R-DRE-72165|Reactome:R-HSA-1169408|Reactome:R-HSA-159231|Reactome:R-HSA-159236|Reactome:R-HSA-162585|Reactome:R-HSA-162588|Reactome:R-HSA-162592|Reactome:R-HSA-162594|Reactome:R-HSA-164516|Reactome:R-HSA-164525|Reactome:R-HSA-164843|Reactome:R-HSA-168315|Reactome:R-HSA-173107|Reactome:R-HSA-174490|Reactome:R-HSA-174495|Reactome:R-HSA-175474|Reactome:R-HSA-175567|Reactome:R-HSA-177539|Reactome:R-HSA-180689|Reactome:R-HSA-180910|Reactome:R-HSA-429947|Reactome:R-HSA-452723|Reactome:R-HSA-6784531|Reactome:R-HSA-72163|Reactome:R-HSA-72165|Reactome:R-HSA-72187|Reactome:R-HSA-72203|Reactome:R-HSA-73856|Reactome:R-HSA-77595|Reactome:R-HSA-9013422|Reactome:R-HSA-9682706|Reactome:R-HSA-9694686|Reactome:R-HSA-9705671|Reactome:R-HSA-9770562|Reactome:R-HSA-9819196|Reactome:R-HSA-9820865|Reactome:R-HSA-983168|Reactome:R-HSA-9918481|Reactome:R-HSA-9930044|Reactome:R-MMU-159231|Reactome:R-MMU-159236|Reactome:R-MMU-72163|Reactome:R-MMU-72165|Reactome:R-MMU-72187|Reactome:R-MMU-72203|Reactome:R-MMU-73856|Reactome:R-MMU-77595|Reactome:R-MMU-9013422|Reactome:R-MMU-9770562|Reactome:R-MMU-983168|Reactome:R-RNO-159231|Reactome:R-RNO-72165|Reactome:R-RNO-73856|Reactome:R-RNO-77595|Reactome:R-RNO-9770562|Reactome:R-SCE-983168|Reactome:R-SPO-9770562|Reactome:R-SPO-983168|Reactome:R-XTR-77595|Reactome:R-XTR-9770562
HERV-K10	108f5e435a7c87611a9cf8aa89aae826	645	SUPERFAMILY	SSF57756	Retrovirus zinc finger-like domains	615	644	4.81E-12	T	13-08-2026	IPR036875	Zinc finger, CCHC-type superfamily	GO:0003676(InterPro)|GO:0008270(InterPro)	Reactome:R-BTA-159231|Reactome:R-BTA-159236|Reactome:R-BTA-72163|Reactome:R-BTA-72165|Reactome:R-BTA-72203|Reactome:R-BTA-73856|Reactome:R-BTA-77595|Reactome:R-BTA-9770562|Reactome:R-CEL-159236|Reactome:R-CEL-72163|Reactome:R-CEL-73856|Reactome:R-DME-159231|Reactome:R-DME-159236|Reactome:R-DME-1834941|Reactome:R-DME-72163|Reactome:R-DME-72165|Reactome:R-DME-72203|Reactome:R-DME-73856|Reactome:R-DME-77595|Reactome:R-DME-9770562|Reactome:R-DRE-72165|Reactome:R-HSA-1169408|Reactome:R-HSA-159231|Reactome:R-HSA-159236|Reactome:R-HSA-162585|Reactome:R-HSA-162588|Reactome:R-HSA-162592|Reactome:R-HSA-162594|Reactome:R-HSA-164516|Reactome:R-HSA-164525|Reactome:R-HSA-164843|Reactome:R-HSA-168315|Reactome:R-HSA-173107|Reactome:R-HSA-174490|Reactome:R-HSA-174495|Reactome:R-HSA-175474|Reactome:R-HSA-175567|Reactome:R-HSA-177539|Reactome:R-HSA-180689|Reactome:R-HSA-180910|Reactome:R-HSA-429947|Reactome:R-HSA-452723|Reactome:R-HSA-6784531|Reactome:R-HSA-72163|Reactome:R-HSA-72165|Reactome:R-HSA-72187|Reactome:R-HSA-72203|Reactome:R-HSA-73856|Reactome:R-HSA-77595|Reactome:R-HSA-9013422|Reactome:R-HSA-9682706|Reactome:R-HSA-9694686|Reactome:R-HSA-9705671|Reactome:R-HSA-9770562|Reactome:R-HSA-9819196|Reactome:R-HSA-9820865|Reactome:R-HSA-983168|Reactome:R-HSA-9918481|Reactome:R-HSA-9930044|Reactome:R-MMU-159231|Reactome:R-MMU-159236|Reactome:R-MMU-72163|Reactome:R-MMU-72165|Reactome:R-MMU-72187|Reactome:R-MMU-72203|Reactome:R-MMU-73856|Reactome:R-MMU-77595|Reactome:R-MMU-9013422|Reactome:R-MMU-9770562|Reactome:R-MMU-983168|Reactome:R-RNO-159231|Reactome:R-RNO-72165|Reactome:R-RNO-73856|Reactome:R-RNO-77595|Reactome:R-RNO-9770562|Reactome:R-SCE-983168|Reactome:R-SPO-9770562|Reactome:R-SPO-983168|Reactome:R-XTR-77595|Reactome:R-XTR-9770562
HERV-K10	108f5e435a7c87611a9cf8aa89aae826	645	ProSiteProfiles	PS50158	Zinc finger CCHC-type profile.	582	597	11.020791	T	13-08-2026	IPR001878	Zinc finger, CCHC-type	GO:0003676(InterPro)|GO:0008270(InterPro)	Reactome:R-BTA-159231|Reactome:R-BTA-159236|Reactome:R-BTA-72163|Reactome:R-BTA-72165|Reactome:R-BTA-72203|Reactome:R-BTA-73856|Reactome:R-BTA-77595|Reactome:R-BTA-9770562|Reactome:R-CEL-159236|Reactome:R-CEL-72163|Reactome:R-CEL-73856|Reactome:R-DME-159231|Reactome:R-DME-159236|Reactome:R-DME-1834941|Reactome:R-DME-72163|Reactome:R-DME-72165|Reactome:R-DME-72203|Reactome:R-DME-73856|Reactome:R-DME-77595|Reactome:R-DME-8941326|Reactome:R-DME-9770562|Reactome:R-DME-9930044|Reactome:R-DRE-72165|Reactome:R-HSA-1169408|Reactome:R-HSA-159231|Reactome:R-HSA-159236|Reactome:R-HSA-162585|Reactome:R-HSA-162588|Reactome:R-HSA-162592|Reactome:R-HSA-162594|Reactome:R-HSA-164516|Reactome:R-HSA-164525|Reactome:R-HSA-164843|Reactome:R-HSA-168315|Reactome:R-HSA-173107|Reactome:R-HSA-174490|Reactome:R-HSA-174495|Reactome:R-HSA-175474|Reactome:R-HSA-175567|Reactome:R-HSA-177539|Reactome:R-HSA-180689|Reactome:R-HSA-180910|Reactome:R-HSA-429947|Reactome:R-HSA-452723|Reactome:R-HSA-6784531|Reactome:R-HSA-72163|Reactome:R-HSA-72165|Reactome:R-HSA-72187|Reactome:R-HSA-72203|Reactome:R-HSA-73856|Reactome:R-HSA-77595|Reactome:R-HSA-9013422|Reactome:R-HSA-9682706|Reactome:R-HSA-9694686|Reactome:R-HSA-9705671|Reactome:R-HSA-9770562|Reactome:R-HSA-9819196|Reactome:R-HSA-9820865|Reactome:R-HSA-983168|Reactome:R-HSA-9843970|Reactome:R-HSA-9918481|Reactome:R-HSA-9930044|Reactome:R-HSA-9931510|Reactome:R-MMU-159231|Reactome:R-MMU-159236|Reactome:R-MMU-72163|Reactome:R-MMU-72165|Reactome:R-MMU-72187|Reactome:R-MMU-72203|Reactome:R-MMU-73856|Reactome:R-MMU-77595|Reactome:R-MMU-9013422|Reactome:R-MMU-9770562|Reactome:R-MMU-983168|Reactome:R-MMU-9930044|Reactome:R-RNO-159231|Reactome:R-RNO-72165|Reactome:R-RNO-73856|Reactome:R-RNO-77595|Reactome:R-RNO-9770562|Reactome:R-SCE-983168|Reactome:R-SPO-9770562|Reactome:R-SPO-983168|Reactome:R-XTR-77595|Reactome:R-XTR-9770562
HERV-K10	108f5e435a7c87611a9cf8aa89aae826	645	SMART	SM00343	c2hcfinal6	618	634	0.029	T	13-08-2026	IPR001878	Zinc finger, CCHC-type	GO:0003676(InterPro)|GO:0008270(InterPro)	Reactome:R-BTA-159231|Reactome:R-BTA-159236|Reactome:R-BTA-72163|Reactome:R-BTA-72165|Reactome:R-BTA-72203|Reactome:R-BTA-73856|Reactome:R-BTA-77595|Reactome:R-BTA-9770562|Reactome:R-CEL-159236|Reactome:R-CEL-72163|Reactome:R-CEL-73856|Reactome:R-DME-159231|Reactome:R-DME-159236|Reactome:R-DME-1834941|Reactome:R-DME-72163|Reactome:R-DME-72165|Reactome:R-DME-72203|Reactome:R-DME-73856|Reactome:R-DME-77595|Reactome:R-DME-8941326|Reactome:R-DME-9770562|Reactome:R-DME-9930044|Reactome:R-DRE-72165|Reactome:R-HSA-1169408|Reactome:R-HSA-159231|Reactome:R-HSA-159236|Reactome:R-HSA-162585|Reactome:R-HSA-162588|Reactome:R-HSA-162592|Reactome:R-HSA-162594|Reactome:R-HSA-164516|Reactome:R-HSA-164525|Reactome:R-HSA-164843|Reactome:R-HSA-168315|Reactome:R-HSA-173107|Reactome:R-HSA-174490|Reactome:R-HSA-174495|Reactome:R-HSA-175474|Reactome:R-HSA-175567|Reactome:R-HSA-177539|Reactome:R-HSA-180689|Reactome:R-HSA-180910|Reactome:R-HSA-429947|Reactome:R-HSA-452723|Reactome:R-HSA-6784531|Reactome:R-HSA-72163|Reactome:R-HSA-72165|Reactome:R-HSA-72187|Reactome:R-HSA-72203|Reactome:R-HSA-73856|Reactome:R-HSA-77595|Reactome:R-HSA-9013422|Reactome:R-HSA-9682706|Reactome:R-HSA-9694686|Reactome:R-HSA-9705671|Reactome:R-HSA-9770562|Reactome:R-HSA-9819196|Reactome:R-HSA-9820865|Reactome:R-HSA-983168|Reactome:R-HSA-9843970|Reactome:R-HSA-9918481|Reactome:R-HSA-9930044|Reactome:R-HSA-9931510|Reactome:R-MMU-159231|Reactome:R-MMU-159236|Reactome:R-MMU-72163|Reactome:R-MMU-72165|Reactome:R-MMU-72187|Reactome:R-MMU-72203|Reactome:R-MMU-73856|Reactome:R-MMU-77595|Reactome:R-MMU-9013422|Reactome:R-MMU-9770562|Reactome:R-MMU-983168|Reactome:R-MMU-9930044|Reactome:R-RNO-159231|Reactome:R-RNO-72165|Reactome:R-RNO-73856|Reactome:R-RNO-77595|Reactome:R-RNO-9770562|Reactome:R-SCE-983168|Reactome:R-SPO-9770562|Reactome:R-SPO-983168|Reactome:R-XTR-77595|Reactome:R-XTR-9770562
HERV-K10	108f5e435a7c87611a9cf8aa89aae826	645	SMART	SM00343	c2hcfinal6	582	598	4.1E-5	T	13-08-2026	IPR001878	Zinc finger, CCHC-type	GO:0003676(InterPro)|GO:0008270(InterPro)	Reactome:R-BTA-159231|Reactome:R-BTA-159236|Reactome:R-BTA-72163|Reactome:R-BTA-72165|Reactome:R-BTA-72203|Reactome:R-BTA-73856|Reactome:R-BTA-77595|Reactome:R-BTA-9770562|Reactome:R-CEL-159236|Reactome:R-CEL-72163|Reactome:R-CEL-73856|Reactome:R-DME-159231|Reactome:R-DME-159236|Reactome:R-DME-1834941|Reactome:R-DME-72163|Reactome:R-DME-72165|Reactome:R-DME-72203|Reactome:R-DME-73856|Reactome:R-DME-77595|Reactome:R-DME-8941326|Reactome:R-DME-9770562|Reactome:R-DME-9930044|Reactome:R-DRE-72165|Reactome:R-HSA-1169408|Reactome:R-HSA-159231|Reactome:R-HSA-159236|Reactome:R-HSA-162585|Reactome:R-HSA-162588|Reactome:R-HSA-162592|Reactome:R-HSA-162594|Reactome:R-HSA-164516|Reactome:R-HSA-164525|Reactome:R-HSA-164843|Reactome:R-HSA-168315|Reactome:R-HSA-173107|Reactome:R-HSA-174490|Reactome:R-HSA-174495|Reactome:R-HSA-175474|Reactome:R-HSA-175567|Reactome:R-HSA-177539|Reactome:R-HSA-180689|Reactome:R-HSA-180910|Reactome:R-HSA-429947|Reactome:R-HSA-452723|Reactome:R-HSA-6784531|Reactome:R-HSA-72163|Reactome:R-HSA-72165|Reactome:R-HSA-72187|Reactome:R-HSA-72203|Reactome:R-HSA-73856|Reactome:R-HSA-77595|Reactome:R-HSA-9013422|Reactome:R-HSA-9682706|Reactome:R-HSA-9694686|Reactome:R-HSA-9705671|Reactome:R-HSA-9770562|Reactome:R-HSA-9819196|Reactome:R-HSA-9820865|Reactome:R-HSA-983168|Reactome:R-HSA-9843970|Reactome:R-HSA-9918481|Reactome:R-HSA-9930044|Reactome:R-HSA-9931510|Reactome:R-MMU-159231|Reactome:R-MMU-159236|Reactome:R-MMU-72163|Reactome:R-MMU-72165|Reactome:R-MMU-72187|Reactome:R-MMU-72203|Reactome:R-MMU-73856|Reactome:R-MMU-77595|Reactome:R-MMU-9013422|Reactome:R-MMU-9770562|Reactome:R-MMU-983168|Reactome:R-MMU-9930044|Reactome:R-RNO-159231|Reactome:R-RNO-72165|Reactome:R-RNO-73856|Reactome:R-RNO-77595|Reactome:R-RNO-9770562|Reactome:R-SCE-983168|Reactome:R-SPO-9770562|Reactome:R-SPO-983168|Reactome:R-XTR-77595|Reactome:R-XTR-9770562
HERV-K10	108f5e435a7c87611a9cf8aa89aae826	645	Pfam	PF00098	Zinc knuckle	581	597	0.0022	T	13-08-2026	IPR001878	Zinc finger, CCHC-type	GO:0003676(InterPro)|GO:0008270(InterPro)	Reactome:R-BTA-159231|Reactome:R-BTA-159236|Reactome:R-BTA-72163|Reactome:R-BTA-72165|Reactome:R-BTA-72203|Reactome:R-BTA-73856|Reactome:R-BTA-77595|Reactome:R-BTA-9770562|Reactome:R-CEL-159236|Reactome:R-CEL-72163|Reactome:R-CEL-73856|Reactome:R-DME-159231|Reactome:R-DME-159236|Reactome:R-DME-1834941|Reactome:R-DME-72163|Reactome:R-DME-72165|Reactome:R-DME-72203|Reactome:R-DME-73856|Reactome:R-DME-77595|Reactome:R-DME-8941326|Reactome:R-DME-9770562|Reactome:R-DME-9930044|Reactome:R-DRE-72165|Reactome:R-HSA-1169408|Reactome:R-HSA-159231|Reactome:R-HSA-159236|Reactome:R-HSA-162585|Reactome:R-HSA-162588|Reactome:R-HSA-162592|Reactome:R-HSA-162594|Reactome:R-HSA-164516|Reactome:R-HSA-164525|Reactome:R-HSA-164843|Reactome:R-HSA-168315|Reactome:R-HSA-173107|Reactome:R-HSA-174490|Reactome:R-HSA-174495|Reactome:R-HSA-175474|Reactome:R-HSA-175567|Reactome:R-HSA-177539|Reactome:R-HSA-180689|Reactome:R-HSA-180910|Reactome:R-HSA-429947|Reactome:R-HSA-452723|Reactome:R-HSA-6784531|Reactome:R-HSA-72163|Reactome:R-HSA-72165|Reactome:R-HSA-72187|Reactome:R-HSA-72203|Reactome:R-HSA-73856|Reactome:R-HSA-77595|Reactome:R-HSA-9013422|Reactome:R-HSA-9682706|Reactome:R-HSA-9694686|Reactome:R-HSA-9705671|Reactome:R-HSA-9770562|Reactome:R-HSA-9819196|Reactome:R-HSA-9820865|Reactome:R-HSA-983168|Reactome:R-HSA-9843970|Reactome:R-HSA-9918481|Reactome:R-HSA-9930044|Reactome:R-HSA-9931510|Reactome:R-MMU-159231|Reactome:R-MMU-159236|Reactome:R-MMU-72163|Reactome:R-MMU-72165|Reactome:R-MMU-72187|Reactome:R-MMU-72203|Reactome:R-MMU-73856|Reactome:R-MMU-77595|Reactome:R-MMU-9013422|Reactome:R-MMU-9770562|Reactome:R-MMU-983168|Reactome:R-MMU-9930044|Reactome:R-RNO-159231|Reactome:R-RNO-72165|Reactome:R-RNO-73856|Reactome:R-RNO-77595|Reactome:R-RNO-9770562|Reactome:R-SCE-983168|Reactome:R-SPO-9770562|Reactome:R-SPO-983168|Reactome:R-XTR-77595|Reactome:R-XTR-9770562
HERV-K10	108f5e435a7c87611a9cf8aa89aae826	645	Pfam	PF02337	Retroviral GAG p10 protein	1	79	2.8E-25	T	13-08-2026	IPR003322	Beta-retroviral matrix protein	GO:0005198(InterPro)	-
HERV-K10	108f5e435a7c87611a9cf8aa89aae826	645	Gene3D	G3DSA:1.10.150.490	Retroviral GAG p10 protein	1	88	5.9E-27	T	13-08-2026	IPR038124	Beta-retroviral matrix superfamily	-	-
HERV-K10	108f5e435a7c87611a9cf8aa89aae826	645	Gene3D	G3DSA:1.10.375.10	Human Immunodeficiency Virus Type 1 Capsid Protein	293	466	2.4E-38	T	13-08-2026	IPR008919	Retrovirus capsid, N-terminal	GO:0016032(InterPro)	Reactome:R-HSA-1169408|Reactome:R-HSA-162585|Reactome:R-HSA-162588|Reactome:R-HSA-162592|Reactome:R-HSA-162594|Reactome:R-HSA-164516|Reactome:R-HSA-164525|Reactome:R-HSA-164843|Reactome:R-HSA-173107|Reactome:R-HSA-174490|Reactome:R-HSA-174495|Reactome:R-HSA-175474|Reactome:R-HSA-175567|Reactome:R-HSA-177539|Reactome:R-HSA-180689|Reactome:R-HSA-180910
HERV-K10	108f5e435a7c87611a9cf8aa89aae826	645	SUPERFAMILY	SSF47353	Retrovirus capsid dimerization domain-like	476	561	8.24E-21	T	13-08-2026	-	-	-	-
Tma	54b00fe06c079c782d380d8e38d1a321	297	Gene3D	G3DSA:4.10.60.10	-	247	277	4.8E-5	T	13-08-2026	-	-	-	-
Tma	54b00fe06c079c782d380d8e38d1a321	297	ProSiteProfiles	PS50158	Zinc finger CCHC-type profile.	256	271	9.323063	T	13-08-2026	IPR001878	Zinc finger, CCHC-type	GO:0003676(InterPro)|GO:0008270(InterPro)	Reactome:R-BTA-159231|Reactome:R-BTA-159236|Reactome:R-BTA-72163|Reactome:R-BTA-72165|Reactome:R-BTA-72203|Reactome:R-BTA-73856|Reactome:R-BTA-77595|Reactome:R-BTA-9770562|Reactome:R-CEL-159236|Reactome:R-CEL-72163|Reactome:R-CEL-73856|Reactome:R-DME-159231|Reactome:R-DME-159236|Reactome:R-DME-1834941|Reactome:R-DME-72163|Reactome:R-DME-72165|Reactome:R-DME-72203|Reactome:R-DME-73856|Reactome:R-DME-77595|Reactome:R-DME-8941326|Reactome:R-DME-9770562|Reactome:R-DME-9930044|Reactome:R-DRE-72165|Reactome:R-HSA-1169408|Reactome:R-HSA-159231|Reactome:R-HSA-159236|Reactome:R-HSA-162585|Reactome:R-HSA-162588|Reactome:R-HSA-162592|Reactome:R-HSA-162594|Reactome:R-HSA-164516|Reactome:R-HSA-164525|Reactome:R-HSA-164843|Reactome:R-HSA-168315|Reactome:R-HSA-173107|Reactome:R-HSA-174490|Reactome:R-HSA-174495|Reactome:R-HSA-175474|Reactome:R-HSA-175567|Reactome:R-HSA-177539|Reactome:R-HSA-180689|Reactome:R-HSA-180910|Reactome:R-HSA-429947|Reactome:R-HSA-452723|Reactome:R-HSA-6784531|Reactome:R-HSA-72163|Reactome:R-HSA-72165|Reactome:R-HSA-72187|Reactome:R-HSA-72203|Reactome:R-HSA-73856|Reactome:R-HSA-77595|Reactome:R-HSA-9013422|Reactome:R-HSA-9682706|Reactome:R-HSA-9694686|Reactome:R-HSA-9705671|Reactome:R-HSA-9770562|Reactome:R-HSA-9819196|Reactome:R-HSA-9820865|Reactome:R-HSA-983168|Reactome:R-HSA-9843970|Reactome:R-HSA-9918481|Reactome:R-HSA-9930044|Reactome:R-HSA-9931510|Reactome:R-MMU-159231|Reactome:R-MMU-159236|Reactome:R-MMU-72163|Reactome:R-MMU-72165|Reactome:R-MMU-72187|Reactome:R-MMU-72203|Reactome:R-MMU-73856|Reactome:R-MMU-77595|Reactome:R-MMU-9013422|Reactome:R-MMU-9770562|Reactome:R-MMU-983168|Reactome:R-MMU-9930044|Reactome:R-RNO-159231|Reactome:R-RNO-72165|Reactome:R-RNO-73856|Reactome:R-RNO-77595|Reactome:R-RNO-9770562|Reactome:R-SCE-983168|Reactome:R-SPO-9770562|Reactome:R-SPO-983168|Reactome:R-XTR-77595|Reactome:R-XTR-9770562
Tma	54b00fe06c079c782d380d8e38d1a321	297	Pfam	PF03732	Retrotransposon-derived protein PEG10, N-terminal capsid-like domain	154	231	2.8E-20	T	13-08-2026	IPR005162	Retrotransposon-derived protein PEG10, N-terminal capsid-like domain	-	-
Tma	54b00fe06c079c782d380d8e38d1a321	297	MobiDBLite	mobidb-lite	consensus disorder prediction	12	22	-	T	13-08-2026	-	-	-	-
Tma	54b00fe06c079c782d380d8e38d1a321	297	MobiDBLite	mobidb-lite	consensus disorder prediction	1	40	-	T	13-08-2026	-	-	-	-
Tma	54b00fe06c079c782d380d8e38d1a321	297	SUPERFAMILY	SSF57756	Retrovirus zinc finger-like domains	253	275	7.95E-6	T	13-08-2026	IPR036875	Zinc finger, CCHC-type superfamily	GO:0003676(InterPro)|GO:0008270(InterPro)	Reactome:R-BTA-159231|Reactome:R-BTA-159236|Reactome:R-BTA-72163|Reactome:R-BTA-72165|Reactome:R-BTA-72203|Reactome:R-BTA-73856|Reactome:R-BTA-77595|Reactome:R-BTA-9770562|Reactome:R-CEL-159236|Reactome:R-CEL-72163|Reactome:R-CEL-73856|Reactome:R-DME-159231|Reactome:R-DME-159236|Reactome:R-DME-1834941|Reactome:R-DME-72163|Reactome:R-DME-72165|Reactome:R-DME-72203|Reactome:R-DME-73856|Reactome:R-DME-77595|Reactome:R-DME-9770562|Reactome:R-DRE-72165|Reactome:R-HSA-1169408|Reactome:R-HSA-159231|Reactome:R-HSA-159236|Reactome:R-HSA-162585|Reactome:R-HSA-162588|Reactome:R-HSA-162592|Reactome:R-HSA-162594|Reactome:R-HSA-164516|Reactome:R-HSA-164525|Reactome:R-HSA-164843|Reactome:R-HSA-168315|Reactome:R-HSA-173107|Reactome:R-HSA-174490|Reactome:R-HSA-174495|Reactome:R-HSA-175474|Reactome:R-HSA-175567|Reactome:R-HSA-177539|Reactome:R-HSA-180689|Reactome:R-HSA-180910|Reactome:R-HSA-429947|Reactome:R-HSA-452723|Reactome:R-HSA-6784531|Reactome:R-HSA-72163|Reactome:R-HSA-72165|Reactome:R-HSA-72187|Reactome:R-HSA-72203|Reactome:R-HSA-73856|Reactome:R-HSA-77595|Reactome:R-HSA-9013422|Reactome:R-HSA-9682706|Reactome:R-HSA-9694686|Reactome:R-HSA-9705671|Reactome:R-HSA-9770562|Reactome:R-HSA-9819196|Reactome:R-HSA-9820865|Reactome:R-HSA-983168|Reactome:R-HSA-9918481|Reactome:R-HSA-9930044|Reactome:R-MMU-159231|Reactome:R-MMU-159236|Reactome:R-MMU-72163|Reactome:R-MMU-72165|Reactome:R-MMU-72187|Reactome:R-MMU-72203|Reactome:R-MMU-73856|Reactome:R-MMU-77595|Reactome:R-MMU-9013422|Reactome:R-MMU-9770562|Reactome:R-MMU-983168|Reactome:R-RNO-159231|Reactome:R-RNO-72165|Reactome:R-RNO-73856|Reactome:R-RNO-77595|Reactome:R-RNO-9770562|Reactome:R-SCE-983168|Reactome:R-SPO-9770562|Reactome:R-SPO-983168|Reactome:R-XTR-77595|Reactome:R-XTR-9770562
Beetle1	981533754215fd3687eb8644c35c8b27	359	SUPERFAMILY	SSF57756	Retrovirus zinc finger-like domains	310	336	5.65E-7	T	13-08-2026	IPR036875	Zinc finger, CCHC-type superfamily	GO:0003676(InterPro)|GO:0008270(InterPro)	Reactome:R-BTA-159231|Reactome:R-BTA-159236|Reactome:R-BTA-72163|Reactome:R-BTA-72165|Reactome:R-BTA-72203|Reactome:R-BTA-73856|Reactome:R-BTA-77595|Reactome:R-BTA-9770562|Reactome:R-CEL-159236|Reactome:R-CEL-72163|Reactome:R-CEL-73856|Reactome:R-DME-159231|Reactome:R-DME-159236|Reactome:R-DME-1834941|Reactome:R-DME-72163|Reactome:R-DME-72165|Reactome:R-DME-72203|Reactome:R-DME-73856|Reactome:R-DME-77595|Reactome:R-DME-9770562|Reactome:R-DRE-72165|Reactome:R-HSA-1169408|Reactome:R-HSA-159231|Reactome:R-HSA-159236|Reactome:R-HSA-162585|Reactome:R-HSA-162588|Reactome:R-HSA-162592|Reactome:R-HSA-162594|Reactome:R-HSA-164516|Reactome:R-HSA-164525|Reactome:R-HSA-164843|Reactome:R-HSA-168315|Reactome:R-HSA-173107|Reactome:R-HSA-174490|Reactome:R-HSA-174495|Reactome:R-HSA-175474|Reactome:R-HSA-175567|Reactome:R-HSA-177539|Reactome:R-HSA-180689|Reactome:R-HSA-180910|Reactome:R-HSA-429947|Reactome:R-HSA-452723|Reactome:R-HSA-6784531|Reactome:R-HSA-72163|Reactome:R-HSA-72165|Reactome:R-HSA-72187|Reactome:R-HSA-72203|Reactome:R-HSA-73856|Reactome:R-HSA-77595|Reactome:R-HSA-9013422|Reactome:R-HSA-9682706|Reactome:R-HSA-9694686|Reactome:R-HSA-9705671|Reactome:R-HSA-9770562|Reactome:R-HSA-9819196|Reactome:R-HSA-9820865|Reactome:R-HSA-983168|Reactome:R-HSA-9918481|Reactome:R-HSA-9930044|Reactome:R-MMU-159231|Reactome:R-MMU-159236|Reactome:R-MMU-72163|Reactome:R-MMU-72165|Reactome:R-MMU-72187|Reactome:R-MMU-72203|Reactome:R-MMU-73856|Reactome:R-MMU-77595|Reactome:R-MMU-9013422|Reactome:R-MMU-9770562|Reactome:R-MMU-983168|Reactome:R-RNO-159231|Reactome:R-RNO-72165|Reactome:R-RNO-73856|Reactome:R-RNO-77595|Reactome:R-RNO-9770562|Reactome:R-SCE-983168|Reactome:R-SPO-9770562|Reactome:R-SPO-983168|Reactome:R-XTR-77595|Reactome:R-XTR-9770562
Beetle1	981533754215fd3687eb8644c35c8b27	359	PANTHER	PTHR35046	ZINC KNUCKLE (CCHC-TYPE) FAMILY PROTEIN	71	357	1.5E-52	T	13-08-2026	-	-	-	-
Beetle1	981533754215fd3687eb8644c35c8b27	359	Pfam	PF30901	PEG10/RTL1, C-terminal capsid-like domain	186	257	7.3E-5	T	13-08-2026	IPR063300	PEG10/RTL1, C-terminal capsid-like domain	-	-
Beetle1	981533754215fd3687eb8644c35c8b27	359	Coils	Coil	Coil	21	41	-	T	13-08-2026	-	-	-	-
Beetle1	981533754215fd3687eb8644c35c8b27	359	Coils	Coil	Coil	198	218	-	T	13-08-2026	-	-	-	-
Beetle1	981533754215fd3687eb8644c35c8b27	359	Pfam	PF03732	Retrotransposon-derived protein PEG10, N-terminal capsid-like domain	94	175	5.8E-12	T	13-08-2026	IPR005162	Retrotransposon-derived protein PEG10, N-terminal capsid-like domain	-	-
Beetle1	981533754215fd3687eb8644c35c8b27	359	ProSiteProfiles	PS50158	Zinc finger CCHC-type profile.	318	334	8.976924	T	13-08-2026	IPR001878	Zinc finger, CCHC-type	GO:0003676(InterPro)|GO:0008270(InterPro)	Reactome:R-BTA-159231|Reactome:R-BTA-159236|Reactome:R-BTA-72163|Reactome:R-BTA-72165|Reactome:R-BTA-72203|Reactome:R-BTA-73856|Reactome:R-BTA-77595|Reactome:R-BTA-9770562|Reactome:R-CEL-159236|Reactome:R-CEL-72163|Reactome:R-CEL-73856|Reactome:R-DME-159231|Reactome:R-DME-159236|Reactome:R-DME-1834941|Reactome:R-DME-72163|Reactome:R-DME-72165|Reactome:R-DME-72203|Reactome:R-DME-73856|Reactome:R-DME-77595|Reactome:R-DME-8941326|Reactome:R-DME-9770562|Reactome:R-DME-9930044|Reactome:R-DRE-72165|Reactome:R-HSA-1169408|Reactome:R-HSA-159231|Reactome:R-HSA-159236|Reactome:R-HSA-162585|Reactome:R-HSA-162588|Reactome:R-HSA-162592|Reactome:R-HSA-162594|Reactome:R-HSA-164516|Reactome:R-HSA-164525|Reactome:R-HSA-164843|Reactome:R-HSA-168315|Reactome:R-HSA-173107|Reactome:R-HSA-174490|Reactome:R-HSA-174495|Reactome:R-HSA-175474|Reactome:R-HSA-175567|Reactome:R-HSA-177539|Reactome:R-HSA-180689|Reactome:R-HSA-180910|Reactome:R-HSA-429947|Reactome:R-HSA-452723|Reactome:R-HSA-6784531|Reactome:R-HSA-72163|Reactome:R-HSA-72165|Reactome:R-HSA-72187|Reactome:R-HSA-72203|Reactome:R-HSA-73856|Reactome:R-HSA-77595|Reactome:R-HSA-9013422|Reactome:R-HSA-9682706|Reactome:R-HSA-9694686|Reactome:R-HSA-9705671|Reactome:R-HSA-9770562|Reactome:R-HSA-9819196|Reactome:R-HSA-9820865|Reactome:R-HSA-983168|Reactome:R-HSA-9843970|Reactome:R-HSA-9918481|Reactome:R-HSA-9930044|Reactome:R-HSA-9931510|Reactome:R-MMU-159231|Reactome:R-MMU-159236|Reactome:R-MMU-72163|Reactome:R-MMU-72165|Reactome:R-MMU-72187|Reactome:R-MMU-72203|Reactome:R-MMU-73856|Reactome:R-MMU-77595|Reactome:R-MMU-9013422|Reactome:R-MMU-9770562|Reactome:R-MMU-983168|Reactome:R-MMU-9930044|Reactome:R-RNO-159231|Reactome:R-RNO-72165|Reactome:R-RNO-73856|Reactome:R-RNO-77595|Reactome:R-RNO-9770562|Reactome:R-SCE-983168|Reactome:R-SPO-9770562|Reactome:R-SPO-983168|Reactome:R-XTR-77595|Reactome:R-XTR-9770562
Beetle1	981533754215fd3687eb8644c35c8b27	359	Gene3D	G3DSA:4.10.60.10	-	306	356	1.8E-5	T	13-08-2026	-	-	-	-
Beetle1	981533754215fd3687eb8644c35c8b27	359	MobiDBLite	mobidb-lite	consensus disorder prediction	64	88	-	T	13-08-2026	-	-	-	-
Beetle1	981533754215fd3687eb8644c35c8b27	359	MobiDBLite	mobidb-lite	consensus disorder prediction	270	295	-	T	13-08-2026	-	-	-	-
Beetle1	981533754215fd3687eb8644c35c8b27	359	MobiDBLite	mobidb-lite	consensus disorder prediction	277	291	-	T	13-08-2026	-	-	-	-
Tor1	ea1d9e643d2bd9cfcee2067df4f4490d	553	MobiDBLite	mobidb-lite	consensus disorder prediction	437	458	-	T	13-08-2026	-	-	-	-
Tor1	ea1d9e643d2bd9cfcee2067df4f4490d	553	MobiDBLite	mobidb-lite	consensus disorder prediction	182	197	-	T	13-08-2026	-	-	-	-
Tor1	ea1d9e643d2bd9cfcee2067df4f4490d	553	SUPERFAMILY	SSF57756	Retrovirus zinc finger-like domains	486	522	4.71E-6	T	13-08-2026	IPR036875	Zinc finger, CCHC-type superfamily	GO:0003676(InterPro)|GO:0008270(InterPro)	Reactome:R-BTA-159231|Reactome:R-BTA-159236|Reactome:R-BTA-72163|Reactome:R-BTA-72165|Reactome:R-BTA-72203|Reactome:R-BTA-73856|Reactome:R-BTA-77595|Reactome:R-BTA-9770562|Reactome:R-CEL-159236|Reactome:R-CEL-72163|Reactome:R-CEL-73856|Reactome:R-DME-159231|Reactome:R-DME-159236|Reactome:R-DME-1834941|Reactome:R-DME-72163|Reactome:R-DME-72165|Reactome:R-DME-72203|Reactome:R-DME-73856|Reactome:R-DME-77595|Reactome:R-DME-9770562|Reactome:R-DRE-72165|Reactome:R-HSA-1169408|Reactome:R-HSA-159231|Reactome:R-HSA-159236|Reactome:R-HSA-162585|Reactome:R-HSA-162588|Reactome:R-HSA-162592|Reactome:R-HSA-162594|Reactome:R-HSA-164516|Reactome:R-HSA-164525|Reactome:R-HSA-164843|Reactome:R-HSA-168315|Reactome:R-HSA-173107|Reactome:R-HSA-174490|Reactome:R-HSA-174495|Reactome:R-HSA-175474|Reactome:R-HSA-175567|Reactome:R-HSA-177539|Reactome:R-HSA-180689|Reactome:R-HSA-180910|Reactome:R-HSA-429947|Reactome:R-HSA-452723|Reactome:R-HSA-6784531|Reactome:R-HSA-72163|Reactome:R-HSA-72165|Reactome:R-HSA-72187|Reactome:R-HSA-72203|Reactome:R-HSA-73856|Reactome:R-HSA-77595|Reactome:R-HSA-9013422|Reactome:R-HSA-9682706|Reactome:R-HSA-9694686|Reactome:R-HSA-9705671|Reactome:R-HSA-9770562|Reactome:R-HSA-9819196|Reactome:R-HSA-9820865|Reactome:R-HSA-983168|Reactome:R-HSA-9918481|Reactome:R-HSA-9930044|Reactome:R-MMU-159231|Reactome:R-MMU-159236|Reactome:R-MMU-72163|Reactome:R-MMU-72165|Reactome:R-MMU-72187|Reactome:R-MMU-72203|Reactome:R-MMU-73856|Reactome:R-MMU-77595|Reactome:R-MMU-9013422|Reactome:R-MMU-9770562|Reactome:R-MMU-983168|Reactome:R-RNO-159231|Reactome:R-RNO-72165|Reactome:R-RNO-73856|Reactome:R-RNO-77595|Reactome:R-RNO-9770562|Reactome:R-SCE-983168|Reactome:R-SPO-9770562|Reactome:R-SPO-983168|Reactome:R-XTR-77595|Reactome:R-XTR-9770562
Tor1	ea1d9e643d2bd9cfcee2067df4f4490d	553	MobiDBLite	mobidb-lite	consensus disorder prediction	421	434	-	T	13-08-2026	-	-	-	-
Tor1	ea1d9e643d2bd9cfcee2067df4f4490d	553	Gene3D	G3DSA:4.10.60.10	-	480	542	1.4E-5	T	13-08-2026	-	-	-	-
Tor1	ea1d9e643d2bd9cfcee2067df4f4490d	553	MobiDBLite	mobidb-lite	consensus disorder prediction	410	458	-	T	13-08-2026	-	-	-	-
Tor1	ea1d9e643d2bd9cfcee2067df4f4490d	553	MobiDBLite	mobidb-lite	consensus disorder prediction	158	181	-	T	13-08-2026	-	-	-	-
Tor1	ea1d9e643d2bd9cfcee2067df4f4490d	553	ProSiteProfiles	PS50158	Zinc finger CCHC-type profile.	505	518	9.454925	T	13-08-2026	IPR001878	Zinc finger, CCHC-type	GO:0003676(InterPro)|GO:0008270(InterPro)	Reactome:R-BTA-159231|Reactome:R-BTA-159236|Reactome:R-BTA-72163|Reactome:R-BTA-72165|Reactome:R-BTA-72203|Reactome:R-BTA-73856|Reactome:R-BTA-77595|Reactome:R-BTA-9770562|Reactome:R-CEL-159236|Reactome:R-CEL-72163|Reactome:R-CEL-73856|Reactome:R-DME-159231|Reactome:R-DME-159236|Reactome:R-DME-1834941|Reactome:R-DME-72163|Reactome:R-DME-72165|Reactome:R-DME-72203|Reactome:R-DME-73856|Reactome:R-DME-77595|Reactome:R-DME-8941326|Reactome:R-DME-9770562|Reactome:R-DME-9930044|Reactome:R-DRE-72165|Reactome:R-HSA-1169408|Reactome:R-HSA-159231|Reactome:R-HSA-159236|Reactome:R-HSA-162585|Reactome:R-HSA-162588|Reactome:R-HSA-162592|Reactome:R-HSA-162594|Reactome:R-HSA-164516|Reactome:R-HSA-164525|Reactome:R-HSA-164843|Reactome:R-HSA-168315|Reactome:R-HSA-173107|Reactome:R-HSA-174490|Reactome:R-HSA-174495|Reactome:R-HSA-175474|Reactome:R-HSA-175567|Reactome:R-HSA-177539|Reactome:R-HSA-180689|Reactome:R-HSA-180910|Reactome:R-HSA-429947|Reactome:R-HSA-452723|Reactome:R-HSA-6784531|Reactome:R-HSA-72163|Reactome:R-HSA-72165|Reactome:R-HSA-72187|Reactome:R-HSA-72203|Reactome:R-HSA-73856|Reactome:R-HSA-77595|Reactome:R-HSA-9013422|Reactome:R-HSA-9682706|Reactome:R-HSA-9694686|Reactome:R-HSA-9705671|Reactome:R-HSA-9770562|Reactome:R-HSA-9819196|Reactome:R-HSA-9820865|Reactome:R-HSA-983168|Reactome:R-HSA-9843970|Reactome:R-HSA-9918481|Reactome:R-HSA-9930044|Reactome:R-HSA-9931510|Reactome:R-MMU-159231|Reactome:R-MMU-159236|Reactome:R-MMU-72163|Reactome:R-MMU-72165|Reactome:R-MMU-72187|Reactome:R-MMU-72203|Reactome:R-MMU-73856|Reactome:R-MMU-77595|Reactome:R-MMU-9013422|Reactome:R-MMU-9770562|Reactome:R-MMU-983168|Reactome:R-MMU-9930044|Reactome:R-RNO-159231|Reactome:R-RNO-72165|Reactome:R-RNO-73856|Reactome:R-RNO-77595|Reactome:R-RNO-9770562|Reactome:R-SCE-983168|Reactome:R-SPO-9770562|Reactome:R-SPO-983168|Reactome:R-XTR-77595|Reactome:R-XTR-9770562
Tor1	ea1d9e643d2bd9cfcee2067df4f4490d	553	Coils	Coil	Coil	117	137	-	T	13-08-2026	-	-	-	-
Tor1	ea1d9e643d2bd9cfcee2067df4f4490d	553	MobiDBLite	mobidb-lite	consensus disorder prediction	533	545	-	T	13-08-2026	-	-	-	-
Tor1	ea1d9e643d2bd9cfcee2067df4f4490d	553	MobiDBLite	mobidb-lite	consensus disorder prediction	198	207	-	T	13-08-2026	-	-	-	-
Tor1	ea1d9e643d2bd9cfcee2067df4f4490d	553	Coils	Coil	Coil	145	165	-	T	13-08-2026	-	-	-	-
Tor1	ea1d9e643d2bd9cfcee2067df4f4490d	553	MobiDBLite	mobidb-lite	consensus disorder prediction	533	553	-	T	13-08-2026	-	-	-	-
Tor1	ea1d9e643d2bd9cfcee2067df4f4490d	553	MobiDBLite	mobidb-lite	consensus disorder prediction	155	224	-	T	13-08-2026	-	-	-	-
Tor1	ea1d9e643d2bd9cfcee2067df4f4490d	553	MobiDBLite	mobidb-lite	consensus disorder prediction	210	222	-	T	13-08-2026	-	-	-	-
CRM	b5a2864f505de0aaf16d7acb5eac0141	408	ProSiteProfiles	PS50158	Zinc finger CCHC-type profile.	394	408	9.751616	T	13-08-2026	IPR001878	Zinc finger, CCHC-type	GO:0003676(InterPro)|GO:0008270(InterPro)	Reactome:R-BTA-159231|Reactome:R-BTA-159236|Reactome:R-BTA-72163|Reactome:R-BTA-72165|Reactome:R-BTA-72203|Reactome:R-BTA-73856|Reactome:R-BTA-77595|Reactome:R-BTA-9770562|Reactome:R-CEL-159236|Reactome:R-CEL-72163|Reactome:R-CEL-73856|Reactome:R-DME-159231|Reactome:R-DME-159236|Reactome:R-DME-1834941|Reactome:R-DME-72163|Reactome:R-DME-72165|Reactome:R-DME-72203|Reactome:R-DME-73856|Reactome:R-DME-77595|Reactome:R-DME-8941326|Reactome:R-DME-9770562|Reactome:R-DME-9930044|Reactome:R-DRE-72165|Reactome:R-HSA-1169408|Reactome:R-HSA-159231|Reactome:R-HSA-159236|Reactome:R-HSA-162585|Reactome:R-HSA-162588|Reactome:R-HSA-162592|Reactome:R-HSA-162594|Reactome:R-HSA-164516|Reactome:R-HSA-164525|Reactome:R-HSA-164843|Reactome:R-HSA-168315|Reactome:R-HSA-173107|Reactome:R-HSA-174490|Reactome:R-HSA-174495|Reactome:R-HSA-175474|Reactome:R-HSA-175567|Reactome:R-HSA-177539|Reactome:R-HSA-180689|Reactome:R-HSA-180910|Reactome:R-HSA-429947|Reactome:R-HSA-452723|Reactome:R-HSA-6784531|Reactome:R-HSA-72163|Reactome:R-HSA-72165|Reactome:R-HSA-72187|Reactome:R-HSA-72203|Reactome:R-HSA-73856|Reactome:R-HSA-77595|Reactome:R-HSA-9013422|Reactome:R-HSA-9682706|Reactome:R-HSA-9694686|Reactome:R-HSA-9705671|Reactome:R-HSA-9770562|Reactome:R-HSA-9819196|Reactome:R-HSA-9820865|Reactome:R-HSA-983168|Reactome:R-HSA-9843970|Reactome:R-HSA-9918481|Reactome:R-HSA-9930044|Reactome:R-HSA-9931510|Reactome:R-MMU-159231|Reactome:R-MMU-159236|Reactome:R-MMU-72163|Reactome:R-MMU-72165|Reactome:R-MMU-72187|Reactome:R-MMU-72203|Reactome:R-MMU-73856|Reactome:R-MMU-77595|Reactome:R-MMU-9013422|Reactome:R-MMU-9770562|Reactome:R-MMU-983168|Reactome:R-MMU-9930044|Reactome:R-RNO-159231|Reactome:R-RNO-72165|Reactome:R-RNO-73856|Reactome:R-RNO-77595|Reactome:R-RNO-9770562|Reactome:R-SCE-983168|Reactome:R-SPO-9770562|Reactome:R-SPO-983168|Reactome:R-XTR-77595|Reactome:R-XTR-9770562
CRM	b5a2864f505de0aaf16d7acb5eac0141	408	MobiDBLite	mobidb-lite	consensus disorder prediction	367	387	-	T	13-08-2026	-	-	-	-
CRM	b5a2864f505de0aaf16d7acb5eac0141	408	MobiDBLite	mobidb-lite	consensus disorder prediction	317	339	-	T	13-08-2026	-	-	-	-
CRM	b5a2864f505de0aaf16d7acb5eac0141	408	MobiDBLite	mobidb-lite	consensus disorder prediction	345	356	-	T	13-08-2026	-	-	-	-
CRM	b5a2864f505de0aaf16d7acb5eac0141	408	MobiDBLite	mobidb-lite	consensus disorder prediction	311	387	-	T	13-08-2026	-	-	-	-
CRM	b5a2864f505de0aaf16d7acb5eac0141	408	Pfam	PF00098	Zinc knuckle	394	408	0.2	T	13-08-2026	IPR001878	Zinc finger, CCHC-type	GO:0003676(InterPro)|GO:0008270(InterPro)	Reactome:R-BTA-159231|Reactome:R-BTA-159236|Reactome:R-BTA-72163|Reactome:R-BTA-72165|Reactome:R-BTA-72203|Reactome:R-BTA-73856|Reactome:R-BTA-77595|Reactome:R-BTA-9770562|Reactome:R-CEL-159236|Reactome:R-CEL-72163|Reactome:R-CEL-73856|Reactome:R-DME-159231|Reactome:R-DME-159236|Reactome:R-DME-1834941|Reactome:R-DME-72163|Reactome:R-DME-72165|Reactome:R-DME-72203|Reactome:R-DME-73856|Reactome:R-DME-77595|Reactome:R-DME-8941326|Reactome:R-DME-9770562|Reactome:R-DME-9930044|Reactome:R-DRE-72165|Reactome:R-HSA-1169408|Reactome:R-HSA-159231|Reactome:R-HSA-159236|Reactome:R-HSA-162585|Reactome:R-HSA-162588|Reactome:R-HSA-162592|Reactome:R-HSA-162594|Reactome:R-HSA-164516|Reactome:R-HSA-164525|Reactome:R-HSA-164843|Reactome:R-HSA-168315|Reactome:R-HSA-173107|Reactome:R-HSA-174490|Reactome:R-HSA-174495|Reactome:R-HSA-175474|Reactome:R-HSA-175567|Reactome:R-HSA-177539|Reactome:R-HSA-180689|Reactome:R-HSA-180910|Reactome:R-HSA-429947|Reactome:R-HSA-452723|Reactome:R-HSA-6784531|Reactome:R-HSA-72163|Reactome:R-HSA-72165|Reactome:R-HSA-72187|Reactome:R-HSA-72203|Reactome:R-HSA-73856|Reactome:R-HSA-77595|Reactome:R-HSA-9013422|Reactome:R-HSA-9682706|Reactome:R-HSA-9694686|Reactome:R-HSA-9705671|Reactome:R-HSA-9770562|Reactome:R-HSA-9819196|Reactome:R-HSA-9820865|Reactome:R-HSA-983168|Reactome:R-HSA-9843970|Reactome:R-HSA-9918481|Reactome:R-HSA-9930044|Reactome:R-HSA-9931510|Reactome:R-MMU-159231|Reactome:R-MMU-159236|Reactome:R-MMU-72163|Reactome:R-MMU-72165|Reactome:R-MMU-72187|Reactome:R-MMU-72203|Reactome:R-MMU-73856|Reactome:R-MMU-77595|Reactome:R-MMU-9013422|Reactome:R-MMU-9770562|Reactome:R-MMU-983168|Reactome:R-MMU-9930044|Reactome:R-RNO-159231|Reactome:R-RNO-72165|Reactome:R-RNO-73856|Reactome:R-RNO-77595|Reactome:R-RNO-9770562|Reactome:R-SCE-983168|Reactome:R-SPO-9770562|Reactome:R-SPO-983168|Reactome:R-XTR-77595|Reactome:R-XTR-9770562
CRM	b5a2864f505de0aaf16d7acb5eac0141	408	SUPERFAMILY	SSF57756	Retrovirus zinc finger-like domains	381	408	4.71E-6	T	13-08-2026	IPR036875	Zinc finger, CCHC-type superfamily	GO:0003676(InterPro)|GO:0008270(InterPro)	Reactome:R-BTA-159231|Reactome:R-BTA-159236|Reactome:R-BTA-72163|Reactome:R-BTA-72165|Reactome:R-BTA-72203|Reactome:R-BTA-73856|Reactome:R-BTA-77595|Reactome:R-BTA-9770562|Reactome:R-CEL-159236|Reactome:R-CEL-72163|Reactome:R-CEL-73856|Reactome:R-DME-159231|Reactome:R-DME-159236|Reactome:R-DME-1834941|Reactome:R-DME-72163|Reactome:R-DME-72165|Reactome:R-DME-72203|Reactome:R-DME-73856|Reactome:R-DME-77595|Reactome:R-DME-9770562|Reactome:R-DRE-72165|Reactome:R-HSA-1169408|Reactome:R-HSA-159231|Reactome:R-HSA-159236|Reactome:R-HSA-162585|Reactome:R-HSA-162588|Reactome:R-HSA-162592|Reactome:R-HSA-162594|Reactome:R-HSA-164516|Reactome:R-HSA-164525|Reactome:R-HSA-164843|Reactome:R-HSA-168315|Reactome:R-HSA-173107|Reactome:R-HSA-174490|Reactome:R-HSA-174495|Reactome:R-HSA-175474|Reactome:R-HSA-175567|Reactome:R-HSA-177539|Reactome:R-HSA-180689|Reactome:R-HSA-180910|Reactome:R-HSA-429947|Reactome:R-HSA-452723|Reactome:R-HSA-6784531|Reactome:R-HSA-72163|Reactome:R-HSA-72165|Reactome:R-HSA-72187|Reactome:R-HSA-72203|Reactome:R-HSA-73856|Reactome:R-HSA-77595|Reactome:R-HSA-9013422|Reactome:R-HSA-9682706|Reactome:R-HSA-9694686|Reactome:R-HSA-9705671|Reactome:R-HSA-9770562|Reactome:R-HSA-9819196|Reactome:R-HSA-9820865|Reactome:R-HSA-983168|Reactome:R-HSA-9918481|Reactome:R-HSA-9930044|Reactome:R-MMU-159231|Reactome:R-MMU-159236|Reactome:R-MMU-72163|Reactome:R-MMU-72165|Reactome:R-MMU-72187|Reactome:R-MMU-72203|Reactome:R-MMU-73856|Reactome:R-MMU-77595|Reactome:R-MMU-9013422|Reactome:R-MMU-9770562|Reactome:R-MMU-983168|Reactome:R-RNO-159231|Reactome:R-RNO-72165|Reactome:R-RNO-73856|Reactome:R-RNO-77595|Reactome:R-RNO-9770562|Reactome:R-SCE-983168|Reactome:R-SPO-9770562|Reactome:R-SPO-983168|Reactome:R-XTR-77595|Reactome:R-XTR-9770562
CRM	b5a2864f505de0aaf16d7acb5eac0141	408	Pfam	PF03732	Retrotransposon-derived protein PEG10, N-terminal capsid-like domain	148	227	5.9E-13	T	13-08-2026	IPR005162	Retrotransposon-derived protein PEG10, N-terminal capsid-like domain	-	-
CRM	b5a2864f505de0aaf16d7acb5eac0141	408	Pfam	PF30901	PEG10/RTL1, C-terminal capsid-like domain	237	306	1.1E-4	T	13-08-2026	IPR063300	PEG10/RTL1, C-terminal capsid-like domain	-	-
CRM	b5a2864f505de0aaf16d7acb5eac0141	408	PANTHER	PTHR35046	ZINC KNUCKLE (CCHC-TYPE) FAMILY PROTEIN	124	408	5.1E-46	T	13-08-2026	-	-	-	-
SIVAGM	b50efcf77177347ccd179b99411f58a3	449	SMART	SM00343	c2hcfinal6	422	438	2.5E-5	T	13-08-2026	IPR001878	Zinc finger, CCHC-type	GO:0003676(InterPro)|GO:0008270(InterPro)	Reactome:R-BTA-159231|Reactome:R-BTA-159236|Reactome:R-BTA-72163|Reactome:R-BTA-72165|Reactome:R-BTA-72203|Reactome:R-BTA-73856|Reactome:R-BTA-77595|Reactome:R-BTA-9770562|Reactome:R-CEL-159236|Reactome:R-CEL-72163|Reactome:R-CEL-73856|Reactome:R-DME-159231|Reactome:R-DME-159236|Reactome:R-DME-1834941|Reactome:R-DME-72163|Reactome:R-DME-72165|Reactome:R-DME-72203|Reactome:R-DME-73856|Reactome:R-DME-77595|Reactome:R-DME-8941326|Reactome:R-DME-9770562|Reactome:R-DME-9930044|Reactome:R-DRE-72165|Reactome:R-HSA-1169408|Reactome:R-HSA-159231|Reactome:R-HSA-159236|Reactome:R-HSA-162585|Reactome:R-HSA-162588|Reactome:R-HSA-162592|Reactome:R-HSA-162594|Reactome:R-HSA-164516|Reactome:R-HSA-164525|Reactome:R-HSA-164843|Reactome:R-HSA-168315|Reactome:R-HSA-173107|Reactome:R-HSA-174490|Reactome:R-HSA-174495|Reactome:R-HSA-175474|Reactome:R-HSA-175567|Reactome:R-HSA-177539|Reactome:R-HSA-180689|Reactome:R-HSA-180910|Reactome:R-HSA-429947|Reactome:R-HSA-452723|Reactome:R-HSA-6784531|Reactome:R-HSA-72163|Reactome:R-HSA-72165|Reactome:R-HSA-72187|Reactome:R-HSA-72203|Reactome:R-HSA-73856|Reactome:R-HSA-77595|Reactome:R-HSA-9013422|Reactome:R-HSA-9682706|Reactome:R-HSA-9694686|Reactome:R-HSA-9705671|Reactome:R-HSA-9770562|Reactome:R-HSA-9819196|Reactome:R-HSA-9820865|Reactome:R-HSA-983168|Reactome:R-HSA-9843970|Reactome:R-HSA-9918481|Reactome:R-HSA-9930044|Reactome:R-HSA-9931510|Reactome:R-MMU-159231|Reactome:R-MMU-159236|Reactome:R-MMU-72163|Reactome:R-MMU-72165|Reactome:R-MMU-72187|Reactome:R-MMU-72203|Reactome:R-MMU-73856|Reactome:R-MMU-77595|Reactome:R-MMU-9013422|Reactome:R-MMU-9770562|Reactome:R-MMU-983168|Reactome:R-MMU-9930044|Reactome:R-RNO-159231|Reactome:R-RNO-72165|Reactome:R-RNO-73856|Reactome:R-RNO-77595|Reactome:R-RNO-9770562|Reactome:R-SCE-983168|Reactome:R-SPO-9770562|Reactome:R-SPO-983168|Reactome:R-XTR-77595|Reactome:R-XTR-9770562
SIVAGM	b50efcf77177347ccd179b99411f58a3	449	SMART	SM00343	c2hcfinal6	401	417	7.0E-5	T	13-08-2026	IPR001878	Zinc finger, CCHC-type	GO:0003676(InterPro)|GO:0008270(InterPro)	Reactome:R-BTA-159231|Reactome:R-BTA-159236|Reactome:R-BTA-72163|Reactome:R-BTA-72165|Reactome:R-BTA-72203|Reactome:R-BTA-73856|Reactome:R-BTA-77595|Reactome:R-BTA-9770562|Reactome:R-CEL-159236|Reactome:R-CEL-72163|Reactome:R-CEL-73856|Reactome:R-DME-159231|Reactome:R-DME-159236|Reactome:R-DME-1834941|Reactome:R-DME-72163|Reactome:R-DME-72165|Reactome:R-DME-72203|Reactome:R-DME-73856|Reactome:R-DME-77595|Reactome:R-DME-8941326|Reactome:R-DME-9770562|Reactome:R-DME-9930044|Reactome:R-DRE-72165|Reactome:R-HSA-1169408|Reactome:R-HSA-159231|Reactome:R-HSA-159236|Reactome:R-HSA-162585|Reactome:R-HSA-162588|Reactome:R-HSA-162592|Reactome:R-HSA-162594|Reactome:R-HSA-164516|Reactome:R-HSA-164525|Reactome:R-HSA-164843|Reactome:R-HSA-168315|Reactome:R-HSA-173107|Reactome:R-HSA-174490|Reactome:R-HSA-174495|Reactome:R-HSA-175474|Reactome:R-HSA-175567|Reactome:R-HSA-177539|Reactome:R-HSA-180689|Reactome:R-HSA-180910|Reactome:R-HSA-429947|Reactome:R-HSA-452723|Reactome:R-HSA-6784531|Reactome:R-HSA-72163|Reactome:R-HSA-72165|Reactome:R-HSA-72187|Reactome:R-HSA-72203|Reactome:R-HSA-73856|Reactome:R-HSA-77595|Reactome:R-HSA-9013422|Reactome:R-HSA-9682706|Reactome:R-HSA-9694686|Reactome:R-HSA-9705671|Reactome:R-HSA-9770562|Reactome:R-HSA-9819196|Reactome:R-HSA-9820865|Reactome:R-HSA-983168|Reactome:R-HSA-9843970|Reactome:R-HSA-9918481|Reactome:R-HSA-9930044|Reactome:R-HSA-9931510|Reactome:R-MMU-159231|Reactome:R-MMU-159236|Reactome:R-MMU-72163|Reactome:R-MMU-72165|Reactome:R-MMU-72187|Reactome:R-MMU-72203|Reactome:R-MMU-73856|Reactome:R-MMU-77595|Reactome:R-MMU-9013422|Reactome:R-MMU-9770562|Reactome:R-MMU-983168|Reactome:R-MMU-9930044|Reactome:R-RNO-159231|Reactome:R-RNO-72165|Reactome:R-RNO-73856|Reactome:R-RNO-77595|Reactome:R-RNO-9770562|Reactome:R-SCE-983168|Reactome:R-SPO-9770562|Reactome:R-SPO-983168|Reactome:R-XTR-77595|Reactome:R-XTR-9770562
SIVAGM	b50efcf77177347ccd179b99411f58a3	449	SUPERFAMILY	SSF47943	Retrovirus capsid protein, N-terminal core domain	140	297	2.63E-70	T	13-08-2026	IPR008919	Retrovirus capsid, N-terminal	GO:0016032(InterPro)	Reactome:R-HSA-1169408|Reactome:R-HSA-162585|Reactome:R-HSA-162588|Reactome:R-HSA-162592|Reactome:R-HSA-162594|Reactome:R-HSA-164516|Reactome:R-HSA-164525|Reactome:R-HSA-164843|Reactome:R-HSA-173107|Reactome:R-HSA-174490|Reactome:R-HSA-174495|Reactome:R-HSA-175474|Reactome:R-HSA-175567|Reactome:R-HSA-177539|Reactome:R-HSA-180689|Reactome:R-HSA-180910
SIVAGM	b50efcf77177347ccd179b99411f58a3	449	Gene3D	G3DSA:1.20.5.760	Single helix bin	357	392	2.7E-15	T	13-08-2026	-	-	-	-
SIVAGM	b50efcf77177347ccd179b99411f58a3	449	SUPERFAMILY	SSF47353	Retrovirus capsid dimerization domain-like	290	370	2.38E-30	T	13-08-2026	-	-	-	-
SIVAGM	b50efcf77177347ccd179b99411f58a3	449	ProSiteProfiles	PS50158	Zinc finger CCHC-type profile.	422	438	10.773549	T	13-08-2026	IPR001878	Zinc finger, CCHC-type	GO:0003676(InterPro)|GO:0008270(InterPro)	Reactome:R-BTA-159231|Reactome:R-BTA-159236|Reactome:R-BTA-72163|Reactome:R-BTA-72165|Reactome:R-BTA-72203|Reactome:R-BTA-73856|Reactome:R-BTA-77595|Reactome:R-BTA-9770562|Reactome:R-CEL-159236|Reactome:R-CEL-72163|Reactome:R-CEL-73856|Reactome:R-DME-159231|Reactome:R-DME-159236|Reactome:R-DME-1834941|Reactome:R-DME-72163|Reactome:R-DME-72165|Reactome:R-DME-72203|Reactome:R-DME-73856|Reactome:R-DME-77595|Reactome:R-DME-8941326|Reactome:R-DME-9770562|Reactome:R-DME-9930044|Reactome:R-DRE-72165|Reactome:R-HSA-1169408|Reactome:R-HSA-159231|Reactome:R-HSA-159236|Reactome:R-HSA-162585|Reactome:R-HSA-162588|Reactome:R-HSA-162592|Reactome:R-HSA-162594|Reactome:R-HSA-164516|Reactome:R-HSA-164525|Reactome:R-HSA-164843|Reactome:R-HSA-168315|Reactome:R-HSA-173107|Reactome:R-HSA-174490|Reactome:R-HSA-174495|Reactome:R-HSA-175474|Reactome:R-HSA-175567|Reactome:R-HSA-177539|Reactome:R-HSA-180689|Reactome:R-HSA-180910|Reactome:R-HSA-429947|Reactome:R-HSA-452723|Reactome:R-HSA-6784531|Reactome:R-HSA-72163|Reactome:R-HSA-72165|Reactome:R-HSA-72187|Reactome:R-HSA-72203|Reactome:R-HSA-73856|Reactome:R-HSA-77595|Reactome:R-HSA-9013422|Reactome:R-HSA-9682706|Reactome:R-HSA-9694686|Reactome:R-HSA-9705671|Reactome:R-HSA-9770562|Reactome:R-HSA-9819196|Reactome:R-HSA-9820865|Reactome:R-HSA-983168|Reactome:R-HSA-9843970|Reactome:R-HSA-9918481|Reactome:R-HSA-9930044|Reactome:R-HSA-9931510|Reactome:R-MMU-159231|Reactome:R-MMU-159236|Reactome:R-MMU-72163|Reactome:R-MMU-72165|Reactome:R-MMU-72187|Reactome:R-MMU-72203|Reactome:R-MMU-73856|Reactome:R-MMU-77595|Reactome:R-MMU-9013422|Reactome:R-MMU-9770562|Reactome:R-MMU-983168|Reactome:R-MMU-9930044|Reactome:R-RNO-159231|Reactome:R-RNO-72165|Reactome:R-RNO-73856|Reactome:R-RNO-77595|Reactome:R-RNO-9770562|Reactome:R-SCE-983168|Reactome:R-SPO-9770562|Reactome:R-SPO-983168|Reactome:R-XTR-77595|Reactome:R-XTR-9770562
SIVAGM	b50efcf77177347ccd179b99411f58a3	449	Gene3D	G3DSA:4.10.60.10	-	393	420	7.4E-6	T	13-08-2026	-	-	-	-
SIVAGM	b50efcf77177347ccd179b99411f58a3	449	Gene3D	G3DSA:1.10.1200.30	-	283	356	2.9E-34	T	13-08-2026	IPR008916	Retrovirus capsid, C-terminal	-	Reactome:R-HSA-1169408|Reactome:R-HSA-162585|Reactome:R-HSA-162588|Reactome:R-HSA-162592|Reactome:R-HSA-162594|Reactome:R-HSA-164516|Reactome:R-HSA-164525|Reactome:R-HSA-164843|Reactome:R-HSA-173107|Reactome:R-HSA-174490|Reactome:R-HSA-174495|Reactome:R-HSA-175474|Reactome:R-HSA-175567|Reactome:R-HSA-177539|Reactome:R-HSA-180689|Reactome:R-HSA-180910
SIVAGM	b50efcf77177347ccd179b99411f58a3	449	Pfam	PF00607	gag protein p24 N-terminal domain	152	274	4.0E-5	T	13-08-2026	-	-	-	-
SIVAGM	b50efcf77177347ccd179b99411f58a3	449	Pfam	PF19317	Gag protein p24 C-terminal domain	285	358	3.9E-25	T	13-08-2026	IPR045345	Retroviral nucleocapsid Gag protein p24, C-terminal domain	-	Reactome:R-HSA-1169408|Reactome:R-HSA-162585|Reactome:R-HSA-162588|Reactome:R-HSA-162592|Reactome:R-HSA-162594|Reactome:R-HSA-164516|Reactome:R-HSA-164525|Reactome:R-HSA-164843|Reactome:R-HSA-173107|Reactome:R-HSA-174490|Reactome:R-HSA-174495|Reactome:R-HSA-175474|Reactome:R-HSA-175567|Reactome:R-HSA-177539|Reactome:R-HSA-180689|Reactome:R-HSA-180910
SIVAGM	b50efcf77177347ccd179b99411f58a3	449	Gene3D	G3DSA:1.10.375.10	Human Immunodeficiency Virus Type 1 Capsid Protein	142	282	4.2E-68	T	13-08-2026	IPR008919	Retrovirus capsid, N-terminal	GO:0016032(InterPro)	Reactome:R-HSA-1169408|Reactome:R-HSA-162585|Reactome:R-HSA-162588|Reactome:R-HSA-162592|Reactome:R-HSA-162594|Reactome:R-HSA-164516|Reactome:R-HSA-164525|Reactome:R-HSA-164843|Reactome:R-HSA-173107|Reactome:R-HSA-174490|Reactome:R-HSA-174495|Reactome:R-HSA-175474|Reactome:R-HSA-175567|Reactome:R-HSA-177539|Reactome:R-HSA-180689|Reactome:R-HSA-180910
SIVAGM	b50efcf77177347ccd179b99411f58a3	449	PRINTS	PR00234	HIV-1 matrix protein signature	70	89	6.6E-31	T	13-08-2026	IPR000071	Immunodeficiency lentiviral matrix, N-terminal	GO:0005198(InterPro)	Reactome:R-HSA-1169408|Reactome:R-HSA-162585|Reactome:R-HSA-162588|Reactome:R-HSA-162592|Reactome:R-HSA-162594|Reactome:R-HSA-164516|Reactome:R-HSA-164525|Reactome:R-HSA-164843|Reactome:R-HSA-173107|Reactome:R-HSA-174490|Reactome:R-HSA-174495|Reactome:R-HSA-175474|Reactome:R-HSA-175567|Reactome:R-HSA-177539|Reactome:R-HSA-180689|Reactome:R-HSA-180910
SIVAGM	b50efcf77177347ccd179b99411f58a3	449	PRINTS	PR00234	HIV-1 matrix protein signature	4	20	6.6E-31	T	13-08-2026	IPR000071	Immunodeficiency lentiviral matrix, N-terminal	GO:0005198(InterPro)	Reactome:R-HSA-1169408|Reactome:R-HSA-162585|Reactome:R-HSA-162588|Reactome:R-HSA-162592|Reactome:R-HSA-162594|Reactome:R-HSA-164516|Reactome:R-HSA-164525|Reactome:R-HSA-164843|Reactome:R-HSA-173107|Reactome:R-HSA-174490|Reactome:R-HSA-174495|Reactome:R-HSA-175474|Reactome:R-HSA-175567|Reactome:R-HSA-177539|Reactome:R-HSA-180689|Reactome:R-HSA-180910
SIVAGM	b50efcf77177347ccd179b99411f58a3	449	PRINTS	PR00234	HIV-1 matrix protein signature	42	57	6.6E-31	T	13-08-2026	IPR000071	Immunodeficiency lentiviral matrix, N-terminal	GO:0005198(InterPro)	Reactome:R-HSA-1169408|Reactome:R-HSA-162585|Reactome:R-HSA-162588|Reactome:R-HSA-162592|Reactome:R-HSA-162594|Reactome:R-HSA-164516|Reactome:R-HSA-164525|Reactome:R-HSA-164843|Reactome:R-HSA-173107|Reactome:R-HSA-174490|Reactome:R-HSA-174495|Reactome:R-HSA-175474|Reactome:R-HSA-175567|Reactome:R-HSA-177539|Reactome:R-HSA-180689|Reactome:R-HSA-180910
SIVAGM	b50efcf77177347ccd179b99411f58a3	449	PRINTS	PR00234	HIV-1 matrix protein signature	89	102	6.6E-31	T	13-08-2026	IPR000071	Immunodeficiency lentiviral matrix, N-terminal	GO:0005198(InterPro)	Reactome:R-HSA-1169408|Reactome:R-HSA-162585|Reactome:R-HSA-162588|Reactome:R-HSA-162592|Reactome:R-HSA-162594|Reactome:R-HSA-164516|Reactome:R-HSA-164525|Reactome:R-HSA-164843|Reactome:R-HSA-173107|Reactome:R-HSA-174490|Reactome:R-HSA-174495|Reactome:R-HSA-175474|Reactome:R-HSA-175567|Reactome:R-HSA-177539|Reactome:R-HSA-180689|Reactome:R-HSA-180910
SIVAGM	b50efcf77177347ccd179b99411f58a3	449	PRINTS	PR00234	HIV-1 matrix protein signature	22	40	6.6E-31	T	13-08-2026	IPR000071	Immunodeficiency lentiviral matrix, N-terminal	GO:0005198(InterPro)	Reactome:R-HSA-1169408|Reactome:R-HSA-162585|Reactome:R-HSA-162588|Reactome:R-HSA-162592|Reactome:R-HSA-162594|Reactome:R-HSA-164516|Reactome:R-HSA-164525|Reactome:R-HSA-164843|Reactome:R-HSA-173107|Reactome:R-HSA-174490|Reactome:R-HSA-174495|Reactome:R-HSA-175474|Reactome:R-HSA-175567|Reactome:R-HSA-177539|Reactome:R-HSA-180689|Reactome:R-HSA-180910
SIVAGM	b50efcf77177347ccd179b99411f58a3	449	ProSiteProfiles	PS50158	Zinc finger CCHC-type profile.	401	417	11.169136	T	13-08-2026	IPR001878	Zinc finger, CCHC-type	GO:0003676(InterPro)|GO:0008270(InterPro)	Reactome:R-BTA-159231|Reactome:R-BTA-159236|Reactome:R-BTA-72163|Reactome:R-BTA-72165|Reactome:R-BTA-72203|Reactome:R-BTA-73856|Reactome:R-BTA-77595|Reactome:R-BTA-9770562|Reactome:R-CEL-159236|Reactome:R-CEL-72163|Reactome:R-CEL-73856|Reactome:R-DME-159231|Reactome:R-DME-159236|Reactome:R-DME-1834941|Reactome:R-DME-72163|Reactome:R-DME-72165|Reactome:R-DME-72203|Reactome:R-DME-73856|Reactome:R-DME-77595|Reactome:R-DME-8941326|Reactome:R-DME-9770562|Reactome:R-DME-9930044|Reactome:R-DRE-72165|Reactome:R-HSA-1169408|Reactome:R-HSA-159231|Reactome:R-HSA-159236|Reactome:R-HSA-162585|Reactome:R-HSA-162588|Reactome:R-HSA-162592|Reactome:R-HSA-162594|Reactome:R-HSA-164516|Reactome:R-HSA-164525|Reactome:R-HSA-164843|Reactome:R-HSA-168315|Reactome:R-HSA-173107|Reactome:R-HSA-174490|Reactome:R-HSA-174495|Reactome:R-HSA-175474|Reactome:R-HSA-175567|Reactome:R-HSA-177539|Reactome:R-HSA-180689|Reactome:R-HSA-180910|Reactome:R-HSA-429947|Reactome:R-HSA-452723|Reactome:R-HSA-6784531|Reactome:R-HSA-72163|Reactome:R-HSA-72165|Reactome:R-HSA-72187|Reactome:R-HSA-72203|Reactome:R-HSA-73856|Reactome:R-HSA-77595|Reactome:R-HSA-9013422|Reactome:R-HSA-9682706|Reactome:R-HSA-9694686|Reactome:R-HSA-9705671|Reactome:R-HSA-9770562|Reactome:R-HSA-9819196|Reactome:R-HSA-9820865|Reactome:R-HSA-983168|Reactome:R-HSA-9843970|Reactome:R-HSA-9918481|Reactome:R-HSA-9930044|Reactome:R-HSA-9931510|Reactome:R-MMU-159231|Reactome:R-MMU-159236|Reactome:R-MMU-72163|Reactome:R-MMU-72165|Reactome:R-MMU-72187|Reactome:R-MMU-72203|Reactome:R-MMU-73856|Reactome:R-MMU-77595|Reactome:R-MMU-9013422|Reactome:R-MMU-9770562|Reactome:R-MMU-983168|Reactome:R-MMU-9930044|Reactome:R-RNO-159231|Reactome:R-RNO-72165|Reactome:R-RNO-73856|Reactome:R-RNO-77595|Reactome:R-RNO-9770562|Reactome:R-SCE-983168|Reactome:R-SPO-9770562|Reactome:R-SPO-983168|Reactome:R-XTR-77595|Reactome:R-XTR-9770562
SIVAGM	b50efcf77177347ccd179b99411f58a3	449	Gene3D	G3DSA:1.10.150.90	Immunodeficiency lentiviruses, gag gene matrix protein p17	1	119	2.3E-48	T	13-08-2026	IPR012344	Matrix protein, lentiviral and alpha-retroviral, N-terminal	-	Reactome:R-HSA-1169408|Reactome:R-HSA-162585|Reactome:R-HSA-162588|Reactome:R-HSA-162592|Reactome:R-HSA-162594|Reactome:R-HSA-164516|Reactome:R-HSA-164525|Reactome:R-HSA-164843|Reactome:R-HSA-173107|Reactome:R-HSA-174490|Reactome:R-HSA-174495|Reactome:R-HSA-175474|Reactome:R-HSA-175567|Reactome:R-HSA-177539|Reactome:R-HSA-180689|Reactome:R-HSA-180910
SIVAGM	b50efcf77177347ccd179b99411f58a3	449	PANTHER	PTHR40389	ENDOGENOUS RETROVIRUS GROUP K MEMBER 24 GAG POLYPROTEIN-RELATED	289	439	1.4E-30	T	13-08-2026	IPR050195	Primate lentivirus group Gag polyprotein-like	-	Reactome:R-HSA-1169408|Reactome:R-HSA-162585|Reactome:R-HSA-162588|Reactome:R-HSA-162592|Reactome:R-HSA-162594|Reactome:R-HSA-164516|Reactome:R-HSA-164525|Reactome:R-HSA-164843|Reactome:R-HSA-173107|Reactome:R-HSA-174490|Reactome:R-HSA-174495|Reactome:R-HSA-175474|Reactome:R-HSA-175567|Reactome:R-HSA-177539|Reactome:R-HSA-180689|Reactome:R-HSA-180910
SIVAGM	b50efcf77177347ccd179b99411f58a3	449	Pfam	PF00540	gag gene protein p17 (matrix protein)	2	141	4.1E-57	T	13-08-2026	IPR000071	Immunodeficiency lentiviral matrix, N-terminal	GO:0005198(InterPro)	Reactome:R-HSA-1169408|Reactome:R-HSA-162585|Reactome:R-HSA-162588|Reactome:R-HSA-162592|Reactome:R-HSA-162594|Reactome:R-HSA-164516|Reactome:R-HSA-164525|Reactome:R-HSA-164843|Reactome:R-HSA-173107|Reactome:R-HSA-174490|Reactome:R-HSA-174495|Reactome:R-HSA-175474|Reactome:R-HSA-175567|Reactome:R-HSA-177539|Reactome:R-HSA-180689|Reactome:R-HSA-180910
SIVAGM	b50efcf77177347ccd179b99411f58a3	449	SUPERFAMILY	SSF57756	Retrovirus zinc finger-like domains	390	440	6.66E-14	T	13-08-2026	IPR036875	Zinc finger, CCHC-type superfamily	GO:0003676(InterPro)|GO:0008270(InterPro)	Reactome:R-BTA-159231|Reactome:R-BTA-159236|Reactome:R-BTA-72163|Reactome:R-BTA-72165|Reactome:R-BTA-72203|Reactome:R-BTA-73856|Reactome:R-BTA-77595|Reactome:R-BTA-9770562|Reactome:R-CEL-159236|Reactome:R-CEL-72163|Reactome:R-CEL-73856|Reactome:R-DME-159231|Reactome:R-DME-159236|Reactome:R-DME-1834941|Reactome:R-DME-72163|Reactome:R-DME-72165|Reactome:R-DME-72203|Reactome:R-DME-73856|Reactome:R-DME-77595|Reactome:R-DME-9770562|Reactome:R-DRE-72165|Reactome:R-HSA-1169408|Reactome:R-HSA-159231|Reactome:R-HSA-159236|Reactome:R-HSA-162585|Reactome:R-HSA-162588|Reactome:R-HSA-162592|Reactome:R-HSA-162594|Reactome:R-HSA-164516|Reactome:R-HSA-164525|Reactome:R-HSA-164843|Reactome:R-HSA-168315|Reactome:R-HSA-173107|Reactome:R-HSA-174490|Reactome:R-HSA-174495|Reactome:R-HSA-175474|Reactome:R-HSA-175567|Reactome:R-HSA-177539|Reactome:R-HSA-180689|Reactome:R-HSA-180910|Reactome:R-HSA-429947|Reactome:R-HSA-452723|Reactome:R-HSA-6784531|Reactome:R-HSA-72163|Reactome:R-HSA-72165|Reactome:R-HSA-72187|Reactome:R-HSA-72203|Reactome:R-HSA-73856|Reactome:R-HSA-77595|Reactome:R-HSA-9013422|Reactome:R-HSA-9682706|Reactome:R-HSA-9694686|Reactome:R-HSA-9705671|Reactome:R-HSA-9770562|Reactome:R-HSA-9819196|Reactome:R-HSA-9820865|Reactome:R-HSA-983168|Reactome:R-HSA-9918481|Reactome:R-HSA-9930044|Reactome:R-MMU-159231|Reactome:R-MMU-159236|Reactome:R-MMU-72163|Reactome:R-MMU-72165|Reactome:R-MMU-72187|Reactome:R-MMU-72203|Reactome:R-MMU-73856|Reactome:R-MMU-77595|Reactome:R-MMU-9013422|Reactome:R-MMU-9770562|Reactome:R-MMU-983168|Reactome:R-RNO-159231|Reactome:R-RNO-72165|Reactome:R-RNO-73856|Reactome:R-RNO-77595|Reactome:R-RNO-9770562|Reactome:R-SCE-983168|Reactome:R-SPO-9770562|Reactome:R-SPO-983168|Reactome:R-XTR-77595|Reactome:R-XTR-9770562
SIVAGM	b50efcf77177347ccd179b99411f58a3	449	Pfam	PF00098	Zinc knuckle	401	416	0.0031	T	13-08-2026	IPR001878	Zinc finger, CCHC-type	GO:0003676(InterPro)|GO:0008270(InterPro)	Reactome:R-BTA-159231|Reactome:R-BTA-159236|Reactome:R-BTA-72163|Reactome:R-BTA-72165|Reactome:R-BTA-72203|Reactome:R-BTA-73856|Reactome:R-BTA-77595|Reactome:R-BTA-9770562|Reactome:R-CEL-159236|Reactome:R-CEL-72163|Reactome:R-CEL-73856|Reactome:R-DME-159231|Reactome:R-DME-159236|Reactome:R-DME-1834941|Reactome:R-DME-72163|Reactome:R-DME-72165|Reactome:R-DME-72203|Reactome:R-DME-73856|Reactome:R-DME-77595|Reactome:R-DME-8941326|Reactome:R-DME-9770562|Reactome:R-DME-9930044|Reactome:R-DRE-72165|Reactome:R-HSA-1169408|Reactome:R-HSA-159231|Reactome:R-HSA-159236|Reactome:R-HSA-162585|Reactome:R-HSA-162588|Reactome:R-HSA-162592|Reactome:R-HSA-162594|Reactome:R-HSA-164516|Reactome:R-HSA-164525|Reactome:R-HSA-164843|Reactome:R-HSA-168315|Reactome:R-HSA-173107|Reactome:R-HSA-174490|Reactome:R-HSA-174495|Reactome:R-HSA-175474|Reactome:R-HSA-175567|Reactome:R-HSA-177539|Reactome:R-HSA-180689|Reactome:R-HSA-180910|Reactome:R-HSA-429947|Reactome:R-HSA-452723|Reactome:R-HSA-6784531|Reactome:R-HSA-72163|Reactome:R-HSA-72165|Reactome:R-HSA-72187|Reactome:R-HSA-72203|Reactome:R-HSA-73856|Reactome:R-HSA-77595|Reactome:R-HSA-9013422|Reactome:R-HSA-9682706|Reactome:R-HSA-9694686|Reactome:R-HSA-9705671|Reactome:R-HSA-9770562|Reactome:R-HSA-9819196|Reactome:R-HSA-9820865|Reactome:R-HSA-983168|Reactome:R-HSA-9843970|Reactome:R-HSA-9918481|Reactome:R-HSA-9930044|Reactome:R-HSA-9931510|Reactome:R-MMU-159231|Reactome:R-MMU-159236|Reactome:R-MMU-72163|Reactome:R-MMU-72165|Reactome:R-MMU-72187|Reactome:R-MMU-72203|Reactome:R-MMU-73856|Reactome:R-MMU-77595|Reactome:R-MMU-9013422|Reactome:R-MMU-9770562|Reactome:R-MMU-983168|Reactome:R-MMU-9930044|Reactome:R-RNO-159231|Reactome:R-RNO-72165|Reactome:R-RNO-73856|Reactome:R-RNO-77595|Reactome:R-RNO-9770562|Reactome:R-SCE-983168|Reactome:R-SPO-9770562|Reactome:R-SPO-983168|Reactome:R-XTR-77595|Reactome:R-XTR-9770562
SIVAGM	b50efcf77177347ccd179b99411f58a3	449	Pfam	PF00098	Zinc knuckle	421	437	0.1	T	13-08-2026	IPR001878	Zinc finger, CCHC-type	GO:0003676(InterPro)|GO:0008270(InterPro)	Reactome:R-BTA-159231|Reactome:R-BTA-159236|Reactome:R-BTA-72163|Reactome:R-BTA-72165|Reactome:R-BTA-72203|Reactome:R-BTA-73856|Reactome:R-BTA-77595|Reactome:R-BTA-9770562|Reactome:R-CEL-159236|Reactome:R-CEL-72163|Reactome:R-CEL-73856|Reactome:R-DME-159231|Reactome:R-DME-159236|Reactome:R-DME-1834941|Reactome:R-DME-72163|Reactome:R-DME-72165|Reactome:R-DME-72203|Reactome:R-DME-73856|Reactome:R-DME-77595|Reactome:R-DME-8941326|Reactome:R-DME-9770562|Reactome:R-DME-9930044|Reactome:R-DRE-72165|Reactome:R-HSA-1169408|Reactome:R-HSA-159231|Reactome:R-HSA-159236|Reactome:R-HSA-162585|Reactome:R-HSA-162588|Reactome:R-HSA-162592|Reactome:R-HSA-162594|Reactome:R-HSA-164516|Reactome:R-HSA-164525|Reactome:R-HSA-164843|Reactome:R-HSA-168315|Reactome:R-HSA-173107|Reactome:R-HSA-174490|Reactome:R-HSA-174495|Reactome:R-HSA-175474|Reactome:R-HSA-175567|Reactome:R-HSA-177539|Reactome:R-HSA-180689|Reactome:R-HSA-180910|Reactome:R-HSA-429947|Reactome:R-HSA-452723|Reactome:R-HSA-6784531|Reactome:R-HSA-72163|Reactome:R-HSA-72165|Reactome:R-HSA-72187|Reactome:R-HSA-72203|Reactome:R-HSA-73856|Reactome:R-HSA-77595|Reactome:R-HSA-9013422|Reactome:R-HSA-9682706|Reactome:R-HSA-9694686|Reactome:R-HSA-9705671|Reactome:R-HSA-9770562|Reactome:R-HSA-9819196|Reactome:R-HSA-9820865|Reactome:R-HSA-983168|Reactome:R-HSA-9843970|Reactome:R-HSA-9918481|Reactome:R-HSA-9930044|Reactome:R-HSA-9931510|Reactome:R-MMU-159231|Reactome:R-MMU-159236|Reactome:R-MMU-72163|Reactome:R-MMU-72165|Reactome:R-MMU-72187|Reactome:R-MMU-72203|Reactome:R-MMU-73856|Reactome:R-MMU-77595|Reactome:R-MMU-9013422|Reactome:R-MMU-9770562|Reactome:R-MMU-983168|Reactome:R-MMU-9930044|Reactome:R-RNO-159231|Reactome:R-RNO-72165|Reactome:R-RNO-73856|Reactome:R-RNO-77595|Reactome:R-RNO-9770562|Reactome:R-SCE-983168|Reactome:R-SPO-9770562|Reactome:R-SPO-983168|Reactome:R-XTR-77595|Reactome:R-XTR-9770562
SIVAGM	b50efcf77177347ccd179b99411f58a3	449	SUPERFAMILY	SSF47836	Retroviral matrix proteins	2	145	7.85E-50	T	13-08-2026	IPR010999	Retroviral matrix protein	-	Reactome:R-HSA-1169408|Reactome:R-HSA-162585|Reactome:R-HSA-162588|Reactome:R-HSA-162592|Reactome:R-HSA-162594|Reactome:R-HSA-164516|Reactome:R-HSA-164525|Reactome:R-HSA-164843|Reactome:R-HSA-173107|Reactome:R-HSA-174490|Reactome:R-HSA-174495|Reactome:R-HSA-175474|Reactome:R-HSA-175567|Reactome:R-HSA-177539|Reactome:R-HSA-180689|Reactome:R-HSA-180910|Reactome:R-HSA-198933
SIVAGM	b50efcf77177347ccd179b99411f58a3	449	Gene3D	G3DSA:4.10.60.10	-	421	447	7.4E-5	T	13-08-2026	-	-	-	-
MMTV	4431af328ada364927d565b2b5064959	569	MobiDBLite	mobidb-lite	consensus disorder prediction	141	158	-	T	13-08-2026	-	-	-	-
MMTV	4431af328ada364927d565b2b5064959	569	MobiDBLite	mobidb-lite	consensus disorder prediction	141	180	-	T	13-08-2026	-	-	-	-
MMTV	4431af328ada364927d565b2b5064959	569	MobiDBLite	mobidb-lite	consensus disorder prediction	167	180	-	T	13-08-2026	-	-	-	-
MMTV	4431af328ada364927d565b2b5064959	569	SUPERFAMILY	SSF57756	Retrovirus zinc finger-like domains	539	569	2.09E-12	T	13-08-2026	IPR036875	Zinc finger, CCHC-type superfamily	GO:0003676(InterPro)|GO:0008270(InterPro)	Reactome:R-BTA-159231|Reactome:R-BTA-159236|Reactome:R-BTA-72163|Reactome:R-BTA-72165|Reactome:R-BTA-72203|Reactome:R-BTA-73856|Reactome:R-BTA-77595|Reactome:R-BTA-9770562|Reactome:R-CEL-159236|Reactome:R-CEL-72163|Reactome:R-CEL-73856|Reactome:R-DME-159231|Reactome:R-DME-159236|Reactome:R-DME-1834941|Reactome:R-DME-72163|Reactome:R-DME-72165|Reactome:R-DME-72203|Reactome:R-DME-73856|Reactome:R-DME-77595|Reactome:R-DME-9770562|Reactome:R-DRE-72165|Reactome:R-HSA-1169408|Reactome:R-HSA-159231|Reactome:R-HSA-159236|Reactome:R-HSA-162585|Reactome:R-HSA-162588|Reactome:R-HSA-162592|Reactome:R-HSA-162594|Reactome:R-HSA-164516|Reactome:R-HSA-164525|Reactome:R-HSA-164843|Reactome:R-HSA-168315|Reactome:R-HSA-173107|Reactome:R-HSA-174490|Reactome:R-HSA-174495|Reactome:R-HSA-175474|Reactome:R-HSA-175567|Reactome:R-HSA-177539|Reactome:R-HSA-180689|Reactome:R-HSA-180910|Reactome:R-HSA-429947|Reactome:R-HSA-452723|Reactome:R-HSA-6784531|Reactome:R-HSA-72163|Reactome:R-HSA-72165|Reactome:R-HSA-72187|Reactome:R-HSA-72203|Reactome:R-HSA-73856|Reactome:R-HSA-77595|Reactome:R-HSA-9013422|Reactome:R-HSA-9682706|Reactome:R-HSA-9694686|Reactome:R-HSA-9705671|Reactome:R-HSA-9770562|Reactome:R-HSA-9819196|Reactome:R-HSA-9820865|Reactome:R-HSA-983168|Reactome:R-HSA-9918481|Reactome:R-HSA-9930044|Reactome:R-MMU-159231|Reactome:R-MMU-159236|Reactome:R-MMU-72163|Reactome:R-MMU-72165|Reactome:R-MMU-72187|Reactome:R-MMU-72203|Reactome:R-MMU-73856|Reactome:R-MMU-77595|Reactome:R-MMU-9013422|Reactome:R-MMU-9770562|Reactome:R-MMU-983168|Reactome:R-RNO-159231|Reactome:R-RNO-72165|Reactome:R-RNO-73856|Reactome:R-RNO-77595|Reactome:R-RNO-9770562|Reactome:R-SCE-983168|Reactome:R-SPO-9770562|Reactome:R-SPO-983168|Reactome:R-XTR-77595|Reactome:R-XTR-9770562
MMTV	4431af328ada364927d565b2b5064959	569	Gene3D	G3DSA:1.10.150.490	Retroviral GAG p10 protein	1	87	3.0E-24	T	13-08-2026	IPR038124	Beta-retroviral matrix superfamily	-	-
MMTV	4431af328ada364927d565b2b5064959	569	SUPERFAMILY	SSF47836	Retroviral matrix proteins	1	83	1.65E-22	T	13-08-2026	IPR010999	Retroviral matrix protein	-	Reactome:R-HSA-1169408|Reactome:R-HSA-162585|Reactome:R-HSA-162588|Reactome:R-HSA-162592|Reactome:R-HSA-162594|Reactome:R-HSA-164516|Reactome:R-HSA-164525|Reactome:R-HSA-164843|Reactome:R-HSA-173107|Reactome:R-HSA-174490|Reactome:R-HSA-174495|Reactome:R-HSA-175474|Reactome:R-HSA-175567|Reactome:R-HSA-177539|Reactome:R-HSA-180689|Reactome:R-HSA-180910|Reactome:R-HSA-198933
MMTV	4431af328ada364927d565b2b5064959	569	Pfam	PF00607	gag protein p24 N-terminal domain	273	398	1.1E-37	T	13-08-2026	-	-	-	-
MMTV	4431af328ada364927d565b2b5064959	569	SUPERFAMILY	SSF57756	Retrovirus zinc finger-like domains	512	532	5.98E-9	T	13-08-2026	IPR036875	Zinc finger, CCHC-type superfamily	GO:0003676(InterPro)|GO:0008270(InterPro)	Reactome:R-BTA-159231|Reactome:R-BTA-159236|Reactome:R-BTA-72163|Reactome:R-BTA-72165|Reactome:R-BTA-72203|Reactome:R-BTA-73856|Reactome:R-BTA-77595|Reactome:R-BTA-9770562|Reactome:R-CEL-159236|Reactome:R-CEL-72163|Reactome:R-CEL-73856|Reactome:R-DME-159231|Reactome:R-DME-159236|Reactome:R-DME-1834941|Reactome:R-DME-72163|Reactome:R-DME-72165|Reactome:R-DME-72203|Reactome:R-DME-73856|Reactome:R-DME-77595|Reactome:R-DME-9770562|Reactome:R-DRE-72165|Reactome:R-HSA-1169408|Reactome:R-HSA-159231|Reactome:R-HSA-159236|Reactome:R-HSA-162585|Reactome:R-HSA-162588|Reactome:R-HSA-162592|Reactome:R-HSA-162594|Reactome:R-HSA-164516|Reactome:R-HSA-164525|Reactome:R-HSA-164843|Reactome:R-HSA-168315|Reactome:R-HSA-173107|Reactome:R-HSA-174490|Reactome:R-HSA-174495|Reactome:R-HSA-175474|Reactome:R-HSA-175567|Reactome:R-HSA-177539|Reactome:R-HSA-180689|Reactome:R-HSA-180910|Reactome:R-HSA-429947|Reactome:R-HSA-452723|Reactome:R-HSA-6784531|Reactome:R-HSA-72163|Reactome:R-HSA-72165|Reactome:R-HSA-72187|Reactome:R-HSA-72203|Reactome:R-HSA-73856|Reactome:R-HSA-77595|Reactome:R-HSA-9013422|Reactome:R-HSA-9682706|Reactome:R-HSA-9694686|Reactome:R-HSA-9705671|Reactome:R-HSA-9770562|Reactome:R-HSA-9819196|Reactome:R-HSA-9820865|Reactome:R-HSA-983168|Reactome:R-HSA-9918481|Reactome:R-HSA-9930044|Reactome:R-MMU-159231|Reactome:R-MMU-159236|Reactome:R-MMU-72163|Reactome:R-MMU-72165|Reactome:R-MMU-72187|Reactome:R-MMU-72203|Reactome:R-MMU-73856|Reactome:R-MMU-77595|Reactome:R-MMU-9013422|Reactome:R-MMU-9770562|Reactome:R-MMU-983168|Reactome:R-RNO-159231|Reactome:R-RNO-72165|Reactome:R-RNO-73856|Reactome:R-RNO-77595|Reactome:R-RNO-9770562|Reactome:R-SCE-983168|Reactome:R-SPO-9770562|Reactome:R-SPO-983168|Reactome:R-XTR-77595|Reactome:R-XTR-9770562
MMTV	4431af328ada364927d565b2b5064959	569	SUPERFAMILY	SSF47353	Retrovirus capsid dimerization domain-like	403	481	6.59E-22	T	13-08-2026	-	-	-	-
MMTV	4431af328ada364927d565b2b5064959	569	SUPERFAMILY	SSF47943	Retrovirus capsid protein, N-terminal core domain	234	398	6.36E-48	T	13-08-2026	IPR008919	Retrovirus capsid, N-terminal	GO:0016032(InterPro)	Reactome:R-HSA-1169408|Reactome:R-HSA-162585|Reactome:R-HSA-162588|Reactome:R-HSA-162592|Reactome:R-HSA-162594|Reactome:R-HSA-164516|Reactome:R-HSA-164525|Reactome:R-HSA-164843|Reactome:R-HSA-173107|Reactome:R-HSA-174490|Reactome:R-HSA-174495|Reactome:R-HSA-175474|Reactome:R-HSA-175567|Reactome:R-HSA-177539|Reactome:R-HSA-180689|Reactome:R-HSA-180910
MMTV	4431af328ada364927d565b2b5064959	569	Pfam	PF19317	Gag protein p24 C-terminal domain	399	471	3.8E-27	T	13-08-2026	IPR045345	Retroviral nucleocapsid Gag protein p24, C-terminal domain	-	Reactome:R-HSA-1169408|Reactome:R-HSA-162585|Reactome:R-HSA-162588|Reactome:R-HSA-162592|Reactome:R-HSA-162594|Reactome:R-HSA-164516|Reactome:R-HSA-164525|Reactome:R-HSA-164843|Reactome:R-HSA-173107|Reactome:R-HSA-174490|Reactome:R-HSA-174495|Reactome:R-HSA-175474|Reactome:R-HSA-175567|Reactome:R-HSA-177539|Reactome:R-HSA-180689|Reactome:R-HSA-180910
MMTV	4431af328ada364927d565b2b5064959	569	SMART	SM00343	c2hcfinal6	542	558	0.065	T	13-08-2026	IPR001878	Zinc finger, CCHC-type	GO:0003676(InterPro)|GO:0008270(InterPro)	Reactome:R-BTA-159231|Reactome:R-BTA-159236|Reactome:R-BTA-72163|Reactome:R-BTA-72165|Reactome:R-BTA-72203|Reactome:R-BTA-73856|Reactome:R-BTA-77595|Reactome:R-BTA-9770562|Reactome:R-CEL-159236|Reactome:R-CEL-72163|Reactome:R-CEL-73856|Reactome:R-DME-159231|Reactome:R-DME-159236|Reactome:R-DME-1834941|Reactome:R-DME-72163|Reactome:R-DME-72165|Reactome:R-DME-72203|Reactome:R-DME-73856|Reactome:R-DME-77595|Reactome:R-DME-8941326|Reactome:R-DME-9770562|Reactome:R-DME-9930044|Reactome:R-DRE-72165|Reactome:R-HSA-1169408|Reactome:R-HSA-159231|Reactome:R-HSA-159236|Reactome:R-HSA-162585|Reactome:R-HSA-162588|Reactome:R-HSA-162592|Reactome:R-HSA-162594|Reactome:R-HSA-164516|Reactome:R-HSA-164525|Reactome:R-HSA-164843|Reactome:R-HSA-168315|Reactome:R-HSA-173107|Reactome:R-HSA-174490|Reactome:R-HSA-174495|Reactome:R-HSA-175474|Reactome:R-HSA-175567|Reactome:R-HSA-177539|Reactome:R-HSA-180689|Reactome:R-HSA-180910|Reactome:R-HSA-429947|Reactome:R-HSA-452723|Reactome:R-HSA-6784531|Reactome:R-HSA-72163|Reactome:R-HSA-72165|Reactome:R-HSA-72187|Reactome:R-HSA-72203|Reactome:R-HSA-73856|Reactome:R-HSA-77595|Reactome:R-HSA-9013422|Reactome:R-HSA-9682706|Reactome:R-HSA-9694686|Reactome:R-HSA-9705671|Reactome:R-HSA-9770562|Reactome:R-HSA-9819196|Reactome:R-HSA-9820865|Reactome:R-HSA-983168|Reactome:R-HSA-9843970|Reactome:R-HSA-9918481|Reactome:R-HSA-9930044|Reactome:R-HSA-9931510|Reactome:R-MMU-159231|Reactome:R-MMU-159236|Reactome:R-MMU-72163|Reactome:R-MMU-72165|Reactome:R-MMU-72187|Reactome:R-MMU-72203|Reactome:R-MMU-73856|Reactome:R-MMU-77595|Reactome:R-MMU-9013422|Reactome:R-MMU-9770562|Reactome:R-MMU-983168|Reactome:R-MMU-9930044|Reactome:R-RNO-159231|Reactome:R-RNO-72165|Reactome:R-RNO-73856|Reactome:R-RNO-77595|Reactome:R-RNO-9770562|Reactome:R-SCE-983168|Reactome:R-SPO-9770562|Reactome:R-SPO-983168|Reactome:R-XTR-77595|Reactome:R-XTR-9770562
MMTV	4431af328ada364927d565b2b5064959	569	SMART	SM00343	c2hcfinal6	515	531	3.0E-4	T	13-08-2026	IPR001878	Zinc finger, CCHC-type	GO:0003676(InterPro)|GO:0008270(InterPro)	Reactome:R-BTA-159231|Reactome:R-BTA-159236|Reactome:R-BTA-72163|Reactome:R-BTA-72165|Reactome:R-BTA-72203|Reactome:R-BTA-73856|Reactome:R-BTA-77595|Reactome:R-BTA-9770562|Reactome:R-CEL-159236|Reactome:R-CEL-72163|Reactome:R-CEL-73856|Reactome:R-DME-159231|Reactome:R-DME-159236|Reactome:R-DME-1834941|Reactome:R-DME-72163|Reactome:R-DME-72165|Reactome:R-DME-72203|Reactome:R-DME-73856|Reactome:R-DME-77595|Reactome:R-DME-8941326|Reactome:R-DME-9770562|Reactome:R-DME-9930044|Reactome:R-DRE-72165|Reactome:R-HSA-1169408|Reactome:R-HSA-159231|Reactome:R-HSA-159236|Reactome:R-HSA-162585|Reactome:R-HSA-162588|Reactome:R-HSA-162592|Reactome:R-HSA-162594|Reactome:R-HSA-164516|Reactome:R-HSA-164525|Reactome:R-HSA-164843|Reactome:R-HSA-168315|Reactome:R-HSA-173107|Reactome:R-HSA-174490|Reactome:R-HSA-174495|Reactome:R-HSA-175474|Reactome:R-HSA-175567|Reactome:R-HSA-177539|Reactome:R-HSA-180689|Reactome:R-HSA-180910|Reactome:R-HSA-429947|Reactome:R-HSA-452723|Reactome:R-HSA-6784531|Reactome:R-HSA-72163|Reactome:R-HSA-72165|Reactome:R-HSA-72187|Reactome:R-HSA-72203|Reactome:R-HSA-73856|Reactome:R-HSA-77595|Reactome:R-HSA-9013422|Reactome:R-HSA-9682706|Reactome:R-HSA-9694686|Reactome:R-HSA-9705671|Reactome:R-HSA-9770562|Reactome:R-HSA-9819196|Reactome:R-HSA-9820865|Reactome:R-HSA-983168|Reactome:R-HSA-9843970|Reactome:R-HSA-9918481|Reactome:R-HSA-9930044|Reactome:R-HSA-9931510|Reactome:R-MMU-159231|Reactome:R-MMU-159236|Reactome:R-MMU-72163|Reactome:R-MMU-72165|Reactome:R-MMU-72187|Reactome:R-MMU-72203|Reactome:R-MMU-73856|Reactome:R-MMU-77595|Reactome:R-MMU-9013422|Reactome:R-MMU-9770562|Reactome:R-MMU-983168|Reactome:R-MMU-9930044|Reactome:R-RNO-159231|Reactome:R-RNO-72165|Reactome:R-RNO-73856|Reactome:R-RNO-77595|Reactome:R-RNO-9770562|Reactome:R-SCE-983168|Reactome:R-SPO-9770562|Reactome:R-SPO-983168|Reactome:R-XTR-77595|Reactome:R-XTR-9770562
MMTV	4431af328ada364927d565b2b5064959	569	Gene3D	G3DSA:1.10.1200.30	-	397	498	1.1E-19	T	13-08-2026	IPR008916	Retrovirus capsid, C-terminal	-	Reactome:R-HSA-1169408|Reactome:R-HSA-162585|Reactome:R-HSA-162588|Reactome:R-HSA-162592|Reactome:R-HSA-162594|Reactome:R-HSA-164516|Reactome:R-HSA-164525|Reactome:R-HSA-164843|Reactome:R-HSA-173107|Reactome:R-HSA-174490|Reactome:R-HSA-174495|Reactome:R-HSA-175474|Reactome:R-HSA-175567|Reactome:R-HSA-177539|Reactome:R-HSA-180689|Reactome:R-HSA-180910
MMTV	4431af328ada364927d565b2b5064959	569	Gene3D	G3DSA:1.10.375.10	Human Immunodeficiency Virus Type 1 Capsid Protein	236	395	1.6E-41	T	13-08-2026	IPR008919	Retrovirus capsid, N-terminal	GO:0016032(InterPro)	Reactome:R-HSA-1169408|Reactome:R-HSA-162585|Reactome:R-HSA-162588|Reactome:R-HSA-162592|Reactome:R-HSA-162594|Reactome:R-HSA-164516|Reactome:R-HSA-164525|Reactome:R-HSA-164843|Reactome:R-HSA-173107|Reactome:R-HSA-174490|Reactome:R-HSA-174495|Reactome:R-HSA-175474|Reactome:R-HSA-175567|Reactome:R-HSA-177539|Reactome:R-HSA-180689|Reactome:R-HSA-180910
MMTV	4431af328ada364927d565b2b5064959	569	Pfam	PF02337	Retroviral GAG p10 protein	1	81	2.9E-28	T	13-08-2026	IPR003322	Beta-retroviral matrix protein	GO:0005198(InterPro)	-
MMTV	4431af328ada364927d565b2b5064959	569	FunFam	G3DSA:4.10.60.10:FF:000036	Gag polyprotein	508	565	1.2E-29	T	13-08-2026	-	-	-	-
MMTV	4431af328ada364927d565b2b5064959	569	FunFam	G3DSA:1.10.1200.30:FF:000003	Gag polyprotein	397	498	8.1E-69	T	13-08-2026	-	-	-	-
MMTV	4431af328ada364927d565b2b5064959	569	ProSiteProfiles	PS50158	Zinc finger CCHC-type profile.	516	531	10.559273	T	13-08-2026	IPR001878	Zinc finger, CCHC-type	GO:0003676(InterPro)|GO:0008270(InterPro)	Reactome:R-BTA-159231|Reactome:R-BTA-159236|Reactome:R-BTA-72163|Reactome:R-BTA-72165|Reactome:R-BTA-72203|Reactome:R-BTA-73856|Reactome:R-BTA-77595|Reactome:R-BTA-9770562|Reactome:R-CEL-159236|Reactome:R-CEL-72163|Reactome:R-CEL-73856|Reactome:R-DME-159231|Reactome:R-DME-159236|Reactome:R-DME-1834941|Reactome:R-DME-72163|Reactome:R-DME-72165|Reactome:R-DME-72203|Reactome:R-DME-73856|Reactome:R-DME-77595|Reactome:R-DME-8941326|Reactome:R-DME-9770562|Reactome:R-DME-9930044|Reactome:R-DRE-72165|Reactome:R-HSA-1169408|Reactome:R-HSA-159231|Reactome:R-HSA-159236|Reactome:R-HSA-162585|Reactome:R-HSA-162588|Reactome:R-HSA-162592|Reactome:R-HSA-162594|Reactome:R-HSA-164516|Reactome:R-HSA-164525|Reactome:R-HSA-164843|Reactome:R-HSA-168315|Reactome:R-HSA-173107|Reactome:R-HSA-174490|Reactome:R-HSA-174495|Reactome:R-HSA-175474|Reactome:R-HSA-175567|Reactome:R-HSA-177539|Reactome:R-HSA-180689|Reactome:R-HSA-180910|Reactome:R-HSA-429947|Reactome:R-HSA-452723|Reactome:R-HSA-6784531|Reactome:R-HSA-72163|Reactome:R-HSA-72165|Reactome:R-HSA-72187|Reactome:R-HSA-72203|Reactome:R-HSA-73856|Reactome:R-HSA-77595|Reactome:R-HSA-9013422|Reactome:R-HSA-9682706|Reactome:R-HSA-9694686|Reactome:R-HSA-9705671|Reactome:R-HSA-9770562|Reactome:R-HSA-9819196|Reactome:R-HSA-9820865|Reactome:R-HSA-983168|Reactome:R-HSA-9843970|Reactome:R-HSA-9918481|Reactome:R-HSA-9930044|Reactome:R-HSA-9931510|Reactome:R-MMU-159231|Reactome:R-MMU-159236|Reactome:R-MMU-72163|Reactome:R-MMU-72165|Reactome:R-MMU-72187|Reactome:R-MMU-72203|Reactome:R-MMU-73856|Reactome:R-MMU-77595|Reactome:R-MMU-9013422|Reactome:R-MMU-9770562|Reactome:R-MMU-983168|Reactome:R-MMU-9930044|Reactome:R-RNO-159231|Reactome:R-RNO-72165|Reactome:R-RNO-73856|Reactome:R-RNO-77595|Reactome:R-RNO-9770562|Reactome:R-SCE-983168|Reactome:R-SPO-9770562|Reactome:R-SPO-983168|Reactome:R-XTR-77595|Reactome:R-XTR-9770562
MMTV	4431af328ada364927d565b2b5064959	569	PANTHER	PTHR40389	ENDOGENOUS RETROVIRUS GROUP K MEMBER 24 GAG POLYPROTEIN-RELATED	1	569	1.8E-120	T	13-08-2026	IPR050195	Primate lentivirus group Gag polyprotein-like	-	Reactome:R-HSA-1169408|Reactome:R-HSA-162585|Reactome:R-HSA-162588|Reactome:R-HSA-162592|Reactome:R-HSA-162594|Reactome:R-HSA-164516|Reactome:R-HSA-164525|Reactome:R-HSA-164843|Reactome:R-HSA-173107|Reactome:R-HSA-174490|Reactome:R-HSA-174495|Reactome:R-HSA-175474|Reactome:R-HSA-175567|Reactome:R-HSA-177539|Reactome:R-HSA-180689|Reactome:R-HSA-180910
MMTV	4431af328ada364927d565b2b5064959	569	FunFam	G3DSA:1.10.375.10:FF:000007	Gag polyprotein	232	395	1.5E-113	T	13-08-2026	-	-	-	-
MMTV	4431af328ada364927d565b2b5064959	569	Gene3D	G3DSA:4.10.60.10	-	508	565	7.8E-9	T	13-08-2026	-	-	-	-
MMTV	4431af328ada364927d565b2b5064959	569	Pfam	PF00098	Zinc knuckle	515	530	0.057	T	13-08-2026	IPR001878	Zinc finger, CCHC-type	GO:0003676(InterPro)|GO:0008270(InterPro)	Reactome:R-BTA-159231|Reactome:R-BTA-159236|Reactome:R-BTA-72163|Reactome:R-BTA-72165|Reactome:R-BTA-72203|Reactome:R-BTA-73856|Reactome:R-BTA-77595|Reactome:R-BTA-9770562|Reactome:R-CEL-159236|Reactome:R-CEL-72163|Reactome:R-CEL-73856|Reactome:R-DME-159231|Reactome:R-DME-159236|Reactome:R-DME-1834941|Reactome:R-DME-72163|Reactome:R-DME-72165|Reactome:R-DME-72203|Reactome:R-DME-73856|Reactome:R-DME-77595|Reactome:R-DME-8941326|Reactome:R-DME-9770562|Reactome:R-DME-9930044|Reactome:R-DRE-72165|Reactome:R-HSA-1169408|Reactome:R-HSA-159231|Reactome:R-HSA-159236|Reactome:R-HSA-162585|Reactome:R-HSA-162588|Reactome:R-HSA-162592|Reactome:R-HSA-162594|Reactome:R-HSA-164516|Reactome:R-HSA-164525|Reactome:R-HSA-164843|Reactome:R-HSA-168315|Reactome:R-HSA-173107|Reactome:R-HSA-174490|Reactome:R-HSA-174495|Reactome:R-HSA-175474|Reactome:R-HSA-175567|Reactome:R-HSA-177539|Reactome:R-HSA-180689|Reactome:R-HSA-180910|Reactome:R-HSA-429947|Reactome:R-HSA-452723|Reactome:R-HSA-6784531|Reactome:R-HSA-72163|Reactome:R-HSA-72165|Reactome:R-HSA-72187|Reactome:R-HSA-72203|Reactome:R-HSA-73856|Reactome:R-HSA-77595|Reactome:R-HSA-9013422|Reactome:R-HSA-9682706|Reactome:R-HSA-9694686|Reactome:R-HSA-9705671|Reactome:R-HSA-9770562|Reactome:R-HSA-9819196|Reactome:R-HSA-9820865|Reactome:R-HSA-983168|Reactome:R-HSA-9843970|Reactome:R-HSA-9918481|Reactome:R-HSA-9930044|Reactome:R-HSA-9931510|Reactome:R-MMU-159231|Reactome:R-MMU-159236|Reactome:R-MMU-72163|Reactome:R-MMU-72165|Reactome:R-MMU-72187|Reactome:R-MMU-72203|Reactome:R-MMU-73856|Reactome:R-MMU-77595|Reactome:R-MMU-9013422|Reactome:R-MMU-9770562|Reactome:R-MMU-983168|Reactome:R-MMU-9930044|Reactome:R-RNO-159231|Reactome:R-RNO-72165|Reactome:R-RNO-73856|Reactome:R-RNO-77595|Reactome:R-RNO-9770562|Reactome:R-SCE-983168|Reactome:R-SPO-9770562|Reactome:R-SPO-983168|Reactome:R-XTR-77595|Reactome:R-XTR-9770562
MMTV	4431af328ada364927d565b2b5064959	569	Pfam	PF14787	GAG-polyprotein viral zinc-finger	539	569	4.3E-15	T	13-08-2026	-	-	-	-
HFV	0c63d70a17792025245a18089dbb1c32	528	Gene3D	G3DSA:1.20.5.1500	-	129	169	4.0E-28	T	13-08-2026	-	-	-	-
HFV	0c63d70a17792025245a18089dbb1c32	528	MobiDBLite	mobidb-lite	consensus disorder prediction	504	514	-	T	13-08-2026	-	-	-	-
HFV	0c63d70a17792025245a18089dbb1c32	528	MobiDBLite	mobidb-lite	consensus disorder prediction	252	265	-	T	13-08-2026	-	-	-	-
HFV	0c63d70a17792025245a18089dbb1c32	528	MobiDBLite	mobidb-lite	consensus disorder prediction	165	265	-	T	13-08-2026	-	-	-	-
HFV	0c63d70a17792025245a18089dbb1c32	528	MobiDBLite	mobidb-lite	consensus disorder prediction	466	528	-	T	13-08-2026	-	-	-	-
HFV	0c63d70a17792025245a18089dbb1c32	528	MobiDBLite	mobidb-lite	consensus disorder prediction	485	494	-	T	13-08-2026	-	-	-	-
HFV	0c63d70a17792025245a18089dbb1c32	528	MobiDBLite	mobidb-lite	consensus disorder prediction	220	239	-	T	13-08-2026	-	-	-	-
HFV	0c63d70a17792025245a18089dbb1c32	528	MobiDBLite	mobidb-lite	consensus disorder prediction	515	528	-	T	13-08-2026	-	-	-	-
HFV	0c63d70a17792025245a18089dbb1c32	528	Pfam	PF20673	Spumavirus Gag polyprotein, C-terminal	478	528	9.9E-6	T	13-08-2026	IPR049099	Gag polyprotein, C-terminal	-	-
HFV	0c63d70a17792025245a18089dbb1c32	528	Pfam	PF20672	Spumavirus Gag polyprotein, conserved central domain	294	466	2.0E-81	T	13-08-2026	-	-	-	-
HFV	0c63d70a17792025245a18089dbb1c32	528	Pfam	PF03276	Spumavirus gag protein, N-terminal	2	143	1.1E-63	T	13-08-2026	IPR004957	Gag polyprotein, N-terminal domain	GO:0019028(InterPro)|GO:0019076(InterPro)|GO:0030430(InterPro)|GO:0042025(InterPro)|GO:0044163(InterPro)|GO:0046718(InterPro)|GO:0075521(InterPro)	-
Purbel	9e017705a57ee757fa522e485552b6b5	465	Pfam	PF03564	Protein of unknown function (DUF1759)	149	285	3.3E-8	T	13-08-2026	IPR005312	Domain of unknown function DUF1759	-	-
Purbel	9e017705a57ee757fa522e485552b6b5	465	MobiDBLite	mobidb-lite	consensus disorder prediction	120	137	-	T	13-08-2026	-	-	-	-
Purbel	9e017705a57ee757fa522e485552b6b5	465	MobiDBLite	mobidb-lite	consensus disorder prediction	102	137	-	T	13-08-2026	-	-	-	-
Purbel	9e017705a57ee757fa522e485552b6b5	465	PANTHER	PTHR47331	PHD-TYPE DOMAIN-CONTAINING PROTEIN	6	423	1.1E-34	T	13-08-2026	-	-	-	-
Blastopia	1445e0bedbb8ed6d9c4df78b52b256e2	318	SMART	SM00343	c2hcfinal6	286	302	4.1E-4	T	13-08-2026	IPR001878	Zinc finger, CCHC-type	GO:0003676(InterPro)|GO:0008270(InterPro)	Reactome:R-BTA-159231|Reactome:R-BTA-159236|Reactome:R-BTA-72163|Reactome:R-BTA-72165|Reactome:R-BTA-72203|Reactome:R-BTA-73856|Reactome:R-BTA-77595|Reactome:R-BTA-9770562|Reactome:R-CEL-159236|Reactome:R-CEL-72163|Reactome:R-CEL-73856|Reactome:R-DME-159231|Reactome:R-DME-159236|Reactome:R-DME-1834941|Reactome:R-DME-72163|Reactome:R-DME-72165|Reactome:R-DME-72203|Reactome:R-DME-73856|Reactome:R-DME-77595|Reactome:R-DME-8941326|Reactome:R-DME-9770562|Reactome:R-DME-9930044|Reactome:R-DRE-72165|Reactome:R-HSA-1169408|Reactome:R-HSA-159231|Reactome:R-HSA-159236|Reactome:R-HSA-162585|Reactome:R-HSA-162588|Reactome:R-HSA-162592|Reactome:R-HSA-162594|Reactome:R-HSA-164516|Reactome:R-HSA-164525|Reactome:R-HSA-164843|Reactome:R-HSA-168315|Reactome:R-HSA-173107|Reactome:R-HSA-174490|Reactome:R-HSA-174495|Reactome:R-HSA-175474|Reactome:R-HSA-175567|Reactome:R-HSA-177539|Reactome:R-HSA-180689|Reactome:R-HSA-180910|Reactome:R-HSA-429947|Reactome:R-HSA-452723|Reactome:R-HSA-6784531|Reactome:R-HSA-72163|Reactome:R-HSA-72165|Reactome:R-HSA-72187|Reactome:R-HSA-72203|Reactome:R-HSA-73856|Reactome:R-HSA-77595|Reactome:R-HSA-9013422|Reactome:R-HSA-9682706|Reactome:R-HSA-9694686|Reactome:R-HSA-9705671|Reactome:R-HSA-9770562|Reactome:R-HSA-9819196|Reactome:R-HSA-9820865|Reactome:R-HSA-983168|Reactome:R-HSA-9843970|Reactome:R-HSA-9918481|Reactome:R-HSA-9930044|Reactome:R-HSA-9931510|Reactome:R-MMU-159231|Reactome:R-MMU-159236|Reactome:R-MMU-72163|Reactome:R-MMU-72165|Reactome:R-MMU-72187|Reactome:R-MMU-72203|Reactome:R-MMU-73856|Reactome:R-MMU-77595|Reactome:R-MMU-9013422|Reactome:R-MMU-9770562|Reactome:R-MMU-983168|Reactome:R-MMU-9930044|Reactome:R-RNO-159231|Reactome:R-RNO-72165|Reactome:R-RNO-73856|Reactome:R-RNO-77595|Reactome:R-RNO-9770562|Reactome:R-SCE-983168|Reactome:R-SPO-9770562|Reactome:R-SPO-983168|Reactome:R-XTR-77595|Reactome:R-XTR-9770562
Blastopia	1445e0bedbb8ed6d9c4df78b52b256e2	318	SMART	SM00343	c2hcfinal6	267	283	0.032	T	13-08-2026	IPR001878	Zinc finger, CCHC-type	GO:0003676(InterPro)|GO:0008270(InterPro)	Reactome:R-BTA-159231|Reactome:R-BTA-159236|Reactome:R-BTA-72163|Reactome:R-BTA-72165|Reactome:R-BTA-72203|Reactome:R-BTA-73856|Reactome:R-BTA-77595|Reactome:R-BTA-9770562|Reactome:R-CEL-159236|Reactome:R-CEL-72163|Reactome:R-CEL-73856|Reactome:R-DME-159231|Reactome:R-DME-159236|Reactome:R-DME-1834941|Reactome:R-DME-72163|Reactome:R-DME-72165|Reactome:R-DME-72203|Reactome:R-DME-73856|Reactome:R-DME-77595|Reactome:R-DME-8941326|Reactome:R-DME-9770562|Reactome:R-DME-9930044|Reactome:R-DRE-72165|Reactome:R-HSA-1169408|Reactome:R-HSA-159231|Reactome:R-HSA-159236|Reactome:R-HSA-162585|Reactome:R-HSA-162588|Reactome:R-HSA-162592|Reactome:R-HSA-162594|Reactome:R-HSA-164516|Reactome:R-HSA-164525|Reactome:R-HSA-164843|Reactome:R-HSA-168315|Reactome:R-HSA-173107|Reactome:R-HSA-174490|Reactome:R-HSA-174495|Reactome:R-HSA-175474|Reactome:R-HSA-175567|Reactome:R-HSA-177539|Reactome:R-HSA-180689|Reactome:R-HSA-180910|Reactome:R-HSA-429947|Reactome:R-HSA-452723|Reactome:R-HSA-6784531|Reactome:R-HSA-72163|Reactome:R-HSA-72165|Reactome:R-HSA-72187|Reactome:R-HSA-72203|Reactome:R-HSA-73856|Reactome:R-HSA-77595|Reactome:R-HSA-9013422|Reactome:R-HSA-9682706|Reactome:R-HSA-9694686|Reactome:R-HSA-9705671|Reactome:R-HSA-9770562|Reactome:R-HSA-9819196|Reactome:R-HSA-9820865|Reactome:R-HSA-983168|Reactome:R-HSA-9843970|Reactome:R-HSA-9918481|Reactome:R-HSA-9930044|Reactome:R-HSA-9931510|Reactome:R-MMU-159231|Reactome:R-MMU-159236|Reactome:R-MMU-72163|Reactome:R-MMU-72165|Reactome:R-MMU-72187|Reactome:R-MMU-72203|Reactome:R-MMU-73856|Reactome:R-MMU-77595|Reactome:R-MMU-9013422|Reactome:R-MMU-9770562|Reactome:R-MMU-983168|Reactome:R-MMU-9930044|Reactome:R-RNO-159231|Reactome:R-RNO-72165|Reactome:R-RNO-73856|Reactome:R-RNO-77595|Reactome:R-RNO-9770562|Reactome:R-SCE-983168|Reactome:R-SPO-9770562|Reactome:R-SPO-983168|Reactome:R-XTR-77595|Reactome:R-XTR-9770562
Blastopia	1445e0bedbb8ed6d9c4df78b52b256e2	318	SUPERFAMILY	SSF57756	Retrovirus zinc finger-like domains	260	303	2.91E-9	T	13-08-2026	IPR036875	Zinc finger, CCHC-type superfamily	GO:0003676(InterPro)|GO:0008270(InterPro)	Reactome:R-BTA-159231|Reactome:R-BTA-159236|Reactome:R-BTA-72163|Reactome:R-BTA-72165|Reactome:R-BTA-72203|Reactome:R-BTA-73856|Reactome:R-BTA-77595|Reactome:R-BTA-9770562|Reactome:R-CEL-159236|Reactome:R-CEL-72163|Reactome:R-CEL-73856|Reactome:R-DME-159231|Reactome:R-DME-159236|Reactome:R-DME-1834941|Reactome:R-DME-72163|Reactome:R-DME-72165|Reactome:R-DME-72203|Reactome:R-DME-73856|Reactome:R-DME-77595|Reactome:R-DME-9770562|Reactome:R-DRE-72165|Reactome:R-HSA-1169408|Reactome:R-HSA-159231|Reactome:R-HSA-159236|Reactome:R-HSA-162585|Reactome:R-HSA-162588|Reactome:R-HSA-162592|Reactome:R-HSA-162594|Reactome:R-HSA-164516|Reactome:R-HSA-164525|Reactome:R-HSA-164843|Reactome:R-HSA-168315|Reactome:R-HSA-173107|Reactome:R-HSA-174490|Reactome:R-HSA-174495|Reactome:R-HSA-175474|Reactome:R-HSA-175567|Reactome:R-HSA-177539|Reactome:R-HSA-180689|Reactome:R-HSA-180910|Reactome:R-HSA-429947|Reactome:R-HSA-452723|Reactome:R-HSA-6784531|Reactome:R-HSA-72163|Reactome:R-HSA-72165|Reactome:R-HSA-72187|Reactome:R-HSA-72203|Reactome:R-HSA-73856|Reactome:R-HSA-77595|Reactome:R-HSA-9013422|Reactome:R-HSA-9682706|Reactome:R-HSA-9694686|Reactome:R-HSA-9705671|Reactome:R-HSA-9770562|Reactome:R-HSA-9819196|Reactome:R-HSA-9820865|Reactome:R-HSA-983168|Reactome:R-HSA-9918481|Reactome:R-HSA-9930044|Reactome:R-MMU-159231|Reactome:R-MMU-159236|Reactome:R-MMU-72163|Reactome:R-MMU-72165|Reactome:R-MMU-72187|Reactome:R-MMU-72203|Reactome:R-MMU-73856|Reactome:R-MMU-77595|Reactome:R-MMU-9013422|Reactome:R-MMU-9770562|Reactome:R-MMU-983168|Reactome:R-RNO-159231|Reactome:R-RNO-72165|Reactome:R-RNO-73856|Reactome:R-RNO-77595|Reactome:R-RNO-9770562|Reactome:R-SCE-983168|Reactome:R-SPO-9770562|Reactome:R-SPO-983168|Reactome:R-XTR-77595|Reactome:R-XTR-9770562
Blastopia	1445e0bedbb8ed6d9c4df78b52b256e2	318	Gene3D	G3DSA:4.10.60.10	-	247	308	6.9E-12	T	13-08-2026	-	-	-	-
Blastopia	1445e0bedbb8ed6d9c4df78b52b256e2	318	Pfam	PF00098	Zinc knuckle	286	302	0.22	T	13-08-2026	IPR001878	Zinc finger, CCHC-type	GO:0003676(InterPro)|GO:0008270(InterPro)	Reactome:R-BTA-159231|Reactome:R-BTA-159236|Reactome:R-BTA-72163|Reactome:R-BTA-72165|Reactome:R-BTA-72203|Reactome:R-BTA-73856|Reactome:R-BTA-77595|Reactome:R-BTA-9770562|Reactome:R-CEL-159236|Reactome:R-CEL-72163|Reactome:R-CEL-73856|Reactome:R-DME-159231|Reactome:R-DME-159236|Reactome:R-DME-1834941|Reactome:R-DME-72163|Reactome:R-DME-72165|Reactome:R-DME-72203|Reactome:R-DME-73856|Reactome:R-DME-77595|Reactome:R-DME-8941326|Reactome:R-DME-9770562|Reactome:R-DME-9930044|Reactome:R-DRE-72165|Reactome:R-HSA-1169408|Reactome:R-HSA-159231|Reactome:R-HSA-159236|Reactome:R-HSA-162585|Reactome:R-HSA-162588|Reactome:R-HSA-162592|Reactome:R-HSA-162594|Reactome:R-HSA-164516|Reactome:R-HSA-164525|Reactome:R-HSA-164843|Reactome:R-HSA-168315|Reactome:R-HSA-173107|Reactome:R-HSA-174490|Reactome:R-HSA-174495|Reactome:R-HSA-175474|Reactome:R-HSA-175567|Reactome:R-HSA-177539|Reactome:R-HSA-180689|Reactome:R-HSA-180910|Reactome:R-HSA-429947|Reactome:R-HSA-452723|Reactome:R-HSA-6784531|Reactome:R-HSA-72163|Reactome:R-HSA-72165|Reactome:R-HSA-72187|Reactome:R-HSA-72203|Reactome:R-HSA-73856|Reactome:R-HSA-77595|Reactome:R-HSA-9013422|Reactome:R-HSA-9682706|Reactome:R-HSA-9694686|Reactome:R-HSA-9705671|Reactome:R-HSA-9770562|Reactome:R-HSA-9819196|Reactome:R-HSA-9820865|Reactome:R-HSA-983168|Reactome:R-HSA-9843970|Reactome:R-HSA-9918481|Reactome:R-HSA-9930044|Reactome:R-HSA-9931510|Reactome:R-MMU-159231|Reactome:R-MMU-159236|Reactome:R-MMU-72163|Reactome:R-MMU-72165|Reactome:R-MMU-72187|Reactome:R-MMU-72203|Reactome:R-MMU-73856|Reactome:R-MMU-77595|Reactome:R-MMU-9013422|Reactome:R-MMU-9770562|Reactome:R-MMU-983168|Reactome:R-MMU-9930044|Reactome:R-RNO-159231|Reactome:R-RNO-72165|Reactome:R-RNO-73856|Reactome:R-RNO-77595|Reactome:R-RNO-9770562|Reactome:R-SCE-983168|Reactome:R-SPO-9770562|Reactome:R-SPO-983168|Reactome:R-XTR-77595|Reactome:R-XTR-9770562
Blastopia	1445e0bedbb8ed6d9c4df78b52b256e2	318	Pfam	PF00098	Zinc knuckle	267	282	2.0	T	13-08-2026	IPR001878	Zinc finger, CCHC-type	GO:0003676(InterPro)|GO:0008270(InterPro)	Reactome:R-BTA-159231|Reactome:R-BTA-159236|Reactome:R-BTA-72163|Reactome:R-BTA-72165|Reactome:R-BTA-72203|Reactome:R-BTA-73856|Reactome:R-BTA-77595|Reactome:R-BTA-9770562|Reactome:R-CEL-159236|Reactome:R-CEL-72163|Reactome:R-CEL-73856|Reactome:R-DME-159231|Reactome:R-DME-159236|Reactome:R-DME-1834941|Reactome:R-DME-72163|Reactome:R-DME-72165|Reactome:R-DME-72203|Reactome:R-DME-73856|Reactome:R-DME-77595|Reactome:R-DME-8941326|Reactome:R-DME-9770562|Reactome:R-DME-9930044|Reactome:R-DRE-72165|Reactome:R-HSA-1169408|Reactome:R-HSA-159231|Reactome:R-HSA-159236|Reactome:R-HSA-162585|Reactome:R-HSA-162588|Reactome:R-HSA-162592|Reactome:R-HSA-162594|Reactome:R-HSA-164516|Reactome:R-HSA-164525|Reactome:R-HSA-164843|Reactome:R-HSA-168315|Reactome:R-HSA-173107|Reactome:R-HSA-174490|Reactome:R-HSA-174495|Reactome:R-HSA-175474|Reactome:R-HSA-175567|Reactome:R-HSA-177539|Reactome:R-HSA-180689|Reactome:R-HSA-180910|Reactome:R-HSA-429947|Reactome:R-HSA-452723|Reactome:R-HSA-6784531|Reactome:R-HSA-72163|Reactome:R-HSA-72165|Reactome:R-HSA-72187|Reactome:R-HSA-72203|Reactome:R-HSA-73856|Reactome:R-HSA-77595|Reactome:R-HSA-9013422|Reactome:R-HSA-9682706|Reactome:R-HSA-9694686|Reactome:R-HSA-9705671|Reactome:R-HSA-9770562|Reactome:R-HSA-9819196|Reactome:R-HSA-9820865|Reactome:R-HSA-983168|Reactome:R-HSA-9843970|Reactome:R-HSA-9918481|Reactome:R-HSA-9930044|Reactome:R-HSA-9931510|Reactome:R-MMU-159231|Reactome:R-MMU-159236|Reactome:R-MMU-72163|Reactome:R-MMU-72165|Reactome:R-MMU-72187|Reactome:R-MMU-72203|Reactome:R-MMU-73856|Reactome:R-MMU-77595|Reactome:R-MMU-9013422|Reactome:R-MMU-9770562|Reactome:R-MMU-983168|Reactome:R-MMU-9930044|Reactome:R-RNO-159231|Reactome:R-RNO-72165|Reactome:R-RNO-73856|Reactome:R-RNO-77595|Reactome:R-RNO-9770562|Reactome:R-SCE-983168|Reactome:R-SPO-9770562|Reactome:R-SPO-983168|Reactome:R-XTR-77595|Reactome:R-XTR-9770562
Blastopia	1445e0bedbb8ed6d9c4df78b52b256e2	318	ProSiteProfiles	PS50158	Zinc finger CCHC-type profile.	268	281	8.812096	T	13-08-2026	IPR001878	Zinc finger, CCHC-type	GO:0003676(InterPro)|GO:0008270(InterPro)	Reactome:R-BTA-159231|Reactome:R-BTA-159236|Reactome:R-BTA-72163|Reactome:R-BTA-72165|Reactome:R-BTA-72203|Reactome:R-BTA-73856|Reactome:R-BTA-77595|Reactome:R-BTA-9770562|Reactome:R-CEL-159236|Reactome:R-CEL-72163|Reactome:R-CEL-73856|Reactome:R-DME-159231|Reactome:R-DME-159236|Reactome:R-DME-1834941|Reactome:R-DME-72163|Reactome:R-DME-72165|Reactome:R-DME-72203|Reactome:R-DME-73856|Reactome:R-DME-77595|Reactome:R-DME-8941326|Reactome:R-DME-9770562|Reactome:R-DME-9930044|Reactome:R-DRE-72165|Reactome:R-HSA-1169408|Reactome:R-HSA-159231|Reactome:R-HSA-159236|Reactome:R-HSA-162585|Reactome:R-HSA-162588|Reactome:R-HSA-162592|Reactome:R-HSA-162594|Reactome:R-HSA-164516|Reactome:R-HSA-164525|Reactome:R-HSA-164843|Reactome:R-HSA-168315|Reactome:R-HSA-173107|Reactome:R-HSA-174490|Reactome:R-HSA-174495|Reactome:R-HSA-175474|Reactome:R-HSA-175567|Reactome:R-HSA-177539|Reactome:R-HSA-180689|Reactome:R-HSA-180910|Reactome:R-HSA-429947|Reactome:R-HSA-452723|Reactome:R-HSA-6784531|Reactome:R-HSA-72163|Reactome:R-HSA-72165|Reactome:R-HSA-72187|Reactome:R-HSA-72203|Reactome:R-HSA-73856|Reactome:R-HSA-77595|Reactome:R-HSA-9013422|Reactome:R-HSA-9682706|Reactome:R-HSA-9694686|Reactome:R-HSA-9705671|Reactome:R-HSA-9770562|Reactome:R-HSA-9819196|Reactome:R-HSA-9820865|Reactome:R-HSA-983168|Reactome:R-HSA-9843970|Reactome:R-HSA-9918481|Reactome:R-HSA-9930044|Reactome:R-HSA-9931510|Reactome:R-MMU-159231|Reactome:R-MMU-159236|Reactome:R-MMU-72163|Reactome:R-MMU-72165|Reactome:R-MMU-72187|Reactome:R-MMU-72203|Reactome:R-MMU-73856|Reactome:R-MMU-77595|Reactome:R-MMU-9013422|Reactome:R-MMU-9770562|Reactome:R-MMU-983168|Reactome:R-MMU-9930044|Reactome:R-RNO-159231|Reactome:R-RNO-72165|Reactome:R-RNO-73856|Reactome:R-RNO-77595|Reactome:R-RNO-9770562|Reactome:R-SCE-983168|Reactome:R-SPO-9770562|Reactome:R-SPO-983168|Reactome:R-XTR-77595|Reactome:R-XTR-9770562
Blastopia	1445e0bedbb8ed6d9c4df78b52b256e2	318	ProSiteProfiles	PS50158	Zinc finger CCHC-type profile.	286	302	10.031823	T	13-08-2026	IPR001878	Zinc finger, CCHC-type	GO:0003676(InterPro)|GO:0008270(InterPro)	Reactome:R-BTA-159231|Reactome:R-BTA-159236|Reactome:R-BTA-72163|Reactome:R-BTA-72165|Reactome:R-BTA-72203|Reactome:R-BTA-73856|Reactome:R-BTA-77595|Reactome:R-BTA-9770562|Reactome:R-CEL-159236|Reactome:R-CEL-72163|Reactome:R-CEL-73856|Reactome:R-DME-159231|Reactome:R-DME-159236|Reactome:R-DME-1834941|Reactome:R-DME-72163|Reactome:R-DME-72165|Reactome:R-DME-72203|Reactome:R-DME-73856|Reactome:R-DME-77595|Reactome:R-DME-8941326|Reactome:R-DME-9770562|Reactome:R-DME-9930044|Reactome:R-DRE-72165|Reactome:R-HSA-1169408|Reactome:R-HSA-159231|Reactome:R-HSA-159236|Reactome:R-HSA-162585|Reactome:R-HSA-162588|Reactome:R-HSA-162592|Reactome:R-HSA-162594|Reactome:R-HSA-164516|Reactome:R-HSA-164525|Reactome:R-HSA-164843|Reactome:R-HSA-168315|Reactome:R-HSA-173107|Reactome:R-HSA-174490|Reactome:R-HSA-174495|Reactome:R-HSA-175474|Reactome:R-HSA-175567|Reactome:R-HSA-177539|Reactome:R-HSA-180689|Reactome:R-HSA-180910|Reactome:R-HSA-429947|Reactome:R-HSA-452723|Reactome:R-HSA-6784531|Reactome:R-HSA-72163|Reactome:R-HSA-72165|Reactome:R-HSA-72187|Reactome:R-HSA-72203|Reactome:R-HSA-73856|Reactome:R-HSA-77595|Reactome:R-HSA-9013422|Reactome:R-HSA-9682706|Reactome:R-HSA-9694686|Reactome:R-HSA-9705671|Reactome:R-HSA-9770562|Reactome:R-HSA-9819196|Reactome:R-HSA-9820865|Reactome:R-HSA-983168|Reactome:R-HSA-9843970|Reactome:R-HSA-9918481|Reactome:R-HSA-9930044|Reactome:R-HSA-9931510|Reactome:R-MMU-159231|Reactome:R-MMU-159236|Reactome:R-MMU-72163|Reactome:R-MMU-72165|Reactome:R-MMU-72187|Reactome:R-MMU-72203|Reactome:R-MMU-73856|Reactome:R-MMU-77595|Reactome:R-MMU-9013422|Reactome:R-MMU-9770562|Reactome:R-MMU-983168|Reactome:R-MMU-9930044|Reactome:R-RNO-159231|Reactome:R-RNO-72165|Reactome:R-RNO-73856|Reactome:R-RNO-77595|Reactome:R-RNO-9770562|Reactome:R-SCE-983168|Reactome:R-SPO-9770562|Reactome:R-SPO-983168|Reactome:R-XTR-77595|Reactome:R-XTR-9770562
Blastopia	1445e0bedbb8ed6d9c4df78b52b256e2	318	MobiDBLite	mobidb-lite	consensus disorder prediction	28	40	-	T	13-08-2026	-	-	-	-
Blastopia	1445e0bedbb8ed6d9c4df78b52b256e2	318	MobiDBLite	mobidb-lite	consensus disorder prediction	47	56	-	T	13-08-2026	-	-	-	-
Blastopia	1445e0bedbb8ed6d9c4df78b52b256e2	318	MobiDBLite	mobidb-lite	consensus disorder prediction	22	56	-	T	13-08-2026	-	-	-	-
Blastopia	1445e0bedbb8ed6d9c4df78b52b256e2	318	Coils	Coil	Coil	46	66	-	T	13-08-2026	-	-	-	-
PERV-MSL	41370c15763029efc9b32e8774c8606e	508	Gene3D	G3DSA:4.10.60.10	-	473	505	3.7E-12	T	13-08-2026	-	-	-	-
PERV-MSL	41370c15763029efc9b32e8774c8606e	508	Pfam	PF02093	Gag P30 core shell protein	208	408	8.5E-93	T	13-08-2026	IPR003036	Core shell protein Gag P30	GO:0019068(InterPro)	-
PERV-MSL	41370c15763029efc9b32e8774c8606e	508	PANTHER	PTHR33166	GAG_P30 DOMAIN-CONTAINING PROTEIN	2	504	1.7E-164	T	13-08-2026	IPR050462	Retroviral Gag-Pol polyproteins	-	Reactome:R-HSA-198933
PERV-MSL	41370c15763029efc9b32e8774c8606e	508	Pfam	PF01140	Matrix protein (MA), p15	1	98	2.1E-35	T	13-08-2026	IPR000840	Gamma-retroviral matrix protein	-	-
PERV-MSL	41370c15763029efc9b32e8774c8606e	508	SUPERFAMILY	SSF57756	Retrovirus zinc finger-like domains	462	504	1.08E-11	T	13-08-2026	IPR036875	Zinc finger, CCHC-type superfamily	GO:0003676(InterPro)|GO:0008270(InterPro)	Reactome:R-BTA-159231|Reactome:R-BTA-159236|Reactome:R-BTA-72163|Reactome:R-BTA-72165|Reactome:R-BTA-72203|Reactome:R-BTA-73856|Reactome:R-BTA-77595|Reactome:R-BTA-9770562|Reactome:R-CEL-159236|Reactome:R-CEL-72163|Reactome:R-CEL-73856|Reactome:R-DME-159231|Reactome:R-DME-159236|Reactome:R-DME-1834941|Reactome:R-DME-72163|Reactome:R-DME-72165|Reactome:R-DME-72203|Reactome:R-DME-73856|Reactome:R-DME-77595|Reactome:R-DME-9770562|Reactome:R-DRE-72165|Reactome:R-HSA-1169408|Reactome:R-HSA-159231|Reactome:R-HSA-159236|Reactome:R-HSA-162585|Reactome:R-HSA-162588|Reactome:R-HSA-162592|Reactome:R-HSA-162594|Reactome:R-HSA-164516|Reactome:R-HSA-164525|Reactome:R-HSA-164843|Reactome:R-HSA-168315|Reactome:R-HSA-173107|Reactome:R-HSA-174490|Reactome:R-HSA-174495|Reactome:R-HSA-175474|Reactome:R-HSA-175567|Reactome:R-HSA-177539|Reactome:R-HSA-180689|Reactome:R-HSA-180910|Reactome:R-HSA-429947|Reactome:R-HSA-452723|Reactome:R-HSA-6784531|Reactome:R-HSA-72163|Reactome:R-HSA-72165|Reactome:R-HSA-72187|Reactome:R-HSA-72203|Reactome:R-HSA-73856|Reactome:R-HSA-77595|Reactome:R-HSA-9013422|Reactome:R-HSA-9682706|Reactome:R-HSA-9694686|Reactome:R-HSA-9705671|Reactome:R-HSA-9770562|Reactome:R-HSA-9819196|Reactome:R-HSA-9820865|Reactome:R-HSA-983168|Reactome:R-HSA-9918481|Reactome:R-HSA-9930044|Reactome:R-MMU-159231|Reactome:R-MMU-159236|Reactome:R-MMU-72163|Reactome:R-MMU-72165|Reactome:R-MMU-72187|Reactome:R-MMU-72203|Reactome:R-MMU-73856|Reactome:R-MMU-77595|Reactome:R-MMU-9013422|Reactome:R-MMU-9770562|Reactome:R-MMU-983168|Reactome:R-RNO-159231|Reactome:R-RNO-72165|Reactome:R-RNO-73856|Reactome:R-RNO-77595|Reactome:R-RNO-9770562|Reactome:R-SCE-983168|Reactome:R-SPO-9770562|Reactome:R-SPO-983168|Reactome:R-XTR-77595|Reactome:R-XTR-9770562
PERV-MSL	41370c15763029efc9b32e8774c8606e	508	Gene3D	G3DSA:1.10.375.10	Human Immunodeficiency Virus Type 1 Capsid Protein	194	321	3.0E-59	T	13-08-2026	IPR008919	Retrovirus capsid, N-terminal	GO:0016032(InterPro)	Reactome:R-HSA-1169408|Reactome:R-HSA-162585|Reactome:R-HSA-162588|Reactome:R-HSA-162592|Reactome:R-HSA-162594|Reactome:R-HSA-164516|Reactome:R-HSA-164525|Reactome:R-HSA-164843|Reactome:R-HSA-173107|Reactome:R-HSA-174490|Reactome:R-HSA-174495|Reactome:R-HSA-175474|Reactome:R-HSA-175567|Reactome:R-HSA-177539|Reactome:R-HSA-180689|Reactome:R-HSA-180910
PERV-MSL	41370c15763029efc9b32e8774c8606e	508	Pfam	PF00098	Zinc knuckle	481	497	0.33	T	13-08-2026	IPR001878	Zinc finger, CCHC-type	GO:0003676(InterPro)|GO:0008270(InterPro)	Reactome:R-BTA-159231|Reactome:R-BTA-159236|Reactome:R-BTA-72163|Reactome:R-BTA-72165|Reactome:R-BTA-72203|Reactome:R-BTA-73856|Reactome:R-BTA-77595|Reactome:R-BTA-9770562|Reactome:R-CEL-159236|Reactome:R-CEL-72163|Reactome:R-CEL-73856|Reactome:R-DME-159231|Reactome:R-DME-159236|Reactome:R-DME-1834941|Reactome:R-DME-72163|Reactome:R-DME-72165|Reactome:R-DME-72203|Reactome:R-DME-73856|Reactome:R-DME-77595|Reactome:R-DME-8941326|Reactome:R-DME-9770562|Reactome:R-DME-9930044|Reactome:R-DRE-72165|Reactome:R-HSA-1169408|Reactome:R-HSA-159231|Reactome:R-HSA-159236|Reactome:R-HSA-162585|Reactome:R-HSA-162588|Reactome:R-HSA-162592|Reactome:R-HSA-162594|Reactome:R-HSA-164516|Reactome:R-HSA-164525|Reactome:R-HSA-164843|Reactome:R-HSA-168315|Reactome:R-HSA-173107|Reactome:R-HSA-174490|Reactome:R-HSA-174495|Reactome:R-HSA-175474|Reactome:R-HSA-175567|Reactome:R-HSA-177539|Reactome:R-HSA-180689|Reactome:R-HSA-180910|Reactome:R-HSA-429947|Reactome:R-HSA-452723|Reactome:R-HSA-6784531|Reactome:R-HSA-72163|Reactome:R-HSA-72165|Reactome:R-HSA-72187|Reactome:R-HSA-72203|Reactome:R-HSA-73856|Reactome:R-HSA-77595|Reactome:R-HSA-9013422|Reactome:R-HSA-9682706|Reactome:R-HSA-9694686|Reactome:R-HSA-9705671|Reactome:R-HSA-9770562|Reactome:R-HSA-9819196|Reactome:R-HSA-9820865|Reactome:R-HSA-983168|Reactome:R-HSA-9843970|Reactome:R-HSA-9918481|Reactome:R-HSA-9930044|Reactome:R-HSA-9931510|Reactome:R-MMU-159231|Reactome:R-MMU-159236|Reactome:R-MMU-72163|Reactome:R-MMU-72165|Reactome:R-MMU-72187|Reactome:R-MMU-72203|Reactome:R-MMU-73856|Reactome:R-MMU-77595|Reactome:R-MMU-9013422|Reactome:R-MMU-9770562|Reactome:R-MMU-983168|Reactome:R-MMU-9930044|Reactome:R-RNO-159231|Reactome:R-RNO-72165|Reactome:R-RNO-73856|Reactome:R-RNO-77595|Reactome:R-RNO-9770562|Reactome:R-SCE-983168|Reactome:R-SPO-9770562|Reactome:R-SPO-983168|Reactome:R-XTR-77595|Reactome:R-XTR-9770562
PERV-MSL	41370c15763029efc9b32e8774c8606e	508	SUPERFAMILY	SSF47836	Retroviral matrix proteins	1	92	1.59E-36	T	13-08-2026	IPR010999	Retroviral matrix protein	-	Reactome:R-HSA-1169408|Reactome:R-HSA-162585|Reactome:R-HSA-162588|Reactome:R-HSA-162592|Reactome:R-HSA-162594|Reactome:R-HSA-164516|Reactome:R-HSA-164525|Reactome:R-HSA-164843|Reactome:R-HSA-173107|Reactome:R-HSA-174490|Reactome:R-HSA-174495|Reactome:R-HSA-175474|Reactome:R-HSA-175567|Reactome:R-HSA-177539|Reactome:R-HSA-180689|Reactome:R-HSA-180910|Reactome:R-HSA-198933
PERV-MSL	41370c15763029efc9b32e8774c8606e	508	SMART	SM00343	c2hcfinal6	481	497	8.9E-4	T	13-08-2026	IPR001878	Zinc finger, CCHC-type	GO:0003676(InterPro)|GO:0008270(InterPro)	Reactome:R-BTA-159231|Reactome:R-BTA-159236|Reactome:R-BTA-72163|Reactome:R-BTA-72165|Reactome:R-BTA-72203|Reactome:R-BTA-73856|Reactome:R-BTA-77595|Reactome:R-BTA-9770562|Reactome:R-CEL-159236|Reactome:R-CEL-72163|Reactome:R-CEL-73856|Reactome:R-DME-159231|Reactome:R-DME-159236|Reactome:R-DME-1834941|Reactome:R-DME-72163|Reactome:R-DME-72165|Reactome:R-DME-72203|Reactome:R-DME-73856|Reactome:R-DME-77595|Reactome:R-DME-8941326|Reactome:R-DME-9770562|Reactome:R-DME-9930044|Reactome:R-DRE-72165|Reactome:R-HSA-1169408|Reactome:R-HSA-159231|Reactome:R-HSA-159236|Reactome:R-HSA-162585|Reactome:R-HSA-162588|Reactome:R-HSA-162592|Reactome:R-HSA-162594|Reactome:R-HSA-164516|Reactome:R-HSA-164525|Reactome:R-HSA-164843|Reactome:R-HSA-168315|Reactome:R-HSA-173107|Reactome:R-HSA-174490|Reactome:R-HSA-174495|Reactome:R-HSA-175474|Reactome:R-HSA-175567|Reactome:R-HSA-177539|Reactome:R-HSA-180689|Reactome:R-HSA-180910|Reactome:R-HSA-429947|Reactome:R-HSA-452723|Reactome:R-HSA-6784531|Reactome:R-HSA-72163|Reactome:R-HSA-72165|Reactome:R-HSA-72187|Reactome:R-HSA-72203|Reactome:R-HSA-73856|Reactome:R-HSA-77595|Reactome:R-HSA-9013422|Reactome:R-HSA-9682706|Reactome:R-HSA-9694686|Reactome:R-HSA-9705671|Reactome:R-HSA-9770562|Reactome:R-HSA-9819196|Reactome:R-HSA-9820865|Reactome:R-HSA-983168|Reactome:R-HSA-9843970|Reactome:R-HSA-9918481|Reactome:R-HSA-9930044|Reactome:R-HSA-9931510|Reactome:R-MMU-159231|Reactome:R-MMU-159236|Reactome:R-MMU-72163|Reactome:R-MMU-72165|Reactome:R-MMU-72187|Reactome:R-MMU-72203|Reactome:R-MMU-73856|Reactome:R-MMU-77595|Reactome:R-MMU-9013422|Reactome:R-MMU-9770562|Reactome:R-MMU-983168|Reactome:R-MMU-9930044|Reactome:R-RNO-159231|Reactome:R-RNO-72165|Reactome:R-RNO-73856|Reactome:R-RNO-77595|Reactome:R-RNO-9770562|Reactome:R-SCE-983168|Reactome:R-SPO-9770562|Reactome:R-SPO-983168|Reactome:R-XTR-77595|Reactome:R-XTR-9770562
PERV-MSL	41370c15763029efc9b32e8774c8606e	508	Gene3D	G3DSA:1.10.150.180	-	1	92	4.3E-42	T	13-08-2026	IPR036946	Gamma-retroviral matrix domain superfamily	-	Reactome:R-HSA-198933
PERV-MSL	41370c15763029efc9b32e8774c8606e	508	SUPERFAMILY	SSF47943	Retrovirus capsid protein, N-terminal core domain	194	321	3.22E-54	T	13-08-2026	IPR008919	Retrovirus capsid, N-terminal	GO:0016032(InterPro)	Reactome:R-HSA-1169408|Reactome:R-HSA-162585|Reactome:R-HSA-162588|Reactome:R-HSA-162592|Reactome:R-HSA-162594|Reactome:R-HSA-164516|Reactome:R-HSA-164525|Reactome:R-HSA-164843|Reactome:R-HSA-173107|Reactome:R-HSA-174490|Reactome:R-HSA-174495|Reactome:R-HSA-175474|Reactome:R-HSA-175567|Reactome:R-HSA-177539|Reactome:R-HSA-180689|Reactome:R-HSA-180910
PERV-MSL	41370c15763029efc9b32e8774c8606e	508	Coils	Coil	Coil	407	439	-	T	13-08-2026	-	-	-	-
PERV-MSL	41370c15763029efc9b32e8774c8606e	508	MobiDBLite	mobidb-lite	consensus disorder prediction	450	460	-	T	13-08-2026	-	-	-	-
PERV-MSL	41370c15763029efc9b32e8774c8606e	508	MobiDBLite	mobidb-lite	consensus disorder prediction	409	478	-	T	13-08-2026	-	-	-	-
PERV-MSL	41370c15763029efc9b32e8774c8606e	508	MobiDBLite	mobidb-lite	consensus disorder prediction	128	141	-	T	13-08-2026	-	-	-	-
PERV-MSL	41370c15763029efc9b32e8774c8606e	508	MobiDBLite	mobidb-lite	consensus disorder prediction	107	195	-	T	13-08-2026	-	-	-	-
PERV-MSL	41370c15763029efc9b32e8774c8606e	508	MobiDBLite	mobidb-lite	consensus disorder prediction	409	438	-	T	13-08-2026	-	-	-	-
PERV-MSL	41370c15763029efc9b32e8774c8606e	508	ProSiteProfiles	PS50158	Zinc finger CCHC-type profile.	482	497	8.910993	T	13-08-2026	IPR001878	Zinc finger, CCHC-type	GO:0003676(InterPro)|GO:0008270(InterPro)	Reactome:R-BTA-159231|Reactome:R-BTA-159236|Reactome:R-BTA-72163|Reactome:R-BTA-72165|Reactome:R-BTA-72203|Reactome:R-BTA-73856|Reactome:R-BTA-77595|Reactome:R-BTA-9770562|Reactome:R-CEL-159236|Reactome:R-CEL-72163|Reactome:R-CEL-73856|Reactome:R-DME-159231|Reactome:R-DME-159236|Reactome:R-DME-1834941|Reactome:R-DME-72163|Reactome:R-DME-72165|Reactome:R-DME-72203|Reactome:R-DME-73856|Reactome:R-DME-77595|Reactome:R-DME-8941326|Reactome:R-DME-9770562|Reactome:R-DME-9930044|Reactome:R-DRE-72165|Reactome:R-HSA-1169408|Reactome:R-HSA-159231|Reactome:R-HSA-159236|Reactome:R-HSA-162585|Reactome:R-HSA-162588|Reactome:R-HSA-162592|Reactome:R-HSA-162594|Reactome:R-HSA-164516|Reactome:R-HSA-164525|Reactome:R-HSA-164843|Reactome:R-HSA-168315|Reactome:R-HSA-173107|Reactome:R-HSA-174490|Reactome:R-HSA-174495|Reactome:R-HSA-175474|Reactome:R-HSA-175567|Reactome:R-HSA-177539|Reactome:R-HSA-180689|Reactome:R-HSA-180910|Reactome:R-HSA-429947|Reactome:R-HSA-452723|Reactome:R-HSA-6784531|Reactome:R-HSA-72163|Reactome:R-HSA-72165|Reactome:R-HSA-72187|Reactome:R-HSA-72203|Reactome:R-HSA-73856|Reactome:R-HSA-77595|Reactome:R-HSA-9013422|Reactome:R-HSA-9682706|Reactome:R-HSA-9694686|Reactome:R-HSA-9705671|Reactome:R-HSA-9770562|Reactome:R-HSA-9819196|Reactome:R-HSA-9820865|Reactome:R-HSA-983168|Reactome:R-HSA-9843970|Reactome:R-HSA-9918481|Reactome:R-HSA-9930044|Reactome:R-HSA-9931510|Reactome:R-MMU-159231|Reactome:R-MMU-159236|Reactome:R-MMU-72163|Reactome:R-MMU-72165|Reactome:R-MMU-72187|Reactome:R-MMU-72203|Reactome:R-MMU-73856|Reactome:R-MMU-77595|Reactome:R-MMU-9013422|Reactome:R-MMU-9770562|Reactome:R-MMU-983168|Reactome:R-MMU-9930044|Reactome:R-RNO-159231|Reactome:R-RNO-72165|Reactome:R-RNO-73856|Reactome:R-RNO-77595|Reactome:R-RNO-9770562|Reactome:R-SCE-983168|Reactome:R-SPO-9770562|Reactome:R-SPO-983168|Reactome:R-XTR-77595|Reactome:R-XTR-9770562
Tor4a	39c7046ea9798f861bd2a59a40e588b1	385	Coils	Coil	Coil	123	143	-	T	13-08-2026	-	-	-	-
Tor4a	39c7046ea9798f861bd2a59a40e588b1	385	ProSiteProfiles	PS50158	Zinc finger CCHC-type profile.	344	357	8.812096	T	13-08-2026	IPR001878	Zinc finger, CCHC-type	GO:0003676(InterPro)|GO:0008270(InterPro)	Reactome:R-BTA-159231|Reactome:R-BTA-159236|Reactome:R-BTA-72163|Reactome:R-BTA-72165|Reactome:R-BTA-72203|Reactome:R-BTA-73856|Reactome:R-BTA-77595|Reactome:R-BTA-9770562|Reactome:R-CEL-159236|Reactome:R-CEL-72163|Reactome:R-CEL-73856|Reactome:R-DME-159231|Reactome:R-DME-159236|Reactome:R-DME-1834941|Reactome:R-DME-72163|Reactome:R-DME-72165|Reactome:R-DME-72203|Reactome:R-DME-73856|Reactome:R-DME-77595|Reactome:R-DME-8941326|Reactome:R-DME-9770562|Reactome:R-DME-9930044|Reactome:R-DRE-72165|Reactome:R-HSA-1169408|Reactome:R-HSA-159231|Reactome:R-HSA-159236|Reactome:R-HSA-162585|Reactome:R-HSA-162588|Reactome:R-HSA-162592|Reactome:R-HSA-162594|Reactome:R-HSA-164516|Reactome:R-HSA-164525|Reactome:R-HSA-164843|Reactome:R-HSA-168315|Reactome:R-HSA-173107|Reactome:R-HSA-174490|Reactome:R-HSA-174495|Reactome:R-HSA-175474|Reactome:R-HSA-175567|Reactome:R-HSA-177539|Reactome:R-HSA-180689|Reactome:R-HSA-180910|Reactome:R-HSA-429947|Reactome:R-HSA-452723|Reactome:R-HSA-6784531|Reactome:R-HSA-72163|Reactome:R-HSA-72165|Reactome:R-HSA-72187|Reactome:R-HSA-72203|Reactome:R-HSA-73856|Reactome:R-HSA-77595|Reactome:R-HSA-9013422|Reactome:R-HSA-9682706|Reactome:R-HSA-9694686|Reactome:R-HSA-9705671|Reactome:R-HSA-9770562|Reactome:R-HSA-9819196|Reactome:R-HSA-9820865|Reactome:R-HSA-983168|Reactome:R-HSA-9843970|Reactome:R-HSA-9918481|Reactome:R-HSA-9930044|Reactome:R-HSA-9931510|Reactome:R-MMU-159231|Reactome:R-MMU-159236|Reactome:R-MMU-72163|Reactome:R-MMU-72165|Reactome:R-MMU-72187|Reactome:R-MMU-72203|Reactome:R-MMU-73856|Reactome:R-MMU-77595|Reactome:R-MMU-9013422|Reactome:R-MMU-9770562|Reactome:R-MMU-983168|Reactome:R-MMU-9930044|Reactome:R-RNO-159231|Reactome:R-RNO-72165|Reactome:R-RNO-73856|Reactome:R-RNO-77595|Reactome:R-RNO-9770562|Reactome:R-SCE-983168|Reactome:R-SPO-9770562|Reactome:R-SPO-983168|Reactome:R-XTR-77595|Reactome:R-XTR-9770562
Tor4a	39c7046ea9798f861bd2a59a40e588b1	385	ProSiteProfiles	PS50158	Zinc finger CCHC-type profile.	326	341	8.976924	T	13-08-2026	IPR001878	Zinc finger, CCHC-type	GO:0003676(InterPro)|GO:0008270(InterPro)	Reactome:R-BTA-159231|Reactome:R-BTA-159236|Reactome:R-BTA-72163|Reactome:R-BTA-72165|Reactome:R-BTA-72203|Reactome:R-BTA-73856|Reactome:R-BTA-77595|Reactome:R-BTA-9770562|Reactome:R-CEL-159236|Reactome:R-CEL-72163|Reactome:R-CEL-73856|Reactome:R-DME-159231|Reactome:R-DME-159236|Reactome:R-DME-1834941|Reactome:R-DME-72163|Reactome:R-DME-72165|Reactome:R-DME-72203|Reactome:R-DME-73856|Reactome:R-DME-77595|Reactome:R-DME-8941326|Reactome:R-DME-9770562|Reactome:R-DME-9930044|Reactome:R-DRE-72165|Reactome:R-HSA-1169408|Reactome:R-HSA-159231|Reactome:R-HSA-159236|Reactome:R-HSA-162585|Reactome:R-HSA-162588|Reactome:R-HSA-162592|Reactome:R-HSA-162594|Reactome:R-HSA-164516|Reactome:R-HSA-164525|Reactome:R-HSA-164843|Reactome:R-HSA-168315|Reactome:R-HSA-173107|Reactome:R-HSA-174490|Reactome:R-HSA-174495|Reactome:R-HSA-175474|Reactome:R-HSA-175567|Reactome:R-HSA-177539|Reactome:R-HSA-180689|Reactome:R-HSA-180910|Reactome:R-HSA-429947|Reactome:R-HSA-452723|Reactome:R-HSA-6784531|Reactome:R-HSA-72163|Reactome:R-HSA-72165|Reactome:R-HSA-72187|Reactome:R-HSA-72203|Reactome:R-HSA-73856|Reactome:R-HSA-77595|Reactome:R-HSA-9013422|Reactome:R-HSA-9682706|Reactome:R-HSA-9694686|Reactome:R-HSA-9705671|Reactome:R-HSA-9770562|Reactome:R-HSA-9819196|Reactome:R-HSA-9820865|Reactome:R-HSA-983168|Reactome:R-HSA-9843970|Reactome:R-HSA-9918481|Reactome:R-HSA-9930044|Reactome:R-HSA-9931510|Reactome:R-MMU-159231|Reactome:R-MMU-159236|Reactome:R-MMU-72163|Reactome:R-MMU-72165|Reactome:R-MMU-72187|Reactome:R-MMU-72203|Reactome:R-MMU-73856|Reactome:R-MMU-77595|Reactome:R-MMU-9013422|Reactome:R-MMU-9770562|Reactome:R-MMU-983168|Reactome:R-MMU-9930044|Reactome:R-RNO-159231|Reactome:R-RNO-72165|Reactome:R-RNO-73856|Reactome:R-RNO-77595|Reactome:R-RNO-9770562|Reactome:R-SCE-983168|Reactome:R-SPO-9770562|Reactome:R-SPO-983168|Reactome:R-XTR-77595|Reactome:R-XTR-9770562
Tor4a	39c7046ea9798f861bd2a59a40e588b1	385	MobiDBLite	mobidb-lite	consensus disorder prediction	274	289	-	T	13-08-2026	-	-	-	-
Tor4a	39c7046ea9798f861bd2a59a40e588b1	385	SMART	SM00343	c2hcfinal6	343	359	0.11	T	13-08-2026	IPR001878	Zinc finger, CCHC-type	GO:0003676(InterPro)|GO:0008270(InterPro)	Reactome:R-BTA-159231|Reactome:R-BTA-159236|Reactome:R-BTA-72163|Reactome:R-BTA-72165|Reactome:R-BTA-72203|Reactome:R-BTA-73856|Reactome:R-BTA-77595|Reactome:R-BTA-9770562|Reactome:R-CEL-159236|Reactome:R-CEL-72163|Reactome:R-CEL-73856|Reactome:R-DME-159231|Reactome:R-DME-159236|Reactome:R-DME-1834941|Reactome:R-DME-72163|Reactome:R-DME-72165|Reactome:R-DME-72203|Reactome:R-DME-73856|Reactome:R-DME-77595|Reactome:R-DME-8941326|Reactome:R-DME-9770562|Reactome:R-DME-9930044|Reactome:R-DRE-72165|Reactome:R-HSA-1169408|Reactome:R-HSA-159231|Reactome:R-HSA-159236|Reactome:R-HSA-162585|Reactome:R-HSA-162588|Reactome:R-HSA-162592|Reactome:R-HSA-162594|Reactome:R-HSA-164516|Reactome:R-HSA-164525|Reactome:R-HSA-164843|Reactome:R-HSA-168315|Reactome:R-HSA-173107|Reactome:R-HSA-174490|Reactome:R-HSA-174495|Reactome:R-HSA-175474|Reactome:R-HSA-175567|Reactome:R-HSA-177539|Reactome:R-HSA-180689|Reactome:R-HSA-180910|Reactome:R-HSA-429947|Reactome:R-HSA-452723|Reactome:R-HSA-6784531|Reactome:R-HSA-72163|Reactome:R-HSA-72165|Reactome:R-HSA-72187|Reactome:R-HSA-72203|Reactome:R-HSA-73856|Reactome:R-HSA-77595|Reactome:R-HSA-9013422|Reactome:R-HSA-9682706|Reactome:R-HSA-9694686|Reactome:R-HSA-9705671|Reactome:R-HSA-9770562|Reactome:R-HSA-9819196|Reactome:R-HSA-9820865|Reactome:R-HSA-983168|Reactome:R-HSA-9843970|Reactome:R-HSA-9918481|Reactome:R-HSA-9930044|Reactome:R-HSA-9931510|Reactome:R-MMU-159231|Reactome:R-MMU-159236|Reactome:R-MMU-72163|Reactome:R-MMU-72165|Reactome:R-MMU-72187|Reactome:R-MMU-72203|Reactome:R-MMU-73856|Reactome:R-MMU-77595|Reactome:R-MMU-9013422|Reactome:R-MMU-9770562|Reactome:R-MMU-983168|Reactome:R-MMU-9930044|Reactome:R-RNO-159231|Reactome:R-RNO-72165|Reactome:R-RNO-73856|Reactome:R-RNO-77595|Reactome:R-RNO-9770562|Reactome:R-SCE-983168|Reactome:R-SPO-9770562|Reactome:R-SPO-983168|Reactome:R-XTR-77595|Reactome:R-XTR-9770562
Tor4a	39c7046ea9798f861bd2a59a40e588b1	385	SMART	SM00343	c2hcfinal6	325	341	0.047	T	13-08-2026	IPR001878	Zinc finger, CCHC-type	GO:0003676(InterPro)|GO:0008270(InterPro)	Reactome:R-BTA-159231|Reactome:R-BTA-159236|Reactome:R-BTA-72163|Reactome:R-BTA-72165|Reactome:R-BTA-72203|Reactome:R-BTA-73856|Reactome:R-BTA-77595|Reactome:R-BTA-9770562|Reactome:R-CEL-159236|Reactome:R-CEL-72163|Reactome:R-CEL-73856|Reactome:R-DME-159231|Reactome:R-DME-159236|Reactome:R-DME-1834941|Reactome:R-DME-72163|Reactome:R-DME-72165|Reactome:R-DME-72203|Reactome:R-DME-73856|Reactome:R-DME-77595|Reactome:R-DME-8941326|Reactome:R-DME-9770562|Reactome:R-DME-9930044|Reactome:R-DRE-72165|Reactome:R-HSA-1169408|Reactome:R-HSA-159231|Reactome:R-HSA-159236|Reactome:R-HSA-162585|Reactome:R-HSA-162588|Reactome:R-HSA-162592|Reactome:R-HSA-162594|Reactome:R-HSA-164516|Reactome:R-HSA-164525|Reactome:R-HSA-164843|Reactome:R-HSA-168315|Reactome:R-HSA-173107|Reactome:R-HSA-174490|Reactome:R-HSA-174495|Reactome:R-HSA-175474|Reactome:R-HSA-175567|Reactome:R-HSA-177539|Reactome:R-HSA-180689|Reactome:R-HSA-180910|Reactome:R-HSA-429947|Reactome:R-HSA-452723|Reactome:R-HSA-6784531|Reactome:R-HSA-72163|Reactome:R-HSA-72165|Reactome:R-HSA-72187|Reactome:R-HSA-72203|Reactome:R-HSA-73856|Reactome:R-HSA-77595|Reactome:R-HSA-9013422|Reactome:R-HSA-9682706|Reactome:R-HSA-9694686|Reactome:R-HSA-9705671|Reactome:R-HSA-9770562|Reactome:R-HSA-9819196|Reactome:R-HSA-9820865|Reactome:R-HSA-983168|Reactome:R-HSA-9843970|Reactome:R-HSA-9918481|Reactome:R-HSA-9930044|Reactome:R-HSA-9931510|Reactome:R-MMU-159231|Reactome:R-MMU-159236|Reactome:R-MMU-72163|Reactome:R-MMU-72165|Reactome:R-MMU-72187|Reactome:R-MMU-72203|Reactome:R-MMU-73856|Reactome:R-MMU-77595|Reactome:R-MMU-9013422|Reactome:R-MMU-9770562|Reactome:R-MMU-983168|Reactome:R-MMU-9930044|Reactome:R-RNO-159231|Reactome:R-RNO-72165|Reactome:R-RNO-73856|Reactome:R-RNO-77595|Reactome:R-RNO-9770562|Reactome:R-SCE-983168|Reactome:R-SPO-9770562|Reactome:R-SPO-983168|Reactome:R-XTR-77595|Reactome:R-XTR-9770562
Tor4a	39c7046ea9798f861bd2a59a40e588b1	385	Coils	Coil	Coil	254	291	-	T	13-08-2026	-	-	-	-
Tor4a	39c7046ea9798f861bd2a59a40e588b1	385	MobiDBLite	mobidb-lite	consensus disorder prediction	274	302	-	T	13-08-2026	-	-	-	-
Tor4a	39c7046ea9798f861bd2a59a40e588b1	385	MobiDBLite	mobidb-lite	consensus disorder prediction	361	385	-	T	13-08-2026	-	-	-	-
Tor4a	39c7046ea9798f861bd2a59a40e588b1	385	SUPERFAMILY	SSF57756	Retrovirus zinc finger-like domains	320	361	1.38E-8	T	13-08-2026	IPR036875	Zinc finger, CCHC-type superfamily	GO:0003676(InterPro)|GO:0008270(InterPro)	Reactome:R-BTA-159231|Reactome:R-BTA-159236|Reactome:R-BTA-72163|Reactome:R-BTA-72165|Reactome:R-BTA-72203|Reactome:R-BTA-73856|Reactome:R-BTA-77595|Reactome:R-BTA-9770562|Reactome:R-CEL-159236|Reactome:R-CEL-72163|Reactome:R-CEL-73856|Reactome:R-DME-159231|Reactome:R-DME-159236|Reactome:R-DME-1834941|Reactome:R-DME-72163|Reactome:R-DME-72165|Reactome:R-DME-72203|Reactome:R-DME-73856|Reactome:R-DME-77595|Reactome:R-DME-9770562|Reactome:R-DRE-72165|Reactome:R-HSA-1169408|Reactome:R-HSA-159231|Reactome:R-HSA-159236|Reactome:R-HSA-162585|Reactome:R-HSA-162588|Reactome:R-HSA-162592|Reactome:R-HSA-162594|Reactome:R-HSA-164516|Reactome:R-HSA-164525|Reactome:R-HSA-164843|Reactome:R-HSA-168315|Reactome:R-HSA-173107|Reactome:R-HSA-174490|Reactome:R-HSA-174495|Reactome:R-HSA-175474|Reactome:R-HSA-175567|Reactome:R-HSA-177539|Reactome:R-HSA-180689|Reactome:R-HSA-180910|Reactome:R-HSA-429947|Reactome:R-HSA-452723|Reactome:R-HSA-6784531|Reactome:R-HSA-72163|Reactome:R-HSA-72165|Reactome:R-HSA-72187|Reactome:R-HSA-72203|Reactome:R-HSA-73856|Reactome:R-HSA-77595|Reactome:R-HSA-9013422|Reactome:R-HSA-9682706|Reactome:R-HSA-9694686|Reactome:R-HSA-9705671|Reactome:R-HSA-9770562|Reactome:R-HSA-9819196|Reactome:R-HSA-9820865|Reactome:R-HSA-983168|Reactome:R-HSA-9918481|Reactome:R-HSA-9930044|Reactome:R-MMU-159231|Reactome:R-MMU-159236|Reactome:R-MMU-72163|Reactome:R-MMU-72165|Reactome:R-MMU-72187|Reactome:R-MMU-72203|Reactome:R-MMU-73856|Reactome:R-MMU-77595|Reactome:R-MMU-9013422|Reactome:R-MMU-9770562|Reactome:R-MMU-983168|Reactome:R-RNO-159231|Reactome:R-RNO-72165|Reactome:R-RNO-73856|Reactome:R-RNO-77595|Reactome:R-RNO-9770562|Reactome:R-SCE-983168|Reactome:R-SPO-9770562|Reactome:R-SPO-983168|Reactome:R-XTR-77595|Reactome:R-XTR-9770562
Tor4a	39c7046ea9798f861bd2a59a40e588b1	385	Gene3D	G3DSA:4.10.60.10	-	323	371	3.6E-8	T	13-08-2026	-	-	-	-
Tor4a	39c7046ea9798f861bd2a59a40e588b1	385	MobiDBLite	mobidb-lite	consensus disorder prediction	290	302	-	T	13-08-2026	-	-	-	-
RCHO-K1	5199136540fc0897a553ec5f5fe661b9	496	MobiDBLite	mobidb-lite	consensus disorder prediction	412	426	-	T	13-08-2026	-	-	-	-
RCHO-K1	5199136540fc0897a553ec5f5fe661b9	496	MobiDBLite	mobidb-lite	consensus disorder prediction	89	127	-	T	13-08-2026	-	-	-	-
RCHO-K1	5199136540fc0897a553ec5f5fe661b9	496	MobiDBLite	mobidb-lite	consensus disorder prediction	103	112	-	T	13-08-2026	-	-	-	-
RCHO-K1	5199136540fc0897a553ec5f5fe661b9	496	MobiDBLite	mobidb-lite	consensus disorder prediction	487	496	-	T	13-08-2026	-	-	-	-
RCHO-K1	5199136540fc0897a553ec5f5fe661b9	496	MobiDBLite	mobidb-lite	consensus disorder prediction	159	169	-	T	13-08-2026	-	-	-	-
RCHO-K1	5199136540fc0897a553ec5f5fe661b9	496	MobiDBLite	mobidb-lite	consensus disorder prediction	154	207	-	T	13-08-2026	-	-	-	-
RCHO-K1	5199136540fc0897a553ec5f5fe661b9	496	MobiDBLite	mobidb-lite	consensus disorder prediction	412	496	-	T	13-08-2026	-	-	-	-
RCHO-K1	5199136540fc0897a553ec5f5fe661b9	496	MobiDBLite	mobidb-lite	consensus disorder prediction	455	485	-	T	13-08-2026	-	-	-	-
RCHO-K1	5199136540fc0897a553ec5f5fe661b9	496	PANTHER	PTHR33166	GAG_P30 DOMAIN-CONTAINING PROTEIN	1	494	1.4E-162	T	13-08-2026	IPR050462	Retroviral Gag-Pol polyproteins	-	Reactome:R-HSA-198933
RCHO-K1	5199136540fc0897a553ec5f5fe661b9	496	Pfam	PF01141	Gag polyprotein, inner coat protein p12	146	195	0.0089	T	13-08-2026	IPR002079	Gag polyprotein, inner coat protein p12	-	-
RCHO-K1	5199136540fc0897a553ec5f5fe661b9	496	Gene3D	G3DSA:4.10.60.10	-	445	496	9.9E-19	T	13-08-2026	-	-	-	-
RCHO-K1	5199136540fc0897a553ec5f5fe661b9	496	Pfam	PF00098	Zinc knuckle	469	485	0.23	T	13-08-2026	IPR001878	Zinc finger, CCHC-type	GO:0003676(InterPro)|GO:0008270(InterPro)	Reactome:R-BTA-159231|Reactome:R-BTA-159236|Reactome:R-BTA-72163|Reactome:R-BTA-72165|Reactome:R-BTA-72203|Reactome:R-BTA-73856|Reactome:R-BTA-77595|Reactome:R-BTA-9770562|Reactome:R-CEL-159236|Reactome:R-CEL-72163|Reactome:R-CEL-73856|Reactome:R-DME-159231|Reactome:R-DME-159236|Reactome:R-DME-1834941|Reactome:R-DME-72163|Reactome:R-DME-72165|Reactome:R-DME-72203|Reactome:R-DME-73856|Reactome:R-DME-77595|Reactome:R-DME-8941326|Reactome:R-DME-9770562|Reactome:R-DME-9930044|Reactome:R-DRE-72165|Reactome:R-HSA-1169408|Reactome:R-HSA-159231|Reactome:R-HSA-159236|Reactome:R-HSA-162585|Reactome:R-HSA-162588|Reactome:R-HSA-162592|Reactome:R-HSA-162594|Reactome:R-HSA-164516|Reactome:R-HSA-164525|Reactome:R-HSA-164843|Reactome:R-HSA-168315|Reactome:R-HSA-173107|Reactome:R-HSA-174490|Reactome:R-HSA-174495|Reactome:R-HSA-175474|Reactome:R-HSA-175567|Reactome:R-HSA-177539|Reactome:R-HSA-180689|Reactome:R-HSA-180910|Reactome:R-HSA-429947|Reactome:R-HSA-452723|Reactome:R-HSA-6784531|Reactome:R-HSA-72163|Reactome:R-HSA-72165|Reactome:R-HSA-72187|Reactome:R-HSA-72203|Reactome:R-HSA-73856|Reactome:R-HSA-77595|Reactome:R-HSA-9013422|Reactome:R-HSA-9682706|Reactome:R-HSA-9694686|Reactome:R-HSA-9705671|Reactome:R-HSA-9770562|Reactome:R-HSA-9819196|Reactome:R-HSA-9820865|Reactome:R-HSA-983168|Reactome:R-HSA-9843970|Reactome:R-HSA-9918481|Reactome:R-HSA-9930044|Reactome:R-HSA-9931510|Reactome:R-MMU-159231|Reactome:R-MMU-159236|Reactome:R-MMU-72163|Reactome:R-MMU-72165|Reactome:R-MMU-72187|Reactome:R-MMU-72203|Reactome:R-MMU-73856|Reactome:R-MMU-77595|Reactome:R-MMU-9013422|Reactome:R-MMU-9770562|Reactome:R-MMU-983168|Reactome:R-MMU-9930044|Reactome:R-RNO-159231|Reactome:R-RNO-72165|Reactome:R-RNO-73856|Reactome:R-RNO-77595|Reactome:R-RNO-9770562|Reactome:R-SCE-983168|Reactome:R-SPO-9770562|Reactome:R-SPO-983168|Reactome:R-XTR-77595|Reactome:R-XTR-9770562
RCHO-K1	5199136540fc0897a553ec5f5fe661b9	496	SMART	SM00343	c2hcfinal6	469	485	0.0016	T	13-08-2026	IPR001878	Zinc finger, CCHC-type	GO:0003676(InterPro)|GO:0008270(InterPro)	Reactome:R-BTA-159231|Reactome:R-BTA-159236|Reactome:R-BTA-72163|Reactome:R-BTA-72165|Reactome:R-BTA-72203|Reactome:R-BTA-73856|Reactome:R-BTA-77595|Reactome:R-BTA-9770562|Reactome:R-CEL-159236|Reactome:R-CEL-72163|Reactome:R-CEL-73856|Reactome:R-DME-159231|Reactome:R-DME-159236|Reactome:R-DME-1834941|Reactome:R-DME-72163|Reactome:R-DME-72165|Reactome:R-DME-72203|Reactome:R-DME-73856|Reactome:R-DME-77595|Reactome:R-DME-8941326|Reactome:R-DME-9770562|Reactome:R-DME-9930044|Reactome:R-DRE-72165|Reactome:R-HSA-1169408|Reactome:R-HSA-159231|Reactome:R-HSA-159236|Reactome:R-HSA-162585|Reactome:R-HSA-162588|Reactome:R-HSA-162592|Reactome:R-HSA-162594|Reactome:R-HSA-164516|Reactome:R-HSA-164525|Reactome:R-HSA-164843|Reactome:R-HSA-168315|Reactome:R-HSA-173107|Reactome:R-HSA-174490|Reactome:R-HSA-174495|Reactome:R-HSA-175474|Reactome:R-HSA-175567|Reactome:R-HSA-177539|Reactome:R-HSA-180689|Reactome:R-HSA-180910|Reactome:R-HSA-429947|Reactome:R-HSA-452723|Reactome:R-HSA-6784531|Reactome:R-HSA-72163|Reactome:R-HSA-72165|Reactome:R-HSA-72187|Reactome:R-HSA-72203|Reactome:R-HSA-73856|Reactome:R-HSA-77595|Reactome:R-HSA-9013422|Reactome:R-HSA-9682706|Reactome:R-HSA-9694686|Reactome:R-HSA-9705671|Reactome:R-HSA-9770562|Reactome:R-HSA-9819196|Reactome:R-HSA-9820865|Reactome:R-HSA-983168|Reactome:R-HSA-9843970|Reactome:R-HSA-9918481|Reactome:R-HSA-9930044|Reactome:R-HSA-9931510|Reactome:R-MMU-159231|Reactome:R-MMU-159236|Reactome:R-MMU-72163|Reactome:R-MMU-72165|Reactome:R-MMU-72187|Reactome:R-MMU-72203|Reactome:R-MMU-73856|Reactome:R-MMU-77595|Reactome:R-MMU-9013422|Reactome:R-MMU-9770562|Reactome:R-MMU-983168|Reactome:R-MMU-9930044|Reactome:R-RNO-159231|Reactome:R-RNO-72165|Reactome:R-RNO-73856|Reactome:R-RNO-77595|Reactome:R-RNO-9770562|Reactome:R-SCE-983168|Reactome:R-SPO-9770562|Reactome:R-SPO-983168|Reactome:R-XTR-77595|Reactome:R-XTR-9770562
RCHO-K1	5199136540fc0897a553ec5f5fe661b9	496	Coils	Coil	Coil	401	428	-	T	13-08-2026	-	-	-	-
RCHO-K1	5199136540fc0897a553ec5f5fe661b9	496	SUPERFAMILY	SSF47943	Retrovirus capsid protein, N-terminal core domain	198	327	9.42E-50	T	13-08-2026	IPR008919	Retrovirus capsid, N-terminal	GO:0016032(InterPro)	Reactome:R-HSA-1169408|Reactome:R-HSA-162585|Reactome:R-HSA-162588|Reactome:R-HSA-162592|Reactome:R-HSA-162594|Reactome:R-HSA-164516|Reactome:R-HSA-164525|Reactome:R-HSA-164843|Reactome:R-HSA-173107|Reactome:R-HSA-174490|Reactome:R-HSA-174495|Reactome:R-HSA-175474|Reactome:R-HSA-175567|Reactome:R-HSA-177539|Reactome:R-HSA-180689|Reactome:R-HSA-180910
RCHO-K1	5199136540fc0897a553ec5f5fe661b9	496	Pfam	PF01140	Matrix protein (MA), p15	1	104	1.2E-48	T	13-08-2026	IPR000840	Gamma-retroviral matrix protein	-	-
RCHO-K1	5199136540fc0897a553ec5f5fe661b9	496	Gene3D	G3DSA:1.10.150.180	-	1	95	8.3E-42	T	13-08-2026	IPR036946	Gamma-retroviral matrix domain superfamily	-	Reactome:R-HSA-198933
RCHO-K1	5199136540fc0897a553ec5f5fe661b9	496	ProSiteProfiles	PS50158	Zinc finger CCHC-type profile.	470	485	8.927475	T	13-08-2026	IPR001878	Zinc finger, CCHC-type	GO:0003676(InterPro)|GO:0008270(InterPro)	Reactome:R-BTA-159231|Reactome:R-BTA-159236|Reactome:R-BTA-72163|Reactome:R-BTA-72165|Reactome:R-BTA-72203|Reactome:R-BTA-73856|Reactome:R-BTA-77595|Reactome:R-BTA-9770562|Reactome:R-CEL-159236|Reactome:R-CEL-72163|Reactome:R-CEL-73856|Reactome:R-DME-159231|Reactome:R-DME-159236|Reactome:R-DME-1834941|Reactome:R-DME-72163|Reactome:R-DME-72165|Reactome:R-DME-72203|Reactome:R-DME-73856|Reactome:R-DME-77595|Reactome:R-DME-8941326|Reactome:R-DME-9770562|Reactome:R-DME-9930044|Reactome:R-DRE-72165|Reactome:R-HSA-1169408|Reactome:R-HSA-159231|Reactome:R-HSA-159236|Reactome:R-HSA-162585|Reactome:R-HSA-162588|Reactome:R-HSA-162592|Reactome:R-HSA-162594|Reactome:R-HSA-164516|Reactome:R-HSA-164525|Reactome:R-HSA-164843|Reactome:R-HSA-168315|Reactome:R-HSA-173107|Reactome:R-HSA-174490|Reactome:R-HSA-174495|Reactome:R-HSA-175474|Reactome:R-HSA-175567|Reactome:R-HSA-177539|Reactome:R-HSA-180689|Reactome:R-HSA-180910|Reactome:R-HSA-429947|Reactome:R-HSA-452723|Reactome:R-HSA-6784531|Reactome:R-HSA-72163|Reactome:R-HSA-72165|Reactome:R-HSA-72187|Reactome:R-HSA-72203|Reactome:R-HSA-73856|Reactome:R-HSA-77595|Reactome:R-HSA-9013422|Reactome:R-HSA-9682706|Reactome:R-HSA-9694686|Reactome:R-HSA-9705671|Reactome:R-HSA-9770562|Reactome:R-HSA-9819196|Reactome:R-HSA-9820865|Reactome:R-HSA-983168|Reactome:R-HSA-9843970|Reactome:R-HSA-9918481|Reactome:R-HSA-9930044|Reactome:R-HSA-9931510|Reactome:R-MMU-159231|Reactome:R-MMU-159236|Reactome:R-MMU-72163|Reactome:R-MMU-72165|Reactome:R-MMU-72187|Reactome:R-MMU-72203|Reactome:R-MMU-73856|Reactome:R-MMU-77595|Reactome:R-MMU-9013422|Reactome:R-MMU-9770562|Reactome:R-MMU-983168|Reactome:R-MMU-9930044|Reactome:R-RNO-159231|Reactome:R-RNO-72165|Reactome:R-RNO-73856|Reactome:R-RNO-77595|Reactome:R-RNO-9770562|Reactome:R-SCE-983168|Reactome:R-SPO-9770562|Reactome:R-SPO-983168|Reactome:R-XTR-77595|Reactome:R-XTR-9770562
RCHO-K1	5199136540fc0897a553ec5f5fe661b9	496	Gene3D	G3DSA:1.10.375.10	Human Immunodeficiency Virus Type 1 Capsid Protein	197	327	5.5E-57	T	13-08-2026	IPR008919	Retrovirus capsid, N-terminal	GO:0016032(InterPro)	Reactome:R-HSA-1169408|Reactome:R-HSA-162585|Reactome:R-HSA-162588|Reactome:R-HSA-162592|Reactome:R-HSA-162594|Reactome:R-HSA-164516|Reactome:R-HSA-164525|Reactome:R-HSA-164843|Reactome:R-HSA-173107|Reactome:R-HSA-174490|Reactome:R-HSA-174495|Reactome:R-HSA-175474|Reactome:R-HSA-175567|Reactome:R-HSA-177539|Reactome:R-HSA-180689|Reactome:R-HSA-180910
RCHO-K1	5199136540fc0897a553ec5f5fe661b9	496	Pfam	PF02093	Gag P30 core shell protein	214	414	1.8E-110	T	13-08-2026	IPR003036	Core shell protein Gag P30	GO:0019068(InterPro)	-
RCHO-K1	5199136540fc0897a553ec5f5fe661b9	496	SUPERFAMILY	SSF57756	Retrovirus zinc finger-like domains	447	490	1.36E-11	T	13-08-2026	IPR036875	Zinc finger, CCHC-type superfamily	GO:0003676(InterPro)|GO:0008270(InterPro)	Reactome:R-BTA-159231|Reactome:R-BTA-159236|Reactome:R-BTA-72163|Reactome:R-BTA-72165|Reactome:R-BTA-72203|Reactome:R-BTA-73856|Reactome:R-BTA-77595|Reactome:R-BTA-9770562|Reactome:R-CEL-159236|Reactome:R-CEL-72163|Reactome:R-CEL-73856|Reactome:R-DME-159231|Reactome:R-DME-159236|Reactome:R-DME-1834941|Reactome:R-DME-72163|Reactome:R-DME-72165|Reactome:R-DME-72203|Reactome:R-DME-73856|Reactome:R-DME-77595|Reactome:R-DME-9770562|Reactome:R-DRE-72165|Reactome:R-HSA-1169408|Reactome:R-HSA-159231|Reactome:R-HSA-159236|Reactome:R-HSA-162585|Reactome:R-HSA-162588|Reactome:R-HSA-162592|Reactome:R-HSA-162594|Reactome:R-HSA-164516|Reactome:R-HSA-164525|Reactome:R-HSA-164843|Reactome:R-HSA-168315|Reactome:R-HSA-173107|Reactome:R-HSA-174490|Reactome:R-HSA-174495|Reactome:R-HSA-175474|Reactome:R-HSA-175567|Reactome:R-HSA-177539|Reactome:R-HSA-180689|Reactome:R-HSA-180910|Reactome:R-HSA-429947|Reactome:R-HSA-452723|Reactome:R-HSA-6784531|Reactome:R-HSA-72163|Reactome:R-HSA-72165|Reactome:R-HSA-72187|Reactome:R-HSA-72203|Reactome:R-HSA-73856|Reactome:R-HSA-77595|Reactome:R-HSA-9013422|Reactome:R-HSA-9682706|Reactome:R-HSA-9694686|Reactome:R-HSA-9705671|Reactome:R-HSA-9770562|Reactome:R-HSA-9819196|Reactome:R-HSA-9820865|Reactome:R-HSA-983168|Reactome:R-HSA-9918481|Reactome:R-HSA-9930044|Reactome:R-MMU-159231|Reactome:R-MMU-159236|Reactome:R-MMU-72163|Reactome:R-MMU-72165|Reactome:R-MMU-72187|Reactome:R-MMU-72203|Reactome:R-MMU-73856|Reactome:R-MMU-77595|Reactome:R-MMU-9013422|Reactome:R-MMU-9770562|Reactome:R-MMU-983168|Reactome:R-RNO-159231|Reactome:R-RNO-72165|Reactome:R-RNO-73856|Reactome:R-RNO-77595|Reactome:R-RNO-9770562|Reactome:R-SCE-983168|Reactome:R-SPO-9770562|Reactome:R-SPO-983168|Reactome:R-XTR-77595|Reactome:R-XTR-9770562
RCHO-K1	5199136540fc0897a553ec5f5fe661b9	496	SUPERFAMILY	SSF47836	Retroviral matrix proteins	1	95	7.06E-37	T	13-08-2026	IPR010999	Retroviral matrix protein	-	Reactome:R-HSA-1169408|Reactome:R-HSA-162585|Reactome:R-HSA-162588|Reactome:R-HSA-162592|Reactome:R-HSA-162594|Reactome:R-HSA-164516|Reactome:R-HSA-164525|Reactome:R-HSA-164843|Reactome:R-HSA-173107|Reactome:R-HSA-174490|Reactome:R-HSA-174495|Reactome:R-HSA-175474|Reactome:R-HSA-175567|Reactome:R-HSA-177539|Reactome:R-HSA-180689|Reactome:R-HSA-180910|Reactome:R-HSA-198933
rGmr1	ffbce9466ea3649f46215bffe869982e	252	PANTHER	PTHR46888	ZINC KNUCKLE DOMAINCONTAINING PROTEIN-RELATED	25	238	1.5E-28	T	13-08-2026	-	-	-	-
rGmr1	ffbce9466ea3649f46215bffe869982e	252	Pfam	PF02023	SCAN domain	129	209	9.6E-6	T	13-08-2026	IPR003309	SCAN domain	-	Reactome:R-BTA-212436|Reactome:R-HSA-212436|Reactome:R-HSA-452723|Reactome:R-HSA-9819196|Reactome:R-MMU-212436|Reactome:R-RNO-212436
rGmr1	ffbce9466ea3649f46215bffe869982e	252	ProSiteProfiles	PS50804	SCAN box profile.	130	211	12.664836	T	13-08-2026	IPR003309	SCAN domain	-	Reactome:R-BTA-212436|Reactome:R-HSA-212436|Reactome:R-HSA-452723|Reactome:R-HSA-9819196|Reactome:R-MMU-212436|Reactome:R-RNO-212436
rGmr1	ffbce9466ea3649f46215bffe869982e	252	MobiDBLite	mobidb-lite	consensus disorder prediction	235	252	-	T	13-08-2026	-	-	-	-
rGmr1	ffbce9466ea3649f46215bffe869982e	252	MobiDBLite	mobidb-lite	consensus disorder prediction	227	252	-	T	13-08-2026	-	-	-	-
rGmr1	ffbce9466ea3649f46215bffe869982e	252	SUPERFAMILY	SSF47353	Retrovirus capsid dimerization domain-like	123	205	4.12E-18	T	13-08-2026	-	-	-	-
rGmr1	ffbce9466ea3649f46215bffe869982e	252	Gene3D	G3DSA:1.10.4020.10	-	123	212	2.3E-12	T	13-08-2026	IPR038269	SCAN domain superfamily	-	Reactome:R-BTA-212436|Reactome:R-HSA-212436|Reactome:R-HSA-452723|Reactome:R-HSA-9819196|Reactome:R-MMU-212436|Reactome:R-RNO-212436
KoRV	2118b59e3c6ca8fe05fac72a67cb38e8	510	Gene3D	G3DSA:1.10.150.180	-	1	94	7.4E-45	T	13-08-2026	IPR036946	Gamma-retroviral matrix domain superfamily	-	Reactome:R-HSA-198933
KoRV	2118b59e3c6ca8fe05fac72a67cb38e8	510	SMART	SM00343	c2hcfinal6	483	499	0.0023	T	13-08-2026	IPR001878	Zinc finger, CCHC-type	GO:0003676(InterPro)|GO:0008270(InterPro)	Reactome:R-BTA-159231|Reactome:R-BTA-159236|Reactome:R-BTA-72163|Reactome:R-BTA-72165|Reactome:R-BTA-72203|Reactome:R-BTA-73856|Reactome:R-BTA-77595|Reactome:R-BTA-9770562|Reactome:R-CEL-159236|Reactome:R-CEL-72163|Reactome:R-CEL-73856|Reactome:R-DME-159231|Reactome:R-DME-159236|Reactome:R-DME-1834941|Reactome:R-DME-72163|Reactome:R-DME-72165|Reactome:R-DME-72203|Reactome:R-DME-73856|Reactome:R-DME-77595|Reactome:R-DME-8941326|Reactome:R-DME-9770562|Reactome:R-DME-9930044|Reactome:R-DRE-72165|Reactome:R-HSA-1169408|Reactome:R-HSA-159231|Reactome:R-HSA-159236|Reactome:R-HSA-162585|Reactome:R-HSA-162588|Reactome:R-HSA-162592|Reactome:R-HSA-162594|Reactome:R-HSA-164516|Reactome:R-HSA-164525|Reactome:R-HSA-164843|Reactome:R-HSA-168315|Reactome:R-HSA-173107|Reactome:R-HSA-174490|Reactome:R-HSA-174495|Reactome:R-HSA-175474|Reactome:R-HSA-175567|Reactome:R-HSA-177539|Reactome:R-HSA-180689|Reactome:R-HSA-180910|Reactome:R-HSA-429947|Reactome:R-HSA-452723|Reactome:R-HSA-6784531|Reactome:R-HSA-72163|Reactome:R-HSA-72165|Reactome:R-HSA-72187|Reactome:R-HSA-72203|Reactome:R-HSA-73856|Reactome:R-HSA-77595|Reactome:R-HSA-9013422|Reactome:R-HSA-9682706|Reactome:R-HSA-9694686|Reactome:R-HSA-9705671|Reactome:R-HSA-9770562|Reactome:R-HSA-9819196|Reactome:R-HSA-9820865|Reactome:R-HSA-983168|Reactome:R-HSA-9843970|Reactome:R-HSA-9918481|Reactome:R-HSA-9930044|Reactome:R-HSA-9931510|Reactome:R-MMU-159231|Reactome:R-MMU-159236|Reactome:R-MMU-72163|Reactome:R-MMU-72165|Reactome:R-MMU-72187|Reactome:R-MMU-72203|Reactome:R-MMU-73856|Reactome:R-MMU-77595|Reactome:R-MMU-9013422|Reactome:R-MMU-9770562|Reactome:R-MMU-983168|Reactome:R-MMU-9930044|Reactome:R-RNO-159231|Reactome:R-RNO-72165|Reactome:R-RNO-73856|Reactome:R-RNO-77595|Reactome:R-RNO-9770562|Reactome:R-SCE-983168|Reactome:R-SPO-9770562|Reactome:R-SPO-983168|Reactome:R-XTR-77595|Reactome:R-XTR-9770562
KoRV	2118b59e3c6ca8fe05fac72a67cb38e8	510	MobiDBLite	mobidb-lite	consensus disorder prediction	458	482	-	T	13-08-2026	-	-	-	-
KoRV	2118b59e3c6ca8fe05fac72a67cb38e8	510	MobiDBLite	mobidb-lite	consensus disorder prediction	128	187	-	T	13-08-2026	-	-	-	-
KoRV	2118b59e3c6ca8fe05fac72a67cb38e8	510	MobiDBLite	mobidb-lite	consensus disorder prediction	412	439	-	T	13-08-2026	-	-	-	-
KoRV	2118b59e3c6ca8fe05fac72a67cb38e8	510	MobiDBLite	mobidb-lite	consensus disorder prediction	99	118	-	T	13-08-2026	-	-	-	-
KoRV	2118b59e3c6ca8fe05fac72a67cb38e8	510	MobiDBLite	mobidb-lite	consensus disorder prediction	471	482	-	T	13-08-2026	-	-	-	-
KoRV	2118b59e3c6ca8fe05fac72a67cb38e8	510	MobiDBLite	mobidb-lite	consensus disorder prediction	131	145	-	T	13-08-2026	-	-	-	-
KoRV	2118b59e3c6ca8fe05fac72a67cb38e8	510	SUPERFAMILY	SSF47943	Retrovirus capsid protein, N-terminal core domain	199	326	1.1E-52	T	13-08-2026	IPR008919	Retrovirus capsid, N-terminal	GO:0016032(InterPro)	Reactome:R-HSA-1169408|Reactome:R-HSA-162585|Reactome:R-HSA-162588|Reactome:R-HSA-162592|Reactome:R-HSA-162594|Reactome:R-HSA-164516|Reactome:R-HSA-164525|Reactome:R-HSA-164843|Reactome:R-HSA-173107|Reactome:R-HSA-174490|Reactome:R-HSA-174495|Reactome:R-HSA-175474|Reactome:R-HSA-175567|Reactome:R-HSA-177539|Reactome:R-HSA-180689|Reactome:R-HSA-180910
KoRV	2118b59e3c6ca8fe05fac72a67cb38e8	510	PANTHER	PTHR33166	GAG_P30 DOMAIN-CONTAINING PROTEIN	1	505	1.2E-169	T	13-08-2026	IPR050462	Retroviral Gag-Pol polyproteins	-	Reactome:R-HSA-198933
KoRV	2118b59e3c6ca8fe05fac72a67cb38e8	510	SUPERFAMILY	SSF47836	Retroviral matrix proteins	1	91	4.47E-38	T	13-08-2026	IPR010999	Retroviral matrix protein	-	Reactome:R-HSA-1169408|Reactome:R-HSA-162585|Reactome:R-HSA-162588|Reactome:R-HSA-162592|Reactome:R-HSA-162594|Reactome:R-HSA-164516|Reactome:R-HSA-164525|Reactome:R-HSA-164843|Reactome:R-HSA-173107|Reactome:R-HSA-174490|Reactome:R-HSA-174495|Reactome:R-HSA-175474|Reactome:R-HSA-175567|Reactome:R-HSA-177539|Reactome:R-HSA-180689|Reactome:R-HSA-180910|Reactome:R-HSA-198933
KoRV	2118b59e3c6ca8fe05fac72a67cb38e8	510	Coils	Coil	Coil	400	439	-	T	13-08-2026	-	-	-	-
KoRV	2118b59e3c6ca8fe05fac72a67cb38e8	510	Gene3D	G3DSA:1.10.375.10	Human Immunodeficiency Virus Type 1 Capsid Protein	198	326	7.7E-57	T	13-08-2026	IPR008919	Retrovirus capsid, N-terminal	GO:0016032(InterPro)	Reactome:R-HSA-1169408|Reactome:R-HSA-162585|Reactome:R-HSA-162588|Reactome:R-HSA-162592|Reactome:R-HSA-162594|Reactome:R-HSA-164516|Reactome:R-HSA-164525|Reactome:R-HSA-164843|Reactome:R-HSA-173107|Reactome:R-HSA-174490|Reactome:R-HSA-174495|Reactome:R-HSA-175474|Reactome:R-HSA-175567|Reactome:R-HSA-177539|Reactome:R-HSA-180689|Reactome:R-HSA-180910
KoRV	2118b59e3c6ca8fe05fac72a67cb38e8	510	Pfam	PF01140	Matrix protein (MA), p15	1	93	1.5E-34	T	13-08-2026	IPR000840	Gamma-retroviral matrix protein	-	-
KoRV	2118b59e3c6ca8fe05fac72a67cb38e8	510	ProSiteProfiles	PS50158	Zinc finger CCHC-type profile.	484	499	8.943958	T	13-08-2026	IPR001878	Zinc finger, CCHC-type	GO:0003676(InterPro)|GO:0008270(InterPro)	Reactome:R-BTA-159231|Reactome:R-BTA-159236|Reactome:R-BTA-72163|Reactome:R-BTA-72165|Reactome:R-BTA-72203|Reactome:R-BTA-73856|Reactome:R-BTA-77595|Reactome:R-BTA-9770562|Reactome:R-CEL-159236|Reactome:R-CEL-72163|Reactome:R-CEL-73856|Reactome:R-DME-159231|Reactome:R-DME-159236|Reactome:R-DME-1834941|Reactome:R-DME-72163|Reactome:R-DME-72165|Reactome:R-DME-72203|Reactome:R-DME-73856|Reactome:R-DME-77595|Reactome:R-DME-8941326|Reactome:R-DME-9770562|Reactome:R-DME-9930044|Reactome:R-DRE-72165|Reactome:R-HSA-1169408|Reactome:R-HSA-159231|Reactome:R-HSA-159236|Reactome:R-HSA-162585|Reactome:R-HSA-162588|Reactome:R-HSA-162592|Reactome:R-HSA-162594|Reactome:R-HSA-164516|Reactome:R-HSA-164525|Reactome:R-HSA-164843|Reactome:R-HSA-168315|Reactome:R-HSA-173107|Reactome:R-HSA-174490|Reactome:R-HSA-174495|Reactome:R-HSA-175474|Reactome:R-HSA-175567|Reactome:R-HSA-177539|Reactome:R-HSA-180689|Reactome:R-HSA-180910|Reactome:R-HSA-429947|Reactome:R-HSA-452723|Reactome:R-HSA-6784531|Reactome:R-HSA-72163|Reactome:R-HSA-72165|Reactome:R-HSA-72187|Reactome:R-HSA-72203|Reactome:R-HSA-73856|Reactome:R-HSA-77595|Reactome:R-HSA-9013422|Reactome:R-HSA-9682706|Reactome:R-HSA-9694686|Reactome:R-HSA-9705671|Reactome:R-HSA-9770562|Reactome:R-HSA-9819196|Reactome:R-HSA-9820865|Reactome:R-HSA-983168|Reactome:R-HSA-9843970|Reactome:R-HSA-9918481|Reactome:R-HSA-9930044|Reactome:R-HSA-9931510|Reactome:R-MMU-159231|Reactome:R-MMU-159236|Reactome:R-MMU-72163|Reactome:R-MMU-72165|Reactome:R-MMU-72187|Reactome:R-MMU-72203|Reactome:R-MMU-73856|Reactome:R-MMU-77595|Reactome:R-MMU-9013422|Reactome:R-MMU-9770562|Reactome:R-MMU-983168|Reactome:R-MMU-9930044|Reactome:R-RNO-159231|Reactome:R-RNO-72165|Reactome:R-RNO-73856|Reactome:R-RNO-77595|Reactome:R-RNO-9770562|Reactome:R-SCE-983168|Reactome:R-SPO-9770562|Reactome:R-SPO-983168|Reactome:R-XTR-77595|Reactome:R-XTR-9770562
KoRV	2118b59e3c6ca8fe05fac72a67cb38e8	510	Pfam	PF02093	Gag P30 core shell protein	213	413	1.8E-91	T	13-08-2026	IPR003036	Core shell protein Gag P30	GO:0019068(InterPro)	-
KoRV	2118b59e3c6ca8fe05fac72a67cb38e8	510	Gene3D	G3DSA:4.10.60.10	-	456	509	1.9E-14	T	13-08-2026	-	-	-	-
KoRV	2118b59e3c6ca8fe05fac72a67cb38e8	510	Pfam	PF00098	Zinc knuckle	483	498	0.28	T	13-08-2026	IPR001878	Zinc finger, CCHC-type	GO:0003676(InterPro)|GO:0008270(InterPro)	Reactome:R-BTA-159231|Reactome:R-BTA-159236|Reactome:R-BTA-72163|Reactome:R-BTA-72165|Reactome:R-BTA-72203|Reactome:R-BTA-73856|Reactome:R-BTA-77595|Reactome:R-BTA-9770562|Reactome:R-CEL-159236|Reactome:R-CEL-72163|Reactome:R-CEL-73856|Reactome:R-DME-159231|Reactome:R-DME-159236|Reactome:R-DME-1834941|Reactome:R-DME-72163|Reactome:R-DME-72165|Reactome:R-DME-72203|Reactome:R-DME-73856|Reactome:R-DME-77595|Reactome:R-DME-8941326|Reactome:R-DME-9770562|Reactome:R-DME-9930044|Reactome:R-DRE-72165|Reactome:R-HSA-1169408|Reactome:R-HSA-159231|Reactome:R-HSA-159236|Reactome:R-HSA-162585|Reactome:R-HSA-162588|Reactome:R-HSA-162592|Reactome:R-HSA-162594|Reactome:R-HSA-164516|Reactome:R-HSA-164525|Reactome:R-HSA-164843|Reactome:R-HSA-168315|Reactome:R-HSA-173107|Reactome:R-HSA-174490|Reactome:R-HSA-174495|Reactome:R-HSA-175474|Reactome:R-HSA-175567|Reactome:R-HSA-177539|Reactome:R-HSA-180689|Reactome:R-HSA-180910|Reactome:R-HSA-429947|Reactome:R-HSA-452723|Reactome:R-HSA-6784531|Reactome:R-HSA-72163|Reactome:R-HSA-72165|Reactome:R-HSA-72187|Reactome:R-HSA-72203|Reactome:R-HSA-73856|Reactome:R-HSA-77595|Reactome:R-HSA-9013422|Reactome:R-HSA-9682706|Reactome:R-HSA-9694686|Reactome:R-HSA-9705671|Reactome:R-HSA-9770562|Reactome:R-HSA-9819196|Reactome:R-HSA-9820865|Reactome:R-HSA-983168|Reactome:R-HSA-9843970|Reactome:R-HSA-9918481|Reactome:R-HSA-9930044|Reactome:R-HSA-9931510|Reactome:R-MMU-159231|Reactome:R-MMU-159236|Reactome:R-MMU-72163|Reactome:R-MMU-72165|Reactome:R-MMU-72187|Reactome:R-MMU-72203|Reactome:R-MMU-73856|Reactome:R-MMU-77595|Reactome:R-MMU-9013422|Reactome:R-MMU-9770562|Reactome:R-MMU-983168|Reactome:R-MMU-9930044|Reactome:R-RNO-159231|Reactome:R-RNO-72165|Reactome:R-RNO-73856|Reactome:R-RNO-77595|Reactome:R-RNO-9770562|Reactome:R-SCE-983168|Reactome:R-SPO-9770562|Reactome:R-SPO-983168|Reactome:R-XTR-77595|Reactome:R-XTR-9770562
KoRV	2118b59e3c6ca8fe05fac72a67cb38e8	510	SUPERFAMILY	SSF57756	Retrovirus zinc finger-like domains	464	505	8.22E-12	T	13-08-2026	IPR036875	Zinc finger, CCHC-type superfamily	GO:0003676(InterPro)|GO:0008270(InterPro)	Reactome:R-BTA-159231|Reactome:R-BTA-159236|Reactome:R-BTA-72163|Reactome:R-BTA-72165|Reactome:R-BTA-72203|Reactome:R-BTA-73856|Reactome:R-BTA-77595|Reactome:R-BTA-9770562|Reactome:R-CEL-159236|Reactome:R-CEL-72163|Reactome:R-CEL-73856|Reactome:R-DME-159231|Reactome:R-DME-159236|Reactome:R-DME-1834941|Reactome:R-DME-72163|Reactome:R-DME-72165|Reactome:R-DME-72203|Reactome:R-DME-73856|Reactome:R-DME-77595|Reactome:R-DME-9770562|Reactome:R-DRE-72165|Reactome:R-HSA-1169408|Reactome:R-HSA-159231|Reactome:R-HSA-159236|Reactome:R-HSA-162585|Reactome:R-HSA-162588|Reactome:R-HSA-162592|Reactome:R-HSA-162594|Reactome:R-HSA-164516|Reactome:R-HSA-164525|Reactome:R-HSA-164843|Reactome:R-HSA-168315|Reactome:R-HSA-173107|Reactome:R-HSA-174490|Reactome:R-HSA-174495|Reactome:R-HSA-175474|Reactome:R-HSA-175567|Reactome:R-HSA-177539|Reactome:R-HSA-180689|Reactome:R-HSA-180910|Reactome:R-HSA-429947|Reactome:R-HSA-452723|Reactome:R-HSA-6784531|Reactome:R-HSA-72163|Reactome:R-HSA-72165|Reactome:R-HSA-72187|Reactome:R-HSA-72203|Reactome:R-HSA-73856|Reactome:R-HSA-77595|Reactome:R-HSA-9013422|Reactome:R-HSA-9682706|Reactome:R-HSA-9694686|Reactome:R-HSA-9705671|Reactome:R-HSA-9770562|Reactome:R-HSA-9819196|Reactome:R-HSA-9820865|Reactome:R-HSA-983168|Reactome:R-HSA-9918481|Reactome:R-HSA-9930044|Reactome:R-MMU-159231|Reactome:R-MMU-159236|Reactome:R-MMU-72163|Reactome:R-MMU-72165|Reactome:R-MMU-72187|Reactome:R-MMU-72203|Reactome:R-MMU-73856|Reactome:R-MMU-77595|Reactome:R-MMU-9013422|Reactome:R-MMU-9770562|Reactome:R-MMU-983168|Reactome:R-RNO-159231|Reactome:R-RNO-72165|Reactome:R-RNO-73856|Reactome:R-RNO-77595|Reactome:R-RNO-9770562|Reactome:R-SCE-983168|Reactome:R-SPO-9770562|Reactome:R-SPO-983168|Reactome:R-XTR-77595|Reactome:R-XTR-9770562
SPM	1713d55e0c0e13378b6f8bbc29228129	283	SUPERFAMILY	SSF57756	Retrovirus zinc finger-like domains	198	241	4.19E-6	T	13-08-2026	IPR036875	Zinc finger, CCHC-type superfamily	GO:0003676(InterPro)|GO:0008270(InterPro)	Reactome:R-BTA-159231|Reactome:R-BTA-159236|Reactome:R-BTA-72163|Reactome:R-BTA-72165|Reactome:R-BTA-72203|Reactome:R-BTA-73856|Reactome:R-BTA-77595|Reactome:R-BTA-9770562|Reactome:R-CEL-159236|Reactome:R-CEL-72163|Reactome:R-CEL-73856|Reactome:R-DME-159231|Reactome:R-DME-159236|Reactome:R-DME-1834941|Reactome:R-DME-72163|Reactome:R-DME-72165|Reactome:R-DME-72203|Reactome:R-DME-73856|Reactome:R-DME-77595|Reactome:R-DME-9770562|Reactome:R-DRE-72165|Reactome:R-HSA-1169408|Reactome:R-HSA-159231|Reactome:R-HSA-159236|Reactome:R-HSA-162585|Reactome:R-HSA-162588|Reactome:R-HSA-162592|Reactome:R-HSA-162594|Reactome:R-HSA-164516|Reactome:R-HSA-164525|Reactome:R-HSA-164843|Reactome:R-HSA-168315|Reactome:R-HSA-173107|Reactome:R-HSA-174490|Reactome:R-HSA-174495|Reactome:R-HSA-175474|Reactome:R-HSA-175567|Reactome:R-HSA-177539|Reactome:R-HSA-180689|Reactome:R-HSA-180910|Reactome:R-HSA-429947|Reactome:R-HSA-452723|Reactome:R-HSA-6784531|Reactome:R-HSA-72163|Reactome:R-HSA-72165|Reactome:R-HSA-72187|Reactome:R-HSA-72203|Reactome:R-HSA-73856|Reactome:R-HSA-77595|Reactome:R-HSA-9013422|Reactome:R-HSA-9682706|Reactome:R-HSA-9694686|Reactome:R-HSA-9705671|Reactome:R-HSA-9770562|Reactome:R-HSA-9819196|Reactome:R-HSA-9820865|Reactome:R-HSA-983168|Reactome:R-HSA-9918481|Reactome:R-HSA-9930044|Reactome:R-MMU-159231|Reactome:R-MMU-159236|Reactome:R-MMU-72163|Reactome:R-MMU-72165|Reactome:R-MMU-72187|Reactome:R-MMU-72203|Reactome:R-MMU-73856|Reactome:R-MMU-77595|Reactome:R-MMU-9013422|Reactome:R-MMU-9770562|Reactome:R-MMU-983168|Reactome:R-RNO-159231|Reactome:R-RNO-72165|Reactome:R-RNO-73856|Reactome:R-RNO-77595|Reactome:R-RNO-9770562|Reactome:R-SCE-983168|Reactome:R-SPO-9770562|Reactome:R-SPO-983168|Reactome:R-XTR-77595|Reactome:R-XTR-9770562
SPM	1713d55e0c0e13378b6f8bbc29228129	283	SMART	SM00343	c2hcfinal6	224	240	3.8E-4	T	13-08-2026	IPR001878	Zinc finger, CCHC-type	GO:0003676(InterPro)|GO:0008270(InterPro)	Reactome:R-BTA-159231|Reactome:R-BTA-159236|Reactome:R-BTA-72163|Reactome:R-BTA-72165|Reactome:R-BTA-72203|Reactome:R-BTA-73856|Reactome:R-BTA-77595|Reactome:R-BTA-9770562|Reactome:R-CEL-159236|Reactome:R-CEL-72163|Reactome:R-CEL-73856|Reactome:R-DME-159231|Reactome:R-DME-159236|Reactome:R-DME-1834941|Reactome:R-DME-72163|Reactome:R-DME-72165|Reactome:R-DME-72203|Reactome:R-DME-73856|Reactome:R-DME-77595|Reactome:R-DME-8941326|Reactome:R-DME-9770562|Reactome:R-DME-9930044|Reactome:R-DRE-72165|Reactome:R-HSA-1169408|Reactome:R-HSA-159231|Reactome:R-HSA-159236|Reactome:R-HSA-162585|Reactome:R-HSA-162588|Reactome:R-HSA-162592|Reactome:R-HSA-162594|Reactome:R-HSA-164516|Reactome:R-HSA-164525|Reactome:R-HSA-164843|Reactome:R-HSA-168315|Reactome:R-HSA-173107|Reactome:R-HSA-174490|Reactome:R-HSA-174495|Reactome:R-HSA-175474|Reactome:R-HSA-175567|Reactome:R-HSA-177539|Reactome:R-HSA-180689|Reactome:R-HSA-180910|Reactome:R-HSA-429947|Reactome:R-HSA-452723|Reactome:R-HSA-6784531|Reactome:R-HSA-72163|Reactome:R-HSA-72165|Reactome:R-HSA-72187|Reactome:R-HSA-72203|Reactome:R-HSA-73856|Reactome:R-HSA-77595|Reactome:R-HSA-9013422|Reactome:R-HSA-9682706|Reactome:R-HSA-9694686|Reactome:R-HSA-9705671|Reactome:R-HSA-9770562|Reactome:R-HSA-9819196|Reactome:R-HSA-9820865|Reactome:R-HSA-983168|Reactome:R-HSA-9843970|Reactome:R-HSA-9918481|Reactome:R-HSA-9930044|Reactome:R-HSA-9931510|Reactome:R-MMU-159231|Reactome:R-MMU-159236|Reactome:R-MMU-72163|Reactome:R-MMU-72165|Reactome:R-MMU-72187|Reactome:R-MMU-72203|Reactome:R-MMU-73856|Reactome:R-MMU-77595|Reactome:R-MMU-9013422|Reactome:R-MMU-9770562|Reactome:R-MMU-983168|Reactome:R-MMU-9930044|Reactome:R-RNO-159231|Reactome:R-RNO-72165|Reactome:R-RNO-73856|Reactome:R-RNO-77595|Reactome:R-RNO-9770562|Reactome:R-SCE-983168|Reactome:R-SPO-9770562|Reactome:R-SPO-983168|Reactome:R-XTR-77595|Reactome:R-XTR-9770562
SPM	1713d55e0c0e13378b6f8bbc29228129	283	PANTHER	PTHR33198	ANK_REP_REGION DOMAIN-CONTAINING PROTEIN-RELATED	23	249	1.3E-22	T	13-08-2026	-	-	-	-
SPM	1713d55e0c0e13378b6f8bbc29228129	283	MobiDBLite	mobidb-lite	consensus disorder prediction	175	197	-	T	13-08-2026	-	-	-	-
SPM	1713d55e0c0e13378b6f8bbc29228129	283	MobiDBLite	mobidb-lite	consensus disorder prediction	177	186	-	T	13-08-2026	-	-	-	-
SPM	1713d55e0c0e13378b6f8bbc29228129	283	MobiDBLite	mobidb-lite	consensus disorder prediction	187	196	-	T	13-08-2026	-	-	-	-
SPM	1713d55e0c0e13378b6f8bbc29228129	283	MobiDBLite	mobidb-lite	consensus disorder prediction	239	283	-	T	13-08-2026	-	-	-	-
SPM	1713d55e0c0e13378b6f8bbc29228129	283	MobiDBLite	mobidb-lite	consensus disorder prediction	269	283	-	T	13-08-2026	-	-	-	-
SPM	1713d55e0c0e13378b6f8bbc29228129	283	Pfam	PF00098	Zinc knuckle	224	239	0.55	T	13-08-2026	IPR001878	Zinc finger, CCHC-type	GO:0003676(InterPro)|GO:0008270(InterPro)	Reactome:R-BTA-159231|Reactome:R-BTA-159236|Reactome:R-BTA-72163|Reactome:R-BTA-72165|Reactome:R-BTA-72203|Reactome:R-BTA-73856|Reactome:R-BTA-77595|Reactome:R-BTA-9770562|Reactome:R-CEL-159236|Reactome:R-CEL-72163|Reactome:R-CEL-73856|Reactome:R-DME-159231|Reactome:R-DME-159236|Reactome:R-DME-1834941|Reactome:R-DME-72163|Reactome:R-DME-72165|Reactome:R-DME-72203|Reactome:R-DME-73856|Reactome:R-DME-77595|Reactome:R-DME-8941326|Reactome:R-DME-9770562|Reactome:R-DME-9930044|Reactome:R-DRE-72165|Reactome:R-HSA-1169408|Reactome:R-HSA-159231|Reactome:R-HSA-159236|Reactome:R-HSA-162585|Reactome:R-HSA-162588|Reactome:R-HSA-162592|Reactome:R-HSA-162594|Reactome:R-HSA-164516|Reactome:R-HSA-164525|Reactome:R-HSA-164843|Reactome:R-HSA-168315|Reactome:R-HSA-173107|Reactome:R-HSA-174490|Reactome:R-HSA-174495|Reactome:R-HSA-175474|Reactome:R-HSA-175567|Reactome:R-HSA-177539|Reactome:R-HSA-180689|Reactome:R-HSA-180910|Reactome:R-HSA-429947|Reactome:R-HSA-452723|Reactome:R-HSA-6784531|Reactome:R-HSA-72163|Reactome:R-HSA-72165|Reactome:R-HSA-72187|Reactome:R-HSA-72203|Reactome:R-HSA-73856|Reactome:R-HSA-77595|Reactome:R-HSA-9013422|Reactome:R-HSA-9682706|Reactome:R-HSA-9694686|Reactome:R-HSA-9705671|Reactome:R-HSA-9770562|Reactome:R-HSA-9819196|Reactome:R-HSA-9820865|Reactome:R-HSA-983168|Reactome:R-HSA-9843970|Reactome:R-HSA-9918481|Reactome:R-HSA-9930044|Reactome:R-HSA-9931510|Reactome:R-MMU-159231|Reactome:R-MMU-159236|Reactome:R-MMU-72163|Reactome:R-MMU-72165|Reactome:R-MMU-72187|Reactome:R-MMU-72203|Reactome:R-MMU-73856|Reactome:R-MMU-77595|Reactome:R-MMU-9013422|Reactome:R-MMU-9770562|Reactome:R-MMU-983168|Reactome:R-MMU-9930044|Reactome:R-RNO-159231|Reactome:R-RNO-72165|Reactome:R-RNO-73856|Reactome:R-RNO-77595|Reactome:R-RNO-9770562|Reactome:R-SCE-983168|Reactome:R-SPO-9770562|Reactome:R-SPO-983168|Reactome:R-XTR-77595|Reactome:R-XTR-9770562
SPM	1713d55e0c0e13378b6f8bbc29228129	283	ProSiteProfiles	PS50158	Zinc finger CCHC-type profile.	225	240	9.965892	T	13-08-2026	IPR001878	Zinc finger, CCHC-type	GO:0003676(InterPro)|GO:0008270(InterPro)	Reactome:R-BTA-159231|Reactome:R-BTA-159236|Reactome:R-BTA-72163|Reactome:R-BTA-72165|Reactome:R-BTA-72203|Reactome:R-BTA-73856|Reactome:R-BTA-77595|Reactome:R-BTA-9770562|Reactome:R-CEL-159236|Reactome:R-CEL-72163|Reactome:R-CEL-73856|Reactome:R-DME-159231|Reactome:R-DME-159236|Reactome:R-DME-1834941|Reactome:R-DME-72163|Reactome:R-DME-72165|Reactome:R-DME-72203|Reactome:R-DME-73856|Reactome:R-DME-77595|Reactome:R-DME-8941326|Reactome:R-DME-9770562|Reactome:R-DME-9930044|Reactome:R-DRE-72165|Reactome:R-HSA-1169408|Reactome:R-HSA-159231|Reactome:R-HSA-159236|Reactome:R-HSA-162585|Reactome:R-HSA-162588|Reactome:R-HSA-162592|Reactome:R-HSA-162594|Reactome:R-HSA-164516|Reactome:R-HSA-164525|Reactome:R-HSA-164843|Reactome:R-HSA-168315|Reactome:R-HSA-173107|Reactome:R-HSA-174490|Reactome:R-HSA-174495|Reactome:R-HSA-175474|Reactome:R-HSA-175567|Reactome:R-HSA-177539|Reactome:R-HSA-180689|Reactome:R-HSA-180910|Reactome:R-HSA-429947|Reactome:R-HSA-452723|Reactome:R-HSA-6784531|Reactome:R-HSA-72163|Reactome:R-HSA-72165|Reactome:R-HSA-72187|Reactome:R-HSA-72203|Reactome:R-HSA-73856|Reactome:R-HSA-77595|Reactome:R-HSA-9013422|Reactome:R-HSA-9682706|Reactome:R-HSA-9694686|Reactome:R-HSA-9705671|Reactome:R-HSA-9770562|Reactome:R-HSA-9819196|Reactome:R-HSA-9820865|Reactome:R-HSA-983168|Reactome:R-HSA-9843970|Reactome:R-HSA-9918481|Reactome:R-HSA-9930044|Reactome:R-HSA-9931510|Reactome:R-MMU-159231|Reactome:R-MMU-159236|Reactome:R-MMU-72163|Reactome:R-MMU-72165|Reactome:R-MMU-72187|Reactome:R-MMU-72203|Reactome:R-MMU-73856|Reactome:R-MMU-77595|Reactome:R-MMU-9013422|Reactome:R-MMU-9770562|Reactome:R-MMU-983168|Reactome:R-MMU-9930044|Reactome:R-RNO-159231|Reactome:R-RNO-72165|Reactome:R-RNO-73856|Reactome:R-RNO-77595|Reactome:R-RNO-9770562|Reactome:R-SCE-983168|Reactome:R-SPO-9770562|Reactome:R-SPO-983168|Reactome:R-XTR-77595|Reactome:R-XTR-9770562
SPM	1713d55e0c0e13378b6f8bbc29228129	283	Gene3D	G3DSA:4.10.60.10	-	180	250	1.5E-7	T	13-08-2026	-	-	-	-
