Oryco1-1	8afa1eecc20674cd3859ca3243e3bddf	299	Pfam	PF14223	gag-polypeptide of LTR copia-type	21	201	1.7E-31	T	13-08-2026	IPR061502	Copia/RE1/RE2-like, N-terminal domain	-	-
Oryco1-1	8afa1eecc20674cd3859ca3243e3bddf	299	PANTHER	PTHR35317	OS04G0629600 PROTEIN	5	295	4.5E-56	T	13-08-2026	-	-	-	-
Tkm1	0844f5d7d4a07e495a45f1d1ddb2fe52	421	MobiDBLite	mobidb-lite	consensus disorder prediction	51	78	-	T	13-08-2026	-	-	-	-
Tkm1	0844f5d7d4a07e495a45f1d1ddb2fe52	421	MobiDBLite	mobidb-lite	consensus disorder prediction	1	18	-	T	13-08-2026	-	-	-	-
Tkm1	0844f5d7d4a07e495a45f1d1ddb2fe52	421	MobiDBLite	mobidb-lite	consensus disorder prediction	383	421	-	T	13-08-2026	-	-	-	-
Tkm1	0844f5d7d4a07e495a45f1d1ddb2fe52	421	MobiDBLite	mobidb-lite	consensus disorder prediction	383	394	-	T	13-08-2026	-	-	-	-
Tkm1	0844f5d7d4a07e495a45f1d1ddb2fe52	421	MobiDBLite	mobidb-lite	consensus disorder prediction	1	100	-	T	13-08-2026	-	-	-	-
Nabel	f34462eb91ffb2749ae25a1835293218	353	MobiDBLite	mobidb-lite	consensus disorder prediction	103	126	-	T	13-08-2026	-	-	-	-
Nabel	f34462eb91ffb2749ae25a1835293218	353	MobiDBLite	mobidb-lite	consensus disorder prediction	105	117	-	T	13-08-2026	-	-	-	-
Nabel	f34462eb91ffb2749ae25a1835293218	353	Pfam	PF03564	Protein of unknown function (DUF1759)	135	250	1.3E-17	T	13-08-2026	IPR005312	Domain of unknown function DUF1759	-	-
Nabel	f34462eb91ffb2749ae25a1835293218	353	PANTHER	PTHR47331	PHD-TYPE DOMAIN-CONTAINING PROTEIN	136	347	3.5E-13	T	13-08-2026	-	-	-	-
CoDi5.5	80d4cf4646ba7abc6818d7f18fe9821d	391	Coils	Coil	Coil	312	332	-	T	13-08-2026	-	-	-	-
pCretro3	ebecfeb1d611f4d022909d88dce740ec	259	Coils	Coil	Coil	117	137	-	T	13-08-2026	-	-	-	-
pCretro3	ebecfeb1d611f4d022909d88dce740ec	259	Pfam	PF14223	gag-polypeptide of LTR copia-type	29	188	4.7E-30	T	13-08-2026	IPR061502	Copia/RE1/RE2-like, N-terminal domain	-	-
pCretro3	ebecfeb1d611f4d022909d88dce740ec	259	PANTHER	PTHR47481	-	16	245	1.4E-12	T	13-08-2026	-	-	-	-
pCretro3	ebecfeb1d611f4d022909d88dce740ec	259	ProSiteProfiles	PS50158	Zinc finger CCHC-type profile.	217	232	8.828579	T	13-08-2026	IPR001878	Zinc finger, CCHC-type	GO:0003676(InterPro)|GO:0008270(InterPro)	Reactome:R-BTA-159231|Reactome:R-BTA-159236|Reactome:R-BTA-72163|Reactome:R-BTA-72165|Reactome:R-BTA-72203|Reactome:R-BTA-73856|Reactome:R-BTA-77595|Reactome:R-BTA-9770562|Reactome:R-CEL-159236|Reactome:R-CEL-72163|Reactome:R-CEL-73856|Reactome:R-DME-159231|Reactome:R-DME-159236|Reactome:R-DME-1834941|Reactome:R-DME-72163|Reactome:R-DME-72165|Reactome:R-DME-72203|Reactome:R-DME-73856|Reactome:R-DME-77595|Reactome:R-DME-8941326|Reactome:R-DME-9770562|Reactome:R-DME-9930044|Reactome:R-DRE-72165|Reactome:R-HSA-1169408|Reactome:R-HSA-159231|Reactome:R-HSA-159236|Reactome:R-HSA-162585|Reactome:R-HSA-162588|Reactome:R-HSA-162592|Reactome:R-HSA-162594|Reactome:R-HSA-164516|Reactome:R-HSA-164525|Reactome:R-HSA-164843|Reactome:R-HSA-168315|Reactome:R-HSA-173107|Reactome:R-HSA-174490|Reactome:R-HSA-174495|Reactome:R-HSA-175474|Reactome:R-HSA-175567|Reactome:R-HSA-177539|Reactome:R-HSA-180689|Reactome:R-HSA-180910|Reactome:R-HSA-429947|Reactome:R-HSA-452723|Reactome:R-HSA-6784531|Reactome:R-HSA-72163|Reactome:R-HSA-72165|Reactome:R-HSA-72187|Reactome:R-HSA-72203|Reactome:R-HSA-73856|Reactome:R-HSA-77595|Reactome:R-HSA-9013422|Reactome:R-HSA-9682706|Reactome:R-HSA-9694686|Reactome:R-HSA-9705671|Reactome:R-HSA-9770562|Reactome:R-HSA-9819196|Reactome:R-HSA-9820865|Reactome:R-HSA-983168|Reactome:R-HSA-9843970|Reactome:R-HSA-9918481|Reactome:R-HSA-9930044|Reactome:R-HSA-9931510|Reactome:R-MMU-159231|Reactome:R-MMU-159236|Reactome:R-MMU-72163|Reactome:R-MMU-72165|Reactome:R-MMU-72187|Reactome:R-MMU-72203|Reactome:R-MMU-73856|Reactome:R-MMU-77595|Reactome:R-MMU-9013422|Reactome:R-MMU-9770562|Reactome:R-MMU-983168|Reactome:R-MMU-9930044|Reactome:R-RNO-159231|Reactome:R-RNO-72165|Reactome:R-RNO-73856|Reactome:R-RNO-77595|Reactome:R-RNO-9770562|Reactome:R-SCE-983168|Reactome:R-SPO-9770562|Reactome:R-SPO-983168|Reactome:R-XTR-77595|Reactome:R-XTR-9770562
pCretro3	ebecfeb1d611f4d022909d88dce740ec	259	SUPERFAMILY	SSF57756	Retrovirus zinc finger-like domains	197	235	5.23E-5	T	13-08-2026	IPR036875	Zinc finger, CCHC-type superfamily	GO:0003676(InterPro)|GO:0008270(InterPro)	Reactome:R-BTA-159231|Reactome:R-BTA-159236|Reactome:R-BTA-72163|Reactome:R-BTA-72165|Reactome:R-BTA-72203|Reactome:R-BTA-73856|Reactome:R-BTA-77595|Reactome:R-BTA-9770562|Reactome:R-CEL-159236|Reactome:R-CEL-72163|Reactome:R-CEL-73856|Reactome:R-DME-159231|Reactome:R-DME-159236|Reactome:R-DME-1834941|Reactome:R-DME-72163|Reactome:R-DME-72165|Reactome:R-DME-72203|Reactome:R-DME-73856|Reactome:R-DME-77595|Reactome:R-DME-9770562|Reactome:R-DRE-72165|Reactome:R-HSA-1169408|Reactome:R-HSA-159231|Reactome:R-HSA-159236|Reactome:R-HSA-162585|Reactome:R-HSA-162588|Reactome:R-HSA-162592|Reactome:R-HSA-162594|Reactome:R-HSA-164516|Reactome:R-HSA-164525|Reactome:R-HSA-164843|Reactome:R-HSA-168315|Reactome:R-HSA-173107|Reactome:R-HSA-174490|Reactome:R-HSA-174495|Reactome:R-HSA-175474|Reactome:R-HSA-175567|Reactome:R-HSA-177539|Reactome:R-HSA-180689|Reactome:R-HSA-180910|Reactome:R-HSA-429947|Reactome:R-HSA-452723|Reactome:R-HSA-6784531|Reactome:R-HSA-72163|Reactome:R-HSA-72165|Reactome:R-HSA-72187|Reactome:R-HSA-72203|Reactome:R-HSA-73856|Reactome:R-HSA-77595|Reactome:R-HSA-9013422|Reactome:R-HSA-9682706|Reactome:R-HSA-9694686|Reactome:R-HSA-9705671|Reactome:R-HSA-9770562|Reactome:R-HSA-9819196|Reactome:R-HSA-9820865|Reactome:R-HSA-983168|Reactome:R-HSA-9918481|Reactome:R-HSA-9930044|Reactome:R-MMU-159231|Reactome:R-MMU-159236|Reactome:R-MMU-72163|Reactome:R-MMU-72165|Reactome:R-MMU-72187|Reactome:R-MMU-72203|Reactome:R-MMU-73856|Reactome:R-MMU-77595|Reactome:R-MMU-9013422|Reactome:R-MMU-9770562|Reactome:R-MMU-983168|Reactome:R-RNO-159231|Reactome:R-RNO-72165|Reactome:R-RNO-73856|Reactome:R-RNO-77595|Reactome:R-RNO-9770562|Reactome:R-SCE-983168|Reactome:R-SPO-9770562|Reactome:R-SPO-983168|Reactome:R-XTR-77595|Reactome:R-XTR-9770562
pCretro3	ebecfeb1d611f4d022909d88dce740ec	259	MobiDBLite	mobidb-lite	consensus disorder prediction	231	259	-	T	13-08-2026	-	-	-	-
pCretro3	ebecfeb1d611f4d022909d88dce740ec	259	MobiDBLite	mobidb-lite	consensus disorder prediction	247	259	-	T	13-08-2026	-	-	-	-
pCretro3	ebecfeb1d611f4d022909d88dce740ec	259	MobiDBLite	mobidb-lite	consensus disorder prediction	186	208	-	T	13-08-2026	-	-	-	-
CoDi5.6	209d3c98cea3c33ff5cd790e7be05564	587	MobiDBLite	mobidb-lite	consensus disorder prediction	354	380	-	T	13-08-2026	-	-	-	-
CoDi5.6	209d3c98cea3c33ff5cd790e7be05564	587	MobiDBLite	mobidb-lite	consensus disorder prediction	354	407	-	T	13-08-2026	-	-	-	-
CoDi5.6	209d3c98cea3c33ff5cd790e7be05564	587	Coils	Coil	Coil	303	330	-	T	13-08-2026	-	-	-	-
Ty1B	d4a72a3cb4cad4af3e34bb5c89754add	431	MobiDBLite	mobidb-lite	consensus disorder prediction	46	55	-	T	13-08-2026	-	-	-	-
Ty1B	d4a72a3cb4cad4af3e34bb5c89754add	431	MobiDBLite	mobidb-lite	consensus disorder prediction	20	31	-	T	13-08-2026	-	-	-	-
Ty1B	d4a72a3cb4cad4af3e34bb5c89754add	431	MobiDBLite	mobidb-lite	consensus disorder prediction	137	173	-	T	13-08-2026	-	-	-	-
Ty1B	d4a72a3cb4cad4af3e34bb5c89754add	431	MobiDBLite	mobidb-lite	consensus disorder prediction	373	411	-	T	13-08-2026	-	-	-	-
Ty1B	d4a72a3cb4cad4af3e34bb5c89754add	431	MobiDBLite	mobidb-lite	consensus disorder prediction	350	431	-	T	13-08-2026	-	-	-	-
Ty1B	d4a72a3cb4cad4af3e34bb5c89754add	431	MobiDBLite	mobidb-lite	consensus disorder prediction	363	372	-	T	13-08-2026	-	-	-	-
Ty1B	d4a72a3cb4cad4af3e34bb5c89754add	431	MobiDBLite	mobidb-lite	consensus disorder prediction	20	84	-	T	13-08-2026	-	-	-	-
Ty1B	d4a72a3cb4cad4af3e34bb5c89754add	431	MobiDBLite	mobidb-lite	consensus disorder prediction	419	431	-	T	13-08-2026	-	-	-	-
Ty1B	d4a72a3cb4cad4af3e34bb5c89754add	431	MobiDBLite	mobidb-lite	consensus disorder prediction	137	168	-	T	13-08-2026	-	-	-	-
Ty1B	d4a72a3cb4cad4af3e34bb5c89754add	431	Pfam	PF01021	Ty transposon capsid protein	17	400	1.7E-221	T	13-08-2026	IPR015820	TyA domain	GO:0003723(InterPro)|GO:0005737(InterPro)	-
Melmoth	54e86d4ca98863c45e67f4aa65be5f82	405	Pfam	PF14244	Gag-polypeptide of LTR copia-type	65	111	8.5E-14	T	13-08-2026	IPR029472	Retrotransposon Copia-like, N-terminal	-	-
Melmoth	54e86d4ca98863c45e67f4aa65be5f82	405	MobiDBLite	mobidb-lite	consensus disorder prediction	14	61	-	T	13-08-2026	-	-	-	-
Melmoth	54e86d4ca98863c45e67f4aa65be5f82	405	MobiDBLite	mobidb-lite	consensus disorder prediction	388	405	-	T	13-08-2026	-	-	-	-
Melmoth	54e86d4ca98863c45e67f4aa65be5f82	405	MobiDBLite	mobidb-lite	consensus disorder prediction	386	405	-	T	13-08-2026	-	-	-	-
Melmoth	54e86d4ca98863c45e67f4aa65be5f82	405	MobiDBLite	mobidb-lite	consensus disorder prediction	1	63	-	T	13-08-2026	-	-	-	-
Melmoth	54e86d4ca98863c45e67f4aa65be5f82	405	SignalP_GRAM_POSITIVE	SignalP-TM	SignalP-TM	1	16	-	T	13-08-2026	-	-	-	-
Melmoth	54e86d4ca98863c45e67f4aa65be5f82	405	PANTHER	PTHR37610	CCHC-TYPE DOMAIN-CONTAINING PROTEIN	60	269	1.9E-63	T	13-08-2026	-	-	-	-
Ninja	76c6a482ff27adcf90a78f49235668d2	273	Pfam	PF03564	Protein of unknown function (DUF1759)	7	148	4.6E-11	T	13-08-2026	IPR005312	Domain of unknown function DUF1759	-	-
Ninja	76c6a482ff27adcf90a78f49235668d2	273	ProSiteProfiles	PS50158	Zinc finger CCHC-type profile.	239	252	9.059338	T	13-08-2026	IPR001878	Zinc finger, CCHC-type	GO:0003676(InterPro)|GO:0008270(InterPro)	Reactome:R-BTA-159231|Reactome:R-BTA-159236|Reactome:R-BTA-72163|Reactome:R-BTA-72165|Reactome:R-BTA-72203|Reactome:R-BTA-73856|Reactome:R-BTA-77595|Reactome:R-BTA-9770562|Reactome:R-CEL-159236|Reactome:R-CEL-72163|Reactome:R-CEL-73856|Reactome:R-DME-159231|Reactome:R-DME-159236|Reactome:R-DME-1834941|Reactome:R-DME-72163|Reactome:R-DME-72165|Reactome:R-DME-72203|Reactome:R-DME-73856|Reactome:R-DME-77595|Reactome:R-DME-8941326|Reactome:R-DME-9770562|Reactome:R-DME-9930044|Reactome:R-DRE-72165|Reactome:R-HSA-1169408|Reactome:R-HSA-159231|Reactome:R-HSA-159236|Reactome:R-HSA-162585|Reactome:R-HSA-162588|Reactome:R-HSA-162592|Reactome:R-HSA-162594|Reactome:R-HSA-164516|Reactome:R-HSA-164525|Reactome:R-HSA-164843|Reactome:R-HSA-168315|Reactome:R-HSA-173107|Reactome:R-HSA-174490|Reactome:R-HSA-174495|Reactome:R-HSA-175474|Reactome:R-HSA-175567|Reactome:R-HSA-177539|Reactome:R-HSA-180689|Reactome:R-HSA-180910|Reactome:R-HSA-429947|Reactome:R-HSA-452723|Reactome:R-HSA-6784531|Reactome:R-HSA-72163|Reactome:R-HSA-72165|Reactome:R-HSA-72187|Reactome:R-HSA-72203|Reactome:R-HSA-73856|Reactome:R-HSA-77595|Reactome:R-HSA-9013422|Reactome:R-HSA-9682706|Reactome:R-HSA-9694686|Reactome:R-HSA-9705671|Reactome:R-HSA-9770562|Reactome:R-HSA-9819196|Reactome:R-HSA-9820865|Reactome:R-HSA-983168|Reactome:R-HSA-9843970|Reactome:R-HSA-9918481|Reactome:R-HSA-9930044|Reactome:R-HSA-9931510|Reactome:R-MMU-159231|Reactome:R-MMU-159236|Reactome:R-MMU-72163|Reactome:R-MMU-72165|Reactome:R-MMU-72187|Reactome:R-MMU-72203|Reactome:R-MMU-73856|Reactome:R-MMU-77595|Reactome:R-MMU-9013422|Reactome:R-MMU-9770562|Reactome:R-MMU-983168|Reactome:R-MMU-9930044|Reactome:R-RNO-159231|Reactome:R-RNO-72165|Reactome:R-RNO-73856|Reactome:R-RNO-77595|Reactome:R-RNO-9770562|Reactome:R-SCE-983168|Reactome:R-SPO-9770562|Reactome:R-SPO-983168|Reactome:R-XTR-77595|Reactome:R-XTR-9770562
Ninja	76c6a482ff27adcf90a78f49235668d2	273	PANTHER	PTHR47331	PHD-TYPE DOMAIN-CONTAINING PROTEIN	2	272	3.1E-35	T	13-08-2026	-	-	-	-
Ninja	76c6a482ff27adcf90a78f49235668d2	273	Coils	Coil	Coil	30	53	-	T	13-08-2026	-	-	-	-
Kobel	433fc9cd450d94c0bbcb0589124b8543	280	PANTHER	PTHR47331	PHD-TYPE DOMAIN-CONTAINING PROTEIN	2	279	4.9E-64	T	13-08-2026	-	-	-	-
Kobel	433fc9cd450d94c0bbcb0589124b8543	280	Pfam	PF03564	Protein of unknown function (DUF1759)	9	150	9.3E-9	T	13-08-2026	IPR005312	Domain of unknown function DUF1759	-	-
CoDi5.3	f68643adca3896235ef6b47ed09c03a8	332	MobiDBLite	mobidb-lite	consensus disorder prediction	311	332	-	T	13-08-2026	-	-	-	-
PyRE1G1	8f179fea5e3aab28f72faa7c42f98e99	308	PANTHER	PTHR47481	-	13	289	8.5E-20	T	13-08-2026	-	-	-	-
PyRE1G1	8f179fea5e3aab28f72faa7c42f98e99	308	SMART	SM00343	c2hcfinal6	255	271	0.005	T	13-08-2026	IPR001878	Zinc finger, CCHC-type	GO:0003676(InterPro)|GO:0008270(InterPro)	Reactome:R-BTA-159231|Reactome:R-BTA-159236|Reactome:R-BTA-72163|Reactome:R-BTA-72165|Reactome:R-BTA-72203|Reactome:R-BTA-73856|Reactome:R-BTA-77595|Reactome:R-BTA-9770562|Reactome:R-CEL-159236|Reactome:R-CEL-72163|Reactome:R-CEL-73856|Reactome:R-DME-159231|Reactome:R-DME-159236|Reactome:R-DME-1834941|Reactome:R-DME-72163|Reactome:R-DME-72165|Reactome:R-DME-72203|Reactome:R-DME-73856|Reactome:R-DME-77595|Reactome:R-DME-8941326|Reactome:R-DME-9770562|Reactome:R-DME-9930044|Reactome:R-DRE-72165|Reactome:R-HSA-1169408|Reactome:R-HSA-159231|Reactome:R-HSA-159236|Reactome:R-HSA-162585|Reactome:R-HSA-162588|Reactome:R-HSA-162592|Reactome:R-HSA-162594|Reactome:R-HSA-164516|Reactome:R-HSA-164525|Reactome:R-HSA-164843|Reactome:R-HSA-168315|Reactome:R-HSA-173107|Reactome:R-HSA-174490|Reactome:R-HSA-174495|Reactome:R-HSA-175474|Reactome:R-HSA-175567|Reactome:R-HSA-177539|Reactome:R-HSA-180689|Reactome:R-HSA-180910|Reactome:R-HSA-429947|Reactome:R-HSA-452723|Reactome:R-HSA-6784531|Reactome:R-HSA-72163|Reactome:R-HSA-72165|Reactome:R-HSA-72187|Reactome:R-HSA-72203|Reactome:R-HSA-73856|Reactome:R-HSA-77595|Reactome:R-HSA-9013422|Reactome:R-HSA-9682706|Reactome:R-HSA-9694686|Reactome:R-HSA-9705671|Reactome:R-HSA-9770562|Reactome:R-HSA-9819196|Reactome:R-HSA-9820865|Reactome:R-HSA-983168|Reactome:R-HSA-9843970|Reactome:R-HSA-9918481|Reactome:R-HSA-9930044|Reactome:R-HSA-9931510|Reactome:R-MMU-159231|Reactome:R-MMU-159236|Reactome:R-MMU-72163|Reactome:R-MMU-72165|Reactome:R-MMU-72187|Reactome:R-MMU-72203|Reactome:R-MMU-73856|Reactome:R-MMU-77595|Reactome:R-MMU-9013422|Reactome:R-MMU-9770562|Reactome:R-MMU-983168|Reactome:R-MMU-9930044|Reactome:R-RNO-159231|Reactome:R-RNO-72165|Reactome:R-RNO-73856|Reactome:R-RNO-77595|Reactome:R-RNO-9770562|Reactome:R-SCE-983168|Reactome:R-SPO-9770562|Reactome:R-SPO-983168|Reactome:R-XTR-77595|Reactome:R-XTR-9770562
PyRE1G1	8f179fea5e3aab28f72faa7c42f98e99	308	MobiDBLite	mobidb-lite	consensus disorder prediction	270	280	-	T	13-08-2026	-	-	-	-
PyRE1G1	8f179fea5e3aab28f72faa7c42f98e99	308	MobiDBLite	mobidb-lite	consensus disorder prediction	270	298	-	T	13-08-2026	-	-	-	-
PyRE1G1	8f179fea5e3aab28f72faa7c42f98e99	308	MobiDBLite	mobidb-lite	consensus disorder prediction	287	297	-	T	13-08-2026	-	-	-	-
PyRE1G1	8f179fea5e3aab28f72faa7c42f98e99	308	Pfam	PF14223	gag-polypeptide of LTR copia-type	27	224	2.0E-20	T	13-08-2026	IPR061502	Copia/RE1/RE2-like, N-terminal domain	-	-
PyRE1G1	8f179fea5e3aab28f72faa7c42f98e99	308	SUPERFAMILY	SSF57756	Retrovirus zinc finger-like domains	244	275	1.66E-5	T	13-08-2026	IPR036875	Zinc finger, CCHC-type superfamily	GO:0003676(InterPro)|GO:0008270(InterPro)	Reactome:R-BTA-159231|Reactome:R-BTA-159236|Reactome:R-BTA-72163|Reactome:R-BTA-72165|Reactome:R-BTA-72203|Reactome:R-BTA-73856|Reactome:R-BTA-77595|Reactome:R-BTA-9770562|Reactome:R-CEL-159236|Reactome:R-CEL-72163|Reactome:R-CEL-73856|Reactome:R-DME-159231|Reactome:R-DME-159236|Reactome:R-DME-1834941|Reactome:R-DME-72163|Reactome:R-DME-72165|Reactome:R-DME-72203|Reactome:R-DME-73856|Reactome:R-DME-77595|Reactome:R-DME-9770562|Reactome:R-DRE-72165|Reactome:R-HSA-1169408|Reactome:R-HSA-159231|Reactome:R-HSA-159236|Reactome:R-HSA-162585|Reactome:R-HSA-162588|Reactome:R-HSA-162592|Reactome:R-HSA-162594|Reactome:R-HSA-164516|Reactome:R-HSA-164525|Reactome:R-HSA-164843|Reactome:R-HSA-168315|Reactome:R-HSA-173107|Reactome:R-HSA-174490|Reactome:R-HSA-174495|Reactome:R-HSA-175474|Reactome:R-HSA-175567|Reactome:R-HSA-177539|Reactome:R-HSA-180689|Reactome:R-HSA-180910|Reactome:R-HSA-429947|Reactome:R-HSA-452723|Reactome:R-HSA-6784531|Reactome:R-HSA-72163|Reactome:R-HSA-72165|Reactome:R-HSA-72187|Reactome:R-HSA-72203|Reactome:R-HSA-73856|Reactome:R-HSA-77595|Reactome:R-HSA-9013422|Reactome:R-HSA-9682706|Reactome:R-HSA-9694686|Reactome:R-HSA-9705671|Reactome:R-HSA-9770562|Reactome:R-HSA-9819196|Reactome:R-HSA-9820865|Reactome:R-HSA-983168|Reactome:R-HSA-9918481|Reactome:R-HSA-9930044|Reactome:R-MMU-159231|Reactome:R-MMU-159236|Reactome:R-MMU-72163|Reactome:R-MMU-72165|Reactome:R-MMU-72187|Reactome:R-MMU-72203|Reactome:R-MMU-73856|Reactome:R-MMU-77595|Reactome:R-MMU-9013422|Reactome:R-MMU-9770562|Reactome:R-MMU-983168|Reactome:R-RNO-159231|Reactome:R-RNO-72165|Reactome:R-RNO-73856|Reactome:R-RNO-77595|Reactome:R-RNO-9770562|Reactome:R-SCE-983168|Reactome:R-SPO-9770562|Reactome:R-SPO-983168|Reactome:R-XTR-77595|Reactome:R-XTR-9770562
PyRE1G1	8f179fea5e3aab28f72faa7c42f98e99	308	ProSiteProfiles	PS50158	Zinc finger CCHC-type profile.	256	271	8.630785	T	13-08-2026	IPR001878	Zinc finger, CCHC-type	GO:0003676(InterPro)|GO:0008270(InterPro)	Reactome:R-BTA-159231|Reactome:R-BTA-159236|Reactome:R-BTA-72163|Reactome:R-BTA-72165|Reactome:R-BTA-72203|Reactome:R-BTA-73856|Reactome:R-BTA-77595|Reactome:R-BTA-9770562|Reactome:R-CEL-159236|Reactome:R-CEL-72163|Reactome:R-CEL-73856|Reactome:R-DME-159231|Reactome:R-DME-159236|Reactome:R-DME-1834941|Reactome:R-DME-72163|Reactome:R-DME-72165|Reactome:R-DME-72203|Reactome:R-DME-73856|Reactome:R-DME-77595|Reactome:R-DME-8941326|Reactome:R-DME-9770562|Reactome:R-DME-9930044|Reactome:R-DRE-72165|Reactome:R-HSA-1169408|Reactome:R-HSA-159231|Reactome:R-HSA-159236|Reactome:R-HSA-162585|Reactome:R-HSA-162588|Reactome:R-HSA-162592|Reactome:R-HSA-162594|Reactome:R-HSA-164516|Reactome:R-HSA-164525|Reactome:R-HSA-164843|Reactome:R-HSA-168315|Reactome:R-HSA-173107|Reactome:R-HSA-174490|Reactome:R-HSA-174495|Reactome:R-HSA-175474|Reactome:R-HSA-175567|Reactome:R-HSA-177539|Reactome:R-HSA-180689|Reactome:R-HSA-180910|Reactome:R-HSA-429947|Reactome:R-HSA-452723|Reactome:R-HSA-6784531|Reactome:R-HSA-72163|Reactome:R-HSA-72165|Reactome:R-HSA-72187|Reactome:R-HSA-72203|Reactome:R-HSA-73856|Reactome:R-HSA-77595|Reactome:R-HSA-9013422|Reactome:R-HSA-9682706|Reactome:R-HSA-9694686|Reactome:R-HSA-9705671|Reactome:R-HSA-9770562|Reactome:R-HSA-9819196|Reactome:R-HSA-9820865|Reactome:R-HSA-983168|Reactome:R-HSA-9843970|Reactome:R-HSA-9918481|Reactome:R-HSA-9930044|Reactome:R-HSA-9931510|Reactome:R-MMU-159231|Reactome:R-MMU-159236|Reactome:R-MMU-72163|Reactome:R-MMU-72165|Reactome:R-MMU-72187|Reactome:R-MMU-72203|Reactome:R-MMU-73856|Reactome:R-MMU-77595|Reactome:R-MMU-9013422|Reactome:R-MMU-9770562|Reactome:R-MMU-983168|Reactome:R-MMU-9930044|Reactome:R-RNO-159231|Reactome:R-RNO-72165|Reactome:R-RNO-73856|Reactome:R-RNO-77595|Reactome:R-RNO-9770562|Reactome:R-SCE-983168|Reactome:R-SPO-9770562|Reactome:R-SPO-983168|Reactome:R-XTR-77595|Reactome:R-XTR-9770562
Mtanga	ba85845b94c6a307e8ee69f93ccafb1f	267	ProSiteProfiles	PS50158	Zinc finger CCHC-type profile.	204	218	10.097754	T	13-08-2026	IPR001878	Zinc finger, CCHC-type	GO:0003676(InterPro)|GO:0008270(InterPro)	Reactome:R-BTA-159231|Reactome:R-BTA-159236|Reactome:R-BTA-72163|Reactome:R-BTA-72165|Reactome:R-BTA-72203|Reactome:R-BTA-73856|Reactome:R-BTA-77595|Reactome:R-BTA-9770562|Reactome:R-CEL-159236|Reactome:R-CEL-72163|Reactome:R-CEL-73856|Reactome:R-DME-159231|Reactome:R-DME-159236|Reactome:R-DME-1834941|Reactome:R-DME-72163|Reactome:R-DME-72165|Reactome:R-DME-72203|Reactome:R-DME-73856|Reactome:R-DME-77595|Reactome:R-DME-8941326|Reactome:R-DME-9770562|Reactome:R-DME-9930044|Reactome:R-DRE-72165|Reactome:R-HSA-1169408|Reactome:R-HSA-159231|Reactome:R-HSA-159236|Reactome:R-HSA-162585|Reactome:R-HSA-162588|Reactome:R-HSA-162592|Reactome:R-HSA-162594|Reactome:R-HSA-164516|Reactome:R-HSA-164525|Reactome:R-HSA-164843|Reactome:R-HSA-168315|Reactome:R-HSA-173107|Reactome:R-HSA-174490|Reactome:R-HSA-174495|Reactome:R-HSA-175474|Reactome:R-HSA-175567|Reactome:R-HSA-177539|Reactome:R-HSA-180689|Reactome:R-HSA-180910|Reactome:R-HSA-429947|Reactome:R-HSA-452723|Reactome:R-HSA-6784531|Reactome:R-HSA-72163|Reactome:R-HSA-72165|Reactome:R-HSA-72187|Reactome:R-HSA-72203|Reactome:R-HSA-73856|Reactome:R-HSA-77595|Reactome:R-HSA-9013422|Reactome:R-HSA-9682706|Reactome:R-HSA-9694686|Reactome:R-HSA-9705671|Reactome:R-HSA-9770562|Reactome:R-HSA-9819196|Reactome:R-HSA-9820865|Reactome:R-HSA-983168|Reactome:R-HSA-9843970|Reactome:R-HSA-9918481|Reactome:R-HSA-9930044|Reactome:R-HSA-9931510|Reactome:R-MMU-159231|Reactome:R-MMU-159236|Reactome:R-MMU-72163|Reactome:R-MMU-72165|Reactome:R-MMU-72187|Reactome:R-MMU-72203|Reactome:R-MMU-73856|Reactome:R-MMU-77595|Reactome:R-MMU-9013422|Reactome:R-MMU-9770562|Reactome:R-MMU-983168|Reactome:R-MMU-9930044|Reactome:R-RNO-159231|Reactome:R-RNO-72165|Reactome:R-RNO-73856|Reactome:R-RNO-77595|Reactome:R-RNO-9770562|Reactome:R-SCE-983168|Reactome:R-SPO-9770562|Reactome:R-SPO-983168|Reactome:R-XTR-77595|Reactome:R-XTR-9770562
Mtanga	ba85845b94c6a307e8ee69f93ccafb1f	267	MobiDBLite	mobidb-lite	consensus disorder prediction	220	231	-	T	13-08-2026	-	-	-	-
Mtanga	ba85845b94c6a307e8ee69f93ccafb1f	267	MobiDBLite	mobidb-lite	consensus disorder prediction	211	267	-	T	13-08-2026	-	-	-	-
Mtanga	ba85845b94c6a307e8ee69f93ccafb1f	267	Gene3D	G3DSA:4.10.60.10	-	178	230	3.2E-7	T	13-08-2026	-	-	-	-
Mtanga	ba85845b94c6a307e8ee69f93ccafb1f	267	PANTHER	PTHR35317	OS04G0629600 PROTEIN	15	213	2.4E-11	T	13-08-2026	-	-	-	-
Mtanga	ba85845b94c6a307e8ee69f93ccafb1f	267	SMART	SM00343	c2hcfinal6	203	219	8.7E-4	T	13-08-2026	IPR001878	Zinc finger, CCHC-type	GO:0003676(InterPro)|GO:0008270(InterPro)	Reactome:R-BTA-159231|Reactome:R-BTA-159236|Reactome:R-BTA-72163|Reactome:R-BTA-72165|Reactome:R-BTA-72203|Reactome:R-BTA-73856|Reactome:R-BTA-77595|Reactome:R-BTA-9770562|Reactome:R-CEL-159236|Reactome:R-CEL-72163|Reactome:R-CEL-73856|Reactome:R-DME-159231|Reactome:R-DME-159236|Reactome:R-DME-1834941|Reactome:R-DME-72163|Reactome:R-DME-72165|Reactome:R-DME-72203|Reactome:R-DME-73856|Reactome:R-DME-77595|Reactome:R-DME-8941326|Reactome:R-DME-9770562|Reactome:R-DME-9930044|Reactome:R-DRE-72165|Reactome:R-HSA-1169408|Reactome:R-HSA-159231|Reactome:R-HSA-159236|Reactome:R-HSA-162585|Reactome:R-HSA-162588|Reactome:R-HSA-162592|Reactome:R-HSA-162594|Reactome:R-HSA-164516|Reactome:R-HSA-164525|Reactome:R-HSA-164843|Reactome:R-HSA-168315|Reactome:R-HSA-173107|Reactome:R-HSA-174490|Reactome:R-HSA-174495|Reactome:R-HSA-175474|Reactome:R-HSA-175567|Reactome:R-HSA-177539|Reactome:R-HSA-180689|Reactome:R-HSA-180910|Reactome:R-HSA-429947|Reactome:R-HSA-452723|Reactome:R-HSA-6784531|Reactome:R-HSA-72163|Reactome:R-HSA-72165|Reactome:R-HSA-72187|Reactome:R-HSA-72203|Reactome:R-HSA-73856|Reactome:R-HSA-77595|Reactome:R-HSA-9013422|Reactome:R-HSA-9682706|Reactome:R-HSA-9694686|Reactome:R-HSA-9705671|Reactome:R-HSA-9770562|Reactome:R-HSA-9819196|Reactome:R-HSA-9820865|Reactome:R-HSA-983168|Reactome:R-HSA-9843970|Reactome:R-HSA-9918481|Reactome:R-HSA-9930044|Reactome:R-HSA-9931510|Reactome:R-MMU-159231|Reactome:R-MMU-159236|Reactome:R-MMU-72163|Reactome:R-MMU-72165|Reactome:R-MMU-72187|Reactome:R-MMU-72203|Reactome:R-MMU-73856|Reactome:R-MMU-77595|Reactome:R-MMU-9013422|Reactome:R-MMU-9770562|Reactome:R-MMU-983168|Reactome:R-MMU-9930044|Reactome:R-RNO-159231|Reactome:R-RNO-72165|Reactome:R-RNO-73856|Reactome:R-RNO-77595|Reactome:R-RNO-9770562|Reactome:R-SCE-983168|Reactome:R-SPO-9770562|Reactome:R-SPO-983168|Reactome:R-XTR-77595|Reactome:R-XTR-9770562
Mtanga	ba85845b94c6a307e8ee69f93ccafb1f	267	Pfam	PF14223	gag-polypeptide of LTR copia-type	23	187	1.2E-31	T	13-08-2026	IPR061502	Copia/RE1/RE2-like, N-terminal domain	-	-
Mtanga	ba85845b94c6a307e8ee69f93ccafb1f	267	Pfam	PF00098	Zinc knuckle	202	218	0.017	T	13-08-2026	IPR001878	Zinc finger, CCHC-type	GO:0003676(InterPro)|GO:0008270(InterPro)	Reactome:R-BTA-159231|Reactome:R-BTA-159236|Reactome:R-BTA-72163|Reactome:R-BTA-72165|Reactome:R-BTA-72203|Reactome:R-BTA-73856|Reactome:R-BTA-77595|Reactome:R-BTA-9770562|Reactome:R-CEL-159236|Reactome:R-CEL-72163|Reactome:R-CEL-73856|Reactome:R-DME-159231|Reactome:R-DME-159236|Reactome:R-DME-1834941|Reactome:R-DME-72163|Reactome:R-DME-72165|Reactome:R-DME-72203|Reactome:R-DME-73856|Reactome:R-DME-77595|Reactome:R-DME-8941326|Reactome:R-DME-9770562|Reactome:R-DME-9930044|Reactome:R-DRE-72165|Reactome:R-HSA-1169408|Reactome:R-HSA-159231|Reactome:R-HSA-159236|Reactome:R-HSA-162585|Reactome:R-HSA-162588|Reactome:R-HSA-162592|Reactome:R-HSA-162594|Reactome:R-HSA-164516|Reactome:R-HSA-164525|Reactome:R-HSA-164843|Reactome:R-HSA-168315|Reactome:R-HSA-173107|Reactome:R-HSA-174490|Reactome:R-HSA-174495|Reactome:R-HSA-175474|Reactome:R-HSA-175567|Reactome:R-HSA-177539|Reactome:R-HSA-180689|Reactome:R-HSA-180910|Reactome:R-HSA-429947|Reactome:R-HSA-452723|Reactome:R-HSA-6784531|Reactome:R-HSA-72163|Reactome:R-HSA-72165|Reactome:R-HSA-72187|Reactome:R-HSA-72203|Reactome:R-HSA-73856|Reactome:R-HSA-77595|Reactome:R-HSA-9013422|Reactome:R-HSA-9682706|Reactome:R-HSA-9694686|Reactome:R-HSA-9705671|Reactome:R-HSA-9770562|Reactome:R-HSA-9819196|Reactome:R-HSA-9820865|Reactome:R-HSA-983168|Reactome:R-HSA-9843970|Reactome:R-HSA-9918481|Reactome:R-HSA-9930044|Reactome:R-HSA-9931510|Reactome:R-MMU-159231|Reactome:R-MMU-159236|Reactome:R-MMU-72163|Reactome:R-MMU-72165|Reactome:R-MMU-72187|Reactome:R-MMU-72203|Reactome:R-MMU-73856|Reactome:R-MMU-77595|Reactome:R-MMU-9013422|Reactome:R-MMU-9770562|Reactome:R-MMU-983168|Reactome:R-MMU-9930044|Reactome:R-RNO-159231|Reactome:R-RNO-72165|Reactome:R-RNO-73856|Reactome:R-RNO-77595|Reactome:R-RNO-9770562|Reactome:R-SCE-983168|Reactome:R-SPO-9770562|Reactome:R-SPO-983168|Reactome:R-XTR-77595|Reactome:R-XTR-9770562
Mtanga	ba85845b94c6a307e8ee69f93ccafb1f	267	SUPERFAMILY	SSF57756	Retrovirus zinc finger-like domains	198	223	3.59E-7	T	13-08-2026	IPR036875	Zinc finger, CCHC-type superfamily	GO:0003676(InterPro)|GO:0008270(InterPro)	Reactome:R-BTA-159231|Reactome:R-BTA-159236|Reactome:R-BTA-72163|Reactome:R-BTA-72165|Reactome:R-BTA-72203|Reactome:R-BTA-73856|Reactome:R-BTA-77595|Reactome:R-BTA-9770562|Reactome:R-CEL-159236|Reactome:R-CEL-72163|Reactome:R-CEL-73856|Reactome:R-DME-159231|Reactome:R-DME-159236|Reactome:R-DME-1834941|Reactome:R-DME-72163|Reactome:R-DME-72165|Reactome:R-DME-72203|Reactome:R-DME-73856|Reactome:R-DME-77595|Reactome:R-DME-9770562|Reactome:R-DRE-72165|Reactome:R-HSA-1169408|Reactome:R-HSA-159231|Reactome:R-HSA-159236|Reactome:R-HSA-162585|Reactome:R-HSA-162588|Reactome:R-HSA-162592|Reactome:R-HSA-162594|Reactome:R-HSA-164516|Reactome:R-HSA-164525|Reactome:R-HSA-164843|Reactome:R-HSA-168315|Reactome:R-HSA-173107|Reactome:R-HSA-174490|Reactome:R-HSA-174495|Reactome:R-HSA-175474|Reactome:R-HSA-175567|Reactome:R-HSA-177539|Reactome:R-HSA-180689|Reactome:R-HSA-180910|Reactome:R-HSA-429947|Reactome:R-HSA-452723|Reactome:R-HSA-6784531|Reactome:R-HSA-72163|Reactome:R-HSA-72165|Reactome:R-HSA-72187|Reactome:R-HSA-72203|Reactome:R-HSA-73856|Reactome:R-HSA-77595|Reactome:R-HSA-9013422|Reactome:R-HSA-9682706|Reactome:R-HSA-9694686|Reactome:R-HSA-9705671|Reactome:R-HSA-9770562|Reactome:R-HSA-9819196|Reactome:R-HSA-9820865|Reactome:R-HSA-983168|Reactome:R-HSA-9918481|Reactome:R-HSA-9930044|Reactome:R-MMU-159231|Reactome:R-MMU-159236|Reactome:R-MMU-72163|Reactome:R-MMU-72165|Reactome:R-MMU-72187|Reactome:R-MMU-72203|Reactome:R-MMU-73856|Reactome:R-MMU-77595|Reactome:R-MMU-9013422|Reactome:R-MMU-9770562|Reactome:R-MMU-983168|Reactome:R-RNO-159231|Reactome:R-RNO-72165|Reactome:R-RNO-73856|Reactome:R-RNO-77595|Reactome:R-RNO-9770562|Reactome:R-SCE-983168|Reactome:R-SPO-9770562|Reactome:R-SPO-983168|Reactome:R-XTR-77595|Reactome:R-XTR-9770562
Poco	919412ee52d47b395cbee9e4fb16b3c7	309	Pfam	PF14223	gag-polypeptide of LTR copia-type	26	202	3.5E-32	T	13-08-2026	IPR061502	Copia/RE1/RE2-like, N-terminal domain	-	-
Poco	919412ee52d47b395cbee9e4fb16b3c7	309	SUPERFAMILY	SSF57756	Retrovirus zinc finger-like domains	249	284	1.98E-6	T	13-08-2026	IPR036875	Zinc finger, CCHC-type superfamily	GO:0003676(InterPro)|GO:0008270(InterPro)	Reactome:R-BTA-159231|Reactome:R-BTA-159236|Reactome:R-BTA-72163|Reactome:R-BTA-72165|Reactome:R-BTA-72203|Reactome:R-BTA-73856|Reactome:R-BTA-77595|Reactome:R-BTA-9770562|Reactome:R-CEL-159236|Reactome:R-CEL-72163|Reactome:R-CEL-73856|Reactome:R-DME-159231|Reactome:R-DME-159236|Reactome:R-DME-1834941|Reactome:R-DME-72163|Reactome:R-DME-72165|Reactome:R-DME-72203|Reactome:R-DME-73856|Reactome:R-DME-77595|Reactome:R-DME-9770562|Reactome:R-DRE-72165|Reactome:R-HSA-1169408|Reactome:R-HSA-159231|Reactome:R-HSA-159236|Reactome:R-HSA-162585|Reactome:R-HSA-162588|Reactome:R-HSA-162592|Reactome:R-HSA-162594|Reactome:R-HSA-164516|Reactome:R-HSA-164525|Reactome:R-HSA-164843|Reactome:R-HSA-168315|Reactome:R-HSA-173107|Reactome:R-HSA-174490|Reactome:R-HSA-174495|Reactome:R-HSA-175474|Reactome:R-HSA-175567|Reactome:R-HSA-177539|Reactome:R-HSA-180689|Reactome:R-HSA-180910|Reactome:R-HSA-429947|Reactome:R-HSA-452723|Reactome:R-HSA-6784531|Reactome:R-HSA-72163|Reactome:R-HSA-72165|Reactome:R-HSA-72187|Reactome:R-HSA-72203|Reactome:R-HSA-73856|Reactome:R-HSA-77595|Reactome:R-HSA-9013422|Reactome:R-HSA-9682706|Reactome:R-HSA-9694686|Reactome:R-HSA-9705671|Reactome:R-HSA-9770562|Reactome:R-HSA-9819196|Reactome:R-HSA-9820865|Reactome:R-HSA-983168|Reactome:R-HSA-9918481|Reactome:R-HSA-9930044|Reactome:R-MMU-159231|Reactome:R-MMU-159236|Reactome:R-MMU-72163|Reactome:R-MMU-72165|Reactome:R-MMU-72187|Reactome:R-MMU-72203|Reactome:R-MMU-73856|Reactome:R-MMU-77595|Reactome:R-MMU-9013422|Reactome:R-MMU-9770562|Reactome:R-MMU-983168|Reactome:R-RNO-159231|Reactome:R-RNO-72165|Reactome:R-RNO-73856|Reactome:R-RNO-77595|Reactome:R-RNO-9770562|Reactome:R-SCE-983168|Reactome:R-SPO-9770562|Reactome:R-SPO-983168|Reactome:R-XTR-77595|Reactome:R-XTR-9770562
Poco	919412ee52d47b395cbee9e4fb16b3c7	309	Gene3D	G3DSA:4.10.60.10	-	216	292	1.1E-5	T	13-08-2026	-	-	-	-
Poco	919412ee52d47b395cbee9e4fb16b3c7	309	PANTHER	PTHR35317	OS04G0629600 PROTEIN	10	278	2.6E-69	T	13-08-2026	-	-	-	-
EFV	62af3d95aab3f3f8710aac0721d0372f	559	MobiDBLite	mobidb-lite	consensus disorder prediction	477	488	-	T	13-08-2026	-	-	-	-
EFV	62af3d95aab3f3f8710aac0721d0372f	559	MobiDBLite	mobidb-lite	consensus disorder prediction	166	196	-	T	13-08-2026	-	-	-	-
EFV	62af3d95aab3f3f8710aac0721d0372f	559	Pfam	PF03276	Spumavirus gag protein, N-terminal	26	125	7.8E-12	T	13-08-2026	IPR004957	Gag polyprotein, N-terminal domain	GO:0019028(InterPro)|GO:0019076(InterPro)|GO:0030430(InterPro)|GO:0042025(InterPro)|GO:0044163(InterPro)|GO:0046718(InterPro)|GO:0075521(InterPro)	-
EFV	62af3d95aab3f3f8710aac0721d0372f	559	MobiDBLite	mobidb-lite	consensus disorder prediction	385	559	-	T	13-08-2026	-	-	-	-
EFV	62af3d95aab3f3f8710aac0721d0372f	559	MobiDBLite	mobidb-lite	consensus disorder prediction	522	559	-	T	13-08-2026	-	-	-	-
EFV	62af3d95aab3f3f8710aac0721d0372f	559	MobiDBLite	mobidb-lite	consensus disorder prediction	433	463	-	T	13-08-2026	-	-	-	-
EFV	62af3d95aab3f3f8710aac0721d0372f	559	Pfam	PF20673	Spumavirus Gag polyprotein, C-terminal	403	502	3.1E-9	T	13-08-2026	IPR049099	Gag polyprotein, C-terminal	-	-
EFV	62af3d95aab3f3f8710aac0721d0372f	559	Pfam	PF20672	Spumavirus Gag polyprotein, conserved central domain	215	384	1.9E-72	T	13-08-2026	-	-	-	-
EFV	62af3d95aab3f3f8710aac0721d0372f	559	MobiDBLite	mobidb-lite	consensus disorder prediction	501	516	-	T	13-08-2026	-	-	-	-
EFV	62af3d95aab3f3f8710aac0721d0372f	559	MobiDBLite	mobidb-lite	consensus disorder prediction	169	196	-	T	13-08-2026	-	-	-	-
Hydra1-1	dcdc4084c83fa380d587197544b41293	257	Pfam	PF14223	gag-polypeptide of LTR copia-type	57	190	1.6E-13	T	13-08-2026	IPR061502	Copia/RE1/RE2-like, N-terminal domain	-	-
Hydra1-1	dcdc4084c83fa380d587197544b41293	257	PANTHER	PTHR47481	-	17	211	1.2E-16	T	13-08-2026	-	-	-	-
Hydra1-1	dcdc4084c83fa380d587197544b41293	257	Gene3D	G3DSA:4.10.60.10	-	189	257	3.1E-6	T	13-08-2026	-	-	-	-
Hydra1-1	dcdc4084c83fa380d587197544b41293	257	ProSiteProfiles	PS50158	Zinc finger CCHC-type profile.	221	234	9.30658	T	13-08-2026	IPR001878	Zinc finger, CCHC-type	GO:0003676(InterPro)|GO:0008270(InterPro)	Reactome:R-BTA-159231|Reactome:R-BTA-159236|Reactome:R-BTA-72163|Reactome:R-BTA-72165|Reactome:R-BTA-72203|Reactome:R-BTA-73856|Reactome:R-BTA-77595|Reactome:R-BTA-9770562|Reactome:R-CEL-159236|Reactome:R-CEL-72163|Reactome:R-CEL-73856|Reactome:R-DME-159231|Reactome:R-DME-159236|Reactome:R-DME-1834941|Reactome:R-DME-72163|Reactome:R-DME-72165|Reactome:R-DME-72203|Reactome:R-DME-73856|Reactome:R-DME-77595|Reactome:R-DME-8941326|Reactome:R-DME-9770562|Reactome:R-DME-9930044|Reactome:R-DRE-72165|Reactome:R-HSA-1169408|Reactome:R-HSA-159231|Reactome:R-HSA-159236|Reactome:R-HSA-162585|Reactome:R-HSA-162588|Reactome:R-HSA-162592|Reactome:R-HSA-162594|Reactome:R-HSA-164516|Reactome:R-HSA-164525|Reactome:R-HSA-164843|Reactome:R-HSA-168315|Reactome:R-HSA-173107|Reactome:R-HSA-174490|Reactome:R-HSA-174495|Reactome:R-HSA-175474|Reactome:R-HSA-175567|Reactome:R-HSA-177539|Reactome:R-HSA-180689|Reactome:R-HSA-180910|Reactome:R-HSA-429947|Reactome:R-HSA-452723|Reactome:R-HSA-6784531|Reactome:R-HSA-72163|Reactome:R-HSA-72165|Reactome:R-HSA-72187|Reactome:R-HSA-72203|Reactome:R-HSA-73856|Reactome:R-HSA-77595|Reactome:R-HSA-9013422|Reactome:R-HSA-9682706|Reactome:R-HSA-9694686|Reactome:R-HSA-9705671|Reactome:R-HSA-9770562|Reactome:R-HSA-9819196|Reactome:R-HSA-9820865|Reactome:R-HSA-983168|Reactome:R-HSA-9843970|Reactome:R-HSA-9918481|Reactome:R-HSA-9930044|Reactome:R-HSA-9931510|Reactome:R-MMU-159231|Reactome:R-MMU-159236|Reactome:R-MMU-72163|Reactome:R-MMU-72165|Reactome:R-MMU-72187|Reactome:R-MMU-72203|Reactome:R-MMU-73856|Reactome:R-MMU-77595|Reactome:R-MMU-9013422|Reactome:R-MMU-9770562|Reactome:R-MMU-983168|Reactome:R-MMU-9930044|Reactome:R-RNO-159231|Reactome:R-RNO-72165|Reactome:R-RNO-73856|Reactome:R-RNO-77595|Reactome:R-RNO-9770562|Reactome:R-SCE-983168|Reactome:R-SPO-9770562|Reactome:R-SPO-983168|Reactome:R-XTR-77595|Reactome:R-XTR-9770562
Hydra1-1	dcdc4084c83fa380d587197544b41293	257	Pfam	PF00098	Zinc knuckle	220	235	0.2	T	13-08-2026	IPR001878	Zinc finger, CCHC-type	GO:0003676(InterPro)|GO:0008270(InterPro)	Reactome:R-BTA-159231|Reactome:R-BTA-159236|Reactome:R-BTA-72163|Reactome:R-BTA-72165|Reactome:R-BTA-72203|Reactome:R-BTA-73856|Reactome:R-BTA-77595|Reactome:R-BTA-9770562|Reactome:R-CEL-159236|Reactome:R-CEL-72163|Reactome:R-CEL-73856|Reactome:R-DME-159231|Reactome:R-DME-159236|Reactome:R-DME-1834941|Reactome:R-DME-72163|Reactome:R-DME-72165|Reactome:R-DME-72203|Reactome:R-DME-73856|Reactome:R-DME-77595|Reactome:R-DME-8941326|Reactome:R-DME-9770562|Reactome:R-DME-9930044|Reactome:R-DRE-72165|Reactome:R-HSA-1169408|Reactome:R-HSA-159231|Reactome:R-HSA-159236|Reactome:R-HSA-162585|Reactome:R-HSA-162588|Reactome:R-HSA-162592|Reactome:R-HSA-162594|Reactome:R-HSA-164516|Reactome:R-HSA-164525|Reactome:R-HSA-164843|Reactome:R-HSA-168315|Reactome:R-HSA-173107|Reactome:R-HSA-174490|Reactome:R-HSA-174495|Reactome:R-HSA-175474|Reactome:R-HSA-175567|Reactome:R-HSA-177539|Reactome:R-HSA-180689|Reactome:R-HSA-180910|Reactome:R-HSA-429947|Reactome:R-HSA-452723|Reactome:R-HSA-6784531|Reactome:R-HSA-72163|Reactome:R-HSA-72165|Reactome:R-HSA-72187|Reactome:R-HSA-72203|Reactome:R-HSA-73856|Reactome:R-HSA-77595|Reactome:R-HSA-9013422|Reactome:R-HSA-9682706|Reactome:R-HSA-9694686|Reactome:R-HSA-9705671|Reactome:R-HSA-9770562|Reactome:R-HSA-9819196|Reactome:R-HSA-9820865|Reactome:R-HSA-983168|Reactome:R-HSA-9843970|Reactome:R-HSA-9918481|Reactome:R-HSA-9930044|Reactome:R-HSA-9931510|Reactome:R-MMU-159231|Reactome:R-MMU-159236|Reactome:R-MMU-72163|Reactome:R-MMU-72165|Reactome:R-MMU-72187|Reactome:R-MMU-72203|Reactome:R-MMU-73856|Reactome:R-MMU-77595|Reactome:R-MMU-9013422|Reactome:R-MMU-9770562|Reactome:R-MMU-983168|Reactome:R-MMU-9930044|Reactome:R-RNO-159231|Reactome:R-RNO-72165|Reactome:R-RNO-73856|Reactome:R-RNO-77595|Reactome:R-RNO-9770562|Reactome:R-SCE-983168|Reactome:R-SPO-9770562|Reactome:R-SPO-983168|Reactome:R-XTR-77595|Reactome:R-XTR-9770562
Hydra1-1	dcdc4084c83fa380d587197544b41293	257	SUPERFAMILY	SSF57756	Retrovirus zinc finger-like domains	214	257	1.67E-6	T	13-08-2026	IPR036875	Zinc finger, CCHC-type superfamily	GO:0003676(InterPro)|GO:0008270(InterPro)	Reactome:R-BTA-159231|Reactome:R-BTA-159236|Reactome:R-BTA-72163|Reactome:R-BTA-72165|Reactome:R-BTA-72203|Reactome:R-BTA-73856|Reactome:R-BTA-77595|Reactome:R-BTA-9770562|Reactome:R-CEL-159236|Reactome:R-CEL-72163|Reactome:R-CEL-73856|Reactome:R-DME-159231|Reactome:R-DME-159236|Reactome:R-DME-1834941|Reactome:R-DME-72163|Reactome:R-DME-72165|Reactome:R-DME-72203|Reactome:R-DME-73856|Reactome:R-DME-77595|Reactome:R-DME-9770562|Reactome:R-DRE-72165|Reactome:R-HSA-1169408|Reactome:R-HSA-159231|Reactome:R-HSA-159236|Reactome:R-HSA-162585|Reactome:R-HSA-162588|Reactome:R-HSA-162592|Reactome:R-HSA-162594|Reactome:R-HSA-164516|Reactome:R-HSA-164525|Reactome:R-HSA-164843|Reactome:R-HSA-168315|Reactome:R-HSA-173107|Reactome:R-HSA-174490|Reactome:R-HSA-174495|Reactome:R-HSA-175474|Reactome:R-HSA-175567|Reactome:R-HSA-177539|Reactome:R-HSA-180689|Reactome:R-HSA-180910|Reactome:R-HSA-429947|Reactome:R-HSA-452723|Reactome:R-HSA-6784531|Reactome:R-HSA-72163|Reactome:R-HSA-72165|Reactome:R-HSA-72187|Reactome:R-HSA-72203|Reactome:R-HSA-73856|Reactome:R-HSA-77595|Reactome:R-HSA-9013422|Reactome:R-HSA-9682706|Reactome:R-HSA-9694686|Reactome:R-HSA-9705671|Reactome:R-HSA-9770562|Reactome:R-HSA-9819196|Reactome:R-HSA-9820865|Reactome:R-HSA-983168|Reactome:R-HSA-9918481|Reactome:R-HSA-9930044|Reactome:R-MMU-159231|Reactome:R-MMU-159236|Reactome:R-MMU-72163|Reactome:R-MMU-72165|Reactome:R-MMU-72187|Reactome:R-MMU-72203|Reactome:R-MMU-73856|Reactome:R-MMU-77595|Reactome:R-MMU-9013422|Reactome:R-MMU-9770562|Reactome:R-MMU-983168|Reactome:R-RNO-159231|Reactome:R-RNO-72165|Reactome:R-RNO-73856|Reactome:R-RNO-77595|Reactome:R-RNO-9770562|Reactome:R-SCE-983168|Reactome:R-SPO-9770562|Reactome:R-SPO-983168|Reactome:R-XTR-77595|Reactome:R-XTR-9770562
ZFERV-2	6c204646c914e598945dc3fdee5590bb	588	Coils	Coil	Coil	434	456	-	T	13-08-2026	-	-	-	-
ZFERV-2	6c204646c914e598945dc3fdee5590bb	588	ProSiteProfiles	PS50158	Zinc finger CCHC-type profile.	540	553	8.713199	T	13-08-2026	IPR001878	Zinc finger, CCHC-type	GO:0003676(InterPro)|GO:0008270(InterPro)	Reactome:R-BTA-159231|Reactome:R-BTA-159236|Reactome:R-BTA-72163|Reactome:R-BTA-72165|Reactome:R-BTA-72203|Reactome:R-BTA-73856|Reactome:R-BTA-77595|Reactome:R-BTA-9770562|Reactome:R-CEL-159236|Reactome:R-CEL-72163|Reactome:R-CEL-73856|Reactome:R-DME-159231|Reactome:R-DME-159236|Reactome:R-DME-1834941|Reactome:R-DME-72163|Reactome:R-DME-72165|Reactome:R-DME-72203|Reactome:R-DME-73856|Reactome:R-DME-77595|Reactome:R-DME-8941326|Reactome:R-DME-9770562|Reactome:R-DME-9930044|Reactome:R-DRE-72165|Reactome:R-HSA-1169408|Reactome:R-HSA-159231|Reactome:R-HSA-159236|Reactome:R-HSA-162585|Reactome:R-HSA-162588|Reactome:R-HSA-162592|Reactome:R-HSA-162594|Reactome:R-HSA-164516|Reactome:R-HSA-164525|Reactome:R-HSA-164843|Reactome:R-HSA-168315|Reactome:R-HSA-173107|Reactome:R-HSA-174490|Reactome:R-HSA-174495|Reactome:R-HSA-175474|Reactome:R-HSA-175567|Reactome:R-HSA-177539|Reactome:R-HSA-180689|Reactome:R-HSA-180910|Reactome:R-HSA-429947|Reactome:R-HSA-452723|Reactome:R-HSA-6784531|Reactome:R-HSA-72163|Reactome:R-HSA-72165|Reactome:R-HSA-72187|Reactome:R-HSA-72203|Reactome:R-HSA-73856|Reactome:R-HSA-77595|Reactome:R-HSA-9013422|Reactome:R-HSA-9682706|Reactome:R-HSA-9694686|Reactome:R-HSA-9705671|Reactome:R-HSA-9770562|Reactome:R-HSA-9819196|Reactome:R-HSA-9820865|Reactome:R-HSA-983168|Reactome:R-HSA-9843970|Reactome:R-HSA-9918481|Reactome:R-HSA-9930044|Reactome:R-HSA-9931510|Reactome:R-MMU-159231|Reactome:R-MMU-159236|Reactome:R-MMU-72163|Reactome:R-MMU-72165|Reactome:R-MMU-72187|Reactome:R-MMU-72203|Reactome:R-MMU-73856|Reactome:R-MMU-77595|Reactome:R-MMU-9013422|Reactome:R-MMU-9770562|Reactome:R-MMU-983168|Reactome:R-MMU-9930044|Reactome:R-RNO-159231|Reactome:R-RNO-72165|Reactome:R-RNO-73856|Reactome:R-RNO-77595|Reactome:R-RNO-9770562|Reactome:R-SCE-983168|Reactome:R-SPO-9770562|Reactome:R-SPO-983168|Reactome:R-XTR-77595|Reactome:R-XTR-9770562
ZFERV-2	6c204646c914e598945dc3fdee5590bb	588	MobiDBLite	mobidb-lite	consensus disorder prediction	180	206	-	T	13-08-2026	-	-	-	-
ZFERV-2	6c204646c914e598945dc3fdee5590bb	588	MobiDBLite	mobidb-lite	consensus disorder prediction	419	439	-	T	13-08-2026	-	-	-	-
ZFERV-2	6c204646c914e598945dc3fdee5590bb	588	MobiDBLite	mobidb-lite	consensus disorder prediction	37	59	-	T	13-08-2026	-	-	-	-
ZFERV-2	6c204646c914e598945dc3fdee5590bb	588	MobiDBLite	mobidb-lite	consensus disorder prediction	552	588	-	T	13-08-2026	-	-	-	-
ZFERV-2	6c204646c914e598945dc3fdee5590bb	588	MobiDBLite	mobidb-lite	consensus disorder prediction	37	51	-	T	13-08-2026	-	-	-	-
ZFERV-2	6c204646c914e598945dc3fdee5590bb	588	Coils	Coil	Coil	28	51	-	T	13-08-2026	-	-	-	-
CoDi6.6	50a869c0edda797d026598565da45cba	526	MobiDBLite	mobidb-lite	consensus disorder prediction	406	416	-	T	13-08-2026	-	-	-	-
CoDi6.6	50a869c0edda797d026598565da45cba	526	MobiDBLite	mobidb-lite	consensus disorder prediction	473	500	-	T	13-08-2026	-	-	-	-
CoDi6.6	50a869c0edda797d026598565da45cba	526	MobiDBLite	mobidb-lite	consensus disorder prediction	386	400	-	T	13-08-2026	-	-	-	-
CoDi6.6	50a869c0edda797d026598565da45cba	526	MobiDBLite	mobidb-lite	consensus disorder prediction	482	497	-	T	13-08-2026	-	-	-	-
CoDi6.6	50a869c0edda797d026598565da45cba	526	MobiDBLite	mobidb-lite	consensus disorder prediction	379	429	-	T	13-08-2026	-	-	-	-
CoDi6.1	3c4a19b3c83566b0dad3287f864cccf4	482	MobiDBLite	mobidb-lite	consensus disorder prediction	385	408	-	T	13-08-2026	-	-	-	-
CoDi6.1	3c4a19b3c83566b0dad3287f864cccf4	482	Coils	Coil	Coil	330	350	-	T	13-08-2026	-	-	-	-
CoDi6.1	3c4a19b3c83566b0dad3287f864cccf4	482	MobiDBLite	mobidb-lite	consensus disorder prediction	361	377	-	T	13-08-2026	-	-	-	-
CoDi6.1	3c4a19b3c83566b0dad3287f864cccf4	482	MobiDBLite	mobidb-lite	consensus disorder prediction	354	415	-	T	13-08-2026	-	-	-	-
Hydra1-2	a6ed0335eaf941ee028d5df3b380aea6	288	SUPERFAMILY	SSF57756	Retrovirus zinc finger-like domains	212	247	1.65E-6	T	13-08-2026	IPR036875	Zinc finger, CCHC-type superfamily	GO:0003676(InterPro)|GO:0008270(InterPro)	Reactome:R-BTA-159231|Reactome:R-BTA-159236|Reactome:R-BTA-72163|Reactome:R-BTA-72165|Reactome:R-BTA-72203|Reactome:R-BTA-73856|Reactome:R-BTA-77595|Reactome:R-BTA-9770562|Reactome:R-CEL-159236|Reactome:R-CEL-72163|Reactome:R-CEL-73856|Reactome:R-DME-159231|Reactome:R-DME-159236|Reactome:R-DME-1834941|Reactome:R-DME-72163|Reactome:R-DME-72165|Reactome:R-DME-72203|Reactome:R-DME-73856|Reactome:R-DME-77595|Reactome:R-DME-9770562|Reactome:R-DRE-72165|Reactome:R-HSA-1169408|Reactome:R-HSA-159231|Reactome:R-HSA-159236|Reactome:R-HSA-162585|Reactome:R-HSA-162588|Reactome:R-HSA-162592|Reactome:R-HSA-162594|Reactome:R-HSA-164516|Reactome:R-HSA-164525|Reactome:R-HSA-164843|Reactome:R-HSA-168315|Reactome:R-HSA-173107|Reactome:R-HSA-174490|Reactome:R-HSA-174495|Reactome:R-HSA-175474|Reactome:R-HSA-175567|Reactome:R-HSA-177539|Reactome:R-HSA-180689|Reactome:R-HSA-180910|Reactome:R-HSA-429947|Reactome:R-HSA-452723|Reactome:R-HSA-6784531|Reactome:R-HSA-72163|Reactome:R-HSA-72165|Reactome:R-HSA-72187|Reactome:R-HSA-72203|Reactome:R-HSA-73856|Reactome:R-HSA-77595|Reactome:R-HSA-9013422|Reactome:R-HSA-9682706|Reactome:R-HSA-9694686|Reactome:R-HSA-9705671|Reactome:R-HSA-9770562|Reactome:R-HSA-9819196|Reactome:R-HSA-9820865|Reactome:R-HSA-983168|Reactome:R-HSA-9918481|Reactome:R-HSA-9930044|Reactome:R-MMU-159231|Reactome:R-MMU-159236|Reactome:R-MMU-72163|Reactome:R-MMU-72165|Reactome:R-MMU-72187|Reactome:R-MMU-72203|Reactome:R-MMU-73856|Reactome:R-MMU-77595|Reactome:R-MMU-9013422|Reactome:R-MMU-9770562|Reactome:R-MMU-983168|Reactome:R-RNO-159231|Reactome:R-RNO-72165|Reactome:R-RNO-73856|Reactome:R-RNO-77595|Reactome:R-RNO-9770562|Reactome:R-SCE-983168|Reactome:R-SPO-9770562|Reactome:R-SPO-983168|Reactome:R-XTR-77595|Reactome:R-XTR-9770562
Hydra1-2	a6ed0335eaf941ee028d5df3b380aea6	288	MobiDBLite	mobidb-lite	consensus disorder prediction	268	282	-	T	13-08-2026	-	-	-	-
Hydra1-2	a6ed0335eaf941ee028d5df3b380aea6	288	MobiDBLite	mobidb-lite	consensus disorder prediction	268	288	-	T	13-08-2026	-	-	-	-
Hydra1-2	a6ed0335eaf941ee028d5df3b380aea6	288	Pfam	PF00098	Zinc knuckle	230	246	0.26	T	13-08-2026	IPR001878	Zinc finger, CCHC-type	GO:0003676(InterPro)|GO:0008270(InterPro)	Reactome:R-BTA-159231|Reactome:R-BTA-159236|Reactome:R-BTA-72163|Reactome:R-BTA-72165|Reactome:R-BTA-72203|Reactome:R-BTA-73856|Reactome:R-BTA-77595|Reactome:R-BTA-9770562|Reactome:R-CEL-159236|Reactome:R-CEL-72163|Reactome:R-CEL-73856|Reactome:R-DME-159231|Reactome:R-DME-159236|Reactome:R-DME-1834941|Reactome:R-DME-72163|Reactome:R-DME-72165|Reactome:R-DME-72203|Reactome:R-DME-73856|Reactome:R-DME-77595|Reactome:R-DME-8941326|Reactome:R-DME-9770562|Reactome:R-DME-9930044|Reactome:R-DRE-72165|Reactome:R-HSA-1169408|Reactome:R-HSA-159231|Reactome:R-HSA-159236|Reactome:R-HSA-162585|Reactome:R-HSA-162588|Reactome:R-HSA-162592|Reactome:R-HSA-162594|Reactome:R-HSA-164516|Reactome:R-HSA-164525|Reactome:R-HSA-164843|Reactome:R-HSA-168315|Reactome:R-HSA-173107|Reactome:R-HSA-174490|Reactome:R-HSA-174495|Reactome:R-HSA-175474|Reactome:R-HSA-175567|Reactome:R-HSA-177539|Reactome:R-HSA-180689|Reactome:R-HSA-180910|Reactome:R-HSA-429947|Reactome:R-HSA-452723|Reactome:R-HSA-6784531|Reactome:R-HSA-72163|Reactome:R-HSA-72165|Reactome:R-HSA-72187|Reactome:R-HSA-72203|Reactome:R-HSA-73856|Reactome:R-HSA-77595|Reactome:R-HSA-9013422|Reactome:R-HSA-9682706|Reactome:R-HSA-9694686|Reactome:R-HSA-9705671|Reactome:R-HSA-9770562|Reactome:R-HSA-9819196|Reactome:R-HSA-9820865|Reactome:R-HSA-983168|Reactome:R-HSA-9843970|Reactome:R-HSA-9918481|Reactome:R-HSA-9930044|Reactome:R-HSA-9931510|Reactome:R-MMU-159231|Reactome:R-MMU-159236|Reactome:R-MMU-72163|Reactome:R-MMU-72165|Reactome:R-MMU-72187|Reactome:R-MMU-72203|Reactome:R-MMU-73856|Reactome:R-MMU-77595|Reactome:R-MMU-9013422|Reactome:R-MMU-9770562|Reactome:R-MMU-983168|Reactome:R-MMU-9930044|Reactome:R-RNO-159231|Reactome:R-RNO-72165|Reactome:R-RNO-73856|Reactome:R-RNO-77595|Reactome:R-RNO-9770562|Reactome:R-SCE-983168|Reactome:R-SPO-9770562|Reactome:R-SPO-983168|Reactome:R-XTR-77595|Reactome:R-XTR-9770562
Hydra1-2	a6ed0335eaf941ee028d5df3b380aea6	288	PANTHER	PTHR47481	-	22	260	2.2E-15	T	13-08-2026	-	-	-	-
Hydra1-2	a6ed0335eaf941ee028d5df3b380aea6	288	SMART	SM00343	c2hcfinal6	231	247	0.0031	T	13-08-2026	IPR001878	Zinc finger, CCHC-type	GO:0003676(InterPro)|GO:0008270(InterPro)	Reactome:R-BTA-159231|Reactome:R-BTA-159236|Reactome:R-BTA-72163|Reactome:R-BTA-72165|Reactome:R-BTA-72203|Reactome:R-BTA-73856|Reactome:R-BTA-77595|Reactome:R-BTA-9770562|Reactome:R-CEL-159236|Reactome:R-CEL-72163|Reactome:R-CEL-73856|Reactome:R-DME-159231|Reactome:R-DME-159236|Reactome:R-DME-1834941|Reactome:R-DME-72163|Reactome:R-DME-72165|Reactome:R-DME-72203|Reactome:R-DME-73856|Reactome:R-DME-77595|Reactome:R-DME-8941326|Reactome:R-DME-9770562|Reactome:R-DME-9930044|Reactome:R-DRE-72165|Reactome:R-HSA-1169408|Reactome:R-HSA-159231|Reactome:R-HSA-159236|Reactome:R-HSA-162585|Reactome:R-HSA-162588|Reactome:R-HSA-162592|Reactome:R-HSA-162594|Reactome:R-HSA-164516|Reactome:R-HSA-164525|Reactome:R-HSA-164843|Reactome:R-HSA-168315|Reactome:R-HSA-173107|Reactome:R-HSA-174490|Reactome:R-HSA-174495|Reactome:R-HSA-175474|Reactome:R-HSA-175567|Reactome:R-HSA-177539|Reactome:R-HSA-180689|Reactome:R-HSA-180910|Reactome:R-HSA-429947|Reactome:R-HSA-452723|Reactome:R-HSA-6784531|Reactome:R-HSA-72163|Reactome:R-HSA-72165|Reactome:R-HSA-72187|Reactome:R-HSA-72203|Reactome:R-HSA-73856|Reactome:R-HSA-77595|Reactome:R-HSA-9013422|Reactome:R-HSA-9682706|Reactome:R-HSA-9694686|Reactome:R-HSA-9705671|Reactome:R-HSA-9770562|Reactome:R-HSA-9819196|Reactome:R-HSA-9820865|Reactome:R-HSA-983168|Reactome:R-HSA-9843970|Reactome:R-HSA-9918481|Reactome:R-HSA-9930044|Reactome:R-HSA-9931510|Reactome:R-MMU-159231|Reactome:R-MMU-159236|Reactome:R-MMU-72163|Reactome:R-MMU-72165|Reactome:R-MMU-72187|Reactome:R-MMU-72203|Reactome:R-MMU-73856|Reactome:R-MMU-77595|Reactome:R-MMU-9013422|Reactome:R-MMU-9770562|Reactome:R-MMU-983168|Reactome:R-MMU-9930044|Reactome:R-RNO-159231|Reactome:R-RNO-72165|Reactome:R-RNO-73856|Reactome:R-RNO-77595|Reactome:R-RNO-9770562|Reactome:R-SCE-983168|Reactome:R-SPO-9770562|Reactome:R-SPO-983168|Reactome:R-XTR-77595|Reactome:R-XTR-9770562
Hydra1-2	a6ed0335eaf941ee028d5df3b380aea6	288	SMART	SM00343	c2hcfinal6	254	270	27.0	T	13-08-2026	IPR001878	Zinc finger, CCHC-type	GO:0003676(InterPro)|GO:0008270(InterPro)	Reactome:R-BTA-159231|Reactome:R-BTA-159236|Reactome:R-BTA-72163|Reactome:R-BTA-72165|Reactome:R-BTA-72203|Reactome:R-BTA-73856|Reactome:R-BTA-77595|Reactome:R-BTA-9770562|Reactome:R-CEL-159236|Reactome:R-CEL-72163|Reactome:R-CEL-73856|Reactome:R-DME-159231|Reactome:R-DME-159236|Reactome:R-DME-1834941|Reactome:R-DME-72163|Reactome:R-DME-72165|Reactome:R-DME-72203|Reactome:R-DME-73856|Reactome:R-DME-77595|Reactome:R-DME-8941326|Reactome:R-DME-9770562|Reactome:R-DME-9930044|Reactome:R-DRE-72165|Reactome:R-HSA-1169408|Reactome:R-HSA-159231|Reactome:R-HSA-159236|Reactome:R-HSA-162585|Reactome:R-HSA-162588|Reactome:R-HSA-162592|Reactome:R-HSA-162594|Reactome:R-HSA-164516|Reactome:R-HSA-164525|Reactome:R-HSA-164843|Reactome:R-HSA-168315|Reactome:R-HSA-173107|Reactome:R-HSA-174490|Reactome:R-HSA-174495|Reactome:R-HSA-175474|Reactome:R-HSA-175567|Reactome:R-HSA-177539|Reactome:R-HSA-180689|Reactome:R-HSA-180910|Reactome:R-HSA-429947|Reactome:R-HSA-452723|Reactome:R-HSA-6784531|Reactome:R-HSA-72163|Reactome:R-HSA-72165|Reactome:R-HSA-72187|Reactome:R-HSA-72203|Reactome:R-HSA-73856|Reactome:R-HSA-77595|Reactome:R-HSA-9013422|Reactome:R-HSA-9682706|Reactome:R-HSA-9694686|Reactome:R-HSA-9705671|Reactome:R-HSA-9770562|Reactome:R-HSA-9819196|Reactome:R-HSA-9820865|Reactome:R-HSA-983168|Reactome:R-HSA-9843970|Reactome:R-HSA-9918481|Reactome:R-HSA-9930044|Reactome:R-HSA-9931510|Reactome:R-MMU-159231|Reactome:R-MMU-159236|Reactome:R-MMU-72163|Reactome:R-MMU-72165|Reactome:R-MMU-72187|Reactome:R-MMU-72203|Reactome:R-MMU-73856|Reactome:R-MMU-77595|Reactome:R-MMU-9013422|Reactome:R-MMU-9770562|Reactome:R-MMU-983168|Reactome:R-MMU-9930044|Reactome:R-RNO-159231|Reactome:R-RNO-72165|Reactome:R-RNO-73856|Reactome:R-RNO-77595|Reactome:R-RNO-9770562|Reactome:R-SCE-983168|Reactome:R-SPO-9770562|Reactome:R-SPO-983168|Reactome:R-XTR-77595|Reactome:R-XTR-9770562
Hydra1-2	a6ed0335eaf941ee028d5df3b380aea6	288	Pfam	PF14223	gag-polypeptide of LTR copia-type	60	199	1.2E-13	T	13-08-2026	IPR061502	Copia/RE1/RE2-like, N-terminal domain	-	-
Hydra1-2	a6ed0335eaf941ee028d5df3b380aea6	288	Gene3D	G3DSA:4.10.60.10	-	202	276	5.0E-8	T	13-08-2026	-	-	-	-
Hydra1-2	a6ed0335eaf941ee028d5df3b380aea6	288	ProSiteProfiles	PS50158	Zinc finger CCHC-type profile.	232	246	9.504374	T	13-08-2026	IPR001878	Zinc finger, CCHC-type	GO:0003676(InterPro)|GO:0008270(InterPro)	Reactome:R-BTA-159231|Reactome:R-BTA-159236|Reactome:R-BTA-72163|Reactome:R-BTA-72165|Reactome:R-BTA-72203|Reactome:R-BTA-73856|Reactome:R-BTA-77595|Reactome:R-BTA-9770562|Reactome:R-CEL-159236|Reactome:R-CEL-72163|Reactome:R-CEL-73856|Reactome:R-DME-159231|Reactome:R-DME-159236|Reactome:R-DME-1834941|Reactome:R-DME-72163|Reactome:R-DME-72165|Reactome:R-DME-72203|Reactome:R-DME-73856|Reactome:R-DME-77595|Reactome:R-DME-8941326|Reactome:R-DME-9770562|Reactome:R-DME-9930044|Reactome:R-DRE-72165|Reactome:R-HSA-1169408|Reactome:R-HSA-159231|Reactome:R-HSA-159236|Reactome:R-HSA-162585|Reactome:R-HSA-162588|Reactome:R-HSA-162592|Reactome:R-HSA-162594|Reactome:R-HSA-164516|Reactome:R-HSA-164525|Reactome:R-HSA-164843|Reactome:R-HSA-168315|Reactome:R-HSA-173107|Reactome:R-HSA-174490|Reactome:R-HSA-174495|Reactome:R-HSA-175474|Reactome:R-HSA-175567|Reactome:R-HSA-177539|Reactome:R-HSA-180689|Reactome:R-HSA-180910|Reactome:R-HSA-429947|Reactome:R-HSA-452723|Reactome:R-HSA-6784531|Reactome:R-HSA-72163|Reactome:R-HSA-72165|Reactome:R-HSA-72187|Reactome:R-HSA-72203|Reactome:R-HSA-73856|Reactome:R-HSA-77595|Reactome:R-HSA-9013422|Reactome:R-HSA-9682706|Reactome:R-HSA-9694686|Reactome:R-HSA-9705671|Reactome:R-HSA-9770562|Reactome:R-HSA-9819196|Reactome:R-HSA-9820865|Reactome:R-HSA-983168|Reactome:R-HSA-9843970|Reactome:R-HSA-9918481|Reactome:R-HSA-9930044|Reactome:R-HSA-9931510|Reactome:R-MMU-159231|Reactome:R-MMU-159236|Reactome:R-MMU-72163|Reactome:R-MMU-72165|Reactome:R-MMU-72187|Reactome:R-MMU-72203|Reactome:R-MMU-73856|Reactome:R-MMU-77595|Reactome:R-MMU-9013422|Reactome:R-MMU-9770562|Reactome:R-MMU-983168|Reactome:R-MMU-9930044|Reactome:R-RNO-159231|Reactome:R-RNO-72165|Reactome:R-RNO-73856|Reactome:R-RNO-77595|Reactome:R-RNO-9770562|Reactome:R-SCE-983168|Reactome:R-SPO-9770562|Reactome:R-SPO-983168|Reactome:R-XTR-77595|Reactome:R-XTR-9770562
CoDi6.5	43112e268437d4d591c3bc58b58b35a6	392	ProSiteProfiles	PS50158	Zinc finger CCHC-type profile.	245	258	9.075821	T	13-08-2026	IPR001878	Zinc finger, CCHC-type	GO:0003676(InterPro)|GO:0008270(InterPro)	Reactome:R-BTA-159231|Reactome:R-BTA-159236|Reactome:R-BTA-72163|Reactome:R-BTA-72165|Reactome:R-BTA-72203|Reactome:R-BTA-73856|Reactome:R-BTA-77595|Reactome:R-BTA-9770562|Reactome:R-CEL-159236|Reactome:R-CEL-72163|Reactome:R-CEL-73856|Reactome:R-DME-159231|Reactome:R-DME-159236|Reactome:R-DME-1834941|Reactome:R-DME-72163|Reactome:R-DME-72165|Reactome:R-DME-72203|Reactome:R-DME-73856|Reactome:R-DME-77595|Reactome:R-DME-8941326|Reactome:R-DME-9770562|Reactome:R-DME-9930044|Reactome:R-DRE-72165|Reactome:R-HSA-1169408|Reactome:R-HSA-159231|Reactome:R-HSA-159236|Reactome:R-HSA-162585|Reactome:R-HSA-162588|Reactome:R-HSA-162592|Reactome:R-HSA-162594|Reactome:R-HSA-164516|Reactome:R-HSA-164525|Reactome:R-HSA-164843|Reactome:R-HSA-168315|Reactome:R-HSA-173107|Reactome:R-HSA-174490|Reactome:R-HSA-174495|Reactome:R-HSA-175474|Reactome:R-HSA-175567|Reactome:R-HSA-177539|Reactome:R-HSA-180689|Reactome:R-HSA-180910|Reactome:R-HSA-429947|Reactome:R-HSA-452723|Reactome:R-HSA-6784531|Reactome:R-HSA-72163|Reactome:R-HSA-72165|Reactome:R-HSA-72187|Reactome:R-HSA-72203|Reactome:R-HSA-73856|Reactome:R-HSA-77595|Reactome:R-HSA-9013422|Reactome:R-HSA-9682706|Reactome:R-HSA-9694686|Reactome:R-HSA-9705671|Reactome:R-HSA-9770562|Reactome:R-HSA-9819196|Reactome:R-HSA-9820865|Reactome:R-HSA-983168|Reactome:R-HSA-9843970|Reactome:R-HSA-9918481|Reactome:R-HSA-9930044|Reactome:R-HSA-9931510|Reactome:R-MMU-159231|Reactome:R-MMU-159236|Reactome:R-MMU-72163|Reactome:R-MMU-72165|Reactome:R-MMU-72187|Reactome:R-MMU-72203|Reactome:R-MMU-73856|Reactome:R-MMU-77595|Reactome:R-MMU-9013422|Reactome:R-MMU-9770562|Reactome:R-MMU-983168|Reactome:R-MMU-9930044|Reactome:R-RNO-159231|Reactome:R-RNO-72165|Reactome:R-RNO-73856|Reactome:R-RNO-77595|Reactome:R-RNO-9770562|Reactome:R-SCE-983168|Reactome:R-SPO-9770562|Reactome:R-SPO-983168|Reactome:R-XTR-77595|Reactome:R-XTR-9770562
CoDi6.5	43112e268437d4d591c3bc58b58b35a6	392	Coils	Coil	Coil	47	77	-	T	13-08-2026	-	-	-	-
CoDi6.5	43112e268437d4d591c3bc58b58b35a6	392	ProSiteProfiles	PS50158	Zinc finger CCHC-type profile.	288	303	9.42196	T	13-08-2026	IPR001878	Zinc finger, CCHC-type	GO:0003676(InterPro)|GO:0008270(InterPro)	Reactome:R-BTA-159231|Reactome:R-BTA-159236|Reactome:R-BTA-72163|Reactome:R-BTA-72165|Reactome:R-BTA-72203|Reactome:R-BTA-73856|Reactome:R-BTA-77595|Reactome:R-BTA-9770562|Reactome:R-CEL-159236|Reactome:R-CEL-72163|Reactome:R-CEL-73856|Reactome:R-DME-159231|Reactome:R-DME-159236|Reactome:R-DME-1834941|Reactome:R-DME-72163|Reactome:R-DME-72165|Reactome:R-DME-72203|Reactome:R-DME-73856|Reactome:R-DME-77595|Reactome:R-DME-8941326|Reactome:R-DME-9770562|Reactome:R-DME-9930044|Reactome:R-DRE-72165|Reactome:R-HSA-1169408|Reactome:R-HSA-159231|Reactome:R-HSA-159236|Reactome:R-HSA-162585|Reactome:R-HSA-162588|Reactome:R-HSA-162592|Reactome:R-HSA-162594|Reactome:R-HSA-164516|Reactome:R-HSA-164525|Reactome:R-HSA-164843|Reactome:R-HSA-168315|Reactome:R-HSA-173107|Reactome:R-HSA-174490|Reactome:R-HSA-174495|Reactome:R-HSA-175474|Reactome:R-HSA-175567|Reactome:R-HSA-177539|Reactome:R-HSA-180689|Reactome:R-HSA-180910|Reactome:R-HSA-429947|Reactome:R-HSA-452723|Reactome:R-HSA-6784531|Reactome:R-HSA-72163|Reactome:R-HSA-72165|Reactome:R-HSA-72187|Reactome:R-HSA-72203|Reactome:R-HSA-73856|Reactome:R-HSA-77595|Reactome:R-HSA-9013422|Reactome:R-HSA-9682706|Reactome:R-HSA-9694686|Reactome:R-HSA-9705671|Reactome:R-HSA-9770562|Reactome:R-HSA-9819196|Reactome:R-HSA-9820865|Reactome:R-HSA-983168|Reactome:R-HSA-9843970|Reactome:R-HSA-9918481|Reactome:R-HSA-9930044|Reactome:R-HSA-9931510|Reactome:R-MMU-159231|Reactome:R-MMU-159236|Reactome:R-MMU-72163|Reactome:R-MMU-72165|Reactome:R-MMU-72187|Reactome:R-MMU-72203|Reactome:R-MMU-73856|Reactome:R-MMU-77595|Reactome:R-MMU-9013422|Reactome:R-MMU-9770562|Reactome:R-MMU-983168|Reactome:R-MMU-9930044|Reactome:R-RNO-159231|Reactome:R-RNO-72165|Reactome:R-RNO-73856|Reactome:R-RNO-77595|Reactome:R-RNO-9770562|Reactome:R-SCE-983168|Reactome:R-SPO-9770562|Reactome:R-SPO-983168|Reactome:R-XTR-77595|Reactome:R-XTR-9770562
CoDi6.5	43112e268437d4d591c3bc58b58b35a6	392	Pfam	PF00098	Zinc knuckle	243	259	3.0	T	13-08-2026	IPR001878	Zinc finger, CCHC-type	GO:0003676(InterPro)|GO:0008270(InterPro)	Reactome:R-BTA-159231|Reactome:R-BTA-159236|Reactome:R-BTA-72163|Reactome:R-BTA-72165|Reactome:R-BTA-72203|Reactome:R-BTA-73856|Reactome:R-BTA-77595|Reactome:R-BTA-9770562|Reactome:R-CEL-159236|Reactome:R-CEL-72163|Reactome:R-CEL-73856|Reactome:R-DME-159231|Reactome:R-DME-159236|Reactome:R-DME-1834941|Reactome:R-DME-72163|Reactome:R-DME-72165|Reactome:R-DME-72203|Reactome:R-DME-73856|Reactome:R-DME-77595|Reactome:R-DME-8941326|Reactome:R-DME-9770562|Reactome:R-DME-9930044|Reactome:R-DRE-72165|Reactome:R-HSA-1169408|Reactome:R-HSA-159231|Reactome:R-HSA-159236|Reactome:R-HSA-162585|Reactome:R-HSA-162588|Reactome:R-HSA-162592|Reactome:R-HSA-162594|Reactome:R-HSA-164516|Reactome:R-HSA-164525|Reactome:R-HSA-164843|Reactome:R-HSA-168315|Reactome:R-HSA-173107|Reactome:R-HSA-174490|Reactome:R-HSA-174495|Reactome:R-HSA-175474|Reactome:R-HSA-175567|Reactome:R-HSA-177539|Reactome:R-HSA-180689|Reactome:R-HSA-180910|Reactome:R-HSA-429947|Reactome:R-HSA-452723|Reactome:R-HSA-6784531|Reactome:R-HSA-72163|Reactome:R-HSA-72165|Reactome:R-HSA-72187|Reactome:R-HSA-72203|Reactome:R-HSA-73856|Reactome:R-HSA-77595|Reactome:R-HSA-9013422|Reactome:R-HSA-9682706|Reactome:R-HSA-9694686|Reactome:R-HSA-9705671|Reactome:R-HSA-9770562|Reactome:R-HSA-9819196|Reactome:R-HSA-9820865|Reactome:R-HSA-983168|Reactome:R-HSA-9843970|Reactome:R-HSA-9918481|Reactome:R-HSA-9930044|Reactome:R-HSA-9931510|Reactome:R-MMU-159231|Reactome:R-MMU-159236|Reactome:R-MMU-72163|Reactome:R-MMU-72165|Reactome:R-MMU-72187|Reactome:R-MMU-72203|Reactome:R-MMU-73856|Reactome:R-MMU-77595|Reactome:R-MMU-9013422|Reactome:R-MMU-9770562|Reactome:R-MMU-983168|Reactome:R-MMU-9930044|Reactome:R-RNO-159231|Reactome:R-RNO-72165|Reactome:R-RNO-73856|Reactome:R-RNO-77595|Reactome:R-RNO-9770562|Reactome:R-SCE-983168|Reactome:R-SPO-9770562|Reactome:R-SPO-983168|Reactome:R-XTR-77595|Reactome:R-XTR-9770562
CoDi6.5	43112e268437d4d591c3bc58b58b35a6	392	Pfam	PF00098	Zinc knuckle	287	302	3.3	T	13-08-2026	IPR001878	Zinc finger, CCHC-type	GO:0003676(InterPro)|GO:0008270(InterPro)	Reactome:R-BTA-159231|Reactome:R-BTA-159236|Reactome:R-BTA-72163|Reactome:R-BTA-72165|Reactome:R-BTA-72203|Reactome:R-BTA-73856|Reactome:R-BTA-77595|Reactome:R-BTA-9770562|Reactome:R-CEL-159236|Reactome:R-CEL-72163|Reactome:R-CEL-73856|Reactome:R-DME-159231|Reactome:R-DME-159236|Reactome:R-DME-1834941|Reactome:R-DME-72163|Reactome:R-DME-72165|Reactome:R-DME-72203|Reactome:R-DME-73856|Reactome:R-DME-77595|Reactome:R-DME-8941326|Reactome:R-DME-9770562|Reactome:R-DME-9930044|Reactome:R-DRE-72165|Reactome:R-HSA-1169408|Reactome:R-HSA-159231|Reactome:R-HSA-159236|Reactome:R-HSA-162585|Reactome:R-HSA-162588|Reactome:R-HSA-162592|Reactome:R-HSA-162594|Reactome:R-HSA-164516|Reactome:R-HSA-164525|Reactome:R-HSA-164843|Reactome:R-HSA-168315|Reactome:R-HSA-173107|Reactome:R-HSA-174490|Reactome:R-HSA-174495|Reactome:R-HSA-175474|Reactome:R-HSA-175567|Reactome:R-HSA-177539|Reactome:R-HSA-180689|Reactome:R-HSA-180910|Reactome:R-HSA-429947|Reactome:R-HSA-452723|Reactome:R-HSA-6784531|Reactome:R-HSA-72163|Reactome:R-HSA-72165|Reactome:R-HSA-72187|Reactome:R-HSA-72203|Reactome:R-HSA-73856|Reactome:R-HSA-77595|Reactome:R-HSA-9013422|Reactome:R-HSA-9682706|Reactome:R-HSA-9694686|Reactome:R-HSA-9705671|Reactome:R-HSA-9770562|Reactome:R-HSA-9819196|Reactome:R-HSA-9820865|Reactome:R-HSA-983168|Reactome:R-HSA-9843970|Reactome:R-HSA-9918481|Reactome:R-HSA-9930044|Reactome:R-HSA-9931510|Reactome:R-MMU-159231|Reactome:R-MMU-159236|Reactome:R-MMU-72163|Reactome:R-MMU-72165|Reactome:R-MMU-72187|Reactome:R-MMU-72203|Reactome:R-MMU-73856|Reactome:R-MMU-77595|Reactome:R-MMU-9013422|Reactome:R-MMU-9770562|Reactome:R-MMU-983168|Reactome:R-MMU-9930044|Reactome:R-RNO-159231|Reactome:R-RNO-72165|Reactome:R-RNO-73856|Reactome:R-RNO-77595|Reactome:R-RNO-9770562|Reactome:R-SCE-983168|Reactome:R-SPO-9770562|Reactome:R-SPO-983168|Reactome:R-XTR-77595|Reactome:R-XTR-9770562
CoDi6.5	43112e268437d4d591c3bc58b58b35a6	392	SUPERFAMILY	SSF57756	Retrovirus zinc finger-like domains	231	265	3.49E-5	T	13-08-2026	IPR036875	Zinc finger, CCHC-type superfamily	GO:0003676(InterPro)|GO:0008270(InterPro)	Reactome:R-BTA-159231|Reactome:R-BTA-159236|Reactome:R-BTA-72163|Reactome:R-BTA-72165|Reactome:R-BTA-72203|Reactome:R-BTA-73856|Reactome:R-BTA-77595|Reactome:R-BTA-9770562|Reactome:R-CEL-159236|Reactome:R-CEL-72163|Reactome:R-CEL-73856|Reactome:R-DME-159231|Reactome:R-DME-159236|Reactome:R-DME-1834941|Reactome:R-DME-72163|Reactome:R-DME-72165|Reactome:R-DME-72203|Reactome:R-DME-73856|Reactome:R-DME-77595|Reactome:R-DME-9770562|Reactome:R-DRE-72165|Reactome:R-HSA-1169408|Reactome:R-HSA-159231|Reactome:R-HSA-159236|Reactome:R-HSA-162585|Reactome:R-HSA-162588|Reactome:R-HSA-162592|Reactome:R-HSA-162594|Reactome:R-HSA-164516|Reactome:R-HSA-164525|Reactome:R-HSA-164843|Reactome:R-HSA-168315|Reactome:R-HSA-173107|Reactome:R-HSA-174490|Reactome:R-HSA-174495|Reactome:R-HSA-175474|Reactome:R-HSA-175567|Reactome:R-HSA-177539|Reactome:R-HSA-180689|Reactome:R-HSA-180910|Reactome:R-HSA-429947|Reactome:R-HSA-452723|Reactome:R-HSA-6784531|Reactome:R-HSA-72163|Reactome:R-HSA-72165|Reactome:R-HSA-72187|Reactome:R-HSA-72203|Reactome:R-HSA-73856|Reactome:R-HSA-77595|Reactome:R-HSA-9013422|Reactome:R-HSA-9682706|Reactome:R-HSA-9694686|Reactome:R-HSA-9705671|Reactome:R-HSA-9770562|Reactome:R-HSA-9819196|Reactome:R-HSA-9820865|Reactome:R-HSA-983168|Reactome:R-HSA-9918481|Reactome:R-HSA-9930044|Reactome:R-MMU-159231|Reactome:R-MMU-159236|Reactome:R-MMU-72163|Reactome:R-MMU-72165|Reactome:R-MMU-72187|Reactome:R-MMU-72203|Reactome:R-MMU-73856|Reactome:R-MMU-77595|Reactome:R-MMU-9013422|Reactome:R-MMU-9770562|Reactome:R-MMU-983168|Reactome:R-RNO-159231|Reactome:R-RNO-72165|Reactome:R-RNO-73856|Reactome:R-RNO-77595|Reactome:R-RNO-9770562|Reactome:R-SCE-983168|Reactome:R-SPO-9770562|Reactome:R-SPO-983168|Reactome:R-XTR-77595|Reactome:R-XTR-9770562
CoDi6.5	43112e268437d4d591c3bc58b58b35a6	392	Gene3D	G3DSA:4.10.60.10	-	238	309	1.6E-9	T	13-08-2026	-	-	-	-
CoDi6.5	43112e268437d4d591c3bc58b58b35a6	392	SUPERFAMILY	SSF57756	Retrovirus zinc finger-like domains	269	306	1.57E-7	T	13-08-2026	IPR036875	Zinc finger, CCHC-type superfamily	GO:0003676(InterPro)|GO:0008270(InterPro)	Reactome:R-BTA-159231|Reactome:R-BTA-159236|Reactome:R-BTA-72163|Reactome:R-BTA-72165|Reactome:R-BTA-72203|Reactome:R-BTA-73856|Reactome:R-BTA-77595|Reactome:R-BTA-9770562|Reactome:R-CEL-159236|Reactome:R-CEL-72163|Reactome:R-CEL-73856|Reactome:R-DME-159231|Reactome:R-DME-159236|Reactome:R-DME-1834941|Reactome:R-DME-72163|Reactome:R-DME-72165|Reactome:R-DME-72203|Reactome:R-DME-73856|Reactome:R-DME-77595|Reactome:R-DME-9770562|Reactome:R-DRE-72165|Reactome:R-HSA-1169408|Reactome:R-HSA-159231|Reactome:R-HSA-159236|Reactome:R-HSA-162585|Reactome:R-HSA-162588|Reactome:R-HSA-162592|Reactome:R-HSA-162594|Reactome:R-HSA-164516|Reactome:R-HSA-164525|Reactome:R-HSA-164843|Reactome:R-HSA-168315|Reactome:R-HSA-173107|Reactome:R-HSA-174490|Reactome:R-HSA-174495|Reactome:R-HSA-175474|Reactome:R-HSA-175567|Reactome:R-HSA-177539|Reactome:R-HSA-180689|Reactome:R-HSA-180910|Reactome:R-HSA-429947|Reactome:R-HSA-452723|Reactome:R-HSA-6784531|Reactome:R-HSA-72163|Reactome:R-HSA-72165|Reactome:R-HSA-72187|Reactome:R-HSA-72203|Reactome:R-HSA-73856|Reactome:R-HSA-77595|Reactome:R-HSA-9013422|Reactome:R-HSA-9682706|Reactome:R-HSA-9694686|Reactome:R-HSA-9705671|Reactome:R-HSA-9770562|Reactome:R-HSA-9819196|Reactome:R-HSA-9820865|Reactome:R-HSA-983168|Reactome:R-HSA-9918481|Reactome:R-HSA-9930044|Reactome:R-MMU-159231|Reactome:R-MMU-159236|Reactome:R-MMU-72163|Reactome:R-MMU-72165|Reactome:R-MMU-72187|Reactome:R-MMU-72203|Reactome:R-MMU-73856|Reactome:R-MMU-77595|Reactome:R-MMU-9013422|Reactome:R-MMU-9770562|Reactome:R-MMU-983168|Reactome:R-RNO-159231|Reactome:R-RNO-72165|Reactome:R-RNO-73856|Reactome:R-RNO-77595|Reactome:R-RNO-9770562|Reactome:R-SCE-983168|Reactome:R-SPO-9770562|Reactome:R-SPO-983168|Reactome:R-XTR-77595|Reactome:R-XTR-9770562
CoDi6.5	43112e268437d4d591c3bc58b58b35a6	392	SMART	SM00343	c2hcfinal6	287	303	0.0052	T	13-08-2026	IPR001878	Zinc finger, CCHC-type	GO:0003676(InterPro)|GO:0008270(InterPro)	Reactome:R-BTA-159231|Reactome:R-BTA-159236|Reactome:R-BTA-72163|Reactome:R-BTA-72165|Reactome:R-BTA-72203|Reactome:R-BTA-73856|Reactome:R-BTA-77595|Reactome:R-BTA-9770562|Reactome:R-CEL-159236|Reactome:R-CEL-72163|Reactome:R-CEL-73856|Reactome:R-DME-159231|Reactome:R-DME-159236|Reactome:R-DME-1834941|Reactome:R-DME-72163|Reactome:R-DME-72165|Reactome:R-DME-72203|Reactome:R-DME-73856|Reactome:R-DME-77595|Reactome:R-DME-8941326|Reactome:R-DME-9770562|Reactome:R-DME-9930044|Reactome:R-DRE-72165|Reactome:R-HSA-1169408|Reactome:R-HSA-159231|Reactome:R-HSA-159236|Reactome:R-HSA-162585|Reactome:R-HSA-162588|Reactome:R-HSA-162592|Reactome:R-HSA-162594|Reactome:R-HSA-164516|Reactome:R-HSA-164525|Reactome:R-HSA-164843|Reactome:R-HSA-168315|Reactome:R-HSA-173107|Reactome:R-HSA-174490|Reactome:R-HSA-174495|Reactome:R-HSA-175474|Reactome:R-HSA-175567|Reactome:R-HSA-177539|Reactome:R-HSA-180689|Reactome:R-HSA-180910|Reactome:R-HSA-429947|Reactome:R-HSA-452723|Reactome:R-HSA-6784531|Reactome:R-HSA-72163|Reactome:R-HSA-72165|Reactome:R-HSA-72187|Reactome:R-HSA-72203|Reactome:R-HSA-73856|Reactome:R-HSA-77595|Reactome:R-HSA-9013422|Reactome:R-HSA-9682706|Reactome:R-HSA-9694686|Reactome:R-HSA-9705671|Reactome:R-HSA-9770562|Reactome:R-HSA-9819196|Reactome:R-HSA-9820865|Reactome:R-HSA-983168|Reactome:R-HSA-9843970|Reactome:R-HSA-9918481|Reactome:R-HSA-9930044|Reactome:R-HSA-9931510|Reactome:R-MMU-159231|Reactome:R-MMU-159236|Reactome:R-MMU-72163|Reactome:R-MMU-72165|Reactome:R-MMU-72187|Reactome:R-MMU-72203|Reactome:R-MMU-73856|Reactome:R-MMU-77595|Reactome:R-MMU-9013422|Reactome:R-MMU-9770562|Reactome:R-MMU-983168|Reactome:R-MMU-9930044|Reactome:R-RNO-159231|Reactome:R-RNO-72165|Reactome:R-RNO-73856|Reactome:R-RNO-77595|Reactome:R-RNO-9770562|Reactome:R-SCE-983168|Reactome:R-SPO-9770562|Reactome:R-SPO-983168|Reactome:R-XTR-77595|Reactome:R-XTR-9770562
CoDi6.5	43112e268437d4d591c3bc58b58b35a6	392	SMART	SM00343	c2hcfinal6	244	260	0.018	T	13-08-2026	IPR001878	Zinc finger, CCHC-type	GO:0003676(InterPro)|GO:0008270(InterPro)	Reactome:R-BTA-159231|Reactome:R-BTA-159236|Reactome:R-BTA-72163|Reactome:R-BTA-72165|Reactome:R-BTA-72203|Reactome:R-BTA-73856|Reactome:R-BTA-77595|Reactome:R-BTA-9770562|Reactome:R-CEL-159236|Reactome:R-CEL-72163|Reactome:R-CEL-73856|Reactome:R-DME-159231|Reactome:R-DME-159236|Reactome:R-DME-1834941|Reactome:R-DME-72163|Reactome:R-DME-72165|Reactome:R-DME-72203|Reactome:R-DME-73856|Reactome:R-DME-77595|Reactome:R-DME-8941326|Reactome:R-DME-9770562|Reactome:R-DME-9930044|Reactome:R-DRE-72165|Reactome:R-HSA-1169408|Reactome:R-HSA-159231|Reactome:R-HSA-159236|Reactome:R-HSA-162585|Reactome:R-HSA-162588|Reactome:R-HSA-162592|Reactome:R-HSA-162594|Reactome:R-HSA-164516|Reactome:R-HSA-164525|Reactome:R-HSA-164843|Reactome:R-HSA-168315|Reactome:R-HSA-173107|Reactome:R-HSA-174490|Reactome:R-HSA-174495|Reactome:R-HSA-175474|Reactome:R-HSA-175567|Reactome:R-HSA-177539|Reactome:R-HSA-180689|Reactome:R-HSA-180910|Reactome:R-HSA-429947|Reactome:R-HSA-452723|Reactome:R-HSA-6784531|Reactome:R-HSA-72163|Reactome:R-HSA-72165|Reactome:R-HSA-72187|Reactome:R-HSA-72203|Reactome:R-HSA-73856|Reactome:R-HSA-77595|Reactome:R-HSA-9013422|Reactome:R-HSA-9682706|Reactome:R-HSA-9694686|Reactome:R-HSA-9705671|Reactome:R-HSA-9770562|Reactome:R-HSA-9819196|Reactome:R-HSA-9820865|Reactome:R-HSA-983168|Reactome:R-HSA-9843970|Reactome:R-HSA-9918481|Reactome:R-HSA-9930044|Reactome:R-HSA-9931510|Reactome:R-MMU-159231|Reactome:R-MMU-159236|Reactome:R-MMU-72163|Reactome:R-MMU-72165|Reactome:R-MMU-72187|Reactome:R-MMU-72203|Reactome:R-MMU-73856|Reactome:R-MMU-77595|Reactome:R-MMU-9013422|Reactome:R-MMU-9770562|Reactome:R-MMU-983168|Reactome:R-MMU-9930044|Reactome:R-RNO-159231|Reactome:R-RNO-72165|Reactome:R-RNO-73856|Reactome:R-RNO-77595|Reactome:R-RNO-9770562|Reactome:R-SCE-983168|Reactome:R-SPO-9770562|Reactome:R-SPO-983168|Reactome:R-XTR-77595|Reactome:R-XTR-9770562
Zebel	f9c4ab254f35b6e258962667f6d919af	310	PANTHER	PTHR47331	PHD-TYPE DOMAIN-CONTAINING PROTEIN	1	309	1.3E-51	T	13-08-2026	-	-	-	-
Zebel	f9c4ab254f35b6e258962667f6d919af	310	Pfam	PF03564	Protein of unknown function (DUF1759)	25	153	9.6E-6	T	13-08-2026	IPR005312	Domain of unknown function DUF1759	-	-
CoDi6.4	eb56ed6f26228a321ab8ce86cd42537b	334	SMART	SM00343	c2hcfinal6	308	324	1.8E-4	T	13-08-2026	IPR001878	Zinc finger, CCHC-type	GO:0003676(InterPro)|GO:0008270(InterPro)	Reactome:R-BTA-159231|Reactome:R-BTA-159236|Reactome:R-BTA-72163|Reactome:R-BTA-72165|Reactome:R-BTA-72203|Reactome:R-BTA-73856|Reactome:R-BTA-77595|Reactome:R-BTA-9770562|Reactome:R-CEL-159236|Reactome:R-CEL-72163|Reactome:R-CEL-73856|Reactome:R-DME-159231|Reactome:R-DME-159236|Reactome:R-DME-1834941|Reactome:R-DME-72163|Reactome:R-DME-72165|Reactome:R-DME-72203|Reactome:R-DME-73856|Reactome:R-DME-77595|Reactome:R-DME-8941326|Reactome:R-DME-9770562|Reactome:R-DME-9930044|Reactome:R-DRE-72165|Reactome:R-HSA-1169408|Reactome:R-HSA-159231|Reactome:R-HSA-159236|Reactome:R-HSA-162585|Reactome:R-HSA-162588|Reactome:R-HSA-162592|Reactome:R-HSA-162594|Reactome:R-HSA-164516|Reactome:R-HSA-164525|Reactome:R-HSA-164843|Reactome:R-HSA-168315|Reactome:R-HSA-173107|Reactome:R-HSA-174490|Reactome:R-HSA-174495|Reactome:R-HSA-175474|Reactome:R-HSA-175567|Reactome:R-HSA-177539|Reactome:R-HSA-180689|Reactome:R-HSA-180910|Reactome:R-HSA-429947|Reactome:R-HSA-452723|Reactome:R-HSA-6784531|Reactome:R-HSA-72163|Reactome:R-HSA-72165|Reactome:R-HSA-72187|Reactome:R-HSA-72203|Reactome:R-HSA-73856|Reactome:R-HSA-77595|Reactome:R-HSA-9013422|Reactome:R-HSA-9682706|Reactome:R-HSA-9694686|Reactome:R-HSA-9705671|Reactome:R-HSA-9770562|Reactome:R-HSA-9819196|Reactome:R-HSA-9820865|Reactome:R-HSA-983168|Reactome:R-HSA-9843970|Reactome:R-HSA-9918481|Reactome:R-HSA-9930044|Reactome:R-HSA-9931510|Reactome:R-MMU-159231|Reactome:R-MMU-159236|Reactome:R-MMU-72163|Reactome:R-MMU-72165|Reactome:R-MMU-72187|Reactome:R-MMU-72203|Reactome:R-MMU-73856|Reactome:R-MMU-77595|Reactome:R-MMU-9013422|Reactome:R-MMU-9770562|Reactome:R-MMU-983168|Reactome:R-MMU-9930044|Reactome:R-RNO-159231|Reactome:R-RNO-72165|Reactome:R-RNO-73856|Reactome:R-RNO-77595|Reactome:R-RNO-9770562|Reactome:R-SCE-983168|Reactome:R-SPO-9770562|Reactome:R-SPO-983168|Reactome:R-XTR-77595|Reactome:R-XTR-9770562
CoDi6.4	eb56ed6f26228a321ab8ce86cd42537b	334	SMART	SM00343	c2hcfinal6	270	286	0.58	T	13-08-2026	IPR001878	Zinc finger, CCHC-type	GO:0003676(InterPro)|GO:0008270(InterPro)	Reactome:R-BTA-159231|Reactome:R-BTA-159236|Reactome:R-BTA-72163|Reactome:R-BTA-72165|Reactome:R-BTA-72203|Reactome:R-BTA-73856|Reactome:R-BTA-77595|Reactome:R-BTA-9770562|Reactome:R-CEL-159236|Reactome:R-CEL-72163|Reactome:R-CEL-73856|Reactome:R-DME-159231|Reactome:R-DME-159236|Reactome:R-DME-1834941|Reactome:R-DME-72163|Reactome:R-DME-72165|Reactome:R-DME-72203|Reactome:R-DME-73856|Reactome:R-DME-77595|Reactome:R-DME-8941326|Reactome:R-DME-9770562|Reactome:R-DME-9930044|Reactome:R-DRE-72165|Reactome:R-HSA-1169408|Reactome:R-HSA-159231|Reactome:R-HSA-159236|Reactome:R-HSA-162585|Reactome:R-HSA-162588|Reactome:R-HSA-162592|Reactome:R-HSA-162594|Reactome:R-HSA-164516|Reactome:R-HSA-164525|Reactome:R-HSA-164843|Reactome:R-HSA-168315|Reactome:R-HSA-173107|Reactome:R-HSA-174490|Reactome:R-HSA-174495|Reactome:R-HSA-175474|Reactome:R-HSA-175567|Reactome:R-HSA-177539|Reactome:R-HSA-180689|Reactome:R-HSA-180910|Reactome:R-HSA-429947|Reactome:R-HSA-452723|Reactome:R-HSA-6784531|Reactome:R-HSA-72163|Reactome:R-HSA-72165|Reactome:R-HSA-72187|Reactome:R-HSA-72203|Reactome:R-HSA-73856|Reactome:R-HSA-77595|Reactome:R-HSA-9013422|Reactome:R-HSA-9682706|Reactome:R-HSA-9694686|Reactome:R-HSA-9705671|Reactome:R-HSA-9770562|Reactome:R-HSA-9819196|Reactome:R-HSA-9820865|Reactome:R-HSA-983168|Reactome:R-HSA-9843970|Reactome:R-HSA-9918481|Reactome:R-HSA-9930044|Reactome:R-HSA-9931510|Reactome:R-MMU-159231|Reactome:R-MMU-159236|Reactome:R-MMU-72163|Reactome:R-MMU-72165|Reactome:R-MMU-72187|Reactome:R-MMU-72203|Reactome:R-MMU-73856|Reactome:R-MMU-77595|Reactome:R-MMU-9013422|Reactome:R-MMU-9770562|Reactome:R-MMU-983168|Reactome:R-MMU-9930044|Reactome:R-RNO-159231|Reactome:R-RNO-72165|Reactome:R-RNO-73856|Reactome:R-RNO-77595|Reactome:R-RNO-9770562|Reactome:R-SCE-983168|Reactome:R-SPO-9770562|Reactome:R-SPO-983168|Reactome:R-XTR-77595|Reactome:R-XTR-9770562
CoDi6.4	eb56ed6f26228a321ab8ce86cd42537b	334	Pfam	PF00098	Zinc knuckle	308	323	0.028	T	13-08-2026	IPR001878	Zinc finger, CCHC-type	GO:0003676(InterPro)|GO:0008270(InterPro)	Reactome:R-BTA-159231|Reactome:R-BTA-159236|Reactome:R-BTA-72163|Reactome:R-BTA-72165|Reactome:R-BTA-72203|Reactome:R-BTA-73856|Reactome:R-BTA-77595|Reactome:R-BTA-9770562|Reactome:R-CEL-159236|Reactome:R-CEL-72163|Reactome:R-CEL-73856|Reactome:R-DME-159231|Reactome:R-DME-159236|Reactome:R-DME-1834941|Reactome:R-DME-72163|Reactome:R-DME-72165|Reactome:R-DME-72203|Reactome:R-DME-73856|Reactome:R-DME-77595|Reactome:R-DME-8941326|Reactome:R-DME-9770562|Reactome:R-DME-9930044|Reactome:R-DRE-72165|Reactome:R-HSA-1169408|Reactome:R-HSA-159231|Reactome:R-HSA-159236|Reactome:R-HSA-162585|Reactome:R-HSA-162588|Reactome:R-HSA-162592|Reactome:R-HSA-162594|Reactome:R-HSA-164516|Reactome:R-HSA-164525|Reactome:R-HSA-164843|Reactome:R-HSA-168315|Reactome:R-HSA-173107|Reactome:R-HSA-174490|Reactome:R-HSA-174495|Reactome:R-HSA-175474|Reactome:R-HSA-175567|Reactome:R-HSA-177539|Reactome:R-HSA-180689|Reactome:R-HSA-180910|Reactome:R-HSA-429947|Reactome:R-HSA-452723|Reactome:R-HSA-6784531|Reactome:R-HSA-72163|Reactome:R-HSA-72165|Reactome:R-HSA-72187|Reactome:R-HSA-72203|Reactome:R-HSA-73856|Reactome:R-HSA-77595|Reactome:R-HSA-9013422|Reactome:R-HSA-9682706|Reactome:R-HSA-9694686|Reactome:R-HSA-9705671|Reactome:R-HSA-9770562|Reactome:R-HSA-9819196|Reactome:R-HSA-9820865|Reactome:R-HSA-983168|Reactome:R-HSA-9843970|Reactome:R-HSA-9918481|Reactome:R-HSA-9930044|Reactome:R-HSA-9931510|Reactome:R-MMU-159231|Reactome:R-MMU-159236|Reactome:R-MMU-72163|Reactome:R-MMU-72165|Reactome:R-MMU-72187|Reactome:R-MMU-72203|Reactome:R-MMU-73856|Reactome:R-MMU-77595|Reactome:R-MMU-9013422|Reactome:R-MMU-9770562|Reactome:R-MMU-983168|Reactome:R-MMU-9930044|Reactome:R-RNO-159231|Reactome:R-RNO-72165|Reactome:R-RNO-73856|Reactome:R-RNO-77595|Reactome:R-RNO-9770562|Reactome:R-SCE-983168|Reactome:R-SPO-9770562|Reactome:R-SPO-983168|Reactome:R-XTR-77595|Reactome:R-XTR-9770562
CoDi6.4	eb56ed6f26228a321ab8ce86cd42537b	334	SUPERFAMILY	SSF57756	Retrovirus zinc finger-like domains	294	329	2.97E-8	T	13-08-2026	IPR036875	Zinc finger, CCHC-type superfamily	GO:0003676(InterPro)|GO:0008270(InterPro)	Reactome:R-BTA-159231|Reactome:R-BTA-159236|Reactome:R-BTA-72163|Reactome:R-BTA-72165|Reactome:R-BTA-72203|Reactome:R-BTA-73856|Reactome:R-BTA-77595|Reactome:R-BTA-9770562|Reactome:R-CEL-159236|Reactome:R-CEL-72163|Reactome:R-CEL-73856|Reactome:R-DME-159231|Reactome:R-DME-159236|Reactome:R-DME-1834941|Reactome:R-DME-72163|Reactome:R-DME-72165|Reactome:R-DME-72203|Reactome:R-DME-73856|Reactome:R-DME-77595|Reactome:R-DME-9770562|Reactome:R-DRE-72165|Reactome:R-HSA-1169408|Reactome:R-HSA-159231|Reactome:R-HSA-159236|Reactome:R-HSA-162585|Reactome:R-HSA-162588|Reactome:R-HSA-162592|Reactome:R-HSA-162594|Reactome:R-HSA-164516|Reactome:R-HSA-164525|Reactome:R-HSA-164843|Reactome:R-HSA-168315|Reactome:R-HSA-173107|Reactome:R-HSA-174490|Reactome:R-HSA-174495|Reactome:R-HSA-175474|Reactome:R-HSA-175567|Reactome:R-HSA-177539|Reactome:R-HSA-180689|Reactome:R-HSA-180910|Reactome:R-HSA-429947|Reactome:R-HSA-452723|Reactome:R-HSA-6784531|Reactome:R-HSA-72163|Reactome:R-HSA-72165|Reactome:R-HSA-72187|Reactome:R-HSA-72203|Reactome:R-HSA-73856|Reactome:R-HSA-77595|Reactome:R-HSA-9013422|Reactome:R-HSA-9682706|Reactome:R-HSA-9694686|Reactome:R-HSA-9705671|Reactome:R-HSA-9770562|Reactome:R-HSA-9819196|Reactome:R-HSA-9820865|Reactome:R-HSA-983168|Reactome:R-HSA-9918481|Reactome:R-HSA-9930044|Reactome:R-MMU-159231|Reactome:R-MMU-159236|Reactome:R-MMU-72163|Reactome:R-MMU-72165|Reactome:R-MMU-72187|Reactome:R-MMU-72203|Reactome:R-MMU-73856|Reactome:R-MMU-77595|Reactome:R-MMU-9013422|Reactome:R-MMU-9770562|Reactome:R-MMU-983168|Reactome:R-RNO-159231|Reactome:R-RNO-72165|Reactome:R-RNO-73856|Reactome:R-RNO-77595|Reactome:R-RNO-9770562|Reactome:R-SCE-983168|Reactome:R-SPO-9770562|Reactome:R-SPO-983168|Reactome:R-XTR-77595|Reactome:R-XTR-9770562
CoDi6.4	eb56ed6f26228a321ab8ce86cd42537b	334	Coils	Coil	Coil	7	27	-	T	13-08-2026	-	-	-	-
CoDi6.4	eb56ed6f26228a321ab8ce86cd42537b	334	MobiDBLite	mobidb-lite	consensus disorder prediction	1	51	-	T	13-08-2026	-	-	-	-
CoDi6.4	eb56ed6f26228a321ab8ce86cd42537b	334	MobiDBLite	mobidb-lite	consensus disorder prediction	10	40	-	T	13-08-2026	-	-	-	-
CoDi6.4	eb56ed6f26228a321ab8ce86cd42537b	334	MobiDBLite	mobidb-lite	consensus disorder prediction	272	334	-	T	13-08-2026	-	-	-	-
CoDi6.4	eb56ed6f26228a321ab8ce86cd42537b	334	MobiDBLite	mobidb-lite	consensus disorder prediction	318	334	-	T	13-08-2026	-	-	-	-
CoDi6.4	eb56ed6f26228a321ab8ce86cd42537b	334	MobiDBLite	mobidb-lite	consensus disorder prediction	279	292	-	T	13-08-2026	-	-	-	-
CoDi6.4	eb56ed6f26228a321ab8ce86cd42537b	334	ProSiteProfiles	PS50158	Zinc finger CCHC-type profile.	309	324	10.592238	T	13-08-2026	IPR001878	Zinc finger, CCHC-type	GO:0003676(InterPro)|GO:0008270(InterPro)	Reactome:R-BTA-159231|Reactome:R-BTA-159236|Reactome:R-BTA-72163|Reactome:R-BTA-72165|Reactome:R-BTA-72203|Reactome:R-BTA-73856|Reactome:R-BTA-77595|Reactome:R-BTA-9770562|Reactome:R-CEL-159236|Reactome:R-CEL-72163|Reactome:R-CEL-73856|Reactome:R-DME-159231|Reactome:R-DME-159236|Reactome:R-DME-1834941|Reactome:R-DME-72163|Reactome:R-DME-72165|Reactome:R-DME-72203|Reactome:R-DME-73856|Reactome:R-DME-77595|Reactome:R-DME-8941326|Reactome:R-DME-9770562|Reactome:R-DME-9930044|Reactome:R-DRE-72165|Reactome:R-HSA-1169408|Reactome:R-HSA-159231|Reactome:R-HSA-159236|Reactome:R-HSA-162585|Reactome:R-HSA-162588|Reactome:R-HSA-162592|Reactome:R-HSA-162594|Reactome:R-HSA-164516|Reactome:R-HSA-164525|Reactome:R-HSA-164843|Reactome:R-HSA-168315|Reactome:R-HSA-173107|Reactome:R-HSA-174490|Reactome:R-HSA-174495|Reactome:R-HSA-175474|Reactome:R-HSA-175567|Reactome:R-HSA-177539|Reactome:R-HSA-180689|Reactome:R-HSA-180910|Reactome:R-HSA-429947|Reactome:R-HSA-452723|Reactome:R-HSA-6784531|Reactome:R-HSA-72163|Reactome:R-HSA-72165|Reactome:R-HSA-72187|Reactome:R-HSA-72203|Reactome:R-HSA-73856|Reactome:R-HSA-77595|Reactome:R-HSA-9013422|Reactome:R-HSA-9682706|Reactome:R-HSA-9694686|Reactome:R-HSA-9705671|Reactome:R-HSA-9770562|Reactome:R-HSA-9819196|Reactome:R-HSA-9820865|Reactome:R-HSA-983168|Reactome:R-HSA-9843970|Reactome:R-HSA-9918481|Reactome:R-HSA-9930044|Reactome:R-HSA-9931510|Reactome:R-MMU-159231|Reactome:R-MMU-159236|Reactome:R-MMU-72163|Reactome:R-MMU-72165|Reactome:R-MMU-72187|Reactome:R-MMU-72203|Reactome:R-MMU-73856|Reactome:R-MMU-77595|Reactome:R-MMU-9013422|Reactome:R-MMU-9770562|Reactome:R-MMU-983168|Reactome:R-MMU-9930044|Reactome:R-RNO-159231|Reactome:R-RNO-72165|Reactome:R-RNO-73856|Reactome:R-RNO-77595|Reactome:R-RNO-9770562|Reactome:R-SCE-983168|Reactome:R-SPO-9770562|Reactome:R-SPO-983168|Reactome:R-XTR-77595|Reactome:R-XTR-9770562
CoDi6.4	eb56ed6f26228a321ab8ce86cd42537b	334	Gene3D	G3DSA:4.10.60.10	-	248	331	3.0E-9	T	13-08-2026	-	-	-	-
K-HERV	d1ead3dbe9aefbecec9e326f82ee03b8	695	Gene3D	G3DSA:1.10.1200.30	-	461	564	1.7E-24	T	13-08-2026	IPR008916	Retrovirus capsid, C-terminal	-	Reactome:R-HSA-1169408|Reactome:R-HSA-162585|Reactome:R-HSA-162588|Reactome:R-HSA-162592|Reactome:R-HSA-162594|Reactome:R-HSA-164516|Reactome:R-HSA-164525|Reactome:R-HSA-164843|Reactome:R-HSA-173107|Reactome:R-HSA-174490|Reactome:R-HSA-174495|Reactome:R-HSA-175474|Reactome:R-HSA-175567|Reactome:R-HSA-177539|Reactome:R-HSA-180689|Reactome:R-HSA-180910
K-HERV	d1ead3dbe9aefbecec9e326f82ee03b8	695	Pfam	PF00098	Zinc knuckle	576	589	0.29	T	13-08-2026	IPR001878	Zinc finger, CCHC-type	GO:0003676(InterPro)|GO:0008270(InterPro)	Reactome:R-BTA-159231|Reactome:R-BTA-159236|Reactome:R-BTA-72163|Reactome:R-BTA-72165|Reactome:R-BTA-72203|Reactome:R-BTA-73856|Reactome:R-BTA-77595|Reactome:R-BTA-9770562|Reactome:R-CEL-159236|Reactome:R-CEL-72163|Reactome:R-CEL-73856|Reactome:R-DME-159231|Reactome:R-DME-159236|Reactome:R-DME-1834941|Reactome:R-DME-72163|Reactome:R-DME-72165|Reactome:R-DME-72203|Reactome:R-DME-73856|Reactome:R-DME-77595|Reactome:R-DME-8941326|Reactome:R-DME-9770562|Reactome:R-DME-9930044|Reactome:R-DRE-72165|Reactome:R-HSA-1169408|Reactome:R-HSA-159231|Reactome:R-HSA-159236|Reactome:R-HSA-162585|Reactome:R-HSA-162588|Reactome:R-HSA-162592|Reactome:R-HSA-162594|Reactome:R-HSA-164516|Reactome:R-HSA-164525|Reactome:R-HSA-164843|Reactome:R-HSA-168315|Reactome:R-HSA-173107|Reactome:R-HSA-174490|Reactome:R-HSA-174495|Reactome:R-HSA-175474|Reactome:R-HSA-175567|Reactome:R-HSA-177539|Reactome:R-HSA-180689|Reactome:R-HSA-180910|Reactome:R-HSA-429947|Reactome:R-HSA-452723|Reactome:R-HSA-6784531|Reactome:R-HSA-72163|Reactome:R-HSA-72165|Reactome:R-HSA-72187|Reactome:R-HSA-72203|Reactome:R-HSA-73856|Reactome:R-HSA-77595|Reactome:R-HSA-9013422|Reactome:R-HSA-9682706|Reactome:R-HSA-9694686|Reactome:R-HSA-9705671|Reactome:R-HSA-9770562|Reactome:R-HSA-9819196|Reactome:R-HSA-9820865|Reactome:R-HSA-983168|Reactome:R-HSA-9843970|Reactome:R-HSA-9918481|Reactome:R-HSA-9930044|Reactome:R-HSA-9931510|Reactome:R-MMU-159231|Reactome:R-MMU-159236|Reactome:R-MMU-72163|Reactome:R-MMU-72165|Reactome:R-MMU-72187|Reactome:R-MMU-72203|Reactome:R-MMU-73856|Reactome:R-MMU-77595|Reactome:R-MMU-9013422|Reactome:R-MMU-9770562|Reactome:R-MMU-983168|Reactome:R-MMU-9930044|Reactome:R-RNO-159231|Reactome:R-RNO-72165|Reactome:R-RNO-73856|Reactome:R-RNO-77595|Reactome:R-RNO-9770562|Reactome:R-SCE-983168|Reactome:R-SPO-9770562|Reactome:R-SPO-983168|Reactome:R-XTR-77595|Reactome:R-XTR-9770562
K-HERV	d1ead3dbe9aefbecec9e326f82ee03b8	695	SUPERFAMILY	SSF47943	Retrovirus capsid protein, N-terminal core domain	286	464	3.06E-41	T	13-08-2026	IPR008919	Retrovirus capsid, N-terminal	GO:0016032(InterPro)	Reactome:R-HSA-1169408|Reactome:R-HSA-162585|Reactome:R-HSA-162588|Reactome:R-HSA-162592|Reactome:R-HSA-162594|Reactome:R-HSA-164516|Reactome:R-HSA-164525|Reactome:R-HSA-164843|Reactome:R-HSA-173107|Reactome:R-HSA-174490|Reactome:R-HSA-174495|Reactome:R-HSA-175474|Reactome:R-HSA-175567|Reactome:R-HSA-177539|Reactome:R-HSA-180689|Reactome:R-HSA-180910
K-HERV	d1ead3dbe9aefbecec9e326f82ee03b8	695	Gene3D	G3DSA:4.10.60.10	-	576	635	1.8E-6	T	13-08-2026	-	-	-	-
K-HERV	d1ead3dbe9aefbecec9e326f82ee03b8	695	Pfam	PF19317	Gag protein p24 C-terminal domain	465	542	2.0E-23	T	13-08-2026	IPR045345	Retroviral nucleocapsid Gag protein p24, C-terminal domain	-	Reactome:R-HSA-1169408|Reactome:R-HSA-162585|Reactome:R-HSA-162588|Reactome:R-HSA-162592|Reactome:R-HSA-162594|Reactome:R-HSA-164516|Reactome:R-HSA-164525|Reactome:R-HSA-164843|Reactome:R-HSA-173107|Reactome:R-HSA-174490|Reactome:R-HSA-174495|Reactome:R-HSA-175474|Reactome:R-HSA-175567|Reactome:R-HSA-177539|Reactome:R-HSA-180689|Reactome:R-HSA-180910
K-HERV	d1ead3dbe9aefbecec9e326f82ee03b8	695	Pfam	PF00607	gag protein p24 N-terminal domain	337	464	1.6E-37	T	13-08-2026	-	-	-	-
K-HERV	d1ead3dbe9aefbecec9e326f82ee03b8	695	Pfam	PF14787	GAG-polyprotein viral zinc-finger	608	642	5.8E-13	T	13-08-2026	-	-	-	-
K-HERV	d1ead3dbe9aefbecec9e326f82ee03b8	695	SUPERFAMILY	SSF47353	Retrovirus capsid dimerization domain-like	469	554	6.23E-20	T	13-08-2026	-	-	-	-
K-HERV	d1ead3dbe9aefbecec9e326f82ee03b8	695	PANTHER	PTHR40389	ENDOGENOUS RETROVIRUS GROUP K MEMBER 24 GAG POLYPROTEIN-RELATED	32	674	4.9E-216	T	13-08-2026	IPR050195	Primate lentivirus group Gag polyprotein-like	-	Reactome:R-HSA-1169408|Reactome:R-HSA-162585|Reactome:R-HSA-162588|Reactome:R-HSA-162592|Reactome:R-HSA-162594|Reactome:R-HSA-164516|Reactome:R-HSA-164525|Reactome:R-HSA-164843|Reactome:R-HSA-173107|Reactome:R-HSA-174490|Reactome:R-HSA-174495|Reactome:R-HSA-175474|Reactome:R-HSA-175567|Reactome:R-HSA-177539|Reactome:R-HSA-180689|Reactome:R-HSA-180910
K-HERV	d1ead3dbe9aefbecec9e326f82ee03b8	695	SUPERFAMILY	SSF47836	Retroviral matrix proteins	32	126	2.12E-27	T	13-08-2026	IPR010999	Retroviral matrix protein	-	Reactome:R-HSA-1169408|Reactome:R-HSA-162585|Reactome:R-HSA-162588|Reactome:R-HSA-162592|Reactome:R-HSA-162594|Reactome:R-HSA-164516|Reactome:R-HSA-164525|Reactome:R-HSA-164843|Reactome:R-HSA-173107|Reactome:R-HSA-174490|Reactome:R-HSA-174495|Reactome:R-HSA-175474|Reactome:R-HSA-175567|Reactome:R-HSA-177539|Reactome:R-HSA-180689|Reactome:R-HSA-180910|Reactome:R-HSA-198933
K-HERV	d1ead3dbe9aefbecec9e326f82ee03b8	695	Pfam	PF02337	Retroviral GAG p10 protein	43	124	4.4E-27	T	13-08-2026	IPR003322	Beta-retroviral matrix protein	GO:0005198(InterPro)	-
K-HERV	d1ead3dbe9aefbecec9e326f82ee03b8	695	MobiDBLite	mobidb-lite	consensus disorder prediction	653	669	-	T	13-08-2026	-	-	-	-
K-HERV	d1ead3dbe9aefbecec9e326f82ee03b8	695	MobiDBLite	mobidb-lite	consensus disorder prediction	633	651	-	T	13-08-2026	-	-	-	-
K-HERV	d1ead3dbe9aefbecec9e326f82ee03b8	695	MobiDBLite	mobidb-lite	consensus disorder prediction	632	669	-	T	13-08-2026	-	-	-	-
K-HERV	d1ead3dbe9aefbecec9e326f82ee03b8	695	Gene3D	G3DSA:1.10.150.490	Retroviral GAG p10 protein	32	133	1.2E-30	T	13-08-2026	IPR038124	Beta-retroviral matrix superfamily	-	-
K-HERV	d1ead3dbe9aefbecec9e326f82ee03b8	695	SMART	SM00343	c2hcfinal6	576	590	0.041	T	13-08-2026	IPR001878	Zinc finger, CCHC-type	GO:0003676(InterPro)|GO:0008270(InterPro)	Reactome:R-BTA-159231|Reactome:R-BTA-159236|Reactome:R-BTA-72163|Reactome:R-BTA-72165|Reactome:R-BTA-72203|Reactome:R-BTA-73856|Reactome:R-BTA-77595|Reactome:R-BTA-9770562|Reactome:R-CEL-159236|Reactome:R-CEL-72163|Reactome:R-CEL-73856|Reactome:R-DME-159231|Reactome:R-DME-159236|Reactome:R-DME-1834941|Reactome:R-DME-72163|Reactome:R-DME-72165|Reactome:R-DME-72203|Reactome:R-DME-73856|Reactome:R-DME-77595|Reactome:R-DME-8941326|Reactome:R-DME-9770562|Reactome:R-DME-9930044|Reactome:R-DRE-72165|Reactome:R-HSA-1169408|Reactome:R-HSA-159231|Reactome:R-HSA-159236|Reactome:R-HSA-162585|Reactome:R-HSA-162588|Reactome:R-HSA-162592|Reactome:R-HSA-162594|Reactome:R-HSA-164516|Reactome:R-HSA-164525|Reactome:R-HSA-164843|Reactome:R-HSA-168315|Reactome:R-HSA-173107|Reactome:R-HSA-174490|Reactome:R-HSA-174495|Reactome:R-HSA-175474|Reactome:R-HSA-175567|Reactome:R-HSA-177539|Reactome:R-HSA-180689|Reactome:R-HSA-180910|Reactome:R-HSA-429947|Reactome:R-HSA-452723|Reactome:R-HSA-6784531|Reactome:R-HSA-72163|Reactome:R-HSA-72165|Reactome:R-HSA-72187|Reactome:R-HSA-72203|Reactome:R-HSA-73856|Reactome:R-HSA-77595|Reactome:R-HSA-9013422|Reactome:R-HSA-9682706|Reactome:R-HSA-9694686|Reactome:R-HSA-9705671|Reactome:R-HSA-9770562|Reactome:R-HSA-9819196|Reactome:R-HSA-9820865|Reactome:R-HSA-983168|Reactome:R-HSA-9843970|Reactome:R-HSA-9918481|Reactome:R-HSA-9930044|Reactome:R-HSA-9931510|Reactome:R-MMU-159231|Reactome:R-MMU-159236|Reactome:R-MMU-72163|Reactome:R-MMU-72165|Reactome:R-MMU-72187|Reactome:R-MMU-72203|Reactome:R-MMU-73856|Reactome:R-MMU-77595|Reactome:R-MMU-9013422|Reactome:R-MMU-9770562|Reactome:R-MMU-983168|Reactome:R-MMU-9930044|Reactome:R-RNO-159231|Reactome:R-RNO-72165|Reactome:R-RNO-73856|Reactome:R-RNO-77595|Reactome:R-RNO-9770562|Reactome:R-SCE-983168|Reactome:R-SPO-9770562|Reactome:R-SPO-983168|Reactome:R-XTR-77595|Reactome:R-XTR-9770562
K-HERV	d1ead3dbe9aefbecec9e326f82ee03b8	695	SMART	SM00343	c2hcfinal6	611	627	5.4	T	13-08-2026	IPR001878	Zinc finger, CCHC-type	GO:0003676(InterPro)|GO:0008270(InterPro)	Reactome:R-BTA-159231|Reactome:R-BTA-159236|Reactome:R-BTA-72163|Reactome:R-BTA-72165|Reactome:R-BTA-72203|Reactome:R-BTA-73856|Reactome:R-BTA-77595|Reactome:R-BTA-9770562|Reactome:R-CEL-159236|Reactome:R-CEL-72163|Reactome:R-CEL-73856|Reactome:R-DME-159231|Reactome:R-DME-159236|Reactome:R-DME-1834941|Reactome:R-DME-72163|Reactome:R-DME-72165|Reactome:R-DME-72203|Reactome:R-DME-73856|Reactome:R-DME-77595|Reactome:R-DME-8941326|Reactome:R-DME-9770562|Reactome:R-DME-9930044|Reactome:R-DRE-72165|Reactome:R-HSA-1169408|Reactome:R-HSA-159231|Reactome:R-HSA-159236|Reactome:R-HSA-162585|Reactome:R-HSA-162588|Reactome:R-HSA-162592|Reactome:R-HSA-162594|Reactome:R-HSA-164516|Reactome:R-HSA-164525|Reactome:R-HSA-164843|Reactome:R-HSA-168315|Reactome:R-HSA-173107|Reactome:R-HSA-174490|Reactome:R-HSA-174495|Reactome:R-HSA-175474|Reactome:R-HSA-175567|Reactome:R-HSA-177539|Reactome:R-HSA-180689|Reactome:R-HSA-180910|Reactome:R-HSA-429947|Reactome:R-HSA-452723|Reactome:R-HSA-6784531|Reactome:R-HSA-72163|Reactome:R-HSA-72165|Reactome:R-HSA-72187|Reactome:R-HSA-72203|Reactome:R-HSA-73856|Reactome:R-HSA-77595|Reactome:R-HSA-9013422|Reactome:R-HSA-9682706|Reactome:R-HSA-9694686|Reactome:R-HSA-9705671|Reactome:R-HSA-9770562|Reactome:R-HSA-9819196|Reactome:R-HSA-9820865|Reactome:R-HSA-983168|Reactome:R-HSA-9843970|Reactome:R-HSA-9918481|Reactome:R-HSA-9930044|Reactome:R-HSA-9931510|Reactome:R-MMU-159231|Reactome:R-MMU-159236|Reactome:R-MMU-72163|Reactome:R-MMU-72165|Reactome:R-MMU-72187|Reactome:R-MMU-72203|Reactome:R-MMU-73856|Reactome:R-MMU-77595|Reactome:R-MMU-9013422|Reactome:R-MMU-9770562|Reactome:R-MMU-983168|Reactome:R-MMU-9930044|Reactome:R-RNO-159231|Reactome:R-RNO-72165|Reactome:R-RNO-73856|Reactome:R-RNO-77595|Reactome:R-RNO-9770562|Reactome:R-SCE-983168|Reactome:R-SPO-9770562|Reactome:R-SPO-983168|Reactome:R-XTR-77595|Reactome:R-XTR-9770562
K-HERV	d1ead3dbe9aefbecec9e326f82ee03b8	695	ProSiteProfiles	PS50158	Zinc finger CCHC-type profile.	576	589	8.976924	T	13-08-2026	IPR001878	Zinc finger, CCHC-type	GO:0003676(InterPro)|GO:0008270(InterPro)	Reactome:R-BTA-159231|Reactome:R-BTA-159236|Reactome:R-BTA-72163|Reactome:R-BTA-72165|Reactome:R-BTA-72203|Reactome:R-BTA-73856|Reactome:R-BTA-77595|Reactome:R-BTA-9770562|Reactome:R-CEL-159236|Reactome:R-CEL-72163|Reactome:R-CEL-73856|Reactome:R-DME-159231|Reactome:R-DME-159236|Reactome:R-DME-1834941|Reactome:R-DME-72163|Reactome:R-DME-72165|Reactome:R-DME-72203|Reactome:R-DME-73856|Reactome:R-DME-77595|Reactome:R-DME-8941326|Reactome:R-DME-9770562|Reactome:R-DME-9930044|Reactome:R-DRE-72165|Reactome:R-HSA-1169408|Reactome:R-HSA-159231|Reactome:R-HSA-159236|Reactome:R-HSA-162585|Reactome:R-HSA-162588|Reactome:R-HSA-162592|Reactome:R-HSA-162594|Reactome:R-HSA-164516|Reactome:R-HSA-164525|Reactome:R-HSA-164843|Reactome:R-HSA-168315|Reactome:R-HSA-173107|Reactome:R-HSA-174490|Reactome:R-HSA-174495|Reactome:R-HSA-175474|Reactome:R-HSA-175567|Reactome:R-HSA-177539|Reactome:R-HSA-180689|Reactome:R-HSA-180910|Reactome:R-HSA-429947|Reactome:R-HSA-452723|Reactome:R-HSA-6784531|Reactome:R-HSA-72163|Reactome:R-HSA-72165|Reactome:R-HSA-72187|Reactome:R-HSA-72203|Reactome:R-HSA-73856|Reactome:R-HSA-77595|Reactome:R-HSA-9013422|Reactome:R-HSA-9682706|Reactome:R-HSA-9694686|Reactome:R-HSA-9705671|Reactome:R-HSA-9770562|Reactome:R-HSA-9819196|Reactome:R-HSA-9820865|Reactome:R-HSA-983168|Reactome:R-HSA-9843970|Reactome:R-HSA-9918481|Reactome:R-HSA-9930044|Reactome:R-HSA-9931510|Reactome:R-MMU-159231|Reactome:R-MMU-159236|Reactome:R-MMU-72163|Reactome:R-MMU-72165|Reactome:R-MMU-72187|Reactome:R-MMU-72203|Reactome:R-MMU-73856|Reactome:R-MMU-77595|Reactome:R-MMU-9013422|Reactome:R-MMU-9770562|Reactome:R-MMU-983168|Reactome:R-MMU-9930044|Reactome:R-RNO-159231|Reactome:R-RNO-72165|Reactome:R-RNO-73856|Reactome:R-RNO-77595|Reactome:R-RNO-9770562|Reactome:R-SCE-983168|Reactome:R-SPO-9770562|Reactome:R-SPO-983168|Reactome:R-XTR-77595|Reactome:R-XTR-9770562
K-HERV	d1ead3dbe9aefbecec9e326f82ee03b8	695	SUPERFAMILY	SSF57756	Retrovirus zinc finger-like domains	609	637	9.27E-8	T	13-08-2026	IPR036875	Zinc finger, CCHC-type superfamily	GO:0003676(InterPro)|GO:0008270(InterPro)	Reactome:R-BTA-159231|Reactome:R-BTA-159236|Reactome:R-BTA-72163|Reactome:R-BTA-72165|Reactome:R-BTA-72203|Reactome:R-BTA-73856|Reactome:R-BTA-77595|Reactome:R-BTA-9770562|Reactome:R-CEL-159236|Reactome:R-CEL-72163|Reactome:R-CEL-73856|Reactome:R-DME-159231|Reactome:R-DME-159236|Reactome:R-DME-1834941|Reactome:R-DME-72163|Reactome:R-DME-72165|Reactome:R-DME-72203|Reactome:R-DME-73856|Reactome:R-DME-77595|Reactome:R-DME-9770562|Reactome:R-DRE-72165|Reactome:R-HSA-1169408|Reactome:R-HSA-159231|Reactome:R-HSA-159236|Reactome:R-HSA-162585|Reactome:R-HSA-162588|Reactome:R-HSA-162592|Reactome:R-HSA-162594|Reactome:R-HSA-164516|Reactome:R-HSA-164525|Reactome:R-HSA-164843|Reactome:R-HSA-168315|Reactome:R-HSA-173107|Reactome:R-HSA-174490|Reactome:R-HSA-174495|Reactome:R-HSA-175474|Reactome:R-HSA-175567|Reactome:R-HSA-177539|Reactome:R-HSA-180689|Reactome:R-HSA-180910|Reactome:R-HSA-429947|Reactome:R-HSA-452723|Reactome:R-HSA-6784531|Reactome:R-HSA-72163|Reactome:R-HSA-72165|Reactome:R-HSA-72187|Reactome:R-HSA-72203|Reactome:R-HSA-73856|Reactome:R-HSA-77595|Reactome:R-HSA-9013422|Reactome:R-HSA-9682706|Reactome:R-HSA-9694686|Reactome:R-HSA-9705671|Reactome:R-HSA-9770562|Reactome:R-HSA-9819196|Reactome:R-HSA-9820865|Reactome:R-HSA-983168|Reactome:R-HSA-9918481|Reactome:R-HSA-9930044|Reactome:R-MMU-159231|Reactome:R-MMU-159236|Reactome:R-MMU-72163|Reactome:R-MMU-72165|Reactome:R-MMU-72187|Reactome:R-MMU-72203|Reactome:R-MMU-73856|Reactome:R-MMU-77595|Reactome:R-MMU-9013422|Reactome:R-MMU-9770562|Reactome:R-MMU-983168|Reactome:R-RNO-159231|Reactome:R-RNO-72165|Reactome:R-RNO-73856|Reactome:R-RNO-77595|Reactome:R-RNO-9770562|Reactome:R-SCE-983168|Reactome:R-SPO-9770562|Reactome:R-SPO-983168|Reactome:R-XTR-77595|Reactome:R-XTR-9770562
K-HERV	d1ead3dbe9aefbecec9e326f82ee03b8	695	Gene3D	G3DSA:1.10.375.10	Human Immunodeficiency Virus Type 1 Capsid Protein	286	460	1.5E-37	T	13-08-2026	IPR008919	Retrovirus capsid, N-terminal	GO:0016032(InterPro)	Reactome:R-HSA-1169408|Reactome:R-HSA-162585|Reactome:R-HSA-162588|Reactome:R-HSA-162592|Reactome:R-HSA-162594|Reactome:R-HSA-164516|Reactome:R-HSA-164525|Reactome:R-HSA-164843|Reactome:R-HSA-173107|Reactome:R-HSA-174490|Reactome:R-HSA-174495|Reactome:R-HSA-175474|Reactome:R-HSA-175567|Reactome:R-HSA-177539|Reactome:R-HSA-180689|Reactome:R-HSA-180910
Cubel	64d614a930920c59f98797c76526683d	278	PANTHER	PTHR47331	PHD-TYPE DOMAIN-CONTAINING PROTEIN	3	277	4.4E-22	T	13-08-2026	-	-	-	-
Cubel	64d614a930920c59f98797c76526683d	278	Pfam	PF03564	Protein of unknown function (DUF1759)	9	154	0.016	T	13-08-2026	IPR005312	Domain of unknown function DUF1759	-	-
Araco	182ec80980795f609c801443fd35d253	320	Pfam	PF00098	Zinc knuckle	280	295	0.0053	T	13-08-2026	IPR001878	Zinc finger, CCHC-type	GO:0003676(InterPro)|GO:0008270(InterPro)	Reactome:R-BTA-159231|Reactome:R-BTA-159236|Reactome:R-BTA-72163|Reactome:R-BTA-72165|Reactome:R-BTA-72203|Reactome:R-BTA-73856|Reactome:R-BTA-77595|Reactome:R-BTA-9770562|Reactome:R-CEL-159236|Reactome:R-CEL-72163|Reactome:R-CEL-73856|Reactome:R-DME-159231|Reactome:R-DME-159236|Reactome:R-DME-1834941|Reactome:R-DME-72163|Reactome:R-DME-72165|Reactome:R-DME-72203|Reactome:R-DME-73856|Reactome:R-DME-77595|Reactome:R-DME-8941326|Reactome:R-DME-9770562|Reactome:R-DME-9930044|Reactome:R-DRE-72165|Reactome:R-HSA-1169408|Reactome:R-HSA-159231|Reactome:R-HSA-159236|Reactome:R-HSA-162585|Reactome:R-HSA-162588|Reactome:R-HSA-162592|Reactome:R-HSA-162594|Reactome:R-HSA-164516|Reactome:R-HSA-164525|Reactome:R-HSA-164843|Reactome:R-HSA-168315|Reactome:R-HSA-173107|Reactome:R-HSA-174490|Reactome:R-HSA-174495|Reactome:R-HSA-175474|Reactome:R-HSA-175567|Reactome:R-HSA-177539|Reactome:R-HSA-180689|Reactome:R-HSA-180910|Reactome:R-HSA-429947|Reactome:R-HSA-452723|Reactome:R-HSA-6784531|Reactome:R-HSA-72163|Reactome:R-HSA-72165|Reactome:R-HSA-72187|Reactome:R-HSA-72203|Reactome:R-HSA-73856|Reactome:R-HSA-77595|Reactome:R-HSA-9013422|Reactome:R-HSA-9682706|Reactome:R-HSA-9694686|Reactome:R-HSA-9705671|Reactome:R-HSA-9770562|Reactome:R-HSA-9819196|Reactome:R-HSA-9820865|Reactome:R-HSA-983168|Reactome:R-HSA-9843970|Reactome:R-HSA-9918481|Reactome:R-HSA-9930044|Reactome:R-HSA-9931510|Reactome:R-MMU-159231|Reactome:R-MMU-159236|Reactome:R-MMU-72163|Reactome:R-MMU-72165|Reactome:R-MMU-72187|Reactome:R-MMU-72203|Reactome:R-MMU-73856|Reactome:R-MMU-77595|Reactome:R-MMU-9013422|Reactome:R-MMU-9770562|Reactome:R-MMU-983168|Reactome:R-MMU-9930044|Reactome:R-RNO-159231|Reactome:R-RNO-72165|Reactome:R-RNO-73856|Reactome:R-RNO-77595|Reactome:R-RNO-9770562|Reactome:R-SCE-983168|Reactome:R-SPO-9770562|Reactome:R-SPO-983168|Reactome:R-XTR-77595|Reactome:R-XTR-9770562
Araco	182ec80980795f609c801443fd35d253	320	Coils	Coil	Coil	187	214	-	T	13-08-2026	-	-	-	-
Araco	182ec80980795f609c801443fd35d253	320	ProSiteProfiles	PS50158	Zinc finger CCHC-type profile.	280	295	10.559273	T	13-08-2026	IPR001878	Zinc finger, CCHC-type	GO:0003676(InterPro)|GO:0008270(InterPro)	Reactome:R-BTA-159231|Reactome:R-BTA-159236|Reactome:R-BTA-72163|Reactome:R-BTA-72165|Reactome:R-BTA-72203|Reactome:R-BTA-73856|Reactome:R-BTA-77595|Reactome:R-BTA-9770562|Reactome:R-CEL-159236|Reactome:R-CEL-72163|Reactome:R-CEL-73856|Reactome:R-DME-159231|Reactome:R-DME-159236|Reactome:R-DME-1834941|Reactome:R-DME-72163|Reactome:R-DME-72165|Reactome:R-DME-72203|Reactome:R-DME-73856|Reactome:R-DME-77595|Reactome:R-DME-8941326|Reactome:R-DME-9770562|Reactome:R-DME-9930044|Reactome:R-DRE-72165|Reactome:R-HSA-1169408|Reactome:R-HSA-159231|Reactome:R-HSA-159236|Reactome:R-HSA-162585|Reactome:R-HSA-162588|Reactome:R-HSA-162592|Reactome:R-HSA-162594|Reactome:R-HSA-164516|Reactome:R-HSA-164525|Reactome:R-HSA-164843|Reactome:R-HSA-168315|Reactome:R-HSA-173107|Reactome:R-HSA-174490|Reactome:R-HSA-174495|Reactome:R-HSA-175474|Reactome:R-HSA-175567|Reactome:R-HSA-177539|Reactome:R-HSA-180689|Reactome:R-HSA-180910|Reactome:R-HSA-429947|Reactome:R-HSA-452723|Reactome:R-HSA-6784531|Reactome:R-HSA-72163|Reactome:R-HSA-72165|Reactome:R-HSA-72187|Reactome:R-HSA-72203|Reactome:R-HSA-73856|Reactome:R-HSA-77595|Reactome:R-HSA-9013422|Reactome:R-HSA-9682706|Reactome:R-HSA-9694686|Reactome:R-HSA-9705671|Reactome:R-HSA-9770562|Reactome:R-HSA-9819196|Reactome:R-HSA-9820865|Reactome:R-HSA-983168|Reactome:R-HSA-9843970|Reactome:R-HSA-9918481|Reactome:R-HSA-9930044|Reactome:R-HSA-9931510|Reactome:R-MMU-159231|Reactome:R-MMU-159236|Reactome:R-MMU-72163|Reactome:R-MMU-72165|Reactome:R-MMU-72187|Reactome:R-MMU-72203|Reactome:R-MMU-73856|Reactome:R-MMU-77595|Reactome:R-MMU-9013422|Reactome:R-MMU-9770562|Reactome:R-MMU-983168|Reactome:R-MMU-9930044|Reactome:R-RNO-159231|Reactome:R-RNO-72165|Reactome:R-RNO-73856|Reactome:R-RNO-77595|Reactome:R-RNO-9770562|Reactome:R-SCE-983168|Reactome:R-SPO-9770562|Reactome:R-SPO-983168|Reactome:R-XTR-77595|Reactome:R-XTR-9770562
Araco	182ec80980795f609c801443fd35d253	320	Pfam	PF14223	gag-polypeptide of LTR copia-type	25	205	1.1E-31	T	13-08-2026	IPR061502	Copia/RE1/RE2-like, N-terminal domain	-	-
Araco	182ec80980795f609c801443fd35d253	320	Gene3D	G3DSA:4.10.60.10	-	268	308	2.7E-7	T	13-08-2026	-	-	-	-
Araco	182ec80980795f609c801443fd35d253	320	PANTHER	PTHR35317	OS04G0629600 PROTEIN	9	289	7.7E-47	T	13-08-2026	-	-	-	-
Araco	182ec80980795f609c801443fd35d253	320	MobiDBLite	mobidb-lite	consensus disorder prediction	228	245	-	T	13-08-2026	-	-	-	-
Araco	182ec80980795f609c801443fd35d253	320	MobiDBLite	mobidb-lite	consensus disorder prediction	219	276	-	T	13-08-2026	-	-	-	-
Araco	182ec80980795f609c801443fd35d253	320	SMART	SM00343	c2hcfinal6	280	296	1.0E-4	T	13-08-2026	IPR001878	Zinc finger, CCHC-type	GO:0003676(InterPro)|GO:0008270(InterPro)	Reactome:R-BTA-159231|Reactome:R-BTA-159236|Reactome:R-BTA-72163|Reactome:R-BTA-72165|Reactome:R-BTA-72203|Reactome:R-BTA-73856|Reactome:R-BTA-77595|Reactome:R-BTA-9770562|Reactome:R-CEL-159236|Reactome:R-CEL-72163|Reactome:R-CEL-73856|Reactome:R-DME-159231|Reactome:R-DME-159236|Reactome:R-DME-1834941|Reactome:R-DME-72163|Reactome:R-DME-72165|Reactome:R-DME-72203|Reactome:R-DME-73856|Reactome:R-DME-77595|Reactome:R-DME-8941326|Reactome:R-DME-9770562|Reactome:R-DME-9930044|Reactome:R-DRE-72165|Reactome:R-HSA-1169408|Reactome:R-HSA-159231|Reactome:R-HSA-159236|Reactome:R-HSA-162585|Reactome:R-HSA-162588|Reactome:R-HSA-162592|Reactome:R-HSA-162594|Reactome:R-HSA-164516|Reactome:R-HSA-164525|Reactome:R-HSA-164843|Reactome:R-HSA-168315|Reactome:R-HSA-173107|Reactome:R-HSA-174490|Reactome:R-HSA-174495|Reactome:R-HSA-175474|Reactome:R-HSA-175567|Reactome:R-HSA-177539|Reactome:R-HSA-180689|Reactome:R-HSA-180910|Reactome:R-HSA-429947|Reactome:R-HSA-452723|Reactome:R-HSA-6784531|Reactome:R-HSA-72163|Reactome:R-HSA-72165|Reactome:R-HSA-72187|Reactome:R-HSA-72203|Reactome:R-HSA-73856|Reactome:R-HSA-77595|Reactome:R-HSA-9013422|Reactome:R-HSA-9682706|Reactome:R-HSA-9694686|Reactome:R-HSA-9705671|Reactome:R-HSA-9770562|Reactome:R-HSA-9819196|Reactome:R-HSA-9820865|Reactome:R-HSA-983168|Reactome:R-HSA-9843970|Reactome:R-HSA-9918481|Reactome:R-HSA-9930044|Reactome:R-HSA-9931510|Reactome:R-MMU-159231|Reactome:R-MMU-159236|Reactome:R-MMU-72163|Reactome:R-MMU-72165|Reactome:R-MMU-72187|Reactome:R-MMU-72203|Reactome:R-MMU-73856|Reactome:R-MMU-77595|Reactome:R-MMU-9013422|Reactome:R-MMU-9770562|Reactome:R-MMU-983168|Reactome:R-MMU-9930044|Reactome:R-RNO-159231|Reactome:R-RNO-72165|Reactome:R-RNO-73856|Reactome:R-RNO-77595|Reactome:R-RNO-9770562|Reactome:R-SCE-983168|Reactome:R-SPO-9770562|Reactome:R-SPO-983168|Reactome:R-XTR-77595|Reactome:R-XTR-9770562
Araco	182ec80980795f609c801443fd35d253	320	SUPERFAMILY	SSF57756	Retrovirus zinc finger-like domains	263	299	3.84E-8	T	13-08-2026	IPR036875	Zinc finger, CCHC-type superfamily	GO:0003676(InterPro)|GO:0008270(InterPro)	Reactome:R-BTA-159231|Reactome:R-BTA-159236|Reactome:R-BTA-72163|Reactome:R-BTA-72165|Reactome:R-BTA-72203|Reactome:R-BTA-73856|Reactome:R-BTA-77595|Reactome:R-BTA-9770562|Reactome:R-CEL-159236|Reactome:R-CEL-72163|Reactome:R-CEL-73856|Reactome:R-DME-159231|Reactome:R-DME-159236|Reactome:R-DME-1834941|Reactome:R-DME-72163|Reactome:R-DME-72165|Reactome:R-DME-72203|Reactome:R-DME-73856|Reactome:R-DME-77595|Reactome:R-DME-9770562|Reactome:R-DRE-72165|Reactome:R-HSA-1169408|Reactome:R-HSA-159231|Reactome:R-HSA-159236|Reactome:R-HSA-162585|Reactome:R-HSA-162588|Reactome:R-HSA-162592|Reactome:R-HSA-162594|Reactome:R-HSA-164516|Reactome:R-HSA-164525|Reactome:R-HSA-164843|Reactome:R-HSA-168315|Reactome:R-HSA-173107|Reactome:R-HSA-174490|Reactome:R-HSA-174495|Reactome:R-HSA-175474|Reactome:R-HSA-175567|Reactome:R-HSA-177539|Reactome:R-HSA-180689|Reactome:R-HSA-180910|Reactome:R-HSA-429947|Reactome:R-HSA-452723|Reactome:R-HSA-6784531|Reactome:R-HSA-72163|Reactome:R-HSA-72165|Reactome:R-HSA-72187|Reactome:R-HSA-72203|Reactome:R-HSA-73856|Reactome:R-HSA-77595|Reactome:R-HSA-9013422|Reactome:R-HSA-9682706|Reactome:R-HSA-9694686|Reactome:R-HSA-9705671|Reactome:R-HSA-9770562|Reactome:R-HSA-9819196|Reactome:R-HSA-9820865|Reactome:R-HSA-983168|Reactome:R-HSA-9918481|Reactome:R-HSA-9930044|Reactome:R-MMU-159231|Reactome:R-MMU-159236|Reactome:R-MMU-72163|Reactome:R-MMU-72165|Reactome:R-MMU-72187|Reactome:R-MMU-72203|Reactome:R-MMU-73856|Reactome:R-MMU-77595|Reactome:R-MMU-9013422|Reactome:R-MMU-9770562|Reactome:R-MMU-983168|Reactome:R-RNO-159231|Reactome:R-RNO-72165|Reactome:R-RNO-73856|Reactome:R-RNO-77595|Reactome:R-RNO-9770562|Reactome:R-SCE-983168|Reactome:R-SPO-9770562|Reactome:R-SPO-983168|Reactome:R-XTR-77595|Reactome:R-XTR-9770562
Yokozuna	424ce372171944d33775e8f2a4c0c0e5	292	ProSiteProfiles	PS50158	Zinc finger CCHC-type profile.	202	216	9.751616	T	13-08-2026	IPR001878	Zinc finger, CCHC-type	GO:0003676(InterPro)|GO:0008270(InterPro)	Reactome:R-BTA-159231|Reactome:R-BTA-159236|Reactome:R-BTA-72163|Reactome:R-BTA-72165|Reactome:R-BTA-72203|Reactome:R-BTA-73856|Reactome:R-BTA-77595|Reactome:R-BTA-9770562|Reactome:R-CEL-159236|Reactome:R-CEL-72163|Reactome:R-CEL-73856|Reactome:R-DME-159231|Reactome:R-DME-159236|Reactome:R-DME-1834941|Reactome:R-DME-72163|Reactome:R-DME-72165|Reactome:R-DME-72203|Reactome:R-DME-73856|Reactome:R-DME-77595|Reactome:R-DME-8941326|Reactome:R-DME-9770562|Reactome:R-DME-9930044|Reactome:R-DRE-72165|Reactome:R-HSA-1169408|Reactome:R-HSA-159231|Reactome:R-HSA-159236|Reactome:R-HSA-162585|Reactome:R-HSA-162588|Reactome:R-HSA-162592|Reactome:R-HSA-162594|Reactome:R-HSA-164516|Reactome:R-HSA-164525|Reactome:R-HSA-164843|Reactome:R-HSA-168315|Reactome:R-HSA-173107|Reactome:R-HSA-174490|Reactome:R-HSA-174495|Reactome:R-HSA-175474|Reactome:R-HSA-175567|Reactome:R-HSA-177539|Reactome:R-HSA-180689|Reactome:R-HSA-180910|Reactome:R-HSA-429947|Reactome:R-HSA-452723|Reactome:R-HSA-6784531|Reactome:R-HSA-72163|Reactome:R-HSA-72165|Reactome:R-HSA-72187|Reactome:R-HSA-72203|Reactome:R-HSA-73856|Reactome:R-HSA-77595|Reactome:R-HSA-9013422|Reactome:R-HSA-9682706|Reactome:R-HSA-9694686|Reactome:R-HSA-9705671|Reactome:R-HSA-9770562|Reactome:R-HSA-9819196|Reactome:R-HSA-9820865|Reactome:R-HSA-983168|Reactome:R-HSA-9843970|Reactome:R-HSA-9918481|Reactome:R-HSA-9930044|Reactome:R-HSA-9931510|Reactome:R-MMU-159231|Reactome:R-MMU-159236|Reactome:R-MMU-72163|Reactome:R-MMU-72165|Reactome:R-MMU-72187|Reactome:R-MMU-72203|Reactome:R-MMU-73856|Reactome:R-MMU-77595|Reactome:R-MMU-9013422|Reactome:R-MMU-9770562|Reactome:R-MMU-983168|Reactome:R-MMU-9930044|Reactome:R-RNO-159231|Reactome:R-RNO-72165|Reactome:R-RNO-73856|Reactome:R-RNO-77595|Reactome:R-RNO-9770562|Reactome:R-SCE-983168|Reactome:R-SPO-9770562|Reactome:R-SPO-983168|Reactome:R-XTR-77595|Reactome:R-XTR-9770562
Yokozuna	424ce372171944d33775e8f2a4c0c0e5	292	MobiDBLite	mobidb-lite	consensus disorder prediction	260	286	-	T	13-08-2026	-	-	-	-
Yokozuna	424ce372171944d33775e8f2a4c0c0e5	292	MobiDBLite	mobidb-lite	consensus disorder prediction	245	292	-	T	13-08-2026	-	-	-	-
Yokozuna	424ce372171944d33775e8f2a4c0c0e5	292	Pfam	PF14223	gag-polypeptide of LTR copia-type	28	190	1.8E-26	T	13-08-2026	IPR061502	Copia/RE1/RE2-like, N-terminal domain	-	-
Yokozuna	424ce372171944d33775e8f2a4c0c0e5	292	SUPERFAMILY	SSF57756	Retrovirus zinc finger-like domains	197	218	3.84E-5	T	13-08-2026	IPR036875	Zinc finger, CCHC-type superfamily	GO:0003676(InterPro)|GO:0008270(InterPro)	Reactome:R-BTA-159231|Reactome:R-BTA-159236|Reactome:R-BTA-72163|Reactome:R-BTA-72165|Reactome:R-BTA-72203|Reactome:R-BTA-73856|Reactome:R-BTA-77595|Reactome:R-BTA-9770562|Reactome:R-CEL-159236|Reactome:R-CEL-72163|Reactome:R-CEL-73856|Reactome:R-DME-159231|Reactome:R-DME-159236|Reactome:R-DME-1834941|Reactome:R-DME-72163|Reactome:R-DME-72165|Reactome:R-DME-72203|Reactome:R-DME-73856|Reactome:R-DME-77595|Reactome:R-DME-9770562|Reactome:R-DRE-72165|Reactome:R-HSA-1169408|Reactome:R-HSA-159231|Reactome:R-HSA-159236|Reactome:R-HSA-162585|Reactome:R-HSA-162588|Reactome:R-HSA-162592|Reactome:R-HSA-162594|Reactome:R-HSA-164516|Reactome:R-HSA-164525|Reactome:R-HSA-164843|Reactome:R-HSA-168315|Reactome:R-HSA-173107|Reactome:R-HSA-174490|Reactome:R-HSA-174495|Reactome:R-HSA-175474|Reactome:R-HSA-175567|Reactome:R-HSA-177539|Reactome:R-HSA-180689|Reactome:R-HSA-180910|Reactome:R-HSA-429947|Reactome:R-HSA-452723|Reactome:R-HSA-6784531|Reactome:R-HSA-72163|Reactome:R-HSA-72165|Reactome:R-HSA-72187|Reactome:R-HSA-72203|Reactome:R-HSA-73856|Reactome:R-HSA-77595|Reactome:R-HSA-9013422|Reactome:R-HSA-9682706|Reactome:R-HSA-9694686|Reactome:R-HSA-9705671|Reactome:R-HSA-9770562|Reactome:R-HSA-9819196|Reactome:R-HSA-9820865|Reactome:R-HSA-983168|Reactome:R-HSA-9918481|Reactome:R-HSA-9930044|Reactome:R-MMU-159231|Reactome:R-MMU-159236|Reactome:R-MMU-72163|Reactome:R-MMU-72165|Reactome:R-MMU-72187|Reactome:R-MMU-72203|Reactome:R-MMU-73856|Reactome:R-MMU-77595|Reactome:R-MMU-9013422|Reactome:R-MMU-9770562|Reactome:R-MMU-983168|Reactome:R-RNO-159231|Reactome:R-RNO-72165|Reactome:R-RNO-73856|Reactome:R-RNO-77595|Reactome:R-RNO-9770562|Reactome:R-SCE-983168|Reactome:R-SPO-9770562|Reactome:R-SPO-983168|Reactome:R-XTR-77595|Reactome:R-XTR-9770562
Yokozuna	424ce372171944d33775e8f2a4c0c0e5	292	PANTHER	PTHR47481	-	15	272	2.6E-15	T	13-08-2026	-	-	-	-
Yokozuna	424ce372171944d33775e8f2a4c0c0e5	292	SMART	SM00343	c2hcfinal6	201	217	0.0015	T	13-08-2026	IPR001878	Zinc finger, CCHC-type	GO:0003676(InterPro)|GO:0008270(InterPro)	Reactome:R-BTA-159231|Reactome:R-BTA-159236|Reactome:R-BTA-72163|Reactome:R-BTA-72165|Reactome:R-BTA-72203|Reactome:R-BTA-73856|Reactome:R-BTA-77595|Reactome:R-BTA-9770562|Reactome:R-CEL-159236|Reactome:R-CEL-72163|Reactome:R-CEL-73856|Reactome:R-DME-159231|Reactome:R-DME-159236|Reactome:R-DME-1834941|Reactome:R-DME-72163|Reactome:R-DME-72165|Reactome:R-DME-72203|Reactome:R-DME-73856|Reactome:R-DME-77595|Reactome:R-DME-8941326|Reactome:R-DME-9770562|Reactome:R-DME-9930044|Reactome:R-DRE-72165|Reactome:R-HSA-1169408|Reactome:R-HSA-159231|Reactome:R-HSA-159236|Reactome:R-HSA-162585|Reactome:R-HSA-162588|Reactome:R-HSA-162592|Reactome:R-HSA-162594|Reactome:R-HSA-164516|Reactome:R-HSA-164525|Reactome:R-HSA-164843|Reactome:R-HSA-168315|Reactome:R-HSA-173107|Reactome:R-HSA-174490|Reactome:R-HSA-174495|Reactome:R-HSA-175474|Reactome:R-HSA-175567|Reactome:R-HSA-177539|Reactome:R-HSA-180689|Reactome:R-HSA-180910|Reactome:R-HSA-429947|Reactome:R-HSA-452723|Reactome:R-HSA-6784531|Reactome:R-HSA-72163|Reactome:R-HSA-72165|Reactome:R-HSA-72187|Reactome:R-HSA-72203|Reactome:R-HSA-73856|Reactome:R-HSA-77595|Reactome:R-HSA-9013422|Reactome:R-HSA-9682706|Reactome:R-HSA-9694686|Reactome:R-HSA-9705671|Reactome:R-HSA-9770562|Reactome:R-HSA-9819196|Reactome:R-HSA-9820865|Reactome:R-HSA-983168|Reactome:R-HSA-9843970|Reactome:R-HSA-9918481|Reactome:R-HSA-9930044|Reactome:R-HSA-9931510|Reactome:R-MMU-159231|Reactome:R-MMU-159236|Reactome:R-MMU-72163|Reactome:R-MMU-72165|Reactome:R-MMU-72187|Reactome:R-MMU-72203|Reactome:R-MMU-73856|Reactome:R-MMU-77595|Reactome:R-MMU-9013422|Reactome:R-MMU-9770562|Reactome:R-MMU-983168|Reactome:R-MMU-9930044|Reactome:R-RNO-159231|Reactome:R-RNO-72165|Reactome:R-RNO-73856|Reactome:R-RNO-77595|Reactome:R-RNO-9770562|Reactome:R-SCE-983168|Reactome:R-SPO-9770562|Reactome:R-SPO-983168|Reactome:R-XTR-77595|Reactome:R-XTR-9770562
Suzu	4a88ede1e3034160915ba3ae855c2b87	286	PANTHER	PTHR47331	PHD-TYPE DOMAIN-CONTAINING PROTEIN	4	262	8.0E-17	T	13-08-2026	-	-	-	-
Suzu	4a88ede1e3034160915ba3ae855c2b87	286	Pfam	PF03564	Protein of unknown function (DUF1759)	62	151	9.0E-4	T	13-08-2026	IPR005312	Domain of unknown function DUF1759	-	-
CoDi3.1	59de425a09df6bd351d0c0af11ae06f1	624	Phobius	SIGNAL_PEPTIDE_N_REGION	N-terminal region of a signal peptide.	1	6	-	T	13-08-2026	-	-	-	-
CoDi3.1	59de425a09df6bd351d0c0af11ae06f1	624	Phobius	SIGNAL_PEPTIDE_H_REGION	Hydrophobic region of a signal peptide.	7	18	-	T	13-08-2026	-	-	-	-
CoDi3.1	59de425a09df6bd351d0c0af11ae06f1	624	SignalP_GRAM_POSITIVE	SignalP-TM	SignalP-TM	1	24	-	T	13-08-2026	-	-	-	-
CoDi3.1	59de425a09df6bd351d0c0af11ae06f1	624	Phobius	SIGNAL_PEPTIDE	Signal peptide region	1	24	-	T	13-08-2026	-	-	-	-
CoDi3.1	59de425a09df6bd351d0c0af11ae06f1	624	Phobius	NON_CYTOPLASMIC_DOMAIN	Region of a membrane-bound protein predicted to be outside the membrane, in the extracellular region.	25	624	-	T	13-08-2026	-	-	-	-
CoDi3.1	59de425a09df6bd351d0c0af11ae06f1	624	MobiDBLite	mobidb-lite	consensus disorder prediction	434	443	-	T	13-08-2026	-	-	-	-
CoDi3.1	59de425a09df6bd351d0c0af11ae06f1	624	MobiDBLite	mobidb-lite	consensus disorder prediction	85	104	-	T	13-08-2026	-	-	-	-
CoDi3.1	59de425a09df6bd351d0c0af11ae06f1	624	MobiDBLite	mobidb-lite	consensus disorder prediction	505	571	-	T	13-08-2026	-	-	-	-
CoDi3.1	59de425a09df6bd351d0c0af11ae06f1	624	MobiDBLite	mobidb-lite	consensus disorder prediction	7	27	-	T	13-08-2026	-	-	-	-
CoDi3.1	59de425a09df6bd351d0c0af11ae06f1	624	MobiDBLite	mobidb-lite	consensus disorder prediction	30	44	-	T	13-08-2026	-	-	-	-
CoDi3.1	59de425a09df6bd351d0c0af11ae06f1	624	MobiDBLite	mobidb-lite	consensus disorder prediction	444	459	-	T	13-08-2026	-	-	-	-
CoDi3.1	59de425a09df6bd351d0c0af11ae06f1	624	MobiDBLite	mobidb-lite	consensus disorder prediction	1	104	-	T	13-08-2026	-	-	-	-
CoDi3.1	59de425a09df6bd351d0c0af11ae06f1	624	MobiDBLite	mobidb-lite	consensus disorder prediction	431	488	-	T	13-08-2026	-	-	-	-
CoDi3.1	59de425a09df6bd351d0c0af11ae06f1	624	MobiDBLite	mobidb-lite	consensus disorder prediction	515	524	-	T	13-08-2026	-	-	-	-
CoDi3.1	59de425a09df6bd351d0c0af11ae06f1	624	MobiDBLite	mobidb-lite	consensus disorder prediction	525	540	-	T	13-08-2026	-	-	-	-
CoDi3.1	59de425a09df6bd351d0c0af11ae06f1	624	Phobius	SIGNAL_PEPTIDE_C_REGION	C-terminal region of a signal peptide.	19	24	-	T	13-08-2026	-	-	-	-
Tamy	ebe6f3a7178d567f5ed33c8122709c18	269	PANTHER	PTHR47331	PHD-TYPE DOMAIN-CONTAINING PROTEIN	3	268	2.3E-30	T	13-08-2026	-	-	-	-
Tamy	ebe6f3a7178d567f5ed33c8122709c18	269	Pfam	PF03564	Protein of unknown function (DUF1759)	7	145	1.2E-5	T	13-08-2026	IPR005312	Domain of unknown function DUF1759	-	-
ZFERV	86376b9917a47af204d86147520ea5e8	653	Coils	Coil	Coil	495	515	-	T	13-08-2026	-	-	-	-
ZFERV	86376b9917a47af204d86147520ea5e8	653	MobiDBLite	mobidb-lite	consensus disorder prediction	628	637	-	T	13-08-2026	-	-	-	-
ZFERV	86376b9917a47af204d86147520ea5e8	653	MobiDBLite	mobidb-lite	consensus disorder prediction	594	653	-	T	13-08-2026	-	-	-	-
ZFERV	86376b9917a47af204d86147520ea5e8	653	MobiDBLite	mobidb-lite	consensus disorder prediction	610	621	-	T	13-08-2026	-	-	-	-
ZFERV	86376b9917a47af204d86147520ea5e8	653	MobiDBLite	mobidb-lite	consensus disorder prediction	546	574	-	T	13-08-2026	-	-	-	-
ZFERV	86376b9917a47af204d86147520ea5e8	653	MobiDBLite	mobidb-lite	consensus disorder prediction	115	144	-	T	13-08-2026	-	-	-	-
ZFERV	86376b9917a47af204d86147520ea5e8	653	Coils	Coil	Coil	176	214	-	T	13-08-2026	-	-	-	-
ZFERV	86376b9917a47af204d86147520ea5e8	653	Coils	Coil	Coil	84	104	-	T	13-08-2026	-	-	-	-
ZFERV	86376b9917a47af204d86147520ea5e8	653	ProSiteProfiles	PS50158	Zinc finger CCHC-type profile.	581	595	8.910993	T	13-08-2026	IPR001878	Zinc finger, CCHC-type	GO:0003676(InterPro)|GO:0008270(InterPro)	Reactome:R-BTA-159231|Reactome:R-BTA-159236|Reactome:R-BTA-72163|Reactome:R-BTA-72165|Reactome:R-BTA-72203|Reactome:R-BTA-73856|Reactome:R-BTA-77595|Reactome:R-BTA-9770562|Reactome:R-CEL-159236|Reactome:R-CEL-72163|Reactome:R-CEL-73856|Reactome:R-DME-159231|Reactome:R-DME-159236|Reactome:R-DME-1834941|Reactome:R-DME-72163|Reactome:R-DME-72165|Reactome:R-DME-72203|Reactome:R-DME-73856|Reactome:R-DME-77595|Reactome:R-DME-8941326|Reactome:R-DME-9770562|Reactome:R-DME-9930044|Reactome:R-DRE-72165|Reactome:R-HSA-1169408|Reactome:R-HSA-159231|Reactome:R-HSA-159236|Reactome:R-HSA-162585|Reactome:R-HSA-162588|Reactome:R-HSA-162592|Reactome:R-HSA-162594|Reactome:R-HSA-164516|Reactome:R-HSA-164525|Reactome:R-HSA-164843|Reactome:R-HSA-168315|Reactome:R-HSA-173107|Reactome:R-HSA-174490|Reactome:R-HSA-174495|Reactome:R-HSA-175474|Reactome:R-HSA-175567|Reactome:R-HSA-177539|Reactome:R-HSA-180689|Reactome:R-HSA-180910|Reactome:R-HSA-429947|Reactome:R-HSA-452723|Reactome:R-HSA-6784531|Reactome:R-HSA-72163|Reactome:R-HSA-72165|Reactome:R-HSA-72187|Reactome:R-HSA-72203|Reactome:R-HSA-73856|Reactome:R-HSA-77595|Reactome:R-HSA-9013422|Reactome:R-HSA-9682706|Reactome:R-HSA-9694686|Reactome:R-HSA-9705671|Reactome:R-HSA-9770562|Reactome:R-HSA-9819196|Reactome:R-HSA-9820865|Reactome:R-HSA-983168|Reactome:R-HSA-9843970|Reactome:R-HSA-9918481|Reactome:R-HSA-9930044|Reactome:R-HSA-9931510|Reactome:R-MMU-159231|Reactome:R-MMU-159236|Reactome:R-MMU-72163|Reactome:R-MMU-72165|Reactome:R-MMU-72187|Reactome:R-MMU-72203|Reactome:R-MMU-73856|Reactome:R-MMU-77595|Reactome:R-MMU-9013422|Reactome:R-MMU-9770562|Reactome:R-MMU-983168|Reactome:R-MMU-9930044|Reactome:R-RNO-159231|Reactome:R-RNO-72165|Reactome:R-RNO-73856|Reactome:R-RNO-77595|Reactome:R-RNO-9770562|Reactome:R-SCE-983168|Reactome:R-SPO-9770562|Reactome:R-SPO-983168|Reactome:R-XTR-77595|Reactome:R-XTR-9770562
ToRTL1	e6bc9347881e7652c1f01f7e09f118c9	660	SUPERFAMILY	SSF57756	Retrovirus zinc finger-like domains	266	304	1.83E-5	T	13-08-2026	IPR036875	Zinc finger, CCHC-type superfamily	GO:0003676(InterPro)|GO:0008270(InterPro)	Reactome:R-BTA-159231|Reactome:R-BTA-159236|Reactome:R-BTA-72163|Reactome:R-BTA-72165|Reactome:R-BTA-72203|Reactome:R-BTA-73856|Reactome:R-BTA-77595|Reactome:R-BTA-9770562|Reactome:R-CEL-159236|Reactome:R-CEL-72163|Reactome:R-CEL-73856|Reactome:R-DME-159231|Reactome:R-DME-159236|Reactome:R-DME-1834941|Reactome:R-DME-72163|Reactome:R-DME-72165|Reactome:R-DME-72203|Reactome:R-DME-73856|Reactome:R-DME-77595|Reactome:R-DME-9770562|Reactome:R-DRE-72165|Reactome:R-HSA-1169408|Reactome:R-HSA-159231|Reactome:R-HSA-159236|Reactome:R-HSA-162585|Reactome:R-HSA-162588|Reactome:R-HSA-162592|Reactome:R-HSA-162594|Reactome:R-HSA-164516|Reactome:R-HSA-164525|Reactome:R-HSA-164843|Reactome:R-HSA-168315|Reactome:R-HSA-173107|Reactome:R-HSA-174490|Reactome:R-HSA-174495|Reactome:R-HSA-175474|Reactome:R-HSA-175567|Reactome:R-HSA-177539|Reactome:R-HSA-180689|Reactome:R-HSA-180910|Reactome:R-HSA-429947|Reactome:R-HSA-452723|Reactome:R-HSA-6784531|Reactome:R-HSA-72163|Reactome:R-HSA-72165|Reactome:R-HSA-72187|Reactome:R-HSA-72203|Reactome:R-HSA-73856|Reactome:R-HSA-77595|Reactome:R-HSA-9013422|Reactome:R-HSA-9682706|Reactome:R-HSA-9694686|Reactome:R-HSA-9705671|Reactome:R-HSA-9770562|Reactome:R-HSA-9819196|Reactome:R-HSA-9820865|Reactome:R-HSA-983168|Reactome:R-HSA-9918481|Reactome:R-HSA-9930044|Reactome:R-MMU-159231|Reactome:R-MMU-159236|Reactome:R-MMU-72163|Reactome:R-MMU-72165|Reactome:R-MMU-72187|Reactome:R-MMU-72203|Reactome:R-MMU-73856|Reactome:R-MMU-77595|Reactome:R-MMU-9013422|Reactome:R-MMU-9770562|Reactome:R-MMU-983168|Reactome:R-RNO-159231|Reactome:R-RNO-72165|Reactome:R-RNO-73856|Reactome:R-RNO-77595|Reactome:R-RNO-9770562|Reactome:R-SCE-983168|Reactome:R-SPO-9770562|Reactome:R-SPO-983168|Reactome:R-XTR-77595|Reactome:R-XTR-9770562
ToRTL1	e6bc9347881e7652c1f01f7e09f118c9	660	MobiDBLite	mobidb-lite	consensus disorder prediction	592	616	-	T	13-08-2026	-	-	-	-
ToRTL1	e6bc9347881e7652c1f01f7e09f118c9	660	MobiDBLite	mobidb-lite	consensus disorder prediction	303	326	-	T	13-08-2026	-	-	-	-
ToRTL1	e6bc9347881e7652c1f01f7e09f118c9	660	Pfam	PF14223	gag-polypeptide of LTR copia-type	33	221	7.0E-28	T	13-08-2026	IPR061502	Copia/RE1/RE2-like, N-terminal domain	-	-
ToRTL1	e6bc9347881e7652c1f01f7e09f118c9	660	SMART	SM00343	c2hcfinal6	282	298	0.011	T	13-08-2026	IPR001878	Zinc finger, CCHC-type	GO:0003676(InterPro)|GO:0008270(InterPro)	Reactome:R-BTA-159231|Reactome:R-BTA-159236|Reactome:R-BTA-72163|Reactome:R-BTA-72165|Reactome:R-BTA-72203|Reactome:R-BTA-73856|Reactome:R-BTA-77595|Reactome:R-BTA-9770562|Reactome:R-CEL-159236|Reactome:R-CEL-72163|Reactome:R-CEL-73856|Reactome:R-DME-159231|Reactome:R-DME-159236|Reactome:R-DME-1834941|Reactome:R-DME-72163|Reactome:R-DME-72165|Reactome:R-DME-72203|Reactome:R-DME-73856|Reactome:R-DME-77595|Reactome:R-DME-8941326|Reactome:R-DME-9770562|Reactome:R-DME-9930044|Reactome:R-DRE-72165|Reactome:R-HSA-1169408|Reactome:R-HSA-159231|Reactome:R-HSA-159236|Reactome:R-HSA-162585|Reactome:R-HSA-162588|Reactome:R-HSA-162592|Reactome:R-HSA-162594|Reactome:R-HSA-164516|Reactome:R-HSA-164525|Reactome:R-HSA-164843|Reactome:R-HSA-168315|Reactome:R-HSA-173107|Reactome:R-HSA-174490|Reactome:R-HSA-174495|Reactome:R-HSA-175474|Reactome:R-HSA-175567|Reactome:R-HSA-177539|Reactome:R-HSA-180689|Reactome:R-HSA-180910|Reactome:R-HSA-429947|Reactome:R-HSA-452723|Reactome:R-HSA-6784531|Reactome:R-HSA-72163|Reactome:R-HSA-72165|Reactome:R-HSA-72187|Reactome:R-HSA-72203|Reactome:R-HSA-73856|Reactome:R-HSA-77595|Reactome:R-HSA-9013422|Reactome:R-HSA-9682706|Reactome:R-HSA-9694686|Reactome:R-HSA-9705671|Reactome:R-HSA-9770562|Reactome:R-HSA-9819196|Reactome:R-HSA-9820865|Reactome:R-HSA-983168|Reactome:R-HSA-9843970|Reactome:R-HSA-9918481|Reactome:R-HSA-9930044|Reactome:R-HSA-9931510|Reactome:R-MMU-159231|Reactome:R-MMU-159236|Reactome:R-MMU-72163|Reactome:R-MMU-72165|Reactome:R-MMU-72187|Reactome:R-MMU-72203|Reactome:R-MMU-73856|Reactome:R-MMU-77595|Reactome:R-MMU-9013422|Reactome:R-MMU-9770562|Reactome:R-MMU-983168|Reactome:R-MMU-9930044|Reactome:R-RNO-159231|Reactome:R-RNO-72165|Reactome:R-RNO-73856|Reactome:R-RNO-77595|Reactome:R-RNO-9770562|Reactome:R-SCE-983168|Reactome:R-SPO-9770562|Reactome:R-SPO-983168|Reactome:R-XTR-77595|Reactome:R-XTR-9770562
ToRTL1	e6bc9347881e7652c1f01f7e09f118c9	660	SMART	SM00343	c2hcfinal6	564	580	0.05	T	13-08-2026	IPR001878	Zinc finger, CCHC-type	GO:0003676(InterPro)|GO:0008270(InterPro)	Reactome:R-BTA-159231|Reactome:R-BTA-159236|Reactome:R-BTA-72163|Reactome:R-BTA-72165|Reactome:R-BTA-72203|Reactome:R-BTA-73856|Reactome:R-BTA-77595|Reactome:R-BTA-9770562|Reactome:R-CEL-159236|Reactome:R-CEL-72163|Reactome:R-CEL-73856|Reactome:R-DME-159231|Reactome:R-DME-159236|Reactome:R-DME-1834941|Reactome:R-DME-72163|Reactome:R-DME-72165|Reactome:R-DME-72203|Reactome:R-DME-73856|Reactome:R-DME-77595|Reactome:R-DME-8941326|Reactome:R-DME-9770562|Reactome:R-DME-9930044|Reactome:R-DRE-72165|Reactome:R-HSA-1169408|Reactome:R-HSA-159231|Reactome:R-HSA-159236|Reactome:R-HSA-162585|Reactome:R-HSA-162588|Reactome:R-HSA-162592|Reactome:R-HSA-162594|Reactome:R-HSA-164516|Reactome:R-HSA-164525|Reactome:R-HSA-164843|Reactome:R-HSA-168315|Reactome:R-HSA-173107|Reactome:R-HSA-174490|Reactome:R-HSA-174495|Reactome:R-HSA-175474|Reactome:R-HSA-175567|Reactome:R-HSA-177539|Reactome:R-HSA-180689|Reactome:R-HSA-180910|Reactome:R-HSA-429947|Reactome:R-HSA-452723|Reactome:R-HSA-6784531|Reactome:R-HSA-72163|Reactome:R-HSA-72165|Reactome:R-HSA-72187|Reactome:R-HSA-72203|Reactome:R-HSA-73856|Reactome:R-HSA-77595|Reactome:R-HSA-9013422|Reactome:R-HSA-9682706|Reactome:R-HSA-9694686|Reactome:R-HSA-9705671|Reactome:R-HSA-9770562|Reactome:R-HSA-9819196|Reactome:R-HSA-9820865|Reactome:R-HSA-983168|Reactome:R-HSA-9843970|Reactome:R-HSA-9918481|Reactome:R-HSA-9930044|Reactome:R-HSA-9931510|Reactome:R-MMU-159231|Reactome:R-MMU-159236|Reactome:R-MMU-72163|Reactome:R-MMU-72165|Reactome:R-MMU-72187|Reactome:R-MMU-72203|Reactome:R-MMU-73856|Reactome:R-MMU-77595|Reactome:R-MMU-9013422|Reactome:R-MMU-9770562|Reactome:R-MMU-983168|Reactome:R-MMU-9930044|Reactome:R-RNO-159231|Reactome:R-RNO-72165|Reactome:R-RNO-73856|Reactome:R-RNO-77595|Reactome:R-RNO-9770562|Reactome:R-SCE-983168|Reactome:R-SPO-9770562|Reactome:R-SPO-983168|Reactome:R-XTR-77595|Reactome:R-XTR-9770562
ToRTL1	e6bc9347881e7652c1f01f7e09f118c9	660	Coils	Coil	Coil	486	506	-	T	13-08-2026	-	-	-	-
ToRTL1	e6bc9347881e7652c1f01f7e09f118c9	660	ProSiteProfiles	PS50158	Zinc finger CCHC-type profile.	565	578	9.438442	T	13-08-2026	IPR001878	Zinc finger, CCHC-type	GO:0003676(InterPro)|GO:0008270(InterPro)	Reactome:R-BTA-159231|Reactome:R-BTA-159236|Reactome:R-BTA-72163|Reactome:R-BTA-72165|Reactome:R-BTA-72203|Reactome:R-BTA-73856|Reactome:R-BTA-77595|Reactome:R-BTA-9770562|Reactome:R-CEL-159236|Reactome:R-CEL-72163|Reactome:R-CEL-73856|Reactome:R-DME-159231|Reactome:R-DME-159236|Reactome:R-DME-1834941|Reactome:R-DME-72163|Reactome:R-DME-72165|Reactome:R-DME-72203|Reactome:R-DME-73856|Reactome:R-DME-77595|Reactome:R-DME-8941326|Reactome:R-DME-9770562|Reactome:R-DME-9930044|Reactome:R-DRE-72165|Reactome:R-HSA-1169408|Reactome:R-HSA-159231|Reactome:R-HSA-159236|Reactome:R-HSA-162585|Reactome:R-HSA-162588|Reactome:R-HSA-162592|Reactome:R-HSA-162594|Reactome:R-HSA-164516|Reactome:R-HSA-164525|Reactome:R-HSA-164843|Reactome:R-HSA-168315|Reactome:R-HSA-173107|Reactome:R-HSA-174490|Reactome:R-HSA-174495|Reactome:R-HSA-175474|Reactome:R-HSA-175567|Reactome:R-HSA-177539|Reactome:R-HSA-180689|Reactome:R-HSA-180910|Reactome:R-HSA-429947|Reactome:R-HSA-452723|Reactome:R-HSA-6784531|Reactome:R-HSA-72163|Reactome:R-HSA-72165|Reactome:R-HSA-72187|Reactome:R-HSA-72203|Reactome:R-HSA-73856|Reactome:R-HSA-77595|Reactome:R-HSA-9013422|Reactome:R-HSA-9682706|Reactome:R-HSA-9694686|Reactome:R-HSA-9705671|Reactome:R-HSA-9770562|Reactome:R-HSA-9819196|Reactome:R-HSA-9820865|Reactome:R-HSA-983168|Reactome:R-HSA-9843970|Reactome:R-HSA-9918481|Reactome:R-HSA-9930044|Reactome:R-HSA-9931510|Reactome:R-MMU-159231|Reactome:R-MMU-159236|Reactome:R-MMU-72163|Reactome:R-MMU-72165|Reactome:R-MMU-72187|Reactome:R-MMU-72203|Reactome:R-MMU-73856|Reactome:R-MMU-77595|Reactome:R-MMU-9013422|Reactome:R-MMU-9770562|Reactome:R-MMU-983168|Reactome:R-MMU-9930044|Reactome:R-RNO-159231|Reactome:R-RNO-72165|Reactome:R-RNO-73856|Reactome:R-RNO-77595|Reactome:R-RNO-9770562|Reactome:R-SCE-983168|Reactome:R-SPO-9770562|Reactome:R-SPO-983168|Reactome:R-XTR-77595|Reactome:R-XTR-9770562
ToRTL1	e6bc9347881e7652c1f01f7e09f118c9	660	ProSiteProfiles	PS50158	Zinc finger CCHC-type profile.	283	297	8.762648	T	13-08-2026	IPR001878	Zinc finger, CCHC-type	GO:0003676(InterPro)|GO:0008270(InterPro)	Reactome:R-BTA-159231|Reactome:R-BTA-159236|Reactome:R-BTA-72163|Reactome:R-BTA-72165|Reactome:R-BTA-72203|Reactome:R-BTA-73856|Reactome:R-BTA-77595|Reactome:R-BTA-9770562|Reactome:R-CEL-159236|Reactome:R-CEL-72163|Reactome:R-CEL-73856|Reactome:R-DME-159231|Reactome:R-DME-159236|Reactome:R-DME-1834941|Reactome:R-DME-72163|Reactome:R-DME-72165|Reactome:R-DME-72203|Reactome:R-DME-73856|Reactome:R-DME-77595|Reactome:R-DME-8941326|Reactome:R-DME-9770562|Reactome:R-DME-9930044|Reactome:R-DRE-72165|Reactome:R-HSA-1169408|Reactome:R-HSA-159231|Reactome:R-HSA-159236|Reactome:R-HSA-162585|Reactome:R-HSA-162588|Reactome:R-HSA-162592|Reactome:R-HSA-162594|Reactome:R-HSA-164516|Reactome:R-HSA-164525|Reactome:R-HSA-164843|Reactome:R-HSA-168315|Reactome:R-HSA-173107|Reactome:R-HSA-174490|Reactome:R-HSA-174495|Reactome:R-HSA-175474|Reactome:R-HSA-175567|Reactome:R-HSA-177539|Reactome:R-HSA-180689|Reactome:R-HSA-180910|Reactome:R-HSA-429947|Reactome:R-HSA-452723|Reactome:R-HSA-6784531|Reactome:R-HSA-72163|Reactome:R-HSA-72165|Reactome:R-HSA-72187|Reactome:R-HSA-72203|Reactome:R-HSA-73856|Reactome:R-HSA-77595|Reactome:R-HSA-9013422|Reactome:R-HSA-9682706|Reactome:R-HSA-9694686|Reactome:R-HSA-9705671|Reactome:R-HSA-9770562|Reactome:R-HSA-9819196|Reactome:R-HSA-9820865|Reactome:R-HSA-983168|Reactome:R-HSA-9843970|Reactome:R-HSA-9918481|Reactome:R-HSA-9930044|Reactome:R-HSA-9931510|Reactome:R-MMU-159231|Reactome:R-MMU-159236|Reactome:R-MMU-72163|Reactome:R-MMU-72165|Reactome:R-MMU-72187|Reactome:R-MMU-72203|Reactome:R-MMU-73856|Reactome:R-MMU-77595|Reactome:R-MMU-9013422|Reactome:R-MMU-9770562|Reactome:R-MMU-983168|Reactome:R-MMU-9930044|Reactome:R-RNO-159231|Reactome:R-RNO-72165|Reactome:R-RNO-73856|Reactome:R-RNO-77595|Reactome:R-RNO-9770562|Reactome:R-SCE-983168|Reactome:R-SPO-9770562|Reactome:R-SPO-983168|Reactome:R-XTR-77595|Reactome:R-XTR-9770562
ToRTL1	e6bc9347881e7652c1f01f7e09f118c9	660	PANTHER	PTHR34676	DUF4219 DOMAIN-CONTAINING PROTEIN-RELATED	36	386	2.8E-44	T	13-08-2026	-	-	-	-
ToRTL1	e6bc9347881e7652c1f01f7e09f118c9	660	Coils	Coil	Coil	440	460	-	T	13-08-2026	-	-	-	-
ToRTL1	e6bc9347881e7652c1f01f7e09f118c9	660	Gene3D	G3DSA:4.10.60.10	-	275	322	5.9E-6	T	13-08-2026	-	-	-	-
ToRTL1	e6bc9347881e7652c1f01f7e09f118c9	660	Coils	Coil	Coil	416	436	-	T	13-08-2026	-	-	-	-
Olco1	b06ff448194b9fa2382389511ca35676	267	SUPERFAMILY	SSF57756	Retrovirus zinc finger-like domains	217	244	3.14E-5	T	13-08-2026	IPR036875	Zinc finger, CCHC-type superfamily	GO:0003676(InterPro)|GO:0008270(InterPro)	Reactome:R-BTA-159231|Reactome:R-BTA-159236|Reactome:R-BTA-72163|Reactome:R-BTA-72165|Reactome:R-BTA-72203|Reactome:R-BTA-73856|Reactome:R-BTA-77595|Reactome:R-BTA-9770562|Reactome:R-CEL-159236|Reactome:R-CEL-72163|Reactome:R-CEL-73856|Reactome:R-DME-159231|Reactome:R-DME-159236|Reactome:R-DME-1834941|Reactome:R-DME-72163|Reactome:R-DME-72165|Reactome:R-DME-72203|Reactome:R-DME-73856|Reactome:R-DME-77595|Reactome:R-DME-9770562|Reactome:R-DRE-72165|Reactome:R-HSA-1169408|Reactome:R-HSA-159231|Reactome:R-HSA-159236|Reactome:R-HSA-162585|Reactome:R-HSA-162588|Reactome:R-HSA-162592|Reactome:R-HSA-162594|Reactome:R-HSA-164516|Reactome:R-HSA-164525|Reactome:R-HSA-164843|Reactome:R-HSA-168315|Reactome:R-HSA-173107|Reactome:R-HSA-174490|Reactome:R-HSA-174495|Reactome:R-HSA-175474|Reactome:R-HSA-175567|Reactome:R-HSA-177539|Reactome:R-HSA-180689|Reactome:R-HSA-180910|Reactome:R-HSA-429947|Reactome:R-HSA-452723|Reactome:R-HSA-6784531|Reactome:R-HSA-72163|Reactome:R-HSA-72165|Reactome:R-HSA-72187|Reactome:R-HSA-72203|Reactome:R-HSA-73856|Reactome:R-HSA-77595|Reactome:R-HSA-9013422|Reactome:R-HSA-9682706|Reactome:R-HSA-9694686|Reactome:R-HSA-9705671|Reactome:R-HSA-9770562|Reactome:R-HSA-9819196|Reactome:R-HSA-9820865|Reactome:R-HSA-983168|Reactome:R-HSA-9918481|Reactome:R-HSA-9930044|Reactome:R-MMU-159231|Reactome:R-MMU-159236|Reactome:R-MMU-72163|Reactome:R-MMU-72165|Reactome:R-MMU-72187|Reactome:R-MMU-72203|Reactome:R-MMU-73856|Reactome:R-MMU-77595|Reactome:R-MMU-9013422|Reactome:R-MMU-9770562|Reactome:R-MMU-983168|Reactome:R-RNO-159231|Reactome:R-RNO-72165|Reactome:R-RNO-73856|Reactome:R-RNO-77595|Reactome:R-RNO-9770562|Reactome:R-SCE-983168|Reactome:R-SPO-9770562|Reactome:R-SPO-983168|Reactome:R-XTR-77595|Reactome:R-XTR-9770562
Tnt-1	967e085778d56da30c0e23a58529effe	261	ProSiteProfiles	PS50158	Zinc finger CCHC-type profile.	232	247	11.086722	T	13-08-2026	IPR001878	Zinc finger, CCHC-type	GO:0003676(InterPro)|GO:0008270(InterPro)	Reactome:R-BTA-159231|Reactome:R-BTA-159236|Reactome:R-BTA-72163|Reactome:R-BTA-72165|Reactome:R-BTA-72203|Reactome:R-BTA-73856|Reactome:R-BTA-77595|Reactome:R-BTA-9770562|Reactome:R-CEL-159236|Reactome:R-CEL-72163|Reactome:R-CEL-73856|Reactome:R-DME-159231|Reactome:R-DME-159236|Reactome:R-DME-1834941|Reactome:R-DME-72163|Reactome:R-DME-72165|Reactome:R-DME-72203|Reactome:R-DME-73856|Reactome:R-DME-77595|Reactome:R-DME-8941326|Reactome:R-DME-9770562|Reactome:R-DME-9930044|Reactome:R-DRE-72165|Reactome:R-HSA-1169408|Reactome:R-HSA-159231|Reactome:R-HSA-159236|Reactome:R-HSA-162585|Reactome:R-HSA-162588|Reactome:R-HSA-162592|Reactome:R-HSA-162594|Reactome:R-HSA-164516|Reactome:R-HSA-164525|Reactome:R-HSA-164843|Reactome:R-HSA-168315|Reactome:R-HSA-173107|Reactome:R-HSA-174490|Reactome:R-HSA-174495|Reactome:R-HSA-175474|Reactome:R-HSA-175567|Reactome:R-HSA-177539|Reactome:R-HSA-180689|Reactome:R-HSA-180910|Reactome:R-HSA-429947|Reactome:R-HSA-452723|Reactome:R-HSA-6784531|Reactome:R-HSA-72163|Reactome:R-HSA-72165|Reactome:R-HSA-72187|Reactome:R-HSA-72203|Reactome:R-HSA-73856|Reactome:R-HSA-77595|Reactome:R-HSA-9013422|Reactome:R-HSA-9682706|Reactome:R-HSA-9694686|Reactome:R-HSA-9705671|Reactome:R-HSA-9770562|Reactome:R-HSA-9819196|Reactome:R-HSA-9820865|Reactome:R-HSA-983168|Reactome:R-HSA-9843970|Reactome:R-HSA-9918481|Reactome:R-HSA-9930044|Reactome:R-HSA-9931510|Reactome:R-MMU-159231|Reactome:R-MMU-159236|Reactome:R-MMU-72163|Reactome:R-MMU-72165|Reactome:R-MMU-72187|Reactome:R-MMU-72203|Reactome:R-MMU-73856|Reactome:R-MMU-77595|Reactome:R-MMU-9013422|Reactome:R-MMU-9770562|Reactome:R-MMU-983168|Reactome:R-MMU-9930044|Reactome:R-RNO-159231|Reactome:R-RNO-72165|Reactome:R-RNO-73856|Reactome:R-RNO-77595|Reactome:R-RNO-9770562|Reactome:R-SCE-983168|Reactome:R-SPO-9770562|Reactome:R-SPO-983168|Reactome:R-XTR-77595|Reactome:R-XTR-9770562
Tnt-1	967e085778d56da30c0e23a58529effe	261	Pfam	PF14223	gag-polypeptide of LTR copia-type	24	191	1.1E-37	T	13-08-2026	IPR061502	Copia/RE1/RE2-like, N-terminal domain	-	-
Tnt-1	967e085778d56da30c0e23a58529effe	261	SUPERFAMILY	SSF57756	Retrovirus zinc finger-like domains	212	253	2.97E-9	T	13-08-2026	IPR036875	Zinc finger, CCHC-type superfamily	GO:0003676(InterPro)|GO:0008270(InterPro)	Reactome:R-BTA-159231|Reactome:R-BTA-159236|Reactome:R-BTA-72163|Reactome:R-BTA-72165|Reactome:R-BTA-72203|Reactome:R-BTA-73856|Reactome:R-BTA-77595|Reactome:R-BTA-9770562|Reactome:R-CEL-159236|Reactome:R-CEL-72163|Reactome:R-CEL-73856|Reactome:R-DME-159231|Reactome:R-DME-159236|Reactome:R-DME-1834941|Reactome:R-DME-72163|Reactome:R-DME-72165|Reactome:R-DME-72203|Reactome:R-DME-73856|Reactome:R-DME-77595|Reactome:R-DME-9770562|Reactome:R-DRE-72165|Reactome:R-HSA-1169408|Reactome:R-HSA-159231|Reactome:R-HSA-159236|Reactome:R-HSA-162585|Reactome:R-HSA-162588|Reactome:R-HSA-162592|Reactome:R-HSA-162594|Reactome:R-HSA-164516|Reactome:R-HSA-164525|Reactome:R-HSA-164843|Reactome:R-HSA-168315|Reactome:R-HSA-173107|Reactome:R-HSA-174490|Reactome:R-HSA-174495|Reactome:R-HSA-175474|Reactome:R-HSA-175567|Reactome:R-HSA-177539|Reactome:R-HSA-180689|Reactome:R-HSA-180910|Reactome:R-HSA-429947|Reactome:R-HSA-452723|Reactome:R-HSA-6784531|Reactome:R-HSA-72163|Reactome:R-HSA-72165|Reactome:R-HSA-72187|Reactome:R-HSA-72203|Reactome:R-HSA-73856|Reactome:R-HSA-77595|Reactome:R-HSA-9013422|Reactome:R-HSA-9682706|Reactome:R-HSA-9694686|Reactome:R-HSA-9705671|Reactome:R-HSA-9770562|Reactome:R-HSA-9819196|Reactome:R-HSA-9820865|Reactome:R-HSA-983168|Reactome:R-HSA-9918481|Reactome:R-HSA-9930044|Reactome:R-MMU-159231|Reactome:R-MMU-159236|Reactome:R-MMU-72163|Reactome:R-MMU-72165|Reactome:R-MMU-72187|Reactome:R-MMU-72203|Reactome:R-MMU-73856|Reactome:R-MMU-77595|Reactome:R-MMU-9013422|Reactome:R-MMU-9770562|Reactome:R-MMU-983168|Reactome:R-RNO-159231|Reactome:R-RNO-72165|Reactome:R-RNO-73856|Reactome:R-RNO-77595|Reactome:R-RNO-9770562|Reactome:R-SCE-983168|Reactome:R-SPO-9770562|Reactome:R-SPO-983168|Reactome:R-XTR-77595|Reactome:R-XTR-9770562
Tnt-1	967e085778d56da30c0e23a58529effe	261	SMART	SM00343	c2hcfinal6	231	247	5.7E-6	T	13-08-2026	IPR001878	Zinc finger, CCHC-type	GO:0003676(InterPro)|GO:0008270(InterPro)	Reactome:R-BTA-159231|Reactome:R-BTA-159236|Reactome:R-BTA-72163|Reactome:R-BTA-72165|Reactome:R-BTA-72203|Reactome:R-BTA-73856|Reactome:R-BTA-77595|Reactome:R-BTA-9770562|Reactome:R-CEL-159236|Reactome:R-CEL-72163|Reactome:R-CEL-73856|Reactome:R-DME-159231|Reactome:R-DME-159236|Reactome:R-DME-1834941|Reactome:R-DME-72163|Reactome:R-DME-72165|Reactome:R-DME-72203|Reactome:R-DME-73856|Reactome:R-DME-77595|Reactome:R-DME-8941326|Reactome:R-DME-9770562|Reactome:R-DME-9930044|Reactome:R-DRE-72165|Reactome:R-HSA-1169408|Reactome:R-HSA-159231|Reactome:R-HSA-159236|Reactome:R-HSA-162585|Reactome:R-HSA-162588|Reactome:R-HSA-162592|Reactome:R-HSA-162594|Reactome:R-HSA-164516|Reactome:R-HSA-164525|Reactome:R-HSA-164843|Reactome:R-HSA-168315|Reactome:R-HSA-173107|Reactome:R-HSA-174490|Reactome:R-HSA-174495|Reactome:R-HSA-175474|Reactome:R-HSA-175567|Reactome:R-HSA-177539|Reactome:R-HSA-180689|Reactome:R-HSA-180910|Reactome:R-HSA-429947|Reactome:R-HSA-452723|Reactome:R-HSA-6784531|Reactome:R-HSA-72163|Reactome:R-HSA-72165|Reactome:R-HSA-72187|Reactome:R-HSA-72203|Reactome:R-HSA-73856|Reactome:R-HSA-77595|Reactome:R-HSA-9013422|Reactome:R-HSA-9682706|Reactome:R-HSA-9694686|Reactome:R-HSA-9705671|Reactome:R-HSA-9770562|Reactome:R-HSA-9819196|Reactome:R-HSA-9820865|Reactome:R-HSA-983168|Reactome:R-HSA-9843970|Reactome:R-HSA-9918481|Reactome:R-HSA-9930044|Reactome:R-HSA-9931510|Reactome:R-MMU-159231|Reactome:R-MMU-159236|Reactome:R-MMU-72163|Reactome:R-MMU-72165|Reactome:R-MMU-72187|Reactome:R-MMU-72203|Reactome:R-MMU-73856|Reactome:R-MMU-77595|Reactome:R-MMU-9013422|Reactome:R-MMU-9770562|Reactome:R-MMU-983168|Reactome:R-MMU-9930044|Reactome:R-RNO-159231|Reactome:R-RNO-72165|Reactome:R-RNO-73856|Reactome:R-RNO-77595|Reactome:R-RNO-9770562|Reactome:R-SCE-983168|Reactome:R-SPO-9770562|Reactome:R-SPO-983168|Reactome:R-XTR-77595|Reactome:R-XTR-9770562
Tnt-1	967e085778d56da30c0e23a58529effe	261	Pfam	PF00098	Zinc knuckle	231	247	2.3E-4	T	13-08-2026	IPR001878	Zinc finger, CCHC-type	GO:0003676(InterPro)|GO:0008270(InterPro)	Reactome:R-BTA-159231|Reactome:R-BTA-159236|Reactome:R-BTA-72163|Reactome:R-BTA-72165|Reactome:R-BTA-72203|Reactome:R-BTA-73856|Reactome:R-BTA-77595|Reactome:R-BTA-9770562|Reactome:R-CEL-159236|Reactome:R-CEL-72163|Reactome:R-CEL-73856|Reactome:R-DME-159231|Reactome:R-DME-159236|Reactome:R-DME-1834941|Reactome:R-DME-72163|Reactome:R-DME-72165|Reactome:R-DME-72203|Reactome:R-DME-73856|Reactome:R-DME-77595|Reactome:R-DME-8941326|Reactome:R-DME-9770562|Reactome:R-DME-9930044|Reactome:R-DRE-72165|Reactome:R-HSA-1169408|Reactome:R-HSA-159231|Reactome:R-HSA-159236|Reactome:R-HSA-162585|Reactome:R-HSA-162588|Reactome:R-HSA-162592|Reactome:R-HSA-162594|Reactome:R-HSA-164516|Reactome:R-HSA-164525|Reactome:R-HSA-164843|Reactome:R-HSA-168315|Reactome:R-HSA-173107|Reactome:R-HSA-174490|Reactome:R-HSA-174495|Reactome:R-HSA-175474|Reactome:R-HSA-175567|Reactome:R-HSA-177539|Reactome:R-HSA-180689|Reactome:R-HSA-180910|Reactome:R-HSA-429947|Reactome:R-HSA-452723|Reactome:R-HSA-6784531|Reactome:R-HSA-72163|Reactome:R-HSA-72165|Reactome:R-HSA-72187|Reactome:R-HSA-72203|Reactome:R-HSA-73856|Reactome:R-HSA-77595|Reactome:R-HSA-9013422|Reactome:R-HSA-9682706|Reactome:R-HSA-9694686|Reactome:R-HSA-9705671|Reactome:R-HSA-9770562|Reactome:R-HSA-9819196|Reactome:R-HSA-9820865|Reactome:R-HSA-983168|Reactome:R-HSA-9843970|Reactome:R-HSA-9918481|Reactome:R-HSA-9930044|Reactome:R-HSA-9931510|Reactome:R-MMU-159231|Reactome:R-MMU-159236|Reactome:R-MMU-72163|Reactome:R-MMU-72165|Reactome:R-MMU-72187|Reactome:R-MMU-72203|Reactome:R-MMU-73856|Reactome:R-MMU-77595|Reactome:R-MMU-9013422|Reactome:R-MMU-9770562|Reactome:R-MMU-983168|Reactome:R-MMU-9930044|Reactome:R-RNO-159231|Reactome:R-RNO-72165|Reactome:R-RNO-73856|Reactome:R-RNO-77595|Reactome:R-RNO-9770562|Reactome:R-SCE-983168|Reactome:R-SPO-9770562|Reactome:R-SPO-983168|Reactome:R-XTR-77595|Reactome:R-XTR-9770562
Tnt-1	967e085778d56da30c0e23a58529effe	261	PANTHER	PTHR47481	-	15	249	8.8E-27	T	13-08-2026	-	-	-	-
Tnt-1	967e085778d56da30c0e23a58529effe	261	Gene3D	G3DSA:4.10.60.10	-	197	259	1.2E-8	T	13-08-2026	-	-	-	-
Tnt-1	967e085778d56da30c0e23a58529effe	261	MobiDBLite	mobidb-lite	consensus disorder prediction	185	261	-	T	13-08-2026	-	-	-	-
Tnt-1	967e085778d56da30c0e23a58529effe	261	MobiDBLite	mobidb-lite	consensus disorder prediction	241	253	-	T	13-08-2026	-	-	-	-
Tnt-1	967e085778d56da30c0e23a58529effe	261	MobiDBLite	mobidb-lite	consensus disorder prediction	217	229	-	T	13-08-2026	-	-	-	-
Copia	ab95addf373b1303bb03e150ba8b9165	276	Pfam	PF14223	gag-polypeptide of LTR copia-type	23	186	9.3E-24	T	13-08-2026	IPR061502	Copia/RE1/RE2-like, N-terminal domain	-	-
Copia	ab95addf373b1303bb03e150ba8b9165	276	ProSiteProfiles	PS50158	Zinc finger CCHC-type profile.	231	245	10.13072	T	13-08-2026	IPR001878	Zinc finger, CCHC-type	GO:0003676(InterPro)|GO:0008270(InterPro)	Reactome:R-BTA-159231|Reactome:R-BTA-159236|Reactome:R-BTA-72163|Reactome:R-BTA-72165|Reactome:R-BTA-72203|Reactome:R-BTA-73856|Reactome:R-BTA-77595|Reactome:R-BTA-9770562|Reactome:R-CEL-159236|Reactome:R-CEL-72163|Reactome:R-CEL-73856|Reactome:R-DME-159231|Reactome:R-DME-159236|Reactome:R-DME-1834941|Reactome:R-DME-72163|Reactome:R-DME-72165|Reactome:R-DME-72203|Reactome:R-DME-73856|Reactome:R-DME-77595|Reactome:R-DME-8941326|Reactome:R-DME-9770562|Reactome:R-DME-9930044|Reactome:R-DRE-72165|Reactome:R-HSA-1169408|Reactome:R-HSA-159231|Reactome:R-HSA-159236|Reactome:R-HSA-162585|Reactome:R-HSA-162588|Reactome:R-HSA-162592|Reactome:R-HSA-162594|Reactome:R-HSA-164516|Reactome:R-HSA-164525|Reactome:R-HSA-164843|Reactome:R-HSA-168315|Reactome:R-HSA-173107|Reactome:R-HSA-174490|Reactome:R-HSA-174495|Reactome:R-HSA-175474|Reactome:R-HSA-175567|Reactome:R-HSA-177539|Reactome:R-HSA-180689|Reactome:R-HSA-180910|Reactome:R-HSA-429947|Reactome:R-HSA-452723|Reactome:R-HSA-6784531|Reactome:R-HSA-72163|Reactome:R-HSA-72165|Reactome:R-HSA-72187|Reactome:R-HSA-72203|Reactome:R-HSA-73856|Reactome:R-HSA-77595|Reactome:R-HSA-9013422|Reactome:R-HSA-9682706|Reactome:R-HSA-9694686|Reactome:R-HSA-9705671|Reactome:R-HSA-9770562|Reactome:R-HSA-9819196|Reactome:R-HSA-9820865|Reactome:R-HSA-983168|Reactome:R-HSA-9843970|Reactome:R-HSA-9918481|Reactome:R-HSA-9930044|Reactome:R-HSA-9931510|Reactome:R-MMU-159231|Reactome:R-MMU-159236|Reactome:R-MMU-72163|Reactome:R-MMU-72165|Reactome:R-MMU-72187|Reactome:R-MMU-72203|Reactome:R-MMU-73856|Reactome:R-MMU-77595|Reactome:R-MMU-9013422|Reactome:R-MMU-9770562|Reactome:R-MMU-983168|Reactome:R-MMU-9930044|Reactome:R-RNO-159231|Reactome:R-RNO-72165|Reactome:R-RNO-73856|Reactome:R-RNO-77595|Reactome:R-RNO-9770562|Reactome:R-SCE-983168|Reactome:R-SPO-9770562|Reactome:R-SPO-983168|Reactome:R-XTR-77595|Reactome:R-XTR-9770562
Copia	ab95addf373b1303bb03e150ba8b9165	276	Pfam	PF00098	Zinc knuckle	231	247	0.5	T	13-08-2026	IPR001878	Zinc finger, CCHC-type	GO:0003676(InterPro)|GO:0008270(InterPro)	Reactome:R-BTA-159231|Reactome:R-BTA-159236|Reactome:R-BTA-72163|Reactome:R-BTA-72165|Reactome:R-BTA-72203|Reactome:R-BTA-73856|Reactome:R-BTA-77595|Reactome:R-BTA-9770562|Reactome:R-CEL-159236|Reactome:R-CEL-72163|Reactome:R-CEL-73856|Reactome:R-DME-159231|Reactome:R-DME-159236|Reactome:R-DME-1834941|Reactome:R-DME-72163|Reactome:R-DME-72165|Reactome:R-DME-72203|Reactome:R-DME-73856|Reactome:R-DME-77595|Reactome:R-DME-8941326|Reactome:R-DME-9770562|Reactome:R-DME-9930044|Reactome:R-DRE-72165|Reactome:R-HSA-1169408|Reactome:R-HSA-159231|Reactome:R-HSA-159236|Reactome:R-HSA-162585|Reactome:R-HSA-162588|Reactome:R-HSA-162592|Reactome:R-HSA-162594|Reactome:R-HSA-164516|Reactome:R-HSA-164525|Reactome:R-HSA-164843|Reactome:R-HSA-168315|Reactome:R-HSA-173107|Reactome:R-HSA-174490|Reactome:R-HSA-174495|Reactome:R-HSA-175474|Reactome:R-HSA-175567|Reactome:R-HSA-177539|Reactome:R-HSA-180689|Reactome:R-HSA-180910|Reactome:R-HSA-429947|Reactome:R-HSA-452723|Reactome:R-HSA-6784531|Reactome:R-HSA-72163|Reactome:R-HSA-72165|Reactome:R-HSA-72187|Reactome:R-HSA-72203|Reactome:R-HSA-73856|Reactome:R-HSA-77595|Reactome:R-HSA-9013422|Reactome:R-HSA-9682706|Reactome:R-HSA-9694686|Reactome:R-HSA-9705671|Reactome:R-HSA-9770562|Reactome:R-HSA-9819196|Reactome:R-HSA-9820865|Reactome:R-HSA-983168|Reactome:R-HSA-9843970|Reactome:R-HSA-9918481|Reactome:R-HSA-9930044|Reactome:R-HSA-9931510|Reactome:R-MMU-159231|Reactome:R-MMU-159236|Reactome:R-MMU-72163|Reactome:R-MMU-72165|Reactome:R-MMU-72187|Reactome:R-MMU-72203|Reactome:R-MMU-73856|Reactome:R-MMU-77595|Reactome:R-MMU-9013422|Reactome:R-MMU-9770562|Reactome:R-MMU-983168|Reactome:R-MMU-9930044|Reactome:R-RNO-159231|Reactome:R-RNO-72165|Reactome:R-RNO-73856|Reactome:R-RNO-77595|Reactome:R-RNO-9770562|Reactome:R-SCE-983168|Reactome:R-SPO-9770562|Reactome:R-SPO-983168|Reactome:R-XTR-77595|Reactome:R-XTR-9770562
Copia	ab95addf373b1303bb03e150ba8b9165	276	SUPERFAMILY	SSF57756	Retrovirus zinc finger-like domains	223	254	1.01E-5	T	13-08-2026	IPR036875	Zinc finger, CCHC-type superfamily	GO:0003676(InterPro)|GO:0008270(InterPro)	Reactome:R-BTA-159231|Reactome:R-BTA-159236|Reactome:R-BTA-72163|Reactome:R-BTA-72165|Reactome:R-BTA-72203|Reactome:R-BTA-73856|Reactome:R-BTA-77595|Reactome:R-BTA-9770562|Reactome:R-CEL-159236|Reactome:R-CEL-72163|Reactome:R-CEL-73856|Reactome:R-DME-159231|Reactome:R-DME-159236|Reactome:R-DME-1834941|Reactome:R-DME-72163|Reactome:R-DME-72165|Reactome:R-DME-72203|Reactome:R-DME-73856|Reactome:R-DME-77595|Reactome:R-DME-9770562|Reactome:R-DRE-72165|Reactome:R-HSA-1169408|Reactome:R-HSA-159231|Reactome:R-HSA-159236|Reactome:R-HSA-162585|Reactome:R-HSA-162588|Reactome:R-HSA-162592|Reactome:R-HSA-162594|Reactome:R-HSA-164516|Reactome:R-HSA-164525|Reactome:R-HSA-164843|Reactome:R-HSA-168315|Reactome:R-HSA-173107|Reactome:R-HSA-174490|Reactome:R-HSA-174495|Reactome:R-HSA-175474|Reactome:R-HSA-175567|Reactome:R-HSA-177539|Reactome:R-HSA-180689|Reactome:R-HSA-180910|Reactome:R-HSA-429947|Reactome:R-HSA-452723|Reactome:R-HSA-6784531|Reactome:R-HSA-72163|Reactome:R-HSA-72165|Reactome:R-HSA-72187|Reactome:R-HSA-72203|Reactome:R-HSA-73856|Reactome:R-HSA-77595|Reactome:R-HSA-9013422|Reactome:R-HSA-9682706|Reactome:R-HSA-9694686|Reactome:R-HSA-9705671|Reactome:R-HSA-9770562|Reactome:R-HSA-9819196|Reactome:R-HSA-9820865|Reactome:R-HSA-983168|Reactome:R-HSA-9918481|Reactome:R-HSA-9930044|Reactome:R-MMU-159231|Reactome:R-MMU-159236|Reactome:R-MMU-72163|Reactome:R-MMU-72165|Reactome:R-MMU-72187|Reactome:R-MMU-72203|Reactome:R-MMU-73856|Reactome:R-MMU-77595|Reactome:R-MMU-9013422|Reactome:R-MMU-9770562|Reactome:R-MMU-983168|Reactome:R-RNO-159231|Reactome:R-RNO-72165|Reactome:R-RNO-73856|Reactome:R-RNO-77595|Reactome:R-RNO-9770562|Reactome:R-SCE-983168|Reactome:R-SPO-9770562|Reactome:R-SPO-983168|Reactome:R-XTR-77595|Reactome:R-XTR-9770562
Copia	ab95addf373b1303bb03e150ba8b9165	276	PANTHER	PTHR47481	-	14	247	5.8E-14	T	13-08-2026	-	-	-	-
Copia	ab95addf373b1303bb03e150ba8b9165	276	Gene3D	G3DSA:4.10.60.10	-	201	268	5.2E-5	T	13-08-2026	-	-	-	-
CoDi4.5	4c70c584fa5004bd453ca3e8d76bbd0b	635	MobiDBLite	mobidb-lite	consensus disorder prediction	624	635	-	T	13-08-2026	-	-	-	-
CoDi4.5	4c70c584fa5004bd453ca3e8d76bbd0b	635	MobiDBLite	mobidb-lite	consensus disorder prediction	605	623	-	T	13-08-2026	-	-	-	-
CoDi4.5	4c70c584fa5004bd453ca3e8d76bbd0b	635	MobiDBLite	mobidb-lite	consensus disorder prediction	517	635	-	T	13-08-2026	-	-	-	-
CoDi4.5	4c70c584fa5004bd453ca3e8d76bbd0b	635	MobiDBLite	mobidb-lite	consensus disorder prediction	20	37	-	T	13-08-2026	-	-	-	-
CoDi4.5	4c70c584fa5004bd453ca3e8d76bbd0b	635	MobiDBLite	mobidb-lite	consensus disorder prediction	572	581	-	T	13-08-2026	-	-	-	-
CoDi4.5	4c70c584fa5004bd453ca3e8d76bbd0b	635	MobiDBLite	mobidb-lite	consensus disorder prediction	80	92	-	T	13-08-2026	-	-	-	-
CoDi4.5	4c70c584fa5004bd453ca3e8d76bbd0b	635	MobiDBLite	mobidb-lite	consensus disorder prediction	582	596	-	T	13-08-2026	-	-	-	-
CoDi4.5	4c70c584fa5004bd453ca3e8d76bbd0b	635	MobiDBLite	mobidb-lite	consensus disorder prediction	65	74	-	T	13-08-2026	-	-	-	-
CoDi4.5	4c70c584fa5004bd453ca3e8d76bbd0b	635	MobiDBLite	mobidb-lite	consensus disorder prediction	538	549	-	T	13-08-2026	-	-	-	-
CoDi4.5	4c70c584fa5004bd453ca3e8d76bbd0b	635	MobiDBLite	mobidb-lite	consensus disorder prediction	9	19	-	T	13-08-2026	-	-	-	-
CoDi4.5	4c70c584fa5004bd453ca3e8d76bbd0b	635	Coils	Coil	Coil	581	601	-	T	13-08-2026	-	-	-	-
CoDi4.5	4c70c584fa5004bd453ca3e8d76bbd0b	635	MobiDBLite	mobidb-lite	consensus disorder prediction	1	94	-	T	13-08-2026	-	-	-	-
Vitico1-1	0f1979b16b628d8bfff3e3dab6018efb	276	Pfam	PF14223	gag-polypeptide of LTR copia-type	84	175	2.3E-14	T	13-08-2026	IPR061502	Copia/RE1/RE2-like, N-terminal domain	-	-
Vitico1-1	0f1979b16b628d8bfff3e3dab6018efb	276	SUPERFAMILY	SSF57756	Retrovirus zinc finger-like domains	225	264	2.72E-7	T	13-08-2026	IPR036875	Zinc finger, CCHC-type superfamily	GO:0003676(InterPro)|GO:0008270(InterPro)	Reactome:R-BTA-159231|Reactome:R-BTA-159236|Reactome:R-BTA-72163|Reactome:R-BTA-72165|Reactome:R-BTA-72203|Reactome:R-BTA-73856|Reactome:R-BTA-77595|Reactome:R-BTA-9770562|Reactome:R-CEL-159236|Reactome:R-CEL-72163|Reactome:R-CEL-73856|Reactome:R-DME-159231|Reactome:R-DME-159236|Reactome:R-DME-1834941|Reactome:R-DME-72163|Reactome:R-DME-72165|Reactome:R-DME-72203|Reactome:R-DME-73856|Reactome:R-DME-77595|Reactome:R-DME-9770562|Reactome:R-DRE-72165|Reactome:R-HSA-1169408|Reactome:R-HSA-159231|Reactome:R-HSA-159236|Reactome:R-HSA-162585|Reactome:R-HSA-162588|Reactome:R-HSA-162592|Reactome:R-HSA-162594|Reactome:R-HSA-164516|Reactome:R-HSA-164525|Reactome:R-HSA-164843|Reactome:R-HSA-168315|Reactome:R-HSA-173107|Reactome:R-HSA-174490|Reactome:R-HSA-174495|Reactome:R-HSA-175474|Reactome:R-HSA-175567|Reactome:R-HSA-177539|Reactome:R-HSA-180689|Reactome:R-HSA-180910|Reactome:R-HSA-429947|Reactome:R-HSA-452723|Reactome:R-HSA-6784531|Reactome:R-HSA-72163|Reactome:R-HSA-72165|Reactome:R-HSA-72187|Reactome:R-HSA-72203|Reactome:R-HSA-73856|Reactome:R-HSA-77595|Reactome:R-HSA-9013422|Reactome:R-HSA-9682706|Reactome:R-HSA-9694686|Reactome:R-HSA-9705671|Reactome:R-HSA-9770562|Reactome:R-HSA-9819196|Reactome:R-HSA-9820865|Reactome:R-HSA-983168|Reactome:R-HSA-9918481|Reactome:R-HSA-9930044|Reactome:R-MMU-159231|Reactome:R-MMU-159236|Reactome:R-MMU-72163|Reactome:R-MMU-72165|Reactome:R-MMU-72187|Reactome:R-MMU-72203|Reactome:R-MMU-73856|Reactome:R-MMU-77595|Reactome:R-MMU-9013422|Reactome:R-MMU-9770562|Reactome:R-MMU-983168|Reactome:R-RNO-159231|Reactome:R-RNO-72165|Reactome:R-RNO-73856|Reactome:R-RNO-77595|Reactome:R-RNO-9770562|Reactome:R-SCE-983168|Reactome:R-SPO-9770562|Reactome:R-SPO-983168|Reactome:R-XTR-77595|Reactome:R-XTR-9770562
Vitico1-1	0f1979b16b628d8bfff3e3dab6018efb	276	ProSiteProfiles	PS50158	Zinc finger CCHC-type profile.	242	255	8.531888	T	13-08-2026	IPR001878	Zinc finger, CCHC-type	GO:0003676(InterPro)|GO:0008270(InterPro)	Reactome:R-BTA-159231|Reactome:R-BTA-159236|Reactome:R-BTA-72163|Reactome:R-BTA-72165|Reactome:R-BTA-72203|Reactome:R-BTA-73856|Reactome:R-BTA-77595|Reactome:R-BTA-9770562|Reactome:R-CEL-159236|Reactome:R-CEL-72163|Reactome:R-CEL-73856|Reactome:R-DME-159231|Reactome:R-DME-159236|Reactome:R-DME-1834941|Reactome:R-DME-72163|Reactome:R-DME-72165|Reactome:R-DME-72203|Reactome:R-DME-73856|Reactome:R-DME-77595|Reactome:R-DME-8941326|Reactome:R-DME-9770562|Reactome:R-DME-9930044|Reactome:R-DRE-72165|Reactome:R-HSA-1169408|Reactome:R-HSA-159231|Reactome:R-HSA-159236|Reactome:R-HSA-162585|Reactome:R-HSA-162588|Reactome:R-HSA-162592|Reactome:R-HSA-162594|Reactome:R-HSA-164516|Reactome:R-HSA-164525|Reactome:R-HSA-164843|Reactome:R-HSA-168315|Reactome:R-HSA-173107|Reactome:R-HSA-174490|Reactome:R-HSA-174495|Reactome:R-HSA-175474|Reactome:R-HSA-175567|Reactome:R-HSA-177539|Reactome:R-HSA-180689|Reactome:R-HSA-180910|Reactome:R-HSA-429947|Reactome:R-HSA-452723|Reactome:R-HSA-6784531|Reactome:R-HSA-72163|Reactome:R-HSA-72165|Reactome:R-HSA-72187|Reactome:R-HSA-72203|Reactome:R-HSA-73856|Reactome:R-HSA-77595|Reactome:R-HSA-9013422|Reactome:R-HSA-9682706|Reactome:R-HSA-9694686|Reactome:R-HSA-9705671|Reactome:R-HSA-9770562|Reactome:R-HSA-9819196|Reactome:R-HSA-9820865|Reactome:R-HSA-983168|Reactome:R-HSA-9843970|Reactome:R-HSA-9918481|Reactome:R-HSA-9930044|Reactome:R-HSA-9931510|Reactome:R-MMU-159231|Reactome:R-MMU-159236|Reactome:R-MMU-72163|Reactome:R-MMU-72165|Reactome:R-MMU-72187|Reactome:R-MMU-72203|Reactome:R-MMU-73856|Reactome:R-MMU-77595|Reactome:R-MMU-9013422|Reactome:R-MMU-9770562|Reactome:R-MMU-983168|Reactome:R-MMU-9930044|Reactome:R-RNO-159231|Reactome:R-RNO-72165|Reactome:R-RNO-73856|Reactome:R-RNO-77595|Reactome:R-RNO-9770562|Reactome:R-SCE-983168|Reactome:R-SPO-9770562|Reactome:R-SPO-983168|Reactome:R-XTR-77595|Reactome:R-XTR-9770562
Vitico1-1	0f1979b16b628d8bfff3e3dab6018efb	276	PANTHER	PTHR35317	OS04G0629600 PROTEIN	14	252	2.7E-42	T	13-08-2026	-	-	-	-
Vitico1-1	0f1979b16b628d8bfff3e3dab6018efb	276	Coils	Coil	Coil	253	273	-	T	13-08-2026	-	-	-	-
Vitico1-1	0f1979b16b628d8bfff3e3dab6018efb	276	Gene3D	G3DSA:4.10.60.10	-	188	267	3.0E-5	T	13-08-2026	-	-	-	-
Vitico1-1	0f1979b16b628d8bfff3e3dab6018efb	276	SMART	SM00343	c2hcfinal6	241	257	0.0092	T	13-08-2026	IPR001878	Zinc finger, CCHC-type	GO:0003676(InterPro)|GO:0008270(InterPro)	Reactome:R-BTA-159231|Reactome:R-BTA-159236|Reactome:R-BTA-72163|Reactome:R-BTA-72165|Reactome:R-BTA-72203|Reactome:R-BTA-73856|Reactome:R-BTA-77595|Reactome:R-BTA-9770562|Reactome:R-CEL-159236|Reactome:R-CEL-72163|Reactome:R-CEL-73856|Reactome:R-DME-159231|Reactome:R-DME-159236|Reactome:R-DME-1834941|Reactome:R-DME-72163|Reactome:R-DME-72165|Reactome:R-DME-72203|Reactome:R-DME-73856|Reactome:R-DME-77595|Reactome:R-DME-8941326|Reactome:R-DME-9770562|Reactome:R-DME-9930044|Reactome:R-DRE-72165|Reactome:R-HSA-1169408|Reactome:R-HSA-159231|Reactome:R-HSA-159236|Reactome:R-HSA-162585|Reactome:R-HSA-162588|Reactome:R-HSA-162592|Reactome:R-HSA-162594|Reactome:R-HSA-164516|Reactome:R-HSA-164525|Reactome:R-HSA-164843|Reactome:R-HSA-168315|Reactome:R-HSA-173107|Reactome:R-HSA-174490|Reactome:R-HSA-174495|Reactome:R-HSA-175474|Reactome:R-HSA-175567|Reactome:R-HSA-177539|Reactome:R-HSA-180689|Reactome:R-HSA-180910|Reactome:R-HSA-429947|Reactome:R-HSA-452723|Reactome:R-HSA-6784531|Reactome:R-HSA-72163|Reactome:R-HSA-72165|Reactome:R-HSA-72187|Reactome:R-HSA-72203|Reactome:R-HSA-73856|Reactome:R-HSA-77595|Reactome:R-HSA-9013422|Reactome:R-HSA-9682706|Reactome:R-HSA-9694686|Reactome:R-HSA-9705671|Reactome:R-HSA-9770562|Reactome:R-HSA-9819196|Reactome:R-HSA-9820865|Reactome:R-HSA-983168|Reactome:R-HSA-9843970|Reactome:R-HSA-9918481|Reactome:R-HSA-9930044|Reactome:R-HSA-9931510|Reactome:R-MMU-159231|Reactome:R-MMU-159236|Reactome:R-MMU-72163|Reactome:R-MMU-72165|Reactome:R-MMU-72187|Reactome:R-MMU-72203|Reactome:R-MMU-73856|Reactome:R-MMU-77595|Reactome:R-MMU-9013422|Reactome:R-MMU-9770562|Reactome:R-MMU-983168|Reactome:R-MMU-9930044|Reactome:R-RNO-159231|Reactome:R-RNO-72165|Reactome:R-RNO-73856|Reactome:R-RNO-77595|Reactome:R-RNO-9770562|Reactome:R-SCE-983168|Reactome:R-SPO-9770562|Reactome:R-SPO-983168|Reactome:R-XTR-77595|Reactome:R-XTR-9770562
Vitico1-1	0f1979b16b628d8bfff3e3dab6018efb	276	MobiDBLite	mobidb-lite	consensus disorder prediction	219	235	-	T	13-08-2026	-	-	-	-
Vitico1-1	0f1979b16b628d8bfff3e3dab6018efb	276	MobiDBLite	mobidb-lite	consensus disorder prediction	204	218	-	T	13-08-2026	-	-	-	-
Vitico1-1	0f1979b16b628d8bfff3e3dab6018efb	276	MobiDBLite	mobidb-lite	consensus disorder prediction	168	202	-	T	13-08-2026	-	-	-	-
Vitico1-1	0f1979b16b628d8bfff3e3dab6018efb	276	MobiDBLite	mobidb-lite	consensus disorder prediction	168	237	-	T	13-08-2026	-	-	-	-
Retrofit	cb61d46ee384a9a1ea41df7188fda839	310	MobiDBLite	mobidb-lite	consensus disorder prediction	227	279	-	T	13-08-2026	-	-	-	-
Retrofit	cb61d46ee384a9a1ea41df7188fda839	310	MobiDBLite	mobidb-lite	consensus disorder prediction	231	273	-	T	13-08-2026	-	-	-	-
Retrofit	cb61d46ee384a9a1ea41df7188fda839	310	PANTHER	PTHR47481	-	13	281	2.1E-51	T	13-08-2026	-	-	-	-
Retrofit	cb61d46ee384a9a1ea41df7188fda839	310	Pfam	PF14223	gag-polypeptide of LTR copia-type	46	210	1.6E-19	T	13-08-2026	IPR061502	Copia/RE1/RE2-like, N-terminal domain	-	-
Ty2	351bdbfbe1b4f1b541aa0b46ef8d56a4	424	MobiDBLite	mobidb-lite	consensus disorder prediction	19	39	-	T	13-08-2026	-	-	-	-
Ty2	351bdbfbe1b4f1b541aa0b46ef8d56a4	424	MobiDBLite	mobidb-lite	consensus disorder prediction	1	86	-	T	13-08-2026	-	-	-	-
Ty2	351bdbfbe1b4f1b541aa0b46ef8d56a4	424	MobiDBLite	mobidb-lite	consensus disorder prediction	399	408	-	T	13-08-2026	-	-	-	-
Ty2	351bdbfbe1b4f1b541aa0b46ef8d56a4	424	MobiDBLite	mobidb-lite	consensus disorder prediction	415	424	-	T	13-08-2026	-	-	-	-
Ty2	351bdbfbe1b4f1b541aa0b46ef8d56a4	424	MobiDBLite	mobidb-lite	consensus disorder prediction	365	424	-	T	13-08-2026	-	-	-	-
Ty2	351bdbfbe1b4f1b541aa0b46ef8d56a4	424	MobiDBLite	mobidb-lite	consensus disorder prediction	1	11	-	T	13-08-2026	-	-	-	-
Ty2	351bdbfbe1b4f1b541aa0b46ef8d56a4	424	MobiDBLite	mobidb-lite	consensus disorder prediction	49	60	-	T	13-08-2026	-	-	-	-
Ty2	351bdbfbe1b4f1b541aa0b46ef8d56a4	424	MobiDBLite	mobidb-lite	consensus disorder prediction	369	381	-	T	13-08-2026	-	-	-	-
Ty2	351bdbfbe1b4f1b541aa0b46ef8d56a4	424	Pfam	PF01021	Ty transposon capsid protein	17	396	7.5E-202	T	13-08-2026	IPR015820	TyA domain	GO:0003723(InterPro)|GO:0005737(InterPro)	-
Saci-6	45a34f584463063056af5fedd05f0fc4	288	Pfam	PF03564	Protein of unknown function (DUF1759)	9	149	0.0026	T	13-08-2026	IPR005312	Domain of unknown function DUF1759	-	-
Saci-6	45a34f584463063056af5fedd05f0fc4	288	PANTHER	PTHR47331	PHD-TYPE DOMAIN-CONTAINING PROTEIN	1	287	1.7E-47	T	13-08-2026	-	-	-	-
CoDi5.4	5b2cbc85c1b9d0f466e2c7de3933f1fc	397	Coils	Coil	Coil	295	322	-	T	13-08-2026	-	-	-	-
CoDi5.4	5b2cbc85c1b9d0f466e2c7de3933f1fc	397	MobiDBLite	mobidb-lite	consensus disorder prediction	363	397	-	T	13-08-2026	-	-	-	-
DrFV-1	9e2ddeca4ba942313393191b47d1569a	674	MobiDBLite	mobidb-lite	consensus disorder prediction	582	640	-	T	13-08-2026	-	-	-	-
DrFV-1	9e2ddeca4ba942313393191b47d1569a	674	MobiDBLite	mobidb-lite	consensus disorder prediction	134	143	-	T	13-08-2026	-	-	-	-
DrFV-1	9e2ddeca4ba942313393191b47d1569a	674	MobiDBLite	mobidb-lite	consensus disorder prediction	367	381	-	T	13-08-2026	-	-	-	-
DrFV-1	9e2ddeca4ba942313393191b47d1569a	674	MobiDBLite	mobidb-lite	consensus disorder prediction	558	572	-	T	13-08-2026	-	-	-	-
DrFV-1	9e2ddeca4ba942313393191b47d1569a	674	MobiDBLite	mobidb-lite	consensus disorder prediction	188	204	-	T	13-08-2026	-	-	-	-
DrFV-1	9e2ddeca4ba942313393191b47d1569a	674	MobiDBLite	mobidb-lite	consensus disorder prediction	218	227	-	T	13-08-2026	-	-	-	-
DrFV-1	9e2ddeca4ba942313393191b47d1569a	674	MobiDBLite	mobidb-lite	consensus disorder prediction	335	383	-	T	13-08-2026	-	-	-	-
DrFV-1	9e2ddeca4ba942313393191b47d1569a	674	MobiDBLite	mobidb-lite	consensus disorder prediction	641	651	-	T	13-08-2026	-	-	-	-
DrFV-1	9e2ddeca4ba942313393191b47d1569a	674	MobiDBLite	mobidb-lite	consensus disorder prediction	554	674	-	T	13-08-2026	-	-	-	-
DrFV-1	9e2ddeca4ba942313393191b47d1569a	674	MobiDBLite	mobidb-lite	consensus disorder prediction	131	227	-	T	13-08-2026	-	-	-	-
DrFV-1	9e2ddeca4ba942313393191b47d1569a	674	MobiDBLite	mobidb-lite	consensus disorder prediction	652	674	-	T	13-08-2026	-	-	-	-
Sto-4	e5aecf8232ab9f0e6132ae0af4ad7ba9	287	PANTHER	PTHR35317	OS04G0629600 PROTEIN	12	266	2.9E-16	T	13-08-2026	-	-	-	-
Sto-4	e5aecf8232ab9f0e6132ae0af4ad7ba9	287	ProSiteProfiles	PS50158	Zinc finger CCHC-type profile.	257	272	9.207683	T	13-08-2026	IPR001878	Zinc finger, CCHC-type	GO:0003676(InterPro)|GO:0008270(InterPro)	Reactome:R-BTA-159231|Reactome:R-BTA-159236|Reactome:R-BTA-72163|Reactome:R-BTA-72165|Reactome:R-BTA-72203|Reactome:R-BTA-73856|Reactome:R-BTA-77595|Reactome:R-BTA-9770562|Reactome:R-CEL-159236|Reactome:R-CEL-72163|Reactome:R-CEL-73856|Reactome:R-DME-159231|Reactome:R-DME-159236|Reactome:R-DME-1834941|Reactome:R-DME-72163|Reactome:R-DME-72165|Reactome:R-DME-72203|Reactome:R-DME-73856|Reactome:R-DME-77595|Reactome:R-DME-8941326|Reactome:R-DME-9770562|Reactome:R-DME-9930044|Reactome:R-DRE-72165|Reactome:R-HSA-1169408|Reactome:R-HSA-159231|Reactome:R-HSA-159236|Reactome:R-HSA-162585|Reactome:R-HSA-162588|Reactome:R-HSA-162592|Reactome:R-HSA-162594|Reactome:R-HSA-164516|Reactome:R-HSA-164525|Reactome:R-HSA-164843|Reactome:R-HSA-168315|Reactome:R-HSA-173107|Reactome:R-HSA-174490|Reactome:R-HSA-174495|Reactome:R-HSA-175474|Reactome:R-HSA-175567|Reactome:R-HSA-177539|Reactome:R-HSA-180689|Reactome:R-HSA-180910|Reactome:R-HSA-429947|Reactome:R-HSA-452723|Reactome:R-HSA-6784531|Reactome:R-HSA-72163|Reactome:R-HSA-72165|Reactome:R-HSA-72187|Reactome:R-HSA-72203|Reactome:R-HSA-73856|Reactome:R-HSA-77595|Reactome:R-HSA-9013422|Reactome:R-HSA-9682706|Reactome:R-HSA-9694686|Reactome:R-HSA-9705671|Reactome:R-HSA-9770562|Reactome:R-HSA-9819196|Reactome:R-HSA-9820865|Reactome:R-HSA-983168|Reactome:R-HSA-9843970|Reactome:R-HSA-9918481|Reactome:R-HSA-9930044|Reactome:R-HSA-9931510|Reactome:R-MMU-159231|Reactome:R-MMU-159236|Reactome:R-MMU-72163|Reactome:R-MMU-72165|Reactome:R-MMU-72187|Reactome:R-MMU-72203|Reactome:R-MMU-73856|Reactome:R-MMU-77595|Reactome:R-MMU-9013422|Reactome:R-MMU-9770562|Reactome:R-MMU-983168|Reactome:R-MMU-9930044|Reactome:R-RNO-159231|Reactome:R-RNO-72165|Reactome:R-RNO-73856|Reactome:R-RNO-77595|Reactome:R-RNO-9770562|Reactome:R-SCE-983168|Reactome:R-SPO-9770562|Reactome:R-SPO-983168|Reactome:R-XTR-77595|Reactome:R-XTR-9770562
Sto-4	e5aecf8232ab9f0e6132ae0af4ad7ba9	287	Pfam	PF14223	gag-polypeptide of LTR copia-type	62	204	4.9E-14	T	13-08-2026	IPR061502	Copia/RE1/RE2-like, N-terminal domain	-	-
Sto-4	e5aecf8232ab9f0e6132ae0af4ad7ba9	287	SMART	SM00343	c2hcfinal6	256	272	0.0026	T	13-08-2026	IPR001878	Zinc finger, CCHC-type	GO:0003676(InterPro)|GO:0008270(InterPro)	Reactome:R-BTA-159231|Reactome:R-BTA-159236|Reactome:R-BTA-72163|Reactome:R-BTA-72165|Reactome:R-BTA-72203|Reactome:R-BTA-73856|Reactome:R-BTA-77595|Reactome:R-BTA-9770562|Reactome:R-CEL-159236|Reactome:R-CEL-72163|Reactome:R-CEL-73856|Reactome:R-DME-159231|Reactome:R-DME-159236|Reactome:R-DME-1834941|Reactome:R-DME-72163|Reactome:R-DME-72165|Reactome:R-DME-72203|Reactome:R-DME-73856|Reactome:R-DME-77595|Reactome:R-DME-8941326|Reactome:R-DME-9770562|Reactome:R-DME-9930044|Reactome:R-DRE-72165|Reactome:R-HSA-1169408|Reactome:R-HSA-159231|Reactome:R-HSA-159236|Reactome:R-HSA-162585|Reactome:R-HSA-162588|Reactome:R-HSA-162592|Reactome:R-HSA-162594|Reactome:R-HSA-164516|Reactome:R-HSA-164525|Reactome:R-HSA-164843|Reactome:R-HSA-168315|Reactome:R-HSA-173107|Reactome:R-HSA-174490|Reactome:R-HSA-174495|Reactome:R-HSA-175474|Reactome:R-HSA-175567|Reactome:R-HSA-177539|Reactome:R-HSA-180689|Reactome:R-HSA-180910|Reactome:R-HSA-429947|Reactome:R-HSA-452723|Reactome:R-HSA-6784531|Reactome:R-HSA-72163|Reactome:R-HSA-72165|Reactome:R-HSA-72187|Reactome:R-HSA-72203|Reactome:R-HSA-73856|Reactome:R-HSA-77595|Reactome:R-HSA-9013422|Reactome:R-HSA-9682706|Reactome:R-HSA-9694686|Reactome:R-HSA-9705671|Reactome:R-HSA-9770562|Reactome:R-HSA-9819196|Reactome:R-HSA-9820865|Reactome:R-HSA-983168|Reactome:R-HSA-9843970|Reactome:R-HSA-9918481|Reactome:R-HSA-9930044|Reactome:R-HSA-9931510|Reactome:R-MMU-159231|Reactome:R-MMU-159236|Reactome:R-MMU-72163|Reactome:R-MMU-72165|Reactome:R-MMU-72187|Reactome:R-MMU-72203|Reactome:R-MMU-73856|Reactome:R-MMU-77595|Reactome:R-MMU-9013422|Reactome:R-MMU-9770562|Reactome:R-MMU-983168|Reactome:R-MMU-9930044|Reactome:R-RNO-159231|Reactome:R-RNO-72165|Reactome:R-RNO-73856|Reactome:R-RNO-77595|Reactome:R-RNO-9770562|Reactome:R-SCE-983168|Reactome:R-SPO-9770562|Reactome:R-SPO-983168|Reactome:R-XTR-77595|Reactome:R-XTR-9770562
Sto-4	e5aecf8232ab9f0e6132ae0af4ad7ba9	287	SUPERFAMILY	SSF57756	Retrovirus zinc finger-like domains	237	275	2.44E-10	T	13-08-2026	IPR036875	Zinc finger, CCHC-type superfamily	GO:0003676(InterPro)|GO:0008270(InterPro)	Reactome:R-BTA-159231|Reactome:R-BTA-159236|Reactome:R-BTA-72163|Reactome:R-BTA-72165|Reactome:R-BTA-72203|Reactome:R-BTA-73856|Reactome:R-BTA-77595|Reactome:R-BTA-9770562|Reactome:R-CEL-159236|Reactome:R-CEL-72163|Reactome:R-CEL-73856|Reactome:R-DME-159231|Reactome:R-DME-159236|Reactome:R-DME-1834941|Reactome:R-DME-72163|Reactome:R-DME-72165|Reactome:R-DME-72203|Reactome:R-DME-73856|Reactome:R-DME-77595|Reactome:R-DME-9770562|Reactome:R-DRE-72165|Reactome:R-HSA-1169408|Reactome:R-HSA-159231|Reactome:R-HSA-159236|Reactome:R-HSA-162585|Reactome:R-HSA-162588|Reactome:R-HSA-162592|Reactome:R-HSA-162594|Reactome:R-HSA-164516|Reactome:R-HSA-164525|Reactome:R-HSA-164843|Reactome:R-HSA-168315|Reactome:R-HSA-173107|Reactome:R-HSA-174490|Reactome:R-HSA-174495|Reactome:R-HSA-175474|Reactome:R-HSA-175567|Reactome:R-HSA-177539|Reactome:R-HSA-180689|Reactome:R-HSA-180910|Reactome:R-HSA-429947|Reactome:R-HSA-452723|Reactome:R-HSA-6784531|Reactome:R-HSA-72163|Reactome:R-HSA-72165|Reactome:R-HSA-72187|Reactome:R-HSA-72203|Reactome:R-HSA-73856|Reactome:R-HSA-77595|Reactome:R-HSA-9013422|Reactome:R-HSA-9682706|Reactome:R-HSA-9694686|Reactome:R-HSA-9705671|Reactome:R-HSA-9770562|Reactome:R-HSA-9819196|Reactome:R-HSA-9820865|Reactome:R-HSA-983168|Reactome:R-HSA-9918481|Reactome:R-HSA-9930044|Reactome:R-MMU-159231|Reactome:R-MMU-159236|Reactome:R-MMU-72163|Reactome:R-MMU-72165|Reactome:R-MMU-72187|Reactome:R-MMU-72203|Reactome:R-MMU-73856|Reactome:R-MMU-77595|Reactome:R-MMU-9013422|Reactome:R-MMU-9770562|Reactome:R-MMU-983168|Reactome:R-RNO-159231|Reactome:R-RNO-72165|Reactome:R-RNO-73856|Reactome:R-RNO-77595|Reactome:R-RNO-9770562|Reactome:R-SCE-983168|Reactome:R-SPO-9770562|Reactome:R-SPO-983168|Reactome:R-XTR-77595|Reactome:R-XTR-9770562
Sto-4	e5aecf8232ab9f0e6132ae0af4ad7ba9	287	Gene3D	G3DSA:4.10.60.10	-	251	274	1.4E-5	T	13-08-2026	-	-	-	-
Sto-4	e5aecf8232ab9f0e6132ae0af4ad7ba9	287	MobiDBLite	mobidb-lite	consensus disorder prediction	220	230	-	T	13-08-2026	-	-	-	-
Sto-4	e5aecf8232ab9f0e6132ae0af4ad7ba9	287	MobiDBLite	mobidb-lite	consensus disorder prediction	207	250	-	T	13-08-2026	-	-	-	-
Sto-4	e5aecf8232ab9f0e6132ae0af4ad7ba9	287	MobiDBLite	mobidb-lite	consensus disorder prediction	231	243	-	T	13-08-2026	-	-	-	-
Roo	ce0489127c7294c2320e187b9ca7ab12	266	PANTHER	PTHR47331	PHD-TYPE DOMAIN-CONTAINING PROTEIN	1	265	3.0E-23	T	13-08-2026	-	-	-	-
Roo	ce0489127c7294c2320e187b9ca7ab12	266	Pfam	PF03564	Protein of unknown function (DUF1759)	9	157	3.3E-57	T	13-08-2026	IPR005312	Domain of unknown function DUF1759	-	-
GalEa1	8907a8b224c50b303d955045fae37ff2	312	MobiDBLite	mobidb-lite	consensus disorder prediction	239	255	-	T	13-08-2026	-	-	-	-
GalEa1	8907a8b224c50b303d955045fae37ff2	312	MobiDBLite	mobidb-lite	consensus disorder prediction	224	255	-	T	13-08-2026	-	-	-	-
CoDi4.3	8833278d92f672bf811090373baca683	470	MobiDBLite	mobidb-lite	consensus disorder prediction	352	391	-	T	13-08-2026	-	-	-	-
CoDi4.3	8833278d92f672bf811090373baca683	470	MobiDBLite	mobidb-lite	consensus disorder prediction	419	470	-	T	13-08-2026	-	-	-	-
CoDi4.3	8833278d92f672bf811090373baca683	470	MobiDBLite	mobidb-lite	consensus disorder prediction	362	379	-	T	13-08-2026	-	-	-	-
CoDi4.3	8833278d92f672bf811090373baca683	470	MobiDBLite	mobidb-lite	consensus disorder prediction	437	452	-	T	13-08-2026	-	-	-	-
CoDi4.3	8833278d92f672bf811090373baca683	470	MobiDBLite	mobidb-lite	consensus disorder prediction	453	470	-	T	13-08-2026	-	-	-	-
1731	5004eaa923136d36d52ae5249c068096	273	PANTHER	PTHR47481	-	9	254	1.5E-18	T	13-08-2026	-	-	-	-
1731	5004eaa923136d36d52ae5249c068096	273	Gene3D	G3DSA:4.10.60.10	-	174	257	3.1E-6	T	13-08-2026	-	-	-	-
1731	5004eaa923136d36d52ae5249c068096	273	ProSiteProfiles	PS50158	Zinc finger CCHC-type profile.	226	241	8.943958	T	13-08-2026	IPR001878	Zinc finger, CCHC-type	GO:0003676(InterPro)|GO:0008270(InterPro)	Reactome:R-BTA-159231|Reactome:R-BTA-159236|Reactome:R-BTA-72163|Reactome:R-BTA-72165|Reactome:R-BTA-72203|Reactome:R-BTA-73856|Reactome:R-BTA-77595|Reactome:R-BTA-9770562|Reactome:R-CEL-159236|Reactome:R-CEL-72163|Reactome:R-CEL-73856|Reactome:R-DME-159231|Reactome:R-DME-159236|Reactome:R-DME-1834941|Reactome:R-DME-72163|Reactome:R-DME-72165|Reactome:R-DME-72203|Reactome:R-DME-73856|Reactome:R-DME-77595|Reactome:R-DME-8941326|Reactome:R-DME-9770562|Reactome:R-DME-9930044|Reactome:R-DRE-72165|Reactome:R-HSA-1169408|Reactome:R-HSA-159231|Reactome:R-HSA-159236|Reactome:R-HSA-162585|Reactome:R-HSA-162588|Reactome:R-HSA-162592|Reactome:R-HSA-162594|Reactome:R-HSA-164516|Reactome:R-HSA-164525|Reactome:R-HSA-164843|Reactome:R-HSA-168315|Reactome:R-HSA-173107|Reactome:R-HSA-174490|Reactome:R-HSA-174495|Reactome:R-HSA-175474|Reactome:R-HSA-175567|Reactome:R-HSA-177539|Reactome:R-HSA-180689|Reactome:R-HSA-180910|Reactome:R-HSA-429947|Reactome:R-HSA-452723|Reactome:R-HSA-6784531|Reactome:R-HSA-72163|Reactome:R-HSA-72165|Reactome:R-HSA-72187|Reactome:R-HSA-72203|Reactome:R-HSA-73856|Reactome:R-HSA-77595|Reactome:R-HSA-9013422|Reactome:R-HSA-9682706|Reactome:R-HSA-9694686|Reactome:R-HSA-9705671|Reactome:R-HSA-9770562|Reactome:R-HSA-9819196|Reactome:R-HSA-9820865|Reactome:R-HSA-983168|Reactome:R-HSA-9843970|Reactome:R-HSA-9918481|Reactome:R-HSA-9930044|Reactome:R-HSA-9931510|Reactome:R-MMU-159231|Reactome:R-MMU-159236|Reactome:R-MMU-72163|Reactome:R-MMU-72165|Reactome:R-MMU-72187|Reactome:R-MMU-72203|Reactome:R-MMU-73856|Reactome:R-MMU-77595|Reactome:R-MMU-9013422|Reactome:R-MMU-9770562|Reactome:R-MMU-983168|Reactome:R-MMU-9930044|Reactome:R-RNO-159231|Reactome:R-RNO-72165|Reactome:R-RNO-73856|Reactome:R-RNO-77595|Reactome:R-RNO-9770562|Reactome:R-SCE-983168|Reactome:R-SPO-9770562|Reactome:R-SPO-983168|Reactome:R-XTR-77595|Reactome:R-XTR-9770562
1731	5004eaa923136d36d52ae5249c068096	273	Pfam	PF14223	gag-polypeptide of LTR copia-type	22	186	2.9E-39	T	13-08-2026	IPR061502	Copia/RE1/RE2-like, N-terminal domain	-	-
1731	5004eaa923136d36d52ae5249c068096	273	MobiDBLite	mobidb-lite	consensus disorder prediction	185	217	-	T	13-08-2026	-	-	-	-
1731	5004eaa923136d36d52ae5249c068096	273	MobiDBLite	mobidb-lite	consensus disorder prediction	185	196	-	T	13-08-2026	-	-	-	-
1731	5004eaa923136d36d52ae5249c068096	273	SMART	SM00343	c2hcfinal6	225	241	0.0051	T	13-08-2026	IPR001878	Zinc finger, CCHC-type	GO:0003676(InterPro)|GO:0008270(InterPro)	Reactome:R-BTA-159231|Reactome:R-BTA-159236|Reactome:R-BTA-72163|Reactome:R-BTA-72165|Reactome:R-BTA-72203|Reactome:R-BTA-73856|Reactome:R-BTA-77595|Reactome:R-BTA-9770562|Reactome:R-CEL-159236|Reactome:R-CEL-72163|Reactome:R-CEL-73856|Reactome:R-DME-159231|Reactome:R-DME-159236|Reactome:R-DME-1834941|Reactome:R-DME-72163|Reactome:R-DME-72165|Reactome:R-DME-72203|Reactome:R-DME-73856|Reactome:R-DME-77595|Reactome:R-DME-8941326|Reactome:R-DME-9770562|Reactome:R-DME-9930044|Reactome:R-DRE-72165|Reactome:R-HSA-1169408|Reactome:R-HSA-159231|Reactome:R-HSA-159236|Reactome:R-HSA-162585|Reactome:R-HSA-162588|Reactome:R-HSA-162592|Reactome:R-HSA-162594|Reactome:R-HSA-164516|Reactome:R-HSA-164525|Reactome:R-HSA-164843|Reactome:R-HSA-168315|Reactome:R-HSA-173107|Reactome:R-HSA-174490|Reactome:R-HSA-174495|Reactome:R-HSA-175474|Reactome:R-HSA-175567|Reactome:R-HSA-177539|Reactome:R-HSA-180689|Reactome:R-HSA-180910|Reactome:R-HSA-429947|Reactome:R-HSA-452723|Reactome:R-HSA-6784531|Reactome:R-HSA-72163|Reactome:R-HSA-72165|Reactome:R-HSA-72187|Reactome:R-HSA-72203|Reactome:R-HSA-73856|Reactome:R-HSA-77595|Reactome:R-HSA-9013422|Reactome:R-HSA-9682706|Reactome:R-HSA-9694686|Reactome:R-HSA-9705671|Reactome:R-HSA-9770562|Reactome:R-HSA-9819196|Reactome:R-HSA-9820865|Reactome:R-HSA-983168|Reactome:R-HSA-9843970|Reactome:R-HSA-9918481|Reactome:R-HSA-9930044|Reactome:R-HSA-9931510|Reactome:R-MMU-159231|Reactome:R-MMU-159236|Reactome:R-MMU-72163|Reactome:R-MMU-72165|Reactome:R-MMU-72187|Reactome:R-MMU-72203|Reactome:R-MMU-73856|Reactome:R-MMU-77595|Reactome:R-MMU-9013422|Reactome:R-MMU-9770562|Reactome:R-MMU-983168|Reactome:R-MMU-9930044|Reactome:R-RNO-159231|Reactome:R-RNO-72165|Reactome:R-RNO-73856|Reactome:R-RNO-77595|Reactome:R-RNO-9770562|Reactome:R-SCE-983168|Reactome:R-SPO-9770562|Reactome:R-SPO-983168|Reactome:R-XTR-77595|Reactome:R-XTR-9770562
1731	5004eaa923136d36d52ae5249c068096	273	SUPERFAMILY	SSF57756	Retrovirus zinc finger-like domains	208	242	8.02E-6	T	13-08-2026	IPR036875	Zinc finger, CCHC-type superfamily	GO:0003676(InterPro)|GO:0008270(InterPro)	Reactome:R-BTA-159231|Reactome:R-BTA-159236|Reactome:R-BTA-72163|Reactome:R-BTA-72165|Reactome:R-BTA-72203|Reactome:R-BTA-73856|Reactome:R-BTA-77595|Reactome:R-BTA-9770562|Reactome:R-CEL-159236|Reactome:R-CEL-72163|Reactome:R-CEL-73856|Reactome:R-DME-159231|Reactome:R-DME-159236|Reactome:R-DME-1834941|Reactome:R-DME-72163|Reactome:R-DME-72165|Reactome:R-DME-72203|Reactome:R-DME-73856|Reactome:R-DME-77595|Reactome:R-DME-9770562|Reactome:R-DRE-72165|Reactome:R-HSA-1169408|Reactome:R-HSA-159231|Reactome:R-HSA-159236|Reactome:R-HSA-162585|Reactome:R-HSA-162588|Reactome:R-HSA-162592|Reactome:R-HSA-162594|Reactome:R-HSA-164516|Reactome:R-HSA-164525|Reactome:R-HSA-164843|Reactome:R-HSA-168315|Reactome:R-HSA-173107|Reactome:R-HSA-174490|Reactome:R-HSA-174495|Reactome:R-HSA-175474|Reactome:R-HSA-175567|Reactome:R-HSA-177539|Reactome:R-HSA-180689|Reactome:R-HSA-180910|Reactome:R-HSA-429947|Reactome:R-HSA-452723|Reactome:R-HSA-6784531|Reactome:R-HSA-72163|Reactome:R-HSA-72165|Reactome:R-HSA-72187|Reactome:R-HSA-72203|Reactome:R-HSA-73856|Reactome:R-HSA-77595|Reactome:R-HSA-9013422|Reactome:R-HSA-9682706|Reactome:R-HSA-9694686|Reactome:R-HSA-9705671|Reactome:R-HSA-9770562|Reactome:R-HSA-9819196|Reactome:R-HSA-9820865|Reactome:R-HSA-983168|Reactome:R-HSA-9918481|Reactome:R-HSA-9930044|Reactome:R-MMU-159231|Reactome:R-MMU-159236|Reactome:R-MMU-72163|Reactome:R-MMU-72165|Reactome:R-MMU-72187|Reactome:R-MMU-72203|Reactome:R-MMU-73856|Reactome:R-MMU-77595|Reactome:R-MMU-9013422|Reactome:R-MMU-9770562|Reactome:R-MMU-983168|Reactome:R-RNO-159231|Reactome:R-RNO-72165|Reactome:R-RNO-73856|Reactome:R-RNO-77595|Reactome:R-RNO-9770562|Reactome:R-SCE-983168|Reactome:R-SPO-9770562|Reactome:R-SPO-983168|Reactome:R-XTR-77595|Reactome:R-XTR-9770562
Bel	24b796f8f0df9c01cad5fee1ae320df4	268	Pfam	PF03564	Protein of unknown function (DUF1759)	9	151	1.0E-36	T	13-08-2026	IPR005312	Domain of unknown function DUF1759	-	-
Bel	24b796f8f0df9c01cad5fee1ae320df4	268	PANTHER	PTHR47331	PHD-TYPE DOMAIN-CONTAINING PROTEIN	5	267	7.7E-32	T	13-08-2026	-	-	-	-
Tricopia	7e85c3bf19f944bf5b9290bc2bc80644	269	Pfam	PF00098	Zinc knuckle	237	252	0.36	T	13-08-2026	IPR001878	Zinc finger, CCHC-type	GO:0003676(InterPro)|GO:0008270(InterPro)	Reactome:R-BTA-159231|Reactome:R-BTA-159236|Reactome:R-BTA-72163|Reactome:R-BTA-72165|Reactome:R-BTA-72203|Reactome:R-BTA-73856|Reactome:R-BTA-77595|Reactome:R-BTA-9770562|Reactome:R-CEL-159236|Reactome:R-CEL-72163|Reactome:R-CEL-73856|Reactome:R-DME-159231|Reactome:R-DME-159236|Reactome:R-DME-1834941|Reactome:R-DME-72163|Reactome:R-DME-72165|Reactome:R-DME-72203|Reactome:R-DME-73856|Reactome:R-DME-77595|Reactome:R-DME-8941326|Reactome:R-DME-9770562|Reactome:R-DME-9930044|Reactome:R-DRE-72165|Reactome:R-HSA-1169408|Reactome:R-HSA-159231|Reactome:R-HSA-159236|Reactome:R-HSA-162585|Reactome:R-HSA-162588|Reactome:R-HSA-162592|Reactome:R-HSA-162594|Reactome:R-HSA-164516|Reactome:R-HSA-164525|Reactome:R-HSA-164843|Reactome:R-HSA-168315|Reactome:R-HSA-173107|Reactome:R-HSA-174490|Reactome:R-HSA-174495|Reactome:R-HSA-175474|Reactome:R-HSA-175567|Reactome:R-HSA-177539|Reactome:R-HSA-180689|Reactome:R-HSA-180910|Reactome:R-HSA-429947|Reactome:R-HSA-452723|Reactome:R-HSA-6784531|Reactome:R-HSA-72163|Reactome:R-HSA-72165|Reactome:R-HSA-72187|Reactome:R-HSA-72203|Reactome:R-HSA-73856|Reactome:R-HSA-77595|Reactome:R-HSA-9013422|Reactome:R-HSA-9682706|Reactome:R-HSA-9694686|Reactome:R-HSA-9705671|Reactome:R-HSA-9770562|Reactome:R-HSA-9819196|Reactome:R-HSA-9820865|Reactome:R-HSA-983168|Reactome:R-HSA-9843970|Reactome:R-HSA-9918481|Reactome:R-HSA-9930044|Reactome:R-HSA-9931510|Reactome:R-MMU-159231|Reactome:R-MMU-159236|Reactome:R-MMU-72163|Reactome:R-MMU-72165|Reactome:R-MMU-72187|Reactome:R-MMU-72203|Reactome:R-MMU-73856|Reactome:R-MMU-77595|Reactome:R-MMU-9013422|Reactome:R-MMU-9770562|Reactome:R-MMU-983168|Reactome:R-MMU-9930044|Reactome:R-RNO-159231|Reactome:R-RNO-72165|Reactome:R-RNO-73856|Reactome:R-RNO-77595|Reactome:R-RNO-9770562|Reactome:R-SCE-983168|Reactome:R-SPO-9770562|Reactome:R-SPO-983168|Reactome:R-XTR-77595|Reactome:R-XTR-9770562
Tricopia	7e85c3bf19f944bf5b9290bc2bc80644	269	PANTHER	PTHR35317	OS04G0629600 PROTEIN	11	252	6.5E-21	T	13-08-2026	-	-	-	-
Tricopia	7e85c3bf19f944bf5b9290bc2bc80644	269	ProSiteProfiles	PS50158	Zinc finger CCHC-type profile.	237	253	9.356029	T	13-08-2026	IPR001878	Zinc finger, CCHC-type	GO:0003676(InterPro)|GO:0008270(InterPro)	Reactome:R-BTA-159231|Reactome:R-BTA-159236|Reactome:R-BTA-72163|Reactome:R-BTA-72165|Reactome:R-BTA-72203|Reactome:R-BTA-73856|Reactome:R-BTA-77595|Reactome:R-BTA-9770562|Reactome:R-CEL-159236|Reactome:R-CEL-72163|Reactome:R-CEL-73856|Reactome:R-DME-159231|Reactome:R-DME-159236|Reactome:R-DME-1834941|Reactome:R-DME-72163|Reactome:R-DME-72165|Reactome:R-DME-72203|Reactome:R-DME-73856|Reactome:R-DME-77595|Reactome:R-DME-8941326|Reactome:R-DME-9770562|Reactome:R-DME-9930044|Reactome:R-DRE-72165|Reactome:R-HSA-1169408|Reactome:R-HSA-159231|Reactome:R-HSA-159236|Reactome:R-HSA-162585|Reactome:R-HSA-162588|Reactome:R-HSA-162592|Reactome:R-HSA-162594|Reactome:R-HSA-164516|Reactome:R-HSA-164525|Reactome:R-HSA-164843|Reactome:R-HSA-168315|Reactome:R-HSA-173107|Reactome:R-HSA-174490|Reactome:R-HSA-174495|Reactome:R-HSA-175474|Reactome:R-HSA-175567|Reactome:R-HSA-177539|Reactome:R-HSA-180689|Reactome:R-HSA-180910|Reactome:R-HSA-429947|Reactome:R-HSA-452723|Reactome:R-HSA-6784531|Reactome:R-HSA-72163|Reactome:R-HSA-72165|Reactome:R-HSA-72187|Reactome:R-HSA-72203|Reactome:R-HSA-73856|Reactome:R-HSA-77595|Reactome:R-HSA-9013422|Reactome:R-HSA-9682706|Reactome:R-HSA-9694686|Reactome:R-HSA-9705671|Reactome:R-HSA-9770562|Reactome:R-HSA-9819196|Reactome:R-HSA-9820865|Reactome:R-HSA-983168|Reactome:R-HSA-9843970|Reactome:R-HSA-9918481|Reactome:R-HSA-9930044|Reactome:R-HSA-9931510|Reactome:R-MMU-159231|Reactome:R-MMU-159236|Reactome:R-MMU-72163|Reactome:R-MMU-72165|Reactome:R-MMU-72187|Reactome:R-MMU-72203|Reactome:R-MMU-73856|Reactome:R-MMU-77595|Reactome:R-MMU-9013422|Reactome:R-MMU-9770562|Reactome:R-MMU-983168|Reactome:R-MMU-9930044|Reactome:R-RNO-159231|Reactome:R-RNO-72165|Reactome:R-RNO-73856|Reactome:R-RNO-77595|Reactome:R-RNO-9770562|Reactome:R-SCE-983168|Reactome:R-SPO-9770562|Reactome:R-SPO-983168|Reactome:R-XTR-77595|Reactome:R-XTR-9770562
Tricopia	7e85c3bf19f944bf5b9290bc2bc80644	269	SMART	SM00343	c2hcfinal6	237	253	8.0E-4	T	13-08-2026	IPR001878	Zinc finger, CCHC-type	GO:0003676(InterPro)|GO:0008270(InterPro)	Reactome:R-BTA-159231|Reactome:R-BTA-159236|Reactome:R-BTA-72163|Reactome:R-BTA-72165|Reactome:R-BTA-72203|Reactome:R-BTA-73856|Reactome:R-BTA-77595|Reactome:R-BTA-9770562|Reactome:R-CEL-159236|Reactome:R-CEL-72163|Reactome:R-CEL-73856|Reactome:R-DME-159231|Reactome:R-DME-159236|Reactome:R-DME-1834941|Reactome:R-DME-72163|Reactome:R-DME-72165|Reactome:R-DME-72203|Reactome:R-DME-73856|Reactome:R-DME-77595|Reactome:R-DME-8941326|Reactome:R-DME-9770562|Reactome:R-DME-9930044|Reactome:R-DRE-72165|Reactome:R-HSA-1169408|Reactome:R-HSA-159231|Reactome:R-HSA-159236|Reactome:R-HSA-162585|Reactome:R-HSA-162588|Reactome:R-HSA-162592|Reactome:R-HSA-162594|Reactome:R-HSA-164516|Reactome:R-HSA-164525|Reactome:R-HSA-164843|Reactome:R-HSA-168315|Reactome:R-HSA-173107|Reactome:R-HSA-174490|Reactome:R-HSA-174495|Reactome:R-HSA-175474|Reactome:R-HSA-175567|Reactome:R-HSA-177539|Reactome:R-HSA-180689|Reactome:R-HSA-180910|Reactome:R-HSA-429947|Reactome:R-HSA-452723|Reactome:R-HSA-6784531|Reactome:R-HSA-72163|Reactome:R-HSA-72165|Reactome:R-HSA-72187|Reactome:R-HSA-72203|Reactome:R-HSA-73856|Reactome:R-HSA-77595|Reactome:R-HSA-9013422|Reactome:R-HSA-9682706|Reactome:R-HSA-9694686|Reactome:R-HSA-9705671|Reactome:R-HSA-9770562|Reactome:R-HSA-9819196|Reactome:R-HSA-9820865|Reactome:R-HSA-983168|Reactome:R-HSA-9843970|Reactome:R-HSA-9918481|Reactome:R-HSA-9930044|Reactome:R-HSA-9931510|Reactome:R-MMU-159231|Reactome:R-MMU-159236|Reactome:R-MMU-72163|Reactome:R-MMU-72165|Reactome:R-MMU-72187|Reactome:R-MMU-72203|Reactome:R-MMU-73856|Reactome:R-MMU-77595|Reactome:R-MMU-9013422|Reactome:R-MMU-9770562|Reactome:R-MMU-983168|Reactome:R-MMU-9930044|Reactome:R-RNO-159231|Reactome:R-RNO-72165|Reactome:R-RNO-73856|Reactome:R-RNO-77595|Reactome:R-RNO-9770562|Reactome:R-SCE-983168|Reactome:R-SPO-9770562|Reactome:R-SPO-983168|Reactome:R-XTR-77595|Reactome:R-XTR-9770562
Tricopia	7e85c3bf19f944bf5b9290bc2bc80644	269	Pfam	PF14223	gag-polypeptide of LTR copia-type	25	199	3.7E-48	T	13-08-2026	IPR061502	Copia/RE1/RE2-like, N-terminal domain	-	-
Tricopia	7e85c3bf19f944bf5b9290bc2bc80644	269	SUPERFAMILY	SSF57756	Retrovirus zinc finger-like domains	226	259	4.34E-6	T	13-08-2026	IPR036875	Zinc finger, CCHC-type superfamily	GO:0003676(InterPro)|GO:0008270(InterPro)	Reactome:R-BTA-159231|Reactome:R-BTA-159236|Reactome:R-BTA-72163|Reactome:R-BTA-72165|Reactome:R-BTA-72203|Reactome:R-BTA-73856|Reactome:R-BTA-77595|Reactome:R-BTA-9770562|Reactome:R-CEL-159236|Reactome:R-CEL-72163|Reactome:R-CEL-73856|Reactome:R-DME-159231|Reactome:R-DME-159236|Reactome:R-DME-1834941|Reactome:R-DME-72163|Reactome:R-DME-72165|Reactome:R-DME-72203|Reactome:R-DME-73856|Reactome:R-DME-77595|Reactome:R-DME-9770562|Reactome:R-DRE-72165|Reactome:R-HSA-1169408|Reactome:R-HSA-159231|Reactome:R-HSA-159236|Reactome:R-HSA-162585|Reactome:R-HSA-162588|Reactome:R-HSA-162592|Reactome:R-HSA-162594|Reactome:R-HSA-164516|Reactome:R-HSA-164525|Reactome:R-HSA-164843|Reactome:R-HSA-168315|Reactome:R-HSA-173107|Reactome:R-HSA-174490|Reactome:R-HSA-174495|Reactome:R-HSA-175474|Reactome:R-HSA-175567|Reactome:R-HSA-177539|Reactome:R-HSA-180689|Reactome:R-HSA-180910|Reactome:R-HSA-429947|Reactome:R-HSA-452723|Reactome:R-HSA-6784531|Reactome:R-HSA-72163|Reactome:R-HSA-72165|Reactome:R-HSA-72187|Reactome:R-HSA-72203|Reactome:R-HSA-73856|Reactome:R-HSA-77595|Reactome:R-HSA-9013422|Reactome:R-HSA-9682706|Reactome:R-HSA-9694686|Reactome:R-HSA-9705671|Reactome:R-HSA-9770562|Reactome:R-HSA-9819196|Reactome:R-HSA-9820865|Reactome:R-HSA-983168|Reactome:R-HSA-9918481|Reactome:R-HSA-9930044|Reactome:R-MMU-159231|Reactome:R-MMU-159236|Reactome:R-MMU-72163|Reactome:R-MMU-72165|Reactome:R-MMU-72187|Reactome:R-MMU-72203|Reactome:R-MMU-73856|Reactome:R-MMU-77595|Reactome:R-MMU-9013422|Reactome:R-MMU-9770562|Reactome:R-MMU-983168|Reactome:R-RNO-159231|Reactome:R-RNO-72165|Reactome:R-RNO-73856|Reactome:R-RNO-77595|Reactome:R-RNO-9770562|Reactome:R-SCE-983168|Reactome:R-SPO-9770562|Reactome:R-SPO-983168|Reactome:R-XTR-77595|Reactome:R-XTR-9770562
Opie-2	fe9eaf09e2615acfb5266b168a4f1f15	535	Pfam	PF14223	gag-polypeptide of LTR copia-type	50	201	4.2E-23	T	13-08-2026	IPR061502	Copia/RE1/RE2-like, N-terminal domain	-	-
Opie-2	fe9eaf09e2615acfb5266b168a4f1f15	535	MobiDBLite	mobidb-lite	consensus disorder prediction	283	304	-	T	13-08-2026	-	-	-	-
Opie-2	fe9eaf09e2615acfb5266b168a4f1f15	535	Coils	Coil	Coil	224	251	-	T	13-08-2026	-	-	-	-
Opie-2	fe9eaf09e2615acfb5266b168a4f1f15	535	PANTHER	PTHR34676	DUF4219 DOMAIN-CONTAINING PROTEIN-RELATED	32	251	6.1E-26	T	13-08-2026	-	-	-	-
Opie-2	fe9eaf09e2615acfb5266b168a4f1f15	535	Coils	Coil	Coil	385	405	-	T	13-08-2026	-	-	-	-
Batata	73002f87bd3ff3e7ce5ecb4e36749a93	276	MobiDBLite	mobidb-lite	consensus disorder prediction	183	224	-	T	13-08-2026	-	-	-	-
Batata	73002f87bd3ff3e7ce5ecb4e36749a93	276	MobiDBLite	mobidb-lite	consensus disorder prediction	213	224	-	T	13-08-2026	-	-	-	-
Batata	73002f87bd3ff3e7ce5ecb4e36749a93	276	PANTHER	PTHR47481	-	9	239	8.3E-15	T	13-08-2026	-	-	-	-
Batata	73002f87bd3ff3e7ce5ecb4e36749a93	276	Pfam	PF14223	gag-polypeptide of LTR copia-type	30	191	1.6E-26	T	13-08-2026	IPR061502	Copia/RE1/RE2-like, N-terminal domain	-	-
Tse1	1f701cfcf59a93c6144e9b4c66d68e1a	383	MobiDBLite	mobidb-lite	consensus disorder prediction	1	56	-	T	13-08-2026	-	-	-	-
Tse1	1f701cfcf59a93c6144e9b4c66d68e1a	383	Pfam	PF01021	Ty transposon capsid protein	76	367	1.4E-21	T	13-08-2026	IPR015820	TyA domain	GO:0003723(InterPro)|GO:0005737(InterPro)	-
Tse1	1f701cfcf59a93c6144e9b4c66d68e1a	383	MobiDBLite	mobidb-lite	consensus disorder prediction	1	25	-	T	13-08-2026	-	-	-	-
Tse1	1f701cfcf59a93c6144e9b4c66d68e1a	383	MobiDBLite	mobidb-lite	consensus disorder prediction	329	366	-	T	13-08-2026	-	-	-	-
Tse1	1f701cfcf59a93c6144e9b4c66d68e1a	383	MobiDBLite	mobidb-lite	consensus disorder prediction	331	347	-	T	13-08-2026	-	-	-	-
Hopscotch	dbaad185c1e8d9e1630522730383b067	304	Pfam	PF14223	gag-polypeptide of LTR copia-type	42	215	3.4E-16	T	13-08-2026	IPR061502	Copia/RE1/RE2-like, N-terminal domain	-	-
Hopscotch	dbaad185c1e8d9e1630522730383b067	304	MobiDBLite	mobidb-lite	consensus disorder prediction	223	271	-	T	13-08-2026	-	-	-	-
Hopscotch	dbaad185c1e8d9e1630522730383b067	304	MobiDBLite	mobidb-lite	consensus disorder prediction	227	266	-	T	13-08-2026	-	-	-	-
Hopscotch	dbaad185c1e8d9e1630522730383b067	304	PANTHER	PTHR47481	-	8	278	2.4E-49	T	13-08-2026	-	-	-	-
Tork4	b570b4b7b543cae222eb56de1aadd36e	265	SMART	SM00343	c2hcfinal6	224	240	0.0049	T	13-08-2026	IPR001878	Zinc finger, CCHC-type	GO:0003676(InterPro)|GO:0008270(InterPro)	Reactome:R-BTA-159231|Reactome:R-BTA-159236|Reactome:R-BTA-72163|Reactome:R-BTA-72165|Reactome:R-BTA-72203|Reactome:R-BTA-73856|Reactome:R-BTA-77595|Reactome:R-BTA-9770562|Reactome:R-CEL-159236|Reactome:R-CEL-72163|Reactome:R-CEL-73856|Reactome:R-DME-159231|Reactome:R-DME-159236|Reactome:R-DME-1834941|Reactome:R-DME-72163|Reactome:R-DME-72165|Reactome:R-DME-72203|Reactome:R-DME-73856|Reactome:R-DME-77595|Reactome:R-DME-8941326|Reactome:R-DME-9770562|Reactome:R-DME-9930044|Reactome:R-DRE-72165|Reactome:R-HSA-1169408|Reactome:R-HSA-159231|Reactome:R-HSA-159236|Reactome:R-HSA-162585|Reactome:R-HSA-162588|Reactome:R-HSA-162592|Reactome:R-HSA-162594|Reactome:R-HSA-164516|Reactome:R-HSA-164525|Reactome:R-HSA-164843|Reactome:R-HSA-168315|Reactome:R-HSA-173107|Reactome:R-HSA-174490|Reactome:R-HSA-174495|Reactome:R-HSA-175474|Reactome:R-HSA-175567|Reactome:R-HSA-177539|Reactome:R-HSA-180689|Reactome:R-HSA-180910|Reactome:R-HSA-429947|Reactome:R-HSA-452723|Reactome:R-HSA-6784531|Reactome:R-HSA-72163|Reactome:R-HSA-72165|Reactome:R-HSA-72187|Reactome:R-HSA-72203|Reactome:R-HSA-73856|Reactome:R-HSA-77595|Reactome:R-HSA-9013422|Reactome:R-HSA-9682706|Reactome:R-HSA-9694686|Reactome:R-HSA-9705671|Reactome:R-HSA-9770562|Reactome:R-HSA-9819196|Reactome:R-HSA-9820865|Reactome:R-HSA-983168|Reactome:R-HSA-9843970|Reactome:R-HSA-9918481|Reactome:R-HSA-9930044|Reactome:R-HSA-9931510|Reactome:R-MMU-159231|Reactome:R-MMU-159236|Reactome:R-MMU-72163|Reactome:R-MMU-72165|Reactome:R-MMU-72187|Reactome:R-MMU-72203|Reactome:R-MMU-73856|Reactome:R-MMU-77595|Reactome:R-MMU-9013422|Reactome:R-MMU-9770562|Reactome:R-MMU-983168|Reactome:R-MMU-9930044|Reactome:R-RNO-159231|Reactome:R-RNO-72165|Reactome:R-RNO-73856|Reactome:R-RNO-77595|Reactome:R-RNO-9770562|Reactome:R-SCE-983168|Reactome:R-SPO-9770562|Reactome:R-SPO-983168|Reactome:R-XTR-77595|Reactome:R-XTR-9770562
Tork4	b570b4b7b543cae222eb56de1aadd36e	265	PANTHER	PTHR47481	-	13	242	8.5E-10	T	13-08-2026	-	-	-	-
Tork4	b570b4b7b543cae222eb56de1aadd36e	265	Pfam	PF14223	gag-polypeptide of LTR copia-type	24	186	5.4E-30	T	13-08-2026	IPR061502	Copia/RE1/RE2-like, N-terminal domain	-	-
Tork4	b570b4b7b543cae222eb56de1aadd36e	265	SUPERFAMILY	SSF57756	Retrovirus zinc finger-like domains	210	247	4.34E-10	T	13-08-2026	IPR036875	Zinc finger, CCHC-type superfamily	GO:0003676(InterPro)|GO:0008270(InterPro)	Reactome:R-BTA-159231|Reactome:R-BTA-159236|Reactome:R-BTA-72163|Reactome:R-BTA-72165|Reactome:R-BTA-72203|Reactome:R-BTA-73856|Reactome:R-BTA-77595|Reactome:R-BTA-9770562|Reactome:R-CEL-159236|Reactome:R-CEL-72163|Reactome:R-CEL-73856|Reactome:R-DME-159231|Reactome:R-DME-159236|Reactome:R-DME-1834941|Reactome:R-DME-72163|Reactome:R-DME-72165|Reactome:R-DME-72203|Reactome:R-DME-73856|Reactome:R-DME-77595|Reactome:R-DME-9770562|Reactome:R-DRE-72165|Reactome:R-HSA-1169408|Reactome:R-HSA-159231|Reactome:R-HSA-159236|Reactome:R-HSA-162585|Reactome:R-HSA-162588|Reactome:R-HSA-162592|Reactome:R-HSA-162594|Reactome:R-HSA-164516|Reactome:R-HSA-164525|Reactome:R-HSA-164843|Reactome:R-HSA-168315|Reactome:R-HSA-173107|Reactome:R-HSA-174490|Reactome:R-HSA-174495|Reactome:R-HSA-175474|Reactome:R-HSA-175567|Reactome:R-HSA-177539|Reactome:R-HSA-180689|Reactome:R-HSA-180910|Reactome:R-HSA-429947|Reactome:R-HSA-452723|Reactome:R-HSA-6784531|Reactome:R-HSA-72163|Reactome:R-HSA-72165|Reactome:R-HSA-72187|Reactome:R-HSA-72203|Reactome:R-HSA-73856|Reactome:R-HSA-77595|Reactome:R-HSA-9013422|Reactome:R-HSA-9682706|Reactome:R-HSA-9694686|Reactome:R-HSA-9705671|Reactome:R-HSA-9770562|Reactome:R-HSA-9819196|Reactome:R-HSA-9820865|Reactome:R-HSA-983168|Reactome:R-HSA-9918481|Reactome:R-HSA-9930044|Reactome:R-MMU-159231|Reactome:R-MMU-159236|Reactome:R-MMU-72163|Reactome:R-MMU-72165|Reactome:R-MMU-72187|Reactome:R-MMU-72203|Reactome:R-MMU-73856|Reactome:R-MMU-77595|Reactome:R-MMU-9013422|Reactome:R-MMU-9770562|Reactome:R-MMU-983168|Reactome:R-RNO-159231|Reactome:R-RNO-72165|Reactome:R-RNO-73856|Reactome:R-RNO-77595|Reactome:R-RNO-9770562|Reactome:R-SCE-983168|Reactome:R-SPO-9770562|Reactome:R-SPO-983168|Reactome:R-XTR-77595|Reactome:R-XTR-9770562
Tork4	b570b4b7b543cae222eb56de1aadd36e	265	Gene3D	G3DSA:4.10.60.10	-	197	253	7.6E-11	T	13-08-2026	-	-	-	-
Tork4	b570b4b7b543cae222eb56de1aadd36e	265	MobiDBLite	mobidb-lite	consensus disorder prediction	182	222	-	T	13-08-2026	-	-	-	-
Tork4	b570b4b7b543cae222eb56de1aadd36e	265	MobiDBLite	mobidb-lite	consensus disorder prediction	238	265	-	T	13-08-2026	-	-	-	-
Tork4	b570b4b7b543cae222eb56de1aadd36e	265	MobiDBLite	mobidb-lite	consensus disorder prediction	186	201	-	T	13-08-2026	-	-	-	-
Tork4	b570b4b7b543cae222eb56de1aadd36e	265	MobiDBLite	mobidb-lite	consensus disorder prediction	203	214	-	T	13-08-2026	-	-	-	-
Tork4	b570b4b7b543cae222eb56de1aadd36e	265	MobiDBLite	mobidb-lite	consensus disorder prediction	255	265	-	T	13-08-2026	-	-	-	-
Tork4	b570b4b7b543cae222eb56de1aadd36e	265	Pfam	PF00098	Zinc knuckle	224	240	0.29	T	13-08-2026	IPR001878	Zinc finger, CCHC-type	GO:0003676(InterPro)|GO:0008270(InterPro)	Reactome:R-BTA-159231|Reactome:R-BTA-159236|Reactome:R-BTA-72163|Reactome:R-BTA-72165|Reactome:R-BTA-72203|Reactome:R-BTA-73856|Reactome:R-BTA-77595|Reactome:R-BTA-9770562|Reactome:R-CEL-159236|Reactome:R-CEL-72163|Reactome:R-CEL-73856|Reactome:R-DME-159231|Reactome:R-DME-159236|Reactome:R-DME-1834941|Reactome:R-DME-72163|Reactome:R-DME-72165|Reactome:R-DME-72203|Reactome:R-DME-73856|Reactome:R-DME-77595|Reactome:R-DME-8941326|Reactome:R-DME-9770562|Reactome:R-DME-9930044|Reactome:R-DRE-72165|Reactome:R-HSA-1169408|Reactome:R-HSA-159231|Reactome:R-HSA-159236|Reactome:R-HSA-162585|Reactome:R-HSA-162588|Reactome:R-HSA-162592|Reactome:R-HSA-162594|Reactome:R-HSA-164516|Reactome:R-HSA-164525|Reactome:R-HSA-164843|Reactome:R-HSA-168315|Reactome:R-HSA-173107|Reactome:R-HSA-174490|Reactome:R-HSA-174495|Reactome:R-HSA-175474|Reactome:R-HSA-175567|Reactome:R-HSA-177539|Reactome:R-HSA-180689|Reactome:R-HSA-180910|Reactome:R-HSA-429947|Reactome:R-HSA-452723|Reactome:R-HSA-6784531|Reactome:R-HSA-72163|Reactome:R-HSA-72165|Reactome:R-HSA-72187|Reactome:R-HSA-72203|Reactome:R-HSA-73856|Reactome:R-HSA-77595|Reactome:R-HSA-9013422|Reactome:R-HSA-9682706|Reactome:R-HSA-9694686|Reactome:R-HSA-9705671|Reactome:R-HSA-9770562|Reactome:R-HSA-9819196|Reactome:R-HSA-9820865|Reactome:R-HSA-983168|Reactome:R-HSA-9843970|Reactome:R-HSA-9918481|Reactome:R-HSA-9930044|Reactome:R-HSA-9931510|Reactome:R-MMU-159231|Reactome:R-MMU-159236|Reactome:R-MMU-72163|Reactome:R-MMU-72165|Reactome:R-MMU-72187|Reactome:R-MMU-72203|Reactome:R-MMU-73856|Reactome:R-MMU-77595|Reactome:R-MMU-9013422|Reactome:R-MMU-9770562|Reactome:R-MMU-983168|Reactome:R-MMU-9930044|Reactome:R-RNO-159231|Reactome:R-RNO-72165|Reactome:R-RNO-73856|Reactome:R-RNO-77595|Reactome:R-RNO-9770562|Reactome:R-SCE-983168|Reactome:R-SPO-9770562|Reactome:R-SPO-983168|Reactome:R-XTR-77595|Reactome:R-XTR-9770562
Tdh2	789ef91672cbc4a752a0d15edb7f2dbc	335	MobiDBLite	mobidb-lite	consensus disorder prediction	319	335	-	T	13-08-2026	-	-	-	-
Tdh2	789ef91672cbc4a752a0d15edb7f2dbc	335	MobiDBLite	mobidb-lite	consensus disorder prediction	301	335	-	T	13-08-2026	-	-	-	-
Koco	4625d6b606901034199fea82dc2488bb	304	SignalP_GRAM_NEGATIVE	SignalP-noTM	SignalP-noTM	1	20	-	T	13-08-2026	-	-	-	-
Koco	4625d6b606901034199fea82dc2488bb	304	Phobius	SIGNAL_PEPTIDE_N_REGION	N-terminal region of a signal peptide.	1	3	-	T	13-08-2026	-	-	-	-
Koco	4625d6b606901034199fea82dc2488bb	304	Gene3D	G3DSA:4.10.60.10	-	217	288	6.1E-6	T	13-08-2026	-	-	-	-
Koco	4625d6b606901034199fea82dc2488bb	304	Pfam	PF00098	Zinc knuckle	253	268	0.47	T	13-08-2026	IPR001878	Zinc finger, CCHC-type	GO:0003676(InterPro)|GO:0008270(InterPro)	Reactome:R-BTA-159231|Reactome:R-BTA-159236|Reactome:R-BTA-72163|Reactome:R-BTA-72165|Reactome:R-BTA-72203|Reactome:R-BTA-73856|Reactome:R-BTA-77595|Reactome:R-BTA-9770562|Reactome:R-CEL-159236|Reactome:R-CEL-72163|Reactome:R-CEL-73856|Reactome:R-DME-159231|Reactome:R-DME-159236|Reactome:R-DME-1834941|Reactome:R-DME-72163|Reactome:R-DME-72165|Reactome:R-DME-72203|Reactome:R-DME-73856|Reactome:R-DME-77595|Reactome:R-DME-8941326|Reactome:R-DME-9770562|Reactome:R-DME-9930044|Reactome:R-DRE-72165|Reactome:R-HSA-1169408|Reactome:R-HSA-159231|Reactome:R-HSA-159236|Reactome:R-HSA-162585|Reactome:R-HSA-162588|Reactome:R-HSA-162592|Reactome:R-HSA-162594|Reactome:R-HSA-164516|Reactome:R-HSA-164525|Reactome:R-HSA-164843|Reactome:R-HSA-168315|Reactome:R-HSA-173107|Reactome:R-HSA-174490|Reactome:R-HSA-174495|Reactome:R-HSA-175474|Reactome:R-HSA-175567|Reactome:R-HSA-177539|Reactome:R-HSA-180689|Reactome:R-HSA-180910|Reactome:R-HSA-429947|Reactome:R-HSA-452723|Reactome:R-HSA-6784531|Reactome:R-HSA-72163|Reactome:R-HSA-72165|Reactome:R-HSA-72187|Reactome:R-HSA-72203|Reactome:R-HSA-73856|Reactome:R-HSA-77595|Reactome:R-HSA-9013422|Reactome:R-HSA-9682706|Reactome:R-HSA-9694686|Reactome:R-HSA-9705671|Reactome:R-HSA-9770562|Reactome:R-HSA-9819196|Reactome:R-HSA-9820865|Reactome:R-HSA-983168|Reactome:R-HSA-9843970|Reactome:R-HSA-9918481|Reactome:R-HSA-9930044|Reactome:R-HSA-9931510|Reactome:R-MMU-159231|Reactome:R-MMU-159236|Reactome:R-MMU-72163|Reactome:R-MMU-72165|Reactome:R-MMU-72187|Reactome:R-MMU-72203|Reactome:R-MMU-73856|Reactome:R-MMU-77595|Reactome:R-MMU-9013422|Reactome:R-MMU-9770562|Reactome:R-MMU-983168|Reactome:R-MMU-9930044|Reactome:R-RNO-159231|Reactome:R-RNO-72165|Reactome:R-RNO-73856|Reactome:R-RNO-77595|Reactome:R-RNO-9770562|Reactome:R-SCE-983168|Reactome:R-SPO-9770562|Reactome:R-SPO-983168|Reactome:R-XTR-77595|Reactome:R-XTR-9770562
Koco	4625d6b606901034199fea82dc2488bb	304	Pfam	PF14223	gag-polypeptide of LTR copia-type	51	207	9.0E-13	T	13-08-2026	IPR061502	Copia/RE1/RE2-like, N-terminal domain	-	-
Koco	4625d6b606901034199fea82dc2488bb	304	SMART	SM00343	c2hcfinal6	254	270	0.006	T	13-08-2026	IPR001878	Zinc finger, CCHC-type	GO:0003676(InterPro)|GO:0008270(InterPro)	Reactome:R-BTA-159231|Reactome:R-BTA-159236|Reactome:R-BTA-72163|Reactome:R-BTA-72165|Reactome:R-BTA-72203|Reactome:R-BTA-73856|Reactome:R-BTA-77595|Reactome:R-BTA-9770562|Reactome:R-CEL-159236|Reactome:R-CEL-72163|Reactome:R-CEL-73856|Reactome:R-DME-159231|Reactome:R-DME-159236|Reactome:R-DME-1834941|Reactome:R-DME-72163|Reactome:R-DME-72165|Reactome:R-DME-72203|Reactome:R-DME-73856|Reactome:R-DME-77595|Reactome:R-DME-8941326|Reactome:R-DME-9770562|Reactome:R-DME-9930044|Reactome:R-DRE-72165|Reactome:R-HSA-1169408|Reactome:R-HSA-159231|Reactome:R-HSA-159236|Reactome:R-HSA-162585|Reactome:R-HSA-162588|Reactome:R-HSA-162592|Reactome:R-HSA-162594|Reactome:R-HSA-164516|Reactome:R-HSA-164525|Reactome:R-HSA-164843|Reactome:R-HSA-168315|Reactome:R-HSA-173107|Reactome:R-HSA-174490|Reactome:R-HSA-174495|Reactome:R-HSA-175474|Reactome:R-HSA-175567|Reactome:R-HSA-177539|Reactome:R-HSA-180689|Reactome:R-HSA-180910|Reactome:R-HSA-429947|Reactome:R-HSA-452723|Reactome:R-HSA-6784531|Reactome:R-HSA-72163|Reactome:R-HSA-72165|Reactome:R-HSA-72187|Reactome:R-HSA-72203|Reactome:R-HSA-73856|Reactome:R-HSA-77595|Reactome:R-HSA-9013422|Reactome:R-HSA-9682706|Reactome:R-HSA-9694686|Reactome:R-HSA-9705671|Reactome:R-HSA-9770562|Reactome:R-HSA-9819196|Reactome:R-HSA-9820865|Reactome:R-HSA-983168|Reactome:R-HSA-9843970|Reactome:R-HSA-9918481|Reactome:R-HSA-9930044|Reactome:R-HSA-9931510|Reactome:R-MMU-159231|Reactome:R-MMU-159236|Reactome:R-MMU-72163|Reactome:R-MMU-72165|Reactome:R-MMU-72187|Reactome:R-MMU-72203|Reactome:R-MMU-73856|Reactome:R-MMU-77595|Reactome:R-MMU-9013422|Reactome:R-MMU-9770562|Reactome:R-MMU-983168|Reactome:R-MMU-9930044|Reactome:R-RNO-159231|Reactome:R-RNO-72165|Reactome:R-RNO-73856|Reactome:R-RNO-77595|Reactome:R-RNO-9770562|Reactome:R-SCE-983168|Reactome:R-SPO-9770562|Reactome:R-SPO-983168|Reactome:R-XTR-77595|Reactome:R-XTR-9770562
Koco	4625d6b606901034199fea82dc2488bb	304	Phobius	SIGNAL_PEPTIDE_C_REGION	C-terminal region of a signal peptide.	16	20	-	T	13-08-2026	-	-	-	-
Koco	4625d6b606901034199fea82dc2488bb	304	Phobius	SIGNAL_PEPTIDE	Signal peptide region	1	20	-	T	13-08-2026	-	-	-	-
Koco	4625d6b606901034199fea82dc2488bb	304	ProSiteProfiles	PS50158	Zinc finger CCHC-type profile.	254	268	10.328513	T	13-08-2026	IPR001878	Zinc finger, CCHC-type	GO:0003676(InterPro)|GO:0008270(InterPro)	Reactome:R-BTA-159231|Reactome:R-BTA-159236|Reactome:R-BTA-72163|Reactome:R-BTA-72165|Reactome:R-BTA-72203|Reactome:R-BTA-73856|Reactome:R-BTA-77595|Reactome:R-BTA-9770562|Reactome:R-CEL-159236|Reactome:R-CEL-72163|Reactome:R-CEL-73856|Reactome:R-DME-159231|Reactome:R-DME-159236|Reactome:R-DME-1834941|Reactome:R-DME-72163|Reactome:R-DME-72165|Reactome:R-DME-72203|Reactome:R-DME-73856|Reactome:R-DME-77595|Reactome:R-DME-8941326|Reactome:R-DME-9770562|Reactome:R-DME-9930044|Reactome:R-DRE-72165|Reactome:R-HSA-1169408|Reactome:R-HSA-159231|Reactome:R-HSA-159236|Reactome:R-HSA-162585|Reactome:R-HSA-162588|Reactome:R-HSA-162592|Reactome:R-HSA-162594|Reactome:R-HSA-164516|Reactome:R-HSA-164525|Reactome:R-HSA-164843|Reactome:R-HSA-168315|Reactome:R-HSA-173107|Reactome:R-HSA-174490|Reactome:R-HSA-174495|Reactome:R-HSA-175474|Reactome:R-HSA-175567|Reactome:R-HSA-177539|Reactome:R-HSA-180689|Reactome:R-HSA-180910|Reactome:R-HSA-429947|Reactome:R-HSA-452723|Reactome:R-HSA-6784531|Reactome:R-HSA-72163|Reactome:R-HSA-72165|Reactome:R-HSA-72187|Reactome:R-HSA-72203|Reactome:R-HSA-73856|Reactome:R-HSA-77595|Reactome:R-HSA-9013422|Reactome:R-HSA-9682706|Reactome:R-HSA-9694686|Reactome:R-HSA-9705671|Reactome:R-HSA-9770562|Reactome:R-HSA-9819196|Reactome:R-HSA-9820865|Reactome:R-HSA-983168|Reactome:R-HSA-9843970|Reactome:R-HSA-9918481|Reactome:R-HSA-9930044|Reactome:R-HSA-9931510|Reactome:R-MMU-159231|Reactome:R-MMU-159236|Reactome:R-MMU-72163|Reactome:R-MMU-72165|Reactome:R-MMU-72187|Reactome:R-MMU-72203|Reactome:R-MMU-73856|Reactome:R-MMU-77595|Reactome:R-MMU-9013422|Reactome:R-MMU-9770562|Reactome:R-MMU-983168|Reactome:R-MMU-9930044|Reactome:R-RNO-159231|Reactome:R-RNO-72165|Reactome:R-RNO-73856|Reactome:R-RNO-77595|Reactome:R-RNO-9770562|Reactome:R-SCE-983168|Reactome:R-SPO-9770562|Reactome:R-SPO-983168|Reactome:R-XTR-77595|Reactome:R-XTR-9770562
Koco	4625d6b606901034199fea82dc2488bb	304	Phobius	SIGNAL_PEPTIDE_H_REGION	Hydrophobic region of a signal peptide.	4	15	-	T	13-08-2026	-	-	-	-
Koco	4625d6b606901034199fea82dc2488bb	304	SignalP_EUK	SignalP-noTM	SignalP-noTM	1	20	-	T	13-08-2026	-	-	-	-
Koco	4625d6b606901034199fea82dc2488bb	304	SUPERFAMILY	SSF57756	Retrovirus zinc finger-like domains	244	273	1.08E-6	T	13-08-2026	IPR036875	Zinc finger, CCHC-type superfamily	GO:0003676(InterPro)|GO:0008270(InterPro)	Reactome:R-BTA-159231|Reactome:R-BTA-159236|Reactome:R-BTA-72163|Reactome:R-BTA-72165|Reactome:R-BTA-72203|Reactome:R-BTA-73856|Reactome:R-BTA-77595|Reactome:R-BTA-9770562|Reactome:R-CEL-159236|Reactome:R-CEL-72163|Reactome:R-CEL-73856|Reactome:R-DME-159231|Reactome:R-DME-159236|Reactome:R-DME-1834941|Reactome:R-DME-72163|Reactome:R-DME-72165|Reactome:R-DME-72203|Reactome:R-DME-73856|Reactome:R-DME-77595|Reactome:R-DME-9770562|Reactome:R-DRE-72165|Reactome:R-HSA-1169408|Reactome:R-HSA-159231|Reactome:R-HSA-159236|Reactome:R-HSA-162585|Reactome:R-HSA-162588|Reactome:R-HSA-162592|Reactome:R-HSA-162594|Reactome:R-HSA-164516|Reactome:R-HSA-164525|Reactome:R-HSA-164843|Reactome:R-HSA-168315|Reactome:R-HSA-173107|Reactome:R-HSA-174490|Reactome:R-HSA-174495|Reactome:R-HSA-175474|Reactome:R-HSA-175567|Reactome:R-HSA-177539|Reactome:R-HSA-180689|Reactome:R-HSA-180910|Reactome:R-HSA-429947|Reactome:R-HSA-452723|Reactome:R-HSA-6784531|Reactome:R-HSA-72163|Reactome:R-HSA-72165|Reactome:R-HSA-72187|Reactome:R-HSA-72203|Reactome:R-HSA-73856|Reactome:R-HSA-77595|Reactome:R-HSA-9013422|Reactome:R-HSA-9682706|Reactome:R-HSA-9694686|Reactome:R-HSA-9705671|Reactome:R-HSA-9770562|Reactome:R-HSA-9819196|Reactome:R-HSA-9820865|Reactome:R-HSA-983168|Reactome:R-HSA-9918481|Reactome:R-HSA-9930044|Reactome:R-MMU-159231|Reactome:R-MMU-159236|Reactome:R-MMU-72163|Reactome:R-MMU-72165|Reactome:R-MMU-72187|Reactome:R-MMU-72203|Reactome:R-MMU-73856|Reactome:R-MMU-77595|Reactome:R-MMU-9013422|Reactome:R-MMU-9770562|Reactome:R-MMU-983168|Reactome:R-RNO-159231|Reactome:R-RNO-72165|Reactome:R-RNO-73856|Reactome:R-RNO-77595|Reactome:R-RNO-9770562|Reactome:R-SCE-983168|Reactome:R-SPO-9770562|Reactome:R-SPO-983168|Reactome:R-XTR-77595|Reactome:R-XTR-9770562
Koco	4625d6b606901034199fea82dc2488bb	304	Phobius	NON_CYTOPLASMIC_DOMAIN	Region of a membrane-bound protein predicted to be outside the membrane, in the extracellular region.	21	304	-	T	13-08-2026	-	-	-	-
Koco	4625d6b606901034199fea82dc2488bb	304	PANTHER	PTHR47592	PBF68 PROTEIN	30	287	1.9E-11	T	13-08-2026	-	-	-	-
Oryco1-2	3463b5b9906eb360c00b6ddd0d5a4536	399	Phobius	SIGNAL_PEPTIDE_C_REGION	C-terminal region of a signal peptide.	16	26	-	T	13-08-2026	-	-	-	-
Oryco1-2	3463b5b9906eb360c00b6ddd0d5a4536	399	Phobius	SIGNAL_PEPTIDE	Signal peptide region	1	26	-	T	13-08-2026	-	-	-	-
Oryco1-2	3463b5b9906eb360c00b6ddd0d5a4536	399	Phobius	NON_CYTOPLASMIC_DOMAIN	Region of a membrane-bound protein predicted to be outside the membrane, in the extracellular region.	27	399	-	T	13-08-2026	-	-	-	-
Oryco1-2	3463b5b9906eb360c00b6ddd0d5a4536	399	SignalP_EUK	SignalP-noTM	SignalP-noTM	1	16	-	T	13-08-2026	-	-	-	-
Oryco1-2	3463b5b9906eb360c00b6ddd0d5a4536	399	Phobius	SIGNAL_PEPTIDE_N_REGION	N-terminal region of a signal peptide.	1	3	-	T	13-08-2026	-	-	-	-
Oryco1-2	3463b5b9906eb360c00b6ddd0d5a4536	399	SMART	SM00343	c2hcfinal6	366	382	5.2E-4	T	13-08-2026	IPR001878	Zinc finger, CCHC-type	GO:0003676(InterPro)|GO:0008270(InterPro)	Reactome:R-BTA-159231|Reactome:R-BTA-159236|Reactome:R-BTA-72163|Reactome:R-BTA-72165|Reactome:R-BTA-72203|Reactome:R-BTA-73856|Reactome:R-BTA-77595|Reactome:R-BTA-9770562|Reactome:R-CEL-159236|Reactome:R-CEL-72163|Reactome:R-CEL-73856|Reactome:R-DME-159231|Reactome:R-DME-159236|Reactome:R-DME-1834941|Reactome:R-DME-72163|Reactome:R-DME-72165|Reactome:R-DME-72203|Reactome:R-DME-73856|Reactome:R-DME-77595|Reactome:R-DME-8941326|Reactome:R-DME-9770562|Reactome:R-DME-9930044|Reactome:R-DRE-72165|Reactome:R-HSA-1169408|Reactome:R-HSA-159231|Reactome:R-HSA-159236|Reactome:R-HSA-162585|Reactome:R-HSA-162588|Reactome:R-HSA-162592|Reactome:R-HSA-162594|Reactome:R-HSA-164516|Reactome:R-HSA-164525|Reactome:R-HSA-164843|Reactome:R-HSA-168315|Reactome:R-HSA-173107|Reactome:R-HSA-174490|Reactome:R-HSA-174495|Reactome:R-HSA-175474|Reactome:R-HSA-175567|Reactome:R-HSA-177539|Reactome:R-HSA-180689|Reactome:R-HSA-180910|Reactome:R-HSA-429947|Reactome:R-HSA-452723|Reactome:R-HSA-6784531|Reactome:R-HSA-72163|Reactome:R-HSA-72165|Reactome:R-HSA-72187|Reactome:R-HSA-72203|Reactome:R-HSA-73856|Reactome:R-HSA-77595|Reactome:R-HSA-9013422|Reactome:R-HSA-9682706|Reactome:R-HSA-9694686|Reactome:R-HSA-9705671|Reactome:R-HSA-9770562|Reactome:R-HSA-9819196|Reactome:R-HSA-9820865|Reactome:R-HSA-983168|Reactome:R-HSA-9843970|Reactome:R-HSA-9918481|Reactome:R-HSA-9930044|Reactome:R-HSA-9931510|Reactome:R-MMU-159231|Reactome:R-MMU-159236|Reactome:R-MMU-72163|Reactome:R-MMU-72165|Reactome:R-MMU-72187|Reactome:R-MMU-72203|Reactome:R-MMU-73856|Reactome:R-MMU-77595|Reactome:R-MMU-9013422|Reactome:R-MMU-9770562|Reactome:R-MMU-983168|Reactome:R-MMU-9930044|Reactome:R-RNO-159231|Reactome:R-RNO-72165|Reactome:R-RNO-73856|Reactome:R-RNO-77595|Reactome:R-RNO-9770562|Reactome:R-SCE-983168|Reactome:R-SPO-9770562|Reactome:R-SPO-983168|Reactome:R-XTR-77595|Reactome:R-XTR-9770562
Oryco1-2	3463b5b9906eb360c00b6ddd0d5a4536	399	ProSiteProfiles	PS50158	Zinc finger CCHC-type profile.	367	382	10.097754	T	13-08-2026	IPR001878	Zinc finger, CCHC-type	GO:0003676(InterPro)|GO:0008270(InterPro)	Reactome:R-BTA-159231|Reactome:R-BTA-159236|Reactome:R-BTA-72163|Reactome:R-BTA-72165|Reactome:R-BTA-72203|Reactome:R-BTA-73856|Reactome:R-BTA-77595|Reactome:R-BTA-9770562|Reactome:R-CEL-159236|Reactome:R-CEL-72163|Reactome:R-CEL-73856|Reactome:R-DME-159231|Reactome:R-DME-159236|Reactome:R-DME-1834941|Reactome:R-DME-72163|Reactome:R-DME-72165|Reactome:R-DME-72203|Reactome:R-DME-73856|Reactome:R-DME-77595|Reactome:R-DME-8941326|Reactome:R-DME-9770562|Reactome:R-DME-9930044|Reactome:R-DRE-72165|Reactome:R-HSA-1169408|Reactome:R-HSA-159231|Reactome:R-HSA-159236|Reactome:R-HSA-162585|Reactome:R-HSA-162588|Reactome:R-HSA-162592|Reactome:R-HSA-162594|Reactome:R-HSA-164516|Reactome:R-HSA-164525|Reactome:R-HSA-164843|Reactome:R-HSA-168315|Reactome:R-HSA-173107|Reactome:R-HSA-174490|Reactome:R-HSA-174495|Reactome:R-HSA-175474|Reactome:R-HSA-175567|Reactome:R-HSA-177539|Reactome:R-HSA-180689|Reactome:R-HSA-180910|Reactome:R-HSA-429947|Reactome:R-HSA-452723|Reactome:R-HSA-6784531|Reactome:R-HSA-72163|Reactome:R-HSA-72165|Reactome:R-HSA-72187|Reactome:R-HSA-72203|Reactome:R-HSA-73856|Reactome:R-HSA-77595|Reactome:R-HSA-9013422|Reactome:R-HSA-9682706|Reactome:R-HSA-9694686|Reactome:R-HSA-9705671|Reactome:R-HSA-9770562|Reactome:R-HSA-9819196|Reactome:R-HSA-9820865|Reactome:R-HSA-983168|Reactome:R-HSA-9843970|Reactome:R-HSA-9918481|Reactome:R-HSA-9930044|Reactome:R-HSA-9931510|Reactome:R-MMU-159231|Reactome:R-MMU-159236|Reactome:R-MMU-72163|Reactome:R-MMU-72165|Reactome:R-MMU-72187|Reactome:R-MMU-72203|Reactome:R-MMU-73856|Reactome:R-MMU-77595|Reactome:R-MMU-9013422|Reactome:R-MMU-9770562|Reactome:R-MMU-983168|Reactome:R-MMU-9930044|Reactome:R-RNO-159231|Reactome:R-RNO-72165|Reactome:R-RNO-73856|Reactome:R-RNO-77595|Reactome:R-RNO-9770562|Reactome:R-SCE-983168|Reactome:R-SPO-9770562|Reactome:R-SPO-983168|Reactome:R-XTR-77595|Reactome:R-XTR-9770562
Oryco1-2	3463b5b9906eb360c00b6ddd0d5a4536	399	Pfam	PF14223	gag-polypeptide of LTR copia-type	127	292	1.5E-13	T	13-08-2026	IPR061502	Copia/RE1/RE2-like, N-terminal domain	-	-
Oryco1-2	3463b5b9906eb360c00b6ddd0d5a4536	399	PANTHER	PTHR35317	OS04G0629600 PROTEIN	113	345	7.8E-23	T	13-08-2026	-	-	-	-
Oryco1-2	3463b5b9906eb360c00b6ddd0d5a4536	399	SUPERFAMILY	SSF57756	Retrovirus zinc finger-like domains	358	391	1.31E-7	T	13-08-2026	IPR036875	Zinc finger, CCHC-type superfamily	GO:0003676(InterPro)|GO:0008270(InterPro)	Reactome:R-BTA-159231|Reactome:R-BTA-159236|Reactome:R-BTA-72163|Reactome:R-BTA-72165|Reactome:R-BTA-72203|Reactome:R-BTA-73856|Reactome:R-BTA-77595|Reactome:R-BTA-9770562|Reactome:R-CEL-159236|Reactome:R-CEL-72163|Reactome:R-CEL-73856|Reactome:R-DME-159231|Reactome:R-DME-159236|Reactome:R-DME-1834941|Reactome:R-DME-72163|Reactome:R-DME-72165|Reactome:R-DME-72203|Reactome:R-DME-73856|Reactome:R-DME-77595|Reactome:R-DME-9770562|Reactome:R-DRE-72165|Reactome:R-HSA-1169408|Reactome:R-HSA-159231|Reactome:R-HSA-159236|Reactome:R-HSA-162585|Reactome:R-HSA-162588|Reactome:R-HSA-162592|Reactome:R-HSA-162594|Reactome:R-HSA-164516|Reactome:R-HSA-164525|Reactome:R-HSA-164843|Reactome:R-HSA-168315|Reactome:R-HSA-173107|Reactome:R-HSA-174490|Reactome:R-HSA-174495|Reactome:R-HSA-175474|Reactome:R-HSA-175567|Reactome:R-HSA-177539|Reactome:R-HSA-180689|Reactome:R-HSA-180910|Reactome:R-HSA-429947|Reactome:R-HSA-452723|Reactome:R-HSA-6784531|Reactome:R-HSA-72163|Reactome:R-HSA-72165|Reactome:R-HSA-72187|Reactome:R-HSA-72203|Reactome:R-HSA-73856|Reactome:R-HSA-77595|Reactome:R-HSA-9013422|Reactome:R-HSA-9682706|Reactome:R-HSA-9694686|Reactome:R-HSA-9705671|Reactome:R-HSA-9770562|Reactome:R-HSA-9819196|Reactome:R-HSA-9820865|Reactome:R-HSA-983168|Reactome:R-HSA-9918481|Reactome:R-HSA-9930044|Reactome:R-MMU-159231|Reactome:R-MMU-159236|Reactome:R-MMU-72163|Reactome:R-MMU-72165|Reactome:R-MMU-72187|Reactome:R-MMU-72203|Reactome:R-MMU-73856|Reactome:R-MMU-77595|Reactome:R-MMU-9013422|Reactome:R-MMU-9770562|Reactome:R-MMU-983168|Reactome:R-RNO-159231|Reactome:R-RNO-72165|Reactome:R-RNO-73856|Reactome:R-RNO-77595|Reactome:R-RNO-9770562|Reactome:R-SCE-983168|Reactome:R-SPO-9770562|Reactome:R-SPO-983168|Reactome:R-XTR-77595|Reactome:R-XTR-9770562
Oryco1-2	3463b5b9906eb360c00b6ddd0d5a4536	399	Phobius	SIGNAL_PEPTIDE_H_REGION	Hydrophobic region of a signal peptide.	4	15	-	T	13-08-2026	-	-	-	-
Oryco1-2	3463b5b9906eb360c00b6ddd0d5a4536	399	MobiDBLite	mobidb-lite	consensus disorder prediction	342	353	-	T	13-08-2026	-	-	-	-
Oryco1-2	3463b5b9906eb360c00b6ddd0d5a4536	399	MobiDBLite	mobidb-lite	consensus disorder prediction	326	337	-	T	13-08-2026	-	-	-	-
Oryco1-2	3463b5b9906eb360c00b6ddd0d5a4536	399	MobiDBLite	mobidb-lite	consensus disorder prediction	325	399	-	T	13-08-2026	-	-	-	-
Oryco1-2	3463b5b9906eb360c00b6ddd0d5a4536	399	Gene3D	G3DSA:4.10.60.10	-	330	393	1.1E-6	T	13-08-2026	-	-	-	-
Oryco1-2	3463b5b9906eb360c00b6ddd0d5a4536	399	Pfam	PF00098	Zinc knuckle	366	381	0.074	T	13-08-2026	IPR001878	Zinc finger, CCHC-type	GO:0003676(InterPro)|GO:0008270(InterPro)	Reactome:R-BTA-159231|Reactome:R-BTA-159236|Reactome:R-BTA-72163|Reactome:R-BTA-72165|Reactome:R-BTA-72203|Reactome:R-BTA-73856|Reactome:R-BTA-77595|Reactome:R-BTA-9770562|Reactome:R-CEL-159236|Reactome:R-CEL-72163|Reactome:R-CEL-73856|Reactome:R-DME-159231|Reactome:R-DME-159236|Reactome:R-DME-1834941|Reactome:R-DME-72163|Reactome:R-DME-72165|Reactome:R-DME-72203|Reactome:R-DME-73856|Reactome:R-DME-77595|Reactome:R-DME-8941326|Reactome:R-DME-9770562|Reactome:R-DME-9930044|Reactome:R-DRE-72165|Reactome:R-HSA-1169408|Reactome:R-HSA-159231|Reactome:R-HSA-159236|Reactome:R-HSA-162585|Reactome:R-HSA-162588|Reactome:R-HSA-162592|Reactome:R-HSA-162594|Reactome:R-HSA-164516|Reactome:R-HSA-164525|Reactome:R-HSA-164843|Reactome:R-HSA-168315|Reactome:R-HSA-173107|Reactome:R-HSA-174490|Reactome:R-HSA-174495|Reactome:R-HSA-175474|Reactome:R-HSA-175567|Reactome:R-HSA-177539|Reactome:R-HSA-180689|Reactome:R-HSA-180910|Reactome:R-HSA-429947|Reactome:R-HSA-452723|Reactome:R-HSA-6784531|Reactome:R-HSA-72163|Reactome:R-HSA-72165|Reactome:R-HSA-72187|Reactome:R-HSA-72203|Reactome:R-HSA-73856|Reactome:R-HSA-77595|Reactome:R-HSA-9013422|Reactome:R-HSA-9682706|Reactome:R-HSA-9694686|Reactome:R-HSA-9705671|Reactome:R-HSA-9770562|Reactome:R-HSA-9819196|Reactome:R-HSA-9820865|Reactome:R-HSA-983168|Reactome:R-HSA-9843970|Reactome:R-HSA-9918481|Reactome:R-HSA-9930044|Reactome:R-HSA-9931510|Reactome:R-MMU-159231|Reactome:R-MMU-159236|Reactome:R-MMU-72163|Reactome:R-MMU-72165|Reactome:R-MMU-72187|Reactome:R-MMU-72203|Reactome:R-MMU-73856|Reactome:R-MMU-77595|Reactome:R-MMU-9013422|Reactome:R-MMU-9770562|Reactome:R-MMU-983168|Reactome:R-MMU-9930044|Reactome:R-RNO-159231|Reactome:R-RNO-72165|Reactome:R-RNO-73856|Reactome:R-RNO-77595|Reactome:R-RNO-9770562|Reactome:R-SCE-983168|Reactome:R-SPO-9770562|Reactome:R-SPO-983168|Reactome:R-XTR-77595|Reactome:R-XTR-9770562
Moose	9f23b48a8b3f2720fa6e6a72b29a7199	271	SMART	SM00343	c2hcfinal6	238	254	0.22	T	13-08-2026	IPR001878	Zinc finger, CCHC-type	GO:0003676(InterPro)|GO:0008270(InterPro)	Reactome:R-BTA-159231|Reactome:R-BTA-159236|Reactome:R-BTA-72163|Reactome:R-BTA-72165|Reactome:R-BTA-72203|Reactome:R-BTA-73856|Reactome:R-BTA-77595|Reactome:R-BTA-9770562|Reactome:R-CEL-159236|Reactome:R-CEL-72163|Reactome:R-CEL-73856|Reactome:R-DME-159231|Reactome:R-DME-159236|Reactome:R-DME-1834941|Reactome:R-DME-72163|Reactome:R-DME-72165|Reactome:R-DME-72203|Reactome:R-DME-73856|Reactome:R-DME-77595|Reactome:R-DME-8941326|Reactome:R-DME-9770562|Reactome:R-DME-9930044|Reactome:R-DRE-72165|Reactome:R-HSA-1169408|Reactome:R-HSA-159231|Reactome:R-HSA-159236|Reactome:R-HSA-162585|Reactome:R-HSA-162588|Reactome:R-HSA-162592|Reactome:R-HSA-162594|Reactome:R-HSA-164516|Reactome:R-HSA-164525|Reactome:R-HSA-164843|Reactome:R-HSA-168315|Reactome:R-HSA-173107|Reactome:R-HSA-174490|Reactome:R-HSA-174495|Reactome:R-HSA-175474|Reactome:R-HSA-175567|Reactome:R-HSA-177539|Reactome:R-HSA-180689|Reactome:R-HSA-180910|Reactome:R-HSA-429947|Reactome:R-HSA-452723|Reactome:R-HSA-6784531|Reactome:R-HSA-72163|Reactome:R-HSA-72165|Reactome:R-HSA-72187|Reactome:R-HSA-72203|Reactome:R-HSA-73856|Reactome:R-HSA-77595|Reactome:R-HSA-9013422|Reactome:R-HSA-9682706|Reactome:R-HSA-9694686|Reactome:R-HSA-9705671|Reactome:R-HSA-9770562|Reactome:R-HSA-9819196|Reactome:R-HSA-9820865|Reactome:R-HSA-983168|Reactome:R-HSA-9843970|Reactome:R-HSA-9918481|Reactome:R-HSA-9930044|Reactome:R-HSA-9931510|Reactome:R-MMU-159231|Reactome:R-MMU-159236|Reactome:R-MMU-72163|Reactome:R-MMU-72165|Reactome:R-MMU-72187|Reactome:R-MMU-72203|Reactome:R-MMU-73856|Reactome:R-MMU-77595|Reactome:R-MMU-9013422|Reactome:R-MMU-9770562|Reactome:R-MMU-983168|Reactome:R-MMU-9930044|Reactome:R-RNO-159231|Reactome:R-RNO-72165|Reactome:R-RNO-73856|Reactome:R-RNO-77595|Reactome:R-RNO-9770562|Reactome:R-SCE-983168|Reactome:R-SPO-9770562|Reactome:R-SPO-983168|Reactome:R-XTR-77595|Reactome:R-XTR-9770562
Moose	9f23b48a8b3f2720fa6e6a72b29a7199	271	SMART	SM00343	c2hcfinal6	204	220	0.39	T	13-08-2026	IPR001878	Zinc finger, CCHC-type	GO:0003676(InterPro)|GO:0008270(InterPro)	Reactome:R-BTA-159231|Reactome:R-BTA-159236|Reactome:R-BTA-72163|Reactome:R-BTA-72165|Reactome:R-BTA-72203|Reactome:R-BTA-73856|Reactome:R-BTA-77595|Reactome:R-BTA-9770562|Reactome:R-CEL-159236|Reactome:R-CEL-72163|Reactome:R-CEL-73856|Reactome:R-DME-159231|Reactome:R-DME-159236|Reactome:R-DME-1834941|Reactome:R-DME-72163|Reactome:R-DME-72165|Reactome:R-DME-72203|Reactome:R-DME-73856|Reactome:R-DME-77595|Reactome:R-DME-8941326|Reactome:R-DME-9770562|Reactome:R-DME-9930044|Reactome:R-DRE-72165|Reactome:R-HSA-1169408|Reactome:R-HSA-159231|Reactome:R-HSA-159236|Reactome:R-HSA-162585|Reactome:R-HSA-162588|Reactome:R-HSA-162592|Reactome:R-HSA-162594|Reactome:R-HSA-164516|Reactome:R-HSA-164525|Reactome:R-HSA-164843|Reactome:R-HSA-168315|Reactome:R-HSA-173107|Reactome:R-HSA-174490|Reactome:R-HSA-174495|Reactome:R-HSA-175474|Reactome:R-HSA-175567|Reactome:R-HSA-177539|Reactome:R-HSA-180689|Reactome:R-HSA-180910|Reactome:R-HSA-429947|Reactome:R-HSA-452723|Reactome:R-HSA-6784531|Reactome:R-HSA-72163|Reactome:R-HSA-72165|Reactome:R-HSA-72187|Reactome:R-HSA-72203|Reactome:R-HSA-73856|Reactome:R-HSA-77595|Reactome:R-HSA-9013422|Reactome:R-HSA-9682706|Reactome:R-HSA-9694686|Reactome:R-HSA-9705671|Reactome:R-HSA-9770562|Reactome:R-HSA-9819196|Reactome:R-HSA-9820865|Reactome:R-HSA-983168|Reactome:R-HSA-9843970|Reactome:R-HSA-9918481|Reactome:R-HSA-9930044|Reactome:R-HSA-9931510|Reactome:R-MMU-159231|Reactome:R-MMU-159236|Reactome:R-MMU-72163|Reactome:R-MMU-72165|Reactome:R-MMU-72187|Reactome:R-MMU-72203|Reactome:R-MMU-73856|Reactome:R-MMU-77595|Reactome:R-MMU-9013422|Reactome:R-MMU-9770562|Reactome:R-MMU-983168|Reactome:R-MMU-9930044|Reactome:R-RNO-159231|Reactome:R-RNO-72165|Reactome:R-RNO-73856|Reactome:R-RNO-77595|Reactome:R-RNO-9770562|Reactome:R-SCE-983168|Reactome:R-SPO-9770562|Reactome:R-SPO-983168|Reactome:R-XTR-77595|Reactome:R-XTR-9770562
Moose	9f23b48a8b3f2720fa6e6a72b29a7199	271	Pfam	PF03564	Protein of unknown function (DUF1759)	9	148	1.1E-19	T	13-08-2026	IPR005312	Domain of unknown function DUF1759	-	-
Moose	9f23b48a8b3f2720fa6e6a72b29a7199	271	Gene3D	G3DSA:4.10.60.10	-	179	257	5.3E-7	T	13-08-2026	-	-	-	-
Moose	9f23b48a8b3f2720fa6e6a72b29a7199	271	PANTHER	PTHR47331	PHD-TYPE DOMAIN-CONTAINING PROTEIN	1	270	7.0E-26	T	13-08-2026	-	-	-	-
Pao	e2cd786f91ae364e907a8b22da2aaafb	276	PANTHER	PTHR47331	PHD-TYPE DOMAIN-CONTAINING PROTEIN	6	275	3.3E-24	T	13-08-2026	-	-	-	-
Pao	e2cd786f91ae364e907a8b22da2aaafb	276	Pfam	PF03564	Protein of unknown function (DUF1759)	10	146	1.3E-9	T	13-08-2026	IPR005312	Domain of unknown function DUF1759	-	-
CoDi6.7	5d60e7301093dbe8a2f23a2bb928c527	455	MobiDBLite	mobidb-lite	consensus disorder prediction	406	434	-	T	13-08-2026	-	-	-	-
CoDi6.7	5d60e7301093dbe8a2f23a2bb928c527	455	MobiDBLite	mobidb-lite	consensus disorder prediction	350	360	-	T	13-08-2026	-	-	-	-
CoDi6.7	5d60e7301093dbe8a2f23a2bb928c527	455	MobiDBLite	mobidb-lite	consensus disorder prediction	331	367	-	T	13-08-2026	-	-	-	-
CoDi4.4	7ed35d946d2d7f960a4fbf83aebad13d	461	MobiDBLite	mobidb-lite	consensus disorder prediction	357	461	-	T	13-08-2026	-	-	-	-
CoDi4.4	7ed35d946d2d7f960a4fbf83aebad13d	461	MobiDBLite	mobidb-lite	consensus disorder prediction	390	401	-	T	13-08-2026	-	-	-	-
CoDi4.4	7ed35d946d2d7f960a4fbf83aebad13d	461	MobiDBLite	mobidb-lite	consensus disorder prediction	422	431	-	T	13-08-2026	-	-	-	-
CoDi4.4	7ed35d946d2d7f960a4fbf83aebad13d	461	MobiDBLite	mobidb-lite	consensus disorder prediction	357	370	-	T	13-08-2026	-	-	-	-
Fourf	3ff2a1634a2922358aad2e08f7caf6de	258	Phobius	SIGNAL_PEPTIDE	Signal peptide region	1	16	-	T	13-08-2026	-	-	-	-
Fourf	3ff2a1634a2922358aad2e08f7caf6de	258	MobiDBLite	mobidb-lite	consensus disorder prediction	188	219	-	T	13-08-2026	-	-	-	-
Fourf	3ff2a1634a2922358aad2e08f7caf6de	258	Phobius	SIGNAL_PEPTIDE_C_REGION	C-terminal region of a signal peptide.	12	16	-	T	13-08-2026	-	-	-	-
Fourf	3ff2a1634a2922358aad2e08f7caf6de	258	PANTHER	PTHR47592	PBF68 PROTEIN	23	245	9.0E-20	T	13-08-2026	-	-	-	-
Fourf	3ff2a1634a2922358aad2e08f7caf6de	258	Phobius	SIGNAL_PEPTIDE_N_REGION	N-terminal region of a signal peptide.	1	2	-	T	13-08-2026	-	-	-	-
Fourf	3ff2a1634a2922358aad2e08f7caf6de	258	Phobius	SIGNAL_PEPTIDE_H_REGION	Hydrophobic region of a signal peptide.	3	11	-	T	13-08-2026	-	-	-	-
Fourf	3ff2a1634a2922358aad2e08f7caf6de	258	ProSiteProfiles	PS50158	Zinc finger CCHC-type profile.	221	236	8.960441	T	13-08-2026	IPR001878	Zinc finger, CCHC-type	GO:0003676(InterPro)|GO:0008270(InterPro)	Reactome:R-BTA-159231|Reactome:R-BTA-159236|Reactome:R-BTA-72163|Reactome:R-BTA-72165|Reactome:R-BTA-72203|Reactome:R-BTA-73856|Reactome:R-BTA-77595|Reactome:R-BTA-9770562|Reactome:R-CEL-159236|Reactome:R-CEL-72163|Reactome:R-CEL-73856|Reactome:R-DME-159231|Reactome:R-DME-159236|Reactome:R-DME-1834941|Reactome:R-DME-72163|Reactome:R-DME-72165|Reactome:R-DME-72203|Reactome:R-DME-73856|Reactome:R-DME-77595|Reactome:R-DME-8941326|Reactome:R-DME-9770562|Reactome:R-DME-9930044|Reactome:R-DRE-72165|Reactome:R-HSA-1169408|Reactome:R-HSA-159231|Reactome:R-HSA-159236|Reactome:R-HSA-162585|Reactome:R-HSA-162588|Reactome:R-HSA-162592|Reactome:R-HSA-162594|Reactome:R-HSA-164516|Reactome:R-HSA-164525|Reactome:R-HSA-164843|Reactome:R-HSA-168315|Reactome:R-HSA-173107|Reactome:R-HSA-174490|Reactome:R-HSA-174495|Reactome:R-HSA-175474|Reactome:R-HSA-175567|Reactome:R-HSA-177539|Reactome:R-HSA-180689|Reactome:R-HSA-180910|Reactome:R-HSA-429947|Reactome:R-HSA-452723|Reactome:R-HSA-6784531|Reactome:R-HSA-72163|Reactome:R-HSA-72165|Reactome:R-HSA-72187|Reactome:R-HSA-72203|Reactome:R-HSA-73856|Reactome:R-HSA-77595|Reactome:R-HSA-9013422|Reactome:R-HSA-9682706|Reactome:R-HSA-9694686|Reactome:R-HSA-9705671|Reactome:R-HSA-9770562|Reactome:R-HSA-9819196|Reactome:R-HSA-9820865|Reactome:R-HSA-983168|Reactome:R-HSA-9843970|Reactome:R-HSA-9918481|Reactome:R-HSA-9930044|Reactome:R-HSA-9931510|Reactome:R-MMU-159231|Reactome:R-MMU-159236|Reactome:R-MMU-72163|Reactome:R-MMU-72165|Reactome:R-MMU-72187|Reactome:R-MMU-72203|Reactome:R-MMU-73856|Reactome:R-MMU-77595|Reactome:R-MMU-9013422|Reactome:R-MMU-9770562|Reactome:R-MMU-983168|Reactome:R-MMU-9930044|Reactome:R-RNO-159231|Reactome:R-RNO-72165|Reactome:R-RNO-73856|Reactome:R-RNO-77595|Reactome:R-RNO-9770562|Reactome:R-SCE-983168|Reactome:R-SPO-9770562|Reactome:R-SPO-983168|Reactome:R-XTR-77595|Reactome:R-XTR-9770562
Fourf	3ff2a1634a2922358aad2e08f7caf6de	258	SMART	SM00343	c2hcfinal6	220	236	0.0054	T	13-08-2026	IPR001878	Zinc finger, CCHC-type	GO:0003676(InterPro)|GO:0008270(InterPro)	Reactome:R-BTA-159231|Reactome:R-BTA-159236|Reactome:R-BTA-72163|Reactome:R-BTA-72165|Reactome:R-BTA-72203|Reactome:R-BTA-73856|Reactome:R-BTA-77595|Reactome:R-BTA-9770562|Reactome:R-CEL-159236|Reactome:R-CEL-72163|Reactome:R-CEL-73856|Reactome:R-DME-159231|Reactome:R-DME-159236|Reactome:R-DME-1834941|Reactome:R-DME-72163|Reactome:R-DME-72165|Reactome:R-DME-72203|Reactome:R-DME-73856|Reactome:R-DME-77595|Reactome:R-DME-8941326|Reactome:R-DME-9770562|Reactome:R-DME-9930044|Reactome:R-DRE-72165|Reactome:R-HSA-1169408|Reactome:R-HSA-159231|Reactome:R-HSA-159236|Reactome:R-HSA-162585|Reactome:R-HSA-162588|Reactome:R-HSA-162592|Reactome:R-HSA-162594|Reactome:R-HSA-164516|Reactome:R-HSA-164525|Reactome:R-HSA-164843|Reactome:R-HSA-168315|Reactome:R-HSA-173107|Reactome:R-HSA-174490|Reactome:R-HSA-174495|Reactome:R-HSA-175474|Reactome:R-HSA-175567|Reactome:R-HSA-177539|Reactome:R-HSA-180689|Reactome:R-HSA-180910|Reactome:R-HSA-429947|Reactome:R-HSA-452723|Reactome:R-HSA-6784531|Reactome:R-HSA-72163|Reactome:R-HSA-72165|Reactome:R-HSA-72187|Reactome:R-HSA-72203|Reactome:R-HSA-73856|Reactome:R-HSA-77595|Reactome:R-HSA-9013422|Reactome:R-HSA-9682706|Reactome:R-HSA-9694686|Reactome:R-HSA-9705671|Reactome:R-HSA-9770562|Reactome:R-HSA-9819196|Reactome:R-HSA-9820865|Reactome:R-HSA-983168|Reactome:R-HSA-9843970|Reactome:R-HSA-9918481|Reactome:R-HSA-9930044|Reactome:R-HSA-9931510|Reactome:R-MMU-159231|Reactome:R-MMU-159236|Reactome:R-MMU-72163|Reactome:R-MMU-72165|Reactome:R-MMU-72187|Reactome:R-MMU-72203|Reactome:R-MMU-73856|Reactome:R-MMU-77595|Reactome:R-MMU-9013422|Reactome:R-MMU-9770562|Reactome:R-MMU-983168|Reactome:R-MMU-9930044|Reactome:R-RNO-159231|Reactome:R-RNO-72165|Reactome:R-RNO-73856|Reactome:R-RNO-77595|Reactome:R-RNO-9770562|Reactome:R-SCE-983168|Reactome:R-SPO-9770562|Reactome:R-SPO-983168|Reactome:R-XTR-77595|Reactome:R-XTR-9770562
Fourf	3ff2a1634a2922358aad2e08f7caf6de	258	Pfam	PF14223	gag-polypeptide of LTR copia-type	1	168	7.2E-23	T	13-08-2026	IPR061502	Copia/RE1/RE2-like, N-terminal domain	-	-
Fourf	3ff2a1634a2922358aad2e08f7caf6de	258	Phobius	NON_CYTOPLASMIC_DOMAIN	Region of a membrane-bound protein predicted to be outside the membrane, in the extracellular region.	17	258	-	T	13-08-2026	-	-	-	-
Fourf	3ff2a1634a2922358aad2e08f7caf6de	258	SUPERFAMILY	SSF57756	Retrovirus zinc finger-like domains	207	241	2.54E-7	T	13-08-2026	IPR036875	Zinc finger, CCHC-type superfamily	GO:0003676(InterPro)|GO:0008270(InterPro)	Reactome:R-BTA-159231|Reactome:R-BTA-159236|Reactome:R-BTA-72163|Reactome:R-BTA-72165|Reactome:R-BTA-72203|Reactome:R-BTA-73856|Reactome:R-BTA-77595|Reactome:R-BTA-9770562|Reactome:R-CEL-159236|Reactome:R-CEL-72163|Reactome:R-CEL-73856|Reactome:R-DME-159231|Reactome:R-DME-159236|Reactome:R-DME-1834941|Reactome:R-DME-72163|Reactome:R-DME-72165|Reactome:R-DME-72203|Reactome:R-DME-73856|Reactome:R-DME-77595|Reactome:R-DME-9770562|Reactome:R-DRE-72165|Reactome:R-HSA-1169408|Reactome:R-HSA-159231|Reactome:R-HSA-159236|Reactome:R-HSA-162585|Reactome:R-HSA-162588|Reactome:R-HSA-162592|Reactome:R-HSA-162594|Reactome:R-HSA-164516|Reactome:R-HSA-164525|Reactome:R-HSA-164843|Reactome:R-HSA-168315|Reactome:R-HSA-173107|Reactome:R-HSA-174490|Reactome:R-HSA-174495|Reactome:R-HSA-175474|Reactome:R-HSA-175567|Reactome:R-HSA-177539|Reactome:R-HSA-180689|Reactome:R-HSA-180910|Reactome:R-HSA-429947|Reactome:R-HSA-452723|Reactome:R-HSA-6784531|Reactome:R-HSA-72163|Reactome:R-HSA-72165|Reactome:R-HSA-72187|Reactome:R-HSA-72203|Reactome:R-HSA-73856|Reactome:R-HSA-77595|Reactome:R-HSA-9013422|Reactome:R-HSA-9682706|Reactome:R-HSA-9694686|Reactome:R-HSA-9705671|Reactome:R-HSA-9770562|Reactome:R-HSA-9819196|Reactome:R-HSA-9820865|Reactome:R-HSA-983168|Reactome:R-HSA-9918481|Reactome:R-HSA-9930044|Reactome:R-MMU-159231|Reactome:R-MMU-159236|Reactome:R-MMU-72163|Reactome:R-MMU-72165|Reactome:R-MMU-72187|Reactome:R-MMU-72203|Reactome:R-MMU-73856|Reactome:R-MMU-77595|Reactome:R-MMU-9013422|Reactome:R-MMU-9770562|Reactome:R-MMU-983168|Reactome:R-RNO-159231|Reactome:R-RNO-72165|Reactome:R-RNO-73856|Reactome:R-RNO-77595|Reactome:R-RNO-9770562|Reactome:R-SCE-983168|Reactome:R-SPO-9770562|Reactome:R-SPO-983168|Reactome:R-XTR-77595|Reactome:R-XTR-9770562
CoDi4.1	00271a2c8faeb207f3ffd23bd7a4c0c4	539	MobiDBLite	mobidb-lite	consensus disorder prediction	413	429	-	T	13-08-2026	-	-	-	-
CoDi4.1	00271a2c8faeb207f3ffd23bd7a4c0c4	539	MobiDBLite	mobidb-lite	consensus disorder prediction	449	459	-	T	13-08-2026	-	-	-	-
CoDi4.1	00271a2c8faeb207f3ffd23bd7a4c0c4	539	Coils	Coil	Coil	147	174	-	T	13-08-2026	-	-	-	-
CoDi4.1	00271a2c8faeb207f3ffd23bd7a4c0c4	539	MobiDBLite	mobidb-lite	consensus disorder prediction	397	539	-	T	13-08-2026	-	-	-	-
CoDi4.1	00271a2c8faeb207f3ffd23bd7a4c0c4	539	MobiDBLite	mobidb-lite	consensus disorder prediction	471	501	-	T	13-08-2026	-	-	-	-
CoDi4.1	00271a2c8faeb207f3ffd23bd7a4c0c4	539	MobiDBLite	mobidb-lite	consensus disorder prediction	397	412	-	T	13-08-2026	-	-	-	-
Gabel	4cdfc2e9f5403e598cc06fe379a44f4a	287	PANTHER	PTHR47331	PHD-TYPE DOMAIN-CONTAINING PROTEIN	5	276	3.5E-16	T	13-08-2026	-	-	-	-
Gabel	4cdfc2e9f5403e598cc06fe379a44f4a	287	Pfam	PF03564	Protein of unknown function (DUF1759)	38	150	1.9E-6	T	13-08-2026	IPR005312	Domain of unknown function DUF1759	-	-
Zeco1	7122f0c89fd6cd19ba84dc6338074890	264	MobiDBLite	mobidb-lite	consensus disorder prediction	192	218	-	T	13-08-2026	-	-	-	-
Cer7	ee1d7d6a4fafb518e82ce7f68825edf2	265	Coils	Coil	Coil	67	101	-	T	13-08-2026	-	-	-	-
Cer7	ee1d7d6a4fafb518e82ce7f68825edf2	265	PANTHER	PTHR47331	PHD-TYPE DOMAIN-CONTAINING PROTEIN	1	259	5.4E-15	T	13-08-2026	-	-	-	-
Cer7	ee1d7d6a4fafb518e82ce7f68825edf2	265	Pfam	PF03564	Protein of unknown function (DUF1759)	9	149	1.1E-20	T	13-08-2026	IPR005312	Domain of unknown function DUF1759	-	-
Vitico1-2	773e9d0a183da4a7e988c82e5b867ab0	218	PANTHER	PTHR47481	-	5	199	7.5E-47	T	13-08-2026	-	-	-	-
Vitico1-2	773e9d0a183da4a7e988c82e5b867ab0	218	Pfam	PF14223	gag-polypeptide of LTR copia-type	25	184	2.3E-13	T	13-08-2026	IPR061502	Copia/RE1/RE2-like, N-terminal domain	-	-
V12	6bfeeeac05abe73cf2799a5c1730bac4	272	SUPERFAMILY	SSF57756	Retrovirus zinc finger-like domains	215	252	6.11E-9	T	13-08-2026	IPR036875	Zinc finger, CCHC-type superfamily	GO:0003676(InterPro)|GO:0008270(InterPro)	Reactome:R-BTA-159231|Reactome:R-BTA-159236|Reactome:R-BTA-72163|Reactome:R-BTA-72165|Reactome:R-BTA-72203|Reactome:R-BTA-73856|Reactome:R-BTA-77595|Reactome:R-BTA-9770562|Reactome:R-CEL-159236|Reactome:R-CEL-72163|Reactome:R-CEL-73856|Reactome:R-DME-159231|Reactome:R-DME-159236|Reactome:R-DME-1834941|Reactome:R-DME-72163|Reactome:R-DME-72165|Reactome:R-DME-72203|Reactome:R-DME-73856|Reactome:R-DME-77595|Reactome:R-DME-9770562|Reactome:R-DRE-72165|Reactome:R-HSA-1169408|Reactome:R-HSA-159231|Reactome:R-HSA-159236|Reactome:R-HSA-162585|Reactome:R-HSA-162588|Reactome:R-HSA-162592|Reactome:R-HSA-162594|Reactome:R-HSA-164516|Reactome:R-HSA-164525|Reactome:R-HSA-164843|Reactome:R-HSA-168315|Reactome:R-HSA-173107|Reactome:R-HSA-174490|Reactome:R-HSA-174495|Reactome:R-HSA-175474|Reactome:R-HSA-175567|Reactome:R-HSA-177539|Reactome:R-HSA-180689|Reactome:R-HSA-180910|Reactome:R-HSA-429947|Reactome:R-HSA-452723|Reactome:R-HSA-6784531|Reactome:R-HSA-72163|Reactome:R-HSA-72165|Reactome:R-HSA-72187|Reactome:R-HSA-72203|Reactome:R-HSA-73856|Reactome:R-HSA-77595|Reactome:R-HSA-9013422|Reactome:R-HSA-9682706|Reactome:R-HSA-9694686|Reactome:R-HSA-9705671|Reactome:R-HSA-9770562|Reactome:R-HSA-9819196|Reactome:R-HSA-9820865|Reactome:R-HSA-983168|Reactome:R-HSA-9918481|Reactome:R-HSA-9930044|Reactome:R-MMU-159231|Reactome:R-MMU-159236|Reactome:R-MMU-72163|Reactome:R-MMU-72165|Reactome:R-MMU-72187|Reactome:R-MMU-72203|Reactome:R-MMU-73856|Reactome:R-MMU-77595|Reactome:R-MMU-9013422|Reactome:R-MMU-9770562|Reactome:R-MMU-983168|Reactome:R-RNO-159231|Reactome:R-RNO-72165|Reactome:R-RNO-73856|Reactome:R-RNO-77595|Reactome:R-RNO-9770562|Reactome:R-SCE-983168|Reactome:R-SPO-9770562|Reactome:R-SPO-983168|Reactome:R-XTR-77595|Reactome:R-XTR-9770562
V12	6bfeeeac05abe73cf2799a5c1730bac4	272	SMART	SM00343	c2hcfinal6	232	248	4.3E-5	T	13-08-2026	IPR001878	Zinc finger, CCHC-type	GO:0003676(InterPro)|GO:0008270(InterPro)	Reactome:R-BTA-159231|Reactome:R-BTA-159236|Reactome:R-BTA-72163|Reactome:R-BTA-72165|Reactome:R-BTA-72203|Reactome:R-BTA-73856|Reactome:R-BTA-77595|Reactome:R-BTA-9770562|Reactome:R-CEL-159236|Reactome:R-CEL-72163|Reactome:R-CEL-73856|Reactome:R-DME-159231|Reactome:R-DME-159236|Reactome:R-DME-1834941|Reactome:R-DME-72163|Reactome:R-DME-72165|Reactome:R-DME-72203|Reactome:R-DME-73856|Reactome:R-DME-77595|Reactome:R-DME-8941326|Reactome:R-DME-9770562|Reactome:R-DME-9930044|Reactome:R-DRE-72165|Reactome:R-HSA-1169408|Reactome:R-HSA-159231|Reactome:R-HSA-159236|Reactome:R-HSA-162585|Reactome:R-HSA-162588|Reactome:R-HSA-162592|Reactome:R-HSA-162594|Reactome:R-HSA-164516|Reactome:R-HSA-164525|Reactome:R-HSA-164843|Reactome:R-HSA-168315|Reactome:R-HSA-173107|Reactome:R-HSA-174490|Reactome:R-HSA-174495|Reactome:R-HSA-175474|Reactome:R-HSA-175567|Reactome:R-HSA-177539|Reactome:R-HSA-180689|Reactome:R-HSA-180910|Reactome:R-HSA-429947|Reactome:R-HSA-452723|Reactome:R-HSA-6784531|Reactome:R-HSA-72163|Reactome:R-HSA-72165|Reactome:R-HSA-72187|Reactome:R-HSA-72203|Reactome:R-HSA-73856|Reactome:R-HSA-77595|Reactome:R-HSA-9013422|Reactome:R-HSA-9682706|Reactome:R-HSA-9694686|Reactome:R-HSA-9705671|Reactome:R-HSA-9770562|Reactome:R-HSA-9819196|Reactome:R-HSA-9820865|Reactome:R-HSA-983168|Reactome:R-HSA-9843970|Reactome:R-HSA-9918481|Reactome:R-HSA-9930044|Reactome:R-HSA-9931510|Reactome:R-MMU-159231|Reactome:R-MMU-159236|Reactome:R-MMU-72163|Reactome:R-MMU-72165|Reactome:R-MMU-72187|Reactome:R-MMU-72203|Reactome:R-MMU-73856|Reactome:R-MMU-77595|Reactome:R-MMU-9013422|Reactome:R-MMU-9770562|Reactome:R-MMU-983168|Reactome:R-MMU-9930044|Reactome:R-RNO-159231|Reactome:R-RNO-72165|Reactome:R-RNO-73856|Reactome:R-RNO-77595|Reactome:R-RNO-9770562|Reactome:R-SCE-983168|Reactome:R-SPO-9770562|Reactome:R-SPO-983168|Reactome:R-XTR-77595|Reactome:R-XTR-9770562
V12	6bfeeeac05abe73cf2799a5c1730bac4	272	ProSiteProfiles	PS50158	Zinc finger CCHC-type profile.	232	248	10.625204	T	13-08-2026	IPR001878	Zinc finger, CCHC-type	GO:0003676(InterPro)|GO:0008270(InterPro)	Reactome:R-BTA-159231|Reactome:R-BTA-159236|Reactome:R-BTA-72163|Reactome:R-BTA-72165|Reactome:R-BTA-72203|Reactome:R-BTA-73856|Reactome:R-BTA-77595|Reactome:R-BTA-9770562|Reactome:R-CEL-159236|Reactome:R-CEL-72163|Reactome:R-CEL-73856|Reactome:R-DME-159231|Reactome:R-DME-159236|Reactome:R-DME-1834941|Reactome:R-DME-72163|Reactome:R-DME-72165|Reactome:R-DME-72203|Reactome:R-DME-73856|Reactome:R-DME-77595|Reactome:R-DME-8941326|Reactome:R-DME-9770562|Reactome:R-DME-9930044|Reactome:R-DRE-72165|Reactome:R-HSA-1169408|Reactome:R-HSA-159231|Reactome:R-HSA-159236|Reactome:R-HSA-162585|Reactome:R-HSA-162588|Reactome:R-HSA-162592|Reactome:R-HSA-162594|Reactome:R-HSA-164516|Reactome:R-HSA-164525|Reactome:R-HSA-164843|Reactome:R-HSA-168315|Reactome:R-HSA-173107|Reactome:R-HSA-174490|Reactome:R-HSA-174495|Reactome:R-HSA-175474|Reactome:R-HSA-175567|Reactome:R-HSA-177539|Reactome:R-HSA-180689|Reactome:R-HSA-180910|Reactome:R-HSA-429947|Reactome:R-HSA-452723|Reactome:R-HSA-6784531|Reactome:R-HSA-72163|Reactome:R-HSA-72165|Reactome:R-HSA-72187|Reactome:R-HSA-72203|Reactome:R-HSA-73856|Reactome:R-HSA-77595|Reactome:R-HSA-9013422|Reactome:R-HSA-9682706|Reactome:R-HSA-9694686|Reactome:R-HSA-9705671|Reactome:R-HSA-9770562|Reactome:R-HSA-9819196|Reactome:R-HSA-9820865|Reactome:R-HSA-983168|Reactome:R-HSA-9843970|Reactome:R-HSA-9918481|Reactome:R-HSA-9930044|Reactome:R-HSA-9931510|Reactome:R-MMU-159231|Reactome:R-MMU-159236|Reactome:R-MMU-72163|Reactome:R-MMU-72165|Reactome:R-MMU-72187|Reactome:R-MMU-72203|Reactome:R-MMU-73856|Reactome:R-MMU-77595|Reactome:R-MMU-9013422|Reactome:R-MMU-9770562|Reactome:R-MMU-983168|Reactome:R-MMU-9930044|Reactome:R-RNO-159231|Reactome:R-RNO-72165|Reactome:R-RNO-73856|Reactome:R-RNO-77595|Reactome:R-RNO-9770562|Reactome:R-SCE-983168|Reactome:R-SPO-9770562|Reactome:R-SPO-983168|Reactome:R-XTR-77595|Reactome:R-XTR-9770562
V12	6bfeeeac05abe73cf2799a5c1730bac4	272	PANTHER	PTHR47481	-	8	228	2.0E-12	T	13-08-2026	-	-	-	-
V12	6bfeeeac05abe73cf2799a5c1730bac4	272	MobiDBLite	mobidb-lite	consensus disorder prediction	212	228	-	T	13-08-2026	-	-	-	-
V12	6bfeeeac05abe73cf2799a5c1730bac4	272	MobiDBLite	mobidb-lite	consensus disorder prediction	201	228	-	T	13-08-2026	-	-	-	-
V12	6bfeeeac05abe73cf2799a5c1730bac4	272	Gene3D	G3DSA:4.10.60.10	-	221	257	2.3E-6	T	13-08-2026	-	-	-	-
V12	6bfeeeac05abe73cf2799a5c1730bac4	272	Pfam	PF14223	gag-polypeptide of LTR copia-type	23	189	8.6E-34	T	13-08-2026	IPR061502	Copia/RE1/RE2-like, N-terminal domain	-	-
V12	6bfeeeac05abe73cf2799a5c1730bac4	272	Pfam	PF00098	Zinc knuckle	231	248	0.005	T	13-08-2026	IPR001878	Zinc finger, CCHC-type	GO:0003676(InterPro)|GO:0008270(InterPro)	Reactome:R-BTA-159231|Reactome:R-BTA-159236|Reactome:R-BTA-72163|Reactome:R-BTA-72165|Reactome:R-BTA-72203|Reactome:R-BTA-73856|Reactome:R-BTA-77595|Reactome:R-BTA-9770562|Reactome:R-CEL-159236|Reactome:R-CEL-72163|Reactome:R-CEL-73856|Reactome:R-DME-159231|Reactome:R-DME-159236|Reactome:R-DME-1834941|Reactome:R-DME-72163|Reactome:R-DME-72165|Reactome:R-DME-72203|Reactome:R-DME-73856|Reactome:R-DME-77595|Reactome:R-DME-8941326|Reactome:R-DME-9770562|Reactome:R-DME-9930044|Reactome:R-DRE-72165|Reactome:R-HSA-1169408|Reactome:R-HSA-159231|Reactome:R-HSA-159236|Reactome:R-HSA-162585|Reactome:R-HSA-162588|Reactome:R-HSA-162592|Reactome:R-HSA-162594|Reactome:R-HSA-164516|Reactome:R-HSA-164525|Reactome:R-HSA-164843|Reactome:R-HSA-168315|Reactome:R-HSA-173107|Reactome:R-HSA-174490|Reactome:R-HSA-174495|Reactome:R-HSA-175474|Reactome:R-HSA-175567|Reactome:R-HSA-177539|Reactome:R-HSA-180689|Reactome:R-HSA-180910|Reactome:R-HSA-429947|Reactome:R-HSA-452723|Reactome:R-HSA-6784531|Reactome:R-HSA-72163|Reactome:R-HSA-72165|Reactome:R-HSA-72187|Reactome:R-HSA-72203|Reactome:R-HSA-73856|Reactome:R-HSA-77595|Reactome:R-HSA-9013422|Reactome:R-HSA-9682706|Reactome:R-HSA-9694686|Reactome:R-HSA-9705671|Reactome:R-HSA-9770562|Reactome:R-HSA-9819196|Reactome:R-HSA-9820865|Reactome:R-HSA-983168|Reactome:R-HSA-9843970|Reactome:R-HSA-9918481|Reactome:R-HSA-9930044|Reactome:R-HSA-9931510|Reactome:R-MMU-159231|Reactome:R-MMU-159236|Reactome:R-MMU-72163|Reactome:R-MMU-72165|Reactome:R-MMU-72187|Reactome:R-MMU-72203|Reactome:R-MMU-73856|Reactome:R-MMU-77595|Reactome:R-MMU-9013422|Reactome:R-MMU-9770562|Reactome:R-MMU-983168|Reactome:R-MMU-9930044|Reactome:R-RNO-159231|Reactome:R-RNO-72165|Reactome:R-RNO-73856|Reactome:R-RNO-77595|Reactome:R-RNO-9770562|Reactome:R-SCE-983168|Reactome:R-SPO-9770562|Reactome:R-SPO-983168|Reactome:R-XTR-77595|Reactome:R-XTR-9770562
Ty4	7655c6efcd93b7d23d32197f1bcbe55e	410	Coils	Coil	Coil	76	110	-	T	13-08-2026	-	-	-	-
Ty4	7655c6efcd93b7d23d32197f1bcbe55e	410	Pfam	PF29703	Transposon Ty4 C-terminal domain	249	327	2.0E-48	T	13-08-2026	IPR061997	Transposon Ty4, C-terminal domain	-	-
Ty4	7655c6efcd93b7d23d32197f1bcbe55e	410	MobiDBLite	mobidb-lite	consensus disorder prediction	389	399	-	T	13-08-2026	-	-	-	-
Ty4	7655c6efcd93b7d23d32197f1bcbe55e	410	MobiDBLite	mobidb-lite	consensus disorder prediction	400	410	-	T	13-08-2026	-	-	-	-
Ty4	7655c6efcd93b7d23d32197f1bcbe55e	410	MobiDBLite	mobidb-lite	consensus disorder prediction	374	410	-	T	13-08-2026	-	-	-	-
Ty4	7655c6efcd93b7d23d32197f1bcbe55e	410	Pfam	PF29829	Ty4 retrotransposon middle domain	117	229	1.8E-35	T	13-08-2026	IPR063428	Transposon Ty4, middle domain	-	-
Ty4	7655c6efcd93b7d23d32197f1bcbe55e	410	Pfam	PF29702	Transposon Ty4 N-terminal domain	42	114	4.1E-34	T	13-08-2026	IPR061998	Transposon Ty4, N-terminal domain	-	-
Ty4	7655c6efcd93b7d23d32197f1bcbe55e	410	Coils	Coil	Coil	46	66	-	T	13-08-2026	-	-	-	-
BFV	e4bc5986940a13e2929cc925816c9ae3	544	MobiDBLite	mobidb-lite	consensus disorder prediction	379	393	-	T	13-08-2026	-	-	-	-
BFV	e4bc5986940a13e2929cc925816c9ae3	544	MobiDBLite	mobidb-lite	consensus disorder prediction	373	544	-	T	13-08-2026	-	-	-	-
BFV	e4bc5986940a13e2929cc925816c9ae3	544	MobiDBLite	mobidb-lite	consensus disorder prediction	155	200	-	T	13-08-2026	-	-	-	-
BFV	e4bc5986940a13e2929cc925816c9ae3	544	MobiDBLite	mobidb-lite	consensus disorder prediction	453	484	-	T	13-08-2026	-	-	-	-
BFV	e4bc5986940a13e2929cc925816c9ae3	544	MobiDBLite	mobidb-lite	consensus disorder prediction	158	200	-	T	13-08-2026	-	-	-	-
BFV	e4bc5986940a13e2929cc925816c9ae3	544	MobiDBLite	mobidb-lite	consensus disorder prediction	415	430	-	T	13-08-2026	-	-	-	-
BFV	e4bc5986940a13e2929cc925816c9ae3	544	Pfam	PF20672	Spumavirus Gag polyprotein, conserved central domain	203	372	5.8E-65	T	13-08-2026	-	-	-	-
BFV	e4bc5986940a13e2929cc925816c9ae3	544	Pfam	PF03276	Spumavirus gag protein, N-terminal	21	146	3.6E-23	T	13-08-2026	IPR004957	Gag polyprotein, N-terminal domain	GO:0019028(InterPro)|GO:0019076(InterPro)|GO:0030430(InterPro)|GO:0042025(InterPro)|GO:0044163(InterPro)|GO:0046718(InterPro)|GO:0075521(InterPro)	-
BFV	e4bc5986940a13e2929cc925816c9ae3	544	MobiDBLite	mobidb-lite	consensus disorder prediction	533	544	-	T	13-08-2026	-	-	-	-
BFV	e4bc5986940a13e2929cc925816c9ae3	544	MobiDBLite	mobidb-lite	consensus disorder prediction	500	513	-	T	13-08-2026	-	-	-	-
Sinbad	2bcc0806c1be5a64cb0a18d607b96a6b	285	PANTHER	PTHR47331	PHD-TYPE DOMAIN-CONTAINING PROTEIN	1	284	5.9E-40	T	13-08-2026	-	-	-	-
Sinbad	2bcc0806c1be5a64cb0a18d607b96a6b	285	Pfam	PF03564	Protein of unknown function (DUF1759)	9	149	2.5E-5	T	13-08-2026	IPR005312	Domain of unknown function DUF1759	-	-
Koala	ebed1e23b1a66e16d9cd894e55113802	303	PANTHER	PTHR47481	-	8	271	6.6E-47	T	13-08-2026	-	-	-	-
Koala	ebed1e23b1a66e16d9cd894e55113802	303	MobiDBLite	mobidb-lite	consensus disorder prediction	234	244	-	T	13-08-2026	-	-	-	-
Koala	ebed1e23b1a66e16d9cd894e55113802	303	MobiDBLite	mobidb-lite	consensus disorder prediction	223	275	-	T	13-08-2026	-	-	-	-
Koala	ebed1e23b1a66e16d9cd894e55113802	303	Pfam	PF14223	gag-polypeptide of LTR copia-type	47	212	1.4E-16	T	13-08-2026	IPR061502	Copia/RE1/RE2-like, N-terminal domain	-	-
RTvr2	ed649d14b3032e4dd485a9b4fbf82b13	290	TMHMM	TMhelix	Region of a membrane-bound protein predicted to be embedded in the membrane.	53	75	-	T	13-08-2026	-	-	-	-
RTvr2	ed649d14b3032e4dd485a9b4fbf82b13	290	Pfam	PF14223	gag-polypeptide of LTR copia-type	95	187	1.4E-10	T	13-08-2026	IPR061502	Copia/RE1/RE2-like, N-terminal domain	-	-
RTvr2	ed649d14b3032e4dd485a9b4fbf82b13	290	Phobius	CYTOPLASMIC_DOMAIN	Region of a membrane-bound protein predicted to be outside the membrane, in the cytoplasm.	76	290	-	T	13-08-2026	-	-	-	-
RTvr2	ed649d14b3032e4dd485a9b4fbf82b13	290	MobiDBLite	mobidb-lite	consensus disorder prediction	198	213	-	T	13-08-2026	-	-	-	-
RTvr2	ed649d14b3032e4dd485a9b4fbf82b13	290	MobiDBLite	mobidb-lite	consensus disorder prediction	179	220	-	T	13-08-2026	-	-	-	-
RTvr2	ed649d14b3032e4dd485a9b4fbf82b13	290	Phobius	CYTOPLASMIC_DOMAIN	Region of a membrane-bound protein predicted to be outside the membrane, in the cytoplasm.	1	25	-	T	13-08-2026	-	-	-	-
RTvr2	ed649d14b3032e4dd485a9b4fbf82b13	290	TMHMM	TMhelix	Region of a membrane-bound protein predicted to be embedded in the membrane.	26	43	-	T	13-08-2026	-	-	-	-
RTvr2	ed649d14b3032e4dd485a9b4fbf82b13	290	Phobius	NON_CYTOPLASMIC_DOMAIN	Region of a membrane-bound protein predicted to be outside the membrane, in the extracellular region.	43	53	-	T	13-08-2026	-	-	-	-
RTvr2	ed649d14b3032e4dd485a9b4fbf82b13	290	Phobius	TRANSMEMBRANE	Region of a membrane-bound protein predicted to be embedded in the membrane.	54	75	-	T	13-08-2026	-	-	-	-
RTvr2	ed649d14b3032e4dd485a9b4fbf82b13	290	Phobius	TRANSMEMBRANE	Region of a membrane-bound protein predicted to be embedded in the membrane.	26	42	-	T	13-08-2026	-	-	-	-
FFV	4010f108082d4f20b8a0742ca2195039	514	Coils	Coil	Coil	135	155	-	T	13-08-2026	-	-	-	-
FFV	4010f108082d4f20b8a0742ca2195039	514	MobiDBLite	mobidb-lite	consensus disorder prediction	419	430	-	T	13-08-2026	-	-	-	-
FFV	4010f108082d4f20b8a0742ca2195039	514	Pfam	PF03276	Spumavirus gag protein, N-terminal	9	128	1.4E-23	T	13-08-2026	IPR004957	Gag polyprotein, N-terminal domain	GO:0019028(InterPro)|GO:0019076(InterPro)|GO:0030430(InterPro)|GO:0042025(InterPro)|GO:0044163(InterPro)|GO:0046718(InterPro)|GO:0075521(InterPro)	-
FFV	4010f108082d4f20b8a0742ca2195039	514	MobiDBLite	mobidb-lite	consensus disorder prediction	463	483	-	T	13-08-2026	-	-	-	-
FFV	4010f108082d4f20b8a0742ca2195039	514	MobiDBLite	mobidb-lite	consensus disorder prediction	352	514	-	T	13-08-2026	-	-	-	-
FFV	4010f108082d4f20b8a0742ca2195039	514	MobiDBLite	mobidb-lite	consensus disorder prediction	352	394	-	T	13-08-2026	-	-	-	-
FFV	4010f108082d4f20b8a0742ca2195039	514	Pfam	PF20672	Spumavirus Gag polyprotein, conserved central domain	175	347	7.7E-64	T	13-08-2026	-	-	-	-
Amn-ichi	f1646ca3e7d0d5ecbbcbf7085b0b6b8e	328	Pfam	PF16297	RTL1/3-8/LDOC, capsid-like domain	50	134	3.1E-6	T	13-08-2026	IPR032549	RTL1/3-8/LDOC, capsid-like domain	-	-
Amn-ichi	f1646ca3e7d0d5ecbbcbf7085b0b6b8e	328	Coils	Coil	Coil	23	43	-	T	13-08-2026	-	-	-	-
Amn-ichi	f1646ca3e7d0d5ecbbcbf7085b0b6b8e	328	MobiDBLite	mobidb-lite	consensus disorder prediction	219	254	-	T	13-08-2026	-	-	-	-
Amn-ichi	f1646ca3e7d0d5ecbbcbf7085b0b6b8e	328	MobiDBLite	mobidb-lite	consensus disorder prediction	298	328	-	T	13-08-2026	-	-	-	-
Amn-ichi	f1646ca3e7d0d5ecbbcbf7085b0b6b8e	328	MobiDBLite	mobidb-lite	consensus disorder prediction	303	316	-	T	13-08-2026	-	-	-	-
Amn-ichi	f1646ca3e7d0d5ecbbcbf7085b0b6b8e	328	Pfam	PF30901	PEG10/RTL1, C-terminal capsid-like domain	137	208	2.3E-19	T	13-08-2026	IPR063300	PEG10/RTL1, C-terminal capsid-like domain	-	-
Amn-ichi	f1646ca3e7d0d5ecbbcbf7085b0b6b8e	328	PANTHER	PTHR15503	LDOC1 RELATED	23	298	2.2E-48	T	13-08-2026	IPR032567	RTL1-related	-	-
Max	477fb75726c250bd27367f476adce58d	270	PANTHER	PTHR47331	PHD-TYPE DOMAIN-CONTAINING PROTEIN	3	270	5.9E-34	T	13-08-2026	-	-	-	-
Max	477fb75726c250bd27367f476adce58d	270	Pfam	PF03564	Protein of unknown function (DUF1759)	9	153	9.3E-24	T	13-08-2026	IPR005312	Domain of unknown function DUF1759	-	-
Max	477fb75726c250bd27367f476adce58d	270	Gene3D	G3DSA:4.10.60.10	-	189	255	2.0E-6	T	13-08-2026	-	-	-	-
Max	477fb75726c250bd27367f476adce58d	270	SMART	SM00343	c2hcfinal6	203	219	7.8	T	13-08-2026	IPR001878	Zinc finger, CCHC-type	GO:0003676(InterPro)|GO:0008270(InterPro)	Reactome:R-BTA-159231|Reactome:R-BTA-159236|Reactome:R-BTA-72163|Reactome:R-BTA-72165|Reactome:R-BTA-72203|Reactome:R-BTA-73856|Reactome:R-BTA-77595|Reactome:R-BTA-9770562|Reactome:R-CEL-159236|Reactome:R-CEL-72163|Reactome:R-CEL-73856|Reactome:R-DME-159231|Reactome:R-DME-159236|Reactome:R-DME-1834941|Reactome:R-DME-72163|Reactome:R-DME-72165|Reactome:R-DME-72203|Reactome:R-DME-73856|Reactome:R-DME-77595|Reactome:R-DME-8941326|Reactome:R-DME-9770562|Reactome:R-DME-9930044|Reactome:R-DRE-72165|Reactome:R-HSA-1169408|Reactome:R-HSA-159231|Reactome:R-HSA-159236|Reactome:R-HSA-162585|Reactome:R-HSA-162588|Reactome:R-HSA-162592|Reactome:R-HSA-162594|Reactome:R-HSA-164516|Reactome:R-HSA-164525|Reactome:R-HSA-164843|Reactome:R-HSA-168315|Reactome:R-HSA-173107|Reactome:R-HSA-174490|Reactome:R-HSA-174495|Reactome:R-HSA-175474|Reactome:R-HSA-175567|Reactome:R-HSA-177539|Reactome:R-HSA-180689|Reactome:R-HSA-180910|Reactome:R-HSA-429947|Reactome:R-HSA-452723|Reactome:R-HSA-6784531|Reactome:R-HSA-72163|Reactome:R-HSA-72165|Reactome:R-HSA-72187|Reactome:R-HSA-72203|Reactome:R-HSA-73856|Reactome:R-HSA-77595|Reactome:R-HSA-9013422|Reactome:R-HSA-9682706|Reactome:R-HSA-9694686|Reactome:R-HSA-9705671|Reactome:R-HSA-9770562|Reactome:R-HSA-9819196|Reactome:R-HSA-9820865|Reactome:R-HSA-983168|Reactome:R-HSA-9843970|Reactome:R-HSA-9918481|Reactome:R-HSA-9930044|Reactome:R-HSA-9931510|Reactome:R-MMU-159231|Reactome:R-MMU-159236|Reactome:R-MMU-72163|Reactome:R-MMU-72165|Reactome:R-MMU-72187|Reactome:R-MMU-72203|Reactome:R-MMU-73856|Reactome:R-MMU-77595|Reactome:R-MMU-9013422|Reactome:R-MMU-9770562|Reactome:R-MMU-983168|Reactome:R-MMU-9930044|Reactome:R-RNO-159231|Reactome:R-RNO-72165|Reactome:R-RNO-73856|Reactome:R-RNO-77595|Reactome:R-RNO-9770562|Reactome:R-SCE-983168|Reactome:R-SPO-9770562|Reactome:R-SPO-983168|Reactome:R-XTR-77595|Reactome:R-XTR-9770562
Max	477fb75726c250bd27367f476adce58d	270	SMART	SM00343	c2hcfinal6	237	253	0.04	T	13-08-2026	IPR001878	Zinc finger, CCHC-type	GO:0003676(InterPro)|GO:0008270(InterPro)	Reactome:R-BTA-159231|Reactome:R-BTA-159236|Reactome:R-BTA-72163|Reactome:R-BTA-72165|Reactome:R-BTA-72203|Reactome:R-BTA-73856|Reactome:R-BTA-77595|Reactome:R-BTA-9770562|Reactome:R-CEL-159236|Reactome:R-CEL-72163|Reactome:R-CEL-73856|Reactome:R-DME-159231|Reactome:R-DME-159236|Reactome:R-DME-1834941|Reactome:R-DME-72163|Reactome:R-DME-72165|Reactome:R-DME-72203|Reactome:R-DME-73856|Reactome:R-DME-77595|Reactome:R-DME-8941326|Reactome:R-DME-9770562|Reactome:R-DME-9930044|Reactome:R-DRE-72165|Reactome:R-HSA-1169408|Reactome:R-HSA-159231|Reactome:R-HSA-159236|Reactome:R-HSA-162585|Reactome:R-HSA-162588|Reactome:R-HSA-162592|Reactome:R-HSA-162594|Reactome:R-HSA-164516|Reactome:R-HSA-164525|Reactome:R-HSA-164843|Reactome:R-HSA-168315|Reactome:R-HSA-173107|Reactome:R-HSA-174490|Reactome:R-HSA-174495|Reactome:R-HSA-175474|Reactome:R-HSA-175567|Reactome:R-HSA-177539|Reactome:R-HSA-180689|Reactome:R-HSA-180910|Reactome:R-HSA-429947|Reactome:R-HSA-452723|Reactome:R-HSA-6784531|Reactome:R-HSA-72163|Reactome:R-HSA-72165|Reactome:R-HSA-72187|Reactome:R-HSA-72203|Reactome:R-HSA-73856|Reactome:R-HSA-77595|Reactome:R-HSA-9013422|Reactome:R-HSA-9682706|Reactome:R-HSA-9694686|Reactome:R-HSA-9705671|Reactome:R-HSA-9770562|Reactome:R-HSA-9819196|Reactome:R-HSA-9820865|Reactome:R-HSA-983168|Reactome:R-HSA-9843970|Reactome:R-HSA-9918481|Reactome:R-HSA-9930044|Reactome:R-HSA-9931510|Reactome:R-MMU-159231|Reactome:R-MMU-159236|Reactome:R-MMU-72163|Reactome:R-MMU-72165|Reactome:R-MMU-72187|Reactome:R-MMU-72203|Reactome:R-MMU-73856|Reactome:R-MMU-77595|Reactome:R-MMU-9013422|Reactome:R-MMU-9770562|Reactome:R-MMU-983168|Reactome:R-MMU-9930044|Reactome:R-RNO-159231|Reactome:R-RNO-72165|Reactome:R-RNO-73856|Reactome:R-RNO-77595|Reactome:R-RNO-9770562|Reactome:R-SCE-983168|Reactome:R-SPO-9770562|Reactome:R-SPO-983168|Reactome:R-XTR-77595|Reactome:R-XTR-9770562
Zeco2	a1017256c96d731eb4a7059fa4a0ca8c	237	MobiDBLite	mobidb-lite	consensus disorder prediction	190	199	-	T	13-08-2026	-	-	-	-
Zeco2	a1017256c96d731eb4a7059fa4a0ca8c	237	MobiDBLite	mobidb-lite	consensus disorder prediction	190	217	-	T	13-08-2026	-	-	-	-
CoDi7.1	246405a096a4f14c87ad4f9b8ba65e24	484	Phobius	SIGNAL_PEPTIDE	Signal peptide region	1	24	-	T	13-08-2026	-	-	-	-
CoDi7.1	246405a096a4f14c87ad4f9b8ba65e24	484	Phobius	SIGNAL_PEPTIDE_C_REGION	C-terminal region of a signal peptide.	20	24	-	T	13-08-2026	-	-	-	-
CoDi7.1	246405a096a4f14c87ad4f9b8ba65e24	484	Phobius	SIGNAL_PEPTIDE_N_REGION	N-terminal region of a signal peptide.	1	11	-	T	13-08-2026	-	-	-	-
CoDi7.1	246405a096a4f14c87ad4f9b8ba65e24	484	Phobius	SIGNAL_PEPTIDE_H_REGION	Hydrophobic region of a signal peptide.	12	19	-	T	13-08-2026	-	-	-	-
CoDi7.1	246405a096a4f14c87ad4f9b8ba65e24	484	MobiDBLite	mobidb-lite	consensus disorder prediction	412	421	-	T	13-08-2026	-	-	-	-
CoDi7.1	246405a096a4f14c87ad4f9b8ba65e24	484	MobiDBLite	mobidb-lite	consensus disorder prediction	432	442	-	T	13-08-2026	-	-	-	-
CoDi7.1	246405a096a4f14c87ad4f9b8ba65e24	484	MobiDBLite	mobidb-lite	consensus disorder prediction	311	336	-	T	13-08-2026	-	-	-	-
CoDi7.1	246405a096a4f14c87ad4f9b8ba65e24	484	MobiDBLite	mobidb-lite	consensus disorder prediction	375	399	-	T	13-08-2026	-	-	-	-
CoDi7.1	246405a096a4f14c87ad4f9b8ba65e24	484	MobiDBLite	mobidb-lite	consensus disorder prediction	318	336	-	T	13-08-2026	-	-	-	-
CoDi7.1	246405a096a4f14c87ad4f9b8ba65e24	484	MobiDBLite	mobidb-lite	consensus disorder prediction	452	470	-	T	13-08-2026	-	-	-	-
CoDi7.1	246405a096a4f14c87ad4f9b8ba65e24	484	MobiDBLite	mobidb-lite	consensus disorder prediction	375	484	-	T	13-08-2026	-	-	-	-
CoDi7.1	246405a096a4f14c87ad4f9b8ba65e24	484	Phobius	NON_CYTOPLASMIC_DOMAIN	Region of a membrane-bound protein predicted to be outside the membrane, in the extracellular region.	25	484	-	T	13-08-2026	-	-	-	-
CoDi5.1	f540f2ee6ae3750e30ae8209c8f3b88a	352	MobiDBLite	mobidb-lite	consensus disorder prediction	311	352	-	T	13-08-2026	-	-	-	-
CoDi5.1	f540f2ee6ae3750e30ae8209c8f3b88a	352	MobiDBLite	mobidb-lite	consensus disorder prediction	333	344	-	T	13-08-2026	-	-	-	-
XEN1	7136c28a0e1c5c6e58d0e0c0c1d9b1ba	385	Gene3D	G3DSA:4.10.60.10	-	303	340	3.3E-5	T	13-08-2026	-	-	-	-
XEN1	7136c28a0e1c5c6e58d0e0c0c1d9b1ba	385	ProSiteProfiles	PS50158	Zinc finger CCHC-type profile.	323	337	8.77913	T	13-08-2026	IPR001878	Zinc finger, CCHC-type	GO:0003676(InterPro)|GO:0008270(InterPro)	Reactome:R-BTA-159231|Reactome:R-BTA-159236|Reactome:R-BTA-72163|Reactome:R-BTA-72165|Reactome:R-BTA-72203|Reactome:R-BTA-73856|Reactome:R-BTA-77595|Reactome:R-BTA-9770562|Reactome:R-CEL-159236|Reactome:R-CEL-72163|Reactome:R-CEL-73856|Reactome:R-DME-159231|Reactome:R-DME-159236|Reactome:R-DME-1834941|Reactome:R-DME-72163|Reactome:R-DME-72165|Reactome:R-DME-72203|Reactome:R-DME-73856|Reactome:R-DME-77595|Reactome:R-DME-8941326|Reactome:R-DME-9770562|Reactome:R-DME-9930044|Reactome:R-DRE-72165|Reactome:R-HSA-1169408|Reactome:R-HSA-159231|Reactome:R-HSA-159236|Reactome:R-HSA-162585|Reactome:R-HSA-162588|Reactome:R-HSA-162592|Reactome:R-HSA-162594|Reactome:R-HSA-164516|Reactome:R-HSA-164525|Reactome:R-HSA-164843|Reactome:R-HSA-168315|Reactome:R-HSA-173107|Reactome:R-HSA-174490|Reactome:R-HSA-174495|Reactome:R-HSA-175474|Reactome:R-HSA-175567|Reactome:R-HSA-177539|Reactome:R-HSA-180689|Reactome:R-HSA-180910|Reactome:R-HSA-429947|Reactome:R-HSA-452723|Reactome:R-HSA-6784531|Reactome:R-HSA-72163|Reactome:R-HSA-72165|Reactome:R-HSA-72187|Reactome:R-HSA-72203|Reactome:R-HSA-73856|Reactome:R-HSA-77595|Reactome:R-HSA-9013422|Reactome:R-HSA-9682706|Reactome:R-HSA-9694686|Reactome:R-HSA-9705671|Reactome:R-HSA-9770562|Reactome:R-HSA-9819196|Reactome:R-HSA-9820865|Reactome:R-HSA-983168|Reactome:R-HSA-9843970|Reactome:R-HSA-9918481|Reactome:R-HSA-9930044|Reactome:R-HSA-9931510|Reactome:R-MMU-159231|Reactome:R-MMU-159236|Reactome:R-MMU-72163|Reactome:R-MMU-72165|Reactome:R-MMU-72187|Reactome:R-MMU-72203|Reactome:R-MMU-73856|Reactome:R-MMU-77595|Reactome:R-MMU-9013422|Reactome:R-MMU-9770562|Reactome:R-MMU-983168|Reactome:R-MMU-9930044|Reactome:R-RNO-159231|Reactome:R-RNO-72165|Reactome:R-RNO-73856|Reactome:R-RNO-77595|Reactome:R-RNO-9770562|Reactome:R-SCE-983168|Reactome:R-SPO-9770562|Reactome:R-SPO-983168|Reactome:R-XTR-77595|Reactome:R-XTR-9770562
XEN1	7136c28a0e1c5c6e58d0e0c0c1d9b1ba	385	ProSiteProfiles	PS50158	Zinc finger CCHC-type profile.	342	357	9.965892	T	13-08-2026	IPR001878	Zinc finger, CCHC-type	GO:0003676(InterPro)|GO:0008270(InterPro)	Reactome:R-BTA-159231|Reactome:R-BTA-159236|Reactome:R-BTA-72163|Reactome:R-BTA-72165|Reactome:R-BTA-72203|Reactome:R-BTA-73856|Reactome:R-BTA-77595|Reactome:R-BTA-9770562|Reactome:R-CEL-159236|Reactome:R-CEL-72163|Reactome:R-CEL-73856|Reactome:R-DME-159231|Reactome:R-DME-159236|Reactome:R-DME-1834941|Reactome:R-DME-72163|Reactome:R-DME-72165|Reactome:R-DME-72203|Reactome:R-DME-73856|Reactome:R-DME-77595|Reactome:R-DME-8941326|Reactome:R-DME-9770562|Reactome:R-DME-9930044|Reactome:R-DRE-72165|Reactome:R-HSA-1169408|Reactome:R-HSA-159231|Reactome:R-HSA-159236|Reactome:R-HSA-162585|Reactome:R-HSA-162588|Reactome:R-HSA-162592|Reactome:R-HSA-162594|Reactome:R-HSA-164516|Reactome:R-HSA-164525|Reactome:R-HSA-164843|Reactome:R-HSA-168315|Reactome:R-HSA-173107|Reactome:R-HSA-174490|Reactome:R-HSA-174495|Reactome:R-HSA-175474|Reactome:R-HSA-175567|Reactome:R-HSA-177539|Reactome:R-HSA-180689|Reactome:R-HSA-180910|Reactome:R-HSA-429947|Reactome:R-HSA-452723|Reactome:R-HSA-6784531|Reactome:R-HSA-72163|Reactome:R-HSA-72165|Reactome:R-HSA-72187|Reactome:R-HSA-72203|Reactome:R-HSA-73856|Reactome:R-HSA-77595|Reactome:R-HSA-9013422|Reactome:R-HSA-9682706|Reactome:R-HSA-9694686|Reactome:R-HSA-9705671|Reactome:R-HSA-9770562|Reactome:R-HSA-9819196|Reactome:R-HSA-9820865|Reactome:R-HSA-983168|Reactome:R-HSA-9843970|Reactome:R-HSA-9918481|Reactome:R-HSA-9930044|Reactome:R-HSA-9931510|Reactome:R-MMU-159231|Reactome:R-MMU-159236|Reactome:R-MMU-72163|Reactome:R-MMU-72165|Reactome:R-MMU-72187|Reactome:R-MMU-72203|Reactome:R-MMU-73856|Reactome:R-MMU-77595|Reactome:R-MMU-9013422|Reactome:R-MMU-9770562|Reactome:R-MMU-983168|Reactome:R-MMU-9930044|Reactome:R-RNO-159231|Reactome:R-RNO-72165|Reactome:R-RNO-73856|Reactome:R-RNO-77595|Reactome:R-RNO-9770562|Reactome:R-SCE-983168|Reactome:R-SPO-9770562|Reactome:R-SPO-983168|Reactome:R-XTR-77595|Reactome:R-XTR-9770562
XEN1	7136c28a0e1c5c6e58d0e0c0c1d9b1ba	385	SMART	SM00343	c2hcfinal6	342	358	0.0031	T	13-08-2026	IPR001878	Zinc finger, CCHC-type	GO:0003676(InterPro)|GO:0008270(InterPro)	Reactome:R-BTA-159231|Reactome:R-BTA-159236|Reactome:R-BTA-72163|Reactome:R-BTA-72165|Reactome:R-BTA-72203|Reactome:R-BTA-73856|Reactome:R-BTA-77595|Reactome:R-BTA-9770562|Reactome:R-CEL-159236|Reactome:R-CEL-72163|Reactome:R-CEL-73856|Reactome:R-DME-159231|Reactome:R-DME-159236|Reactome:R-DME-1834941|Reactome:R-DME-72163|Reactome:R-DME-72165|Reactome:R-DME-72203|Reactome:R-DME-73856|Reactome:R-DME-77595|Reactome:R-DME-8941326|Reactome:R-DME-9770562|Reactome:R-DME-9930044|Reactome:R-DRE-72165|Reactome:R-HSA-1169408|Reactome:R-HSA-159231|Reactome:R-HSA-159236|Reactome:R-HSA-162585|Reactome:R-HSA-162588|Reactome:R-HSA-162592|Reactome:R-HSA-162594|Reactome:R-HSA-164516|Reactome:R-HSA-164525|Reactome:R-HSA-164843|Reactome:R-HSA-168315|Reactome:R-HSA-173107|Reactome:R-HSA-174490|Reactome:R-HSA-174495|Reactome:R-HSA-175474|Reactome:R-HSA-175567|Reactome:R-HSA-177539|Reactome:R-HSA-180689|Reactome:R-HSA-180910|Reactome:R-HSA-429947|Reactome:R-HSA-452723|Reactome:R-HSA-6784531|Reactome:R-HSA-72163|Reactome:R-HSA-72165|Reactome:R-HSA-72187|Reactome:R-HSA-72203|Reactome:R-HSA-73856|Reactome:R-HSA-77595|Reactome:R-HSA-9013422|Reactome:R-HSA-9682706|Reactome:R-HSA-9694686|Reactome:R-HSA-9705671|Reactome:R-HSA-9770562|Reactome:R-HSA-9819196|Reactome:R-HSA-9820865|Reactome:R-HSA-983168|Reactome:R-HSA-9843970|Reactome:R-HSA-9918481|Reactome:R-HSA-9930044|Reactome:R-HSA-9931510|Reactome:R-MMU-159231|Reactome:R-MMU-159236|Reactome:R-MMU-72163|Reactome:R-MMU-72165|Reactome:R-MMU-72187|Reactome:R-MMU-72203|Reactome:R-MMU-73856|Reactome:R-MMU-77595|Reactome:R-MMU-9013422|Reactome:R-MMU-9770562|Reactome:R-MMU-983168|Reactome:R-MMU-9930044|Reactome:R-RNO-159231|Reactome:R-RNO-72165|Reactome:R-RNO-73856|Reactome:R-RNO-77595|Reactome:R-RNO-9770562|Reactome:R-SCE-983168|Reactome:R-SPO-9770562|Reactome:R-SPO-983168|Reactome:R-XTR-77595|Reactome:R-XTR-9770562
XEN1	7136c28a0e1c5c6e58d0e0c0c1d9b1ba	385	SMART	SM00343	c2hcfinal6	322	338	0.0072	T	13-08-2026	IPR001878	Zinc finger, CCHC-type	GO:0003676(InterPro)|GO:0008270(InterPro)	Reactome:R-BTA-159231|Reactome:R-BTA-159236|Reactome:R-BTA-72163|Reactome:R-BTA-72165|Reactome:R-BTA-72203|Reactome:R-BTA-73856|Reactome:R-BTA-77595|Reactome:R-BTA-9770562|Reactome:R-CEL-159236|Reactome:R-CEL-72163|Reactome:R-CEL-73856|Reactome:R-DME-159231|Reactome:R-DME-159236|Reactome:R-DME-1834941|Reactome:R-DME-72163|Reactome:R-DME-72165|Reactome:R-DME-72203|Reactome:R-DME-73856|Reactome:R-DME-77595|Reactome:R-DME-8941326|Reactome:R-DME-9770562|Reactome:R-DME-9930044|Reactome:R-DRE-72165|Reactome:R-HSA-1169408|Reactome:R-HSA-159231|Reactome:R-HSA-159236|Reactome:R-HSA-162585|Reactome:R-HSA-162588|Reactome:R-HSA-162592|Reactome:R-HSA-162594|Reactome:R-HSA-164516|Reactome:R-HSA-164525|Reactome:R-HSA-164843|Reactome:R-HSA-168315|Reactome:R-HSA-173107|Reactome:R-HSA-174490|Reactome:R-HSA-174495|Reactome:R-HSA-175474|Reactome:R-HSA-175567|Reactome:R-HSA-177539|Reactome:R-HSA-180689|Reactome:R-HSA-180910|Reactome:R-HSA-429947|Reactome:R-HSA-452723|Reactome:R-HSA-6784531|Reactome:R-HSA-72163|Reactome:R-HSA-72165|Reactome:R-HSA-72187|Reactome:R-HSA-72203|Reactome:R-HSA-73856|Reactome:R-HSA-77595|Reactome:R-HSA-9013422|Reactome:R-HSA-9682706|Reactome:R-HSA-9694686|Reactome:R-HSA-9705671|Reactome:R-HSA-9770562|Reactome:R-HSA-9819196|Reactome:R-HSA-9820865|Reactome:R-HSA-983168|Reactome:R-HSA-9843970|Reactome:R-HSA-9918481|Reactome:R-HSA-9930044|Reactome:R-HSA-9931510|Reactome:R-MMU-159231|Reactome:R-MMU-159236|Reactome:R-MMU-72163|Reactome:R-MMU-72165|Reactome:R-MMU-72187|Reactome:R-MMU-72203|Reactome:R-MMU-73856|Reactome:R-MMU-77595|Reactome:R-MMU-9013422|Reactome:R-MMU-9770562|Reactome:R-MMU-983168|Reactome:R-MMU-9930044|Reactome:R-RNO-159231|Reactome:R-RNO-72165|Reactome:R-RNO-73856|Reactome:R-RNO-77595|Reactome:R-RNO-9770562|Reactome:R-SCE-983168|Reactome:R-SPO-9770562|Reactome:R-SPO-983168|Reactome:R-XTR-77595|Reactome:R-XTR-9770562
XEN1	7136c28a0e1c5c6e58d0e0c0c1d9b1ba	385	MobiDBLite	mobidb-lite	consensus disorder prediction	1	49	-	T	13-08-2026	-	-	-	-
XEN1	7136c28a0e1c5c6e58d0e0c0c1d9b1ba	385	MobiDBLite	mobidb-lite	consensus disorder prediction	351	385	-	T	13-08-2026	-	-	-	-
XEN1	7136c28a0e1c5c6e58d0e0c0c1d9b1ba	385	MobiDBLite	mobidb-lite	consensus disorder prediction	372	385	-	T	13-08-2026	-	-	-	-
XEN1	7136c28a0e1c5c6e58d0e0c0c1d9b1ba	385	Pfam	PF00098	Zinc knuckle	341	357	0.04	T	13-08-2026	IPR001878	Zinc finger, CCHC-type	GO:0003676(InterPro)|GO:0008270(InterPro)	Reactome:R-BTA-159231|Reactome:R-BTA-159236|Reactome:R-BTA-72163|Reactome:R-BTA-72165|Reactome:R-BTA-72203|Reactome:R-BTA-73856|Reactome:R-BTA-77595|Reactome:R-BTA-9770562|Reactome:R-CEL-159236|Reactome:R-CEL-72163|Reactome:R-CEL-73856|Reactome:R-DME-159231|Reactome:R-DME-159236|Reactome:R-DME-1834941|Reactome:R-DME-72163|Reactome:R-DME-72165|Reactome:R-DME-72203|Reactome:R-DME-73856|Reactome:R-DME-77595|Reactome:R-DME-8941326|Reactome:R-DME-9770562|Reactome:R-DME-9930044|Reactome:R-DRE-72165|Reactome:R-HSA-1169408|Reactome:R-HSA-159231|Reactome:R-HSA-159236|Reactome:R-HSA-162585|Reactome:R-HSA-162588|Reactome:R-HSA-162592|Reactome:R-HSA-162594|Reactome:R-HSA-164516|Reactome:R-HSA-164525|Reactome:R-HSA-164843|Reactome:R-HSA-168315|Reactome:R-HSA-173107|Reactome:R-HSA-174490|Reactome:R-HSA-174495|Reactome:R-HSA-175474|Reactome:R-HSA-175567|Reactome:R-HSA-177539|Reactome:R-HSA-180689|Reactome:R-HSA-180910|Reactome:R-HSA-429947|Reactome:R-HSA-452723|Reactome:R-HSA-6784531|Reactome:R-HSA-72163|Reactome:R-HSA-72165|Reactome:R-HSA-72187|Reactome:R-HSA-72203|Reactome:R-HSA-73856|Reactome:R-HSA-77595|Reactome:R-HSA-9013422|Reactome:R-HSA-9682706|Reactome:R-HSA-9694686|Reactome:R-HSA-9705671|Reactome:R-HSA-9770562|Reactome:R-HSA-9819196|Reactome:R-HSA-9820865|Reactome:R-HSA-983168|Reactome:R-HSA-9843970|Reactome:R-HSA-9918481|Reactome:R-HSA-9930044|Reactome:R-HSA-9931510|Reactome:R-MMU-159231|Reactome:R-MMU-159236|Reactome:R-MMU-72163|Reactome:R-MMU-72165|Reactome:R-MMU-72187|Reactome:R-MMU-72203|Reactome:R-MMU-73856|Reactome:R-MMU-77595|Reactome:R-MMU-9013422|Reactome:R-MMU-9770562|Reactome:R-MMU-983168|Reactome:R-MMU-9930044|Reactome:R-RNO-159231|Reactome:R-RNO-72165|Reactome:R-RNO-73856|Reactome:R-RNO-77595|Reactome:R-RNO-9770562|Reactome:R-SCE-983168|Reactome:R-SPO-9770562|Reactome:R-SPO-983168|Reactome:R-XTR-77595|Reactome:R-XTR-9770562
XEN1	7136c28a0e1c5c6e58d0e0c0c1d9b1ba	385	Pfam	PF00098	Zinc knuckle	322	337	1.4	T	13-08-2026	IPR001878	Zinc finger, CCHC-type	GO:0003676(InterPro)|GO:0008270(InterPro)	Reactome:R-BTA-159231|Reactome:R-BTA-159236|Reactome:R-BTA-72163|Reactome:R-BTA-72165|Reactome:R-BTA-72203|Reactome:R-BTA-73856|Reactome:R-BTA-77595|Reactome:R-BTA-9770562|Reactome:R-CEL-159236|Reactome:R-CEL-72163|Reactome:R-CEL-73856|Reactome:R-DME-159231|Reactome:R-DME-159236|Reactome:R-DME-1834941|Reactome:R-DME-72163|Reactome:R-DME-72165|Reactome:R-DME-72203|Reactome:R-DME-73856|Reactome:R-DME-77595|Reactome:R-DME-8941326|Reactome:R-DME-9770562|Reactome:R-DME-9930044|Reactome:R-DRE-72165|Reactome:R-HSA-1169408|Reactome:R-HSA-159231|Reactome:R-HSA-159236|Reactome:R-HSA-162585|Reactome:R-HSA-162588|Reactome:R-HSA-162592|Reactome:R-HSA-162594|Reactome:R-HSA-164516|Reactome:R-HSA-164525|Reactome:R-HSA-164843|Reactome:R-HSA-168315|Reactome:R-HSA-173107|Reactome:R-HSA-174490|Reactome:R-HSA-174495|Reactome:R-HSA-175474|Reactome:R-HSA-175567|Reactome:R-HSA-177539|Reactome:R-HSA-180689|Reactome:R-HSA-180910|Reactome:R-HSA-429947|Reactome:R-HSA-452723|Reactome:R-HSA-6784531|Reactome:R-HSA-72163|Reactome:R-HSA-72165|Reactome:R-HSA-72187|Reactome:R-HSA-72203|Reactome:R-HSA-73856|Reactome:R-HSA-77595|Reactome:R-HSA-9013422|Reactome:R-HSA-9682706|Reactome:R-HSA-9694686|Reactome:R-HSA-9705671|Reactome:R-HSA-9770562|Reactome:R-HSA-9819196|Reactome:R-HSA-9820865|Reactome:R-HSA-983168|Reactome:R-HSA-9843970|Reactome:R-HSA-9918481|Reactome:R-HSA-9930044|Reactome:R-HSA-9931510|Reactome:R-MMU-159231|Reactome:R-MMU-159236|Reactome:R-MMU-72163|Reactome:R-MMU-72165|Reactome:R-MMU-72187|Reactome:R-MMU-72203|Reactome:R-MMU-73856|Reactome:R-MMU-77595|Reactome:R-MMU-9013422|Reactome:R-MMU-9770562|Reactome:R-MMU-983168|Reactome:R-MMU-9930044|Reactome:R-RNO-159231|Reactome:R-RNO-72165|Reactome:R-RNO-73856|Reactome:R-RNO-77595|Reactome:R-RNO-9770562|Reactome:R-SCE-983168|Reactome:R-SPO-9770562|Reactome:R-SPO-983168|Reactome:R-XTR-77595|Reactome:R-XTR-9770562
XEN1	7136c28a0e1c5c6e58d0e0c0c1d9b1ba	385	SUPERFAMILY	SSF57756	Retrovirus zinc finger-like domains	316	359	3.72E-10	T	13-08-2026	IPR036875	Zinc finger, CCHC-type superfamily	GO:0003676(InterPro)|GO:0008270(InterPro)	Reactome:R-BTA-159231|Reactome:R-BTA-159236|Reactome:R-BTA-72163|Reactome:R-BTA-72165|Reactome:R-BTA-72203|Reactome:R-BTA-73856|Reactome:R-BTA-77595|Reactome:R-BTA-9770562|Reactome:R-CEL-159236|Reactome:R-CEL-72163|Reactome:R-CEL-73856|Reactome:R-DME-159231|Reactome:R-DME-159236|Reactome:R-DME-1834941|Reactome:R-DME-72163|Reactome:R-DME-72165|Reactome:R-DME-72203|Reactome:R-DME-73856|Reactome:R-DME-77595|Reactome:R-DME-9770562|Reactome:R-DRE-72165|Reactome:R-HSA-1169408|Reactome:R-HSA-159231|Reactome:R-HSA-159236|Reactome:R-HSA-162585|Reactome:R-HSA-162588|Reactome:R-HSA-162592|Reactome:R-HSA-162594|Reactome:R-HSA-164516|Reactome:R-HSA-164525|Reactome:R-HSA-164843|Reactome:R-HSA-168315|Reactome:R-HSA-173107|Reactome:R-HSA-174490|Reactome:R-HSA-174495|Reactome:R-HSA-175474|Reactome:R-HSA-175567|Reactome:R-HSA-177539|Reactome:R-HSA-180689|Reactome:R-HSA-180910|Reactome:R-HSA-429947|Reactome:R-HSA-452723|Reactome:R-HSA-6784531|Reactome:R-HSA-72163|Reactome:R-HSA-72165|Reactome:R-HSA-72187|Reactome:R-HSA-72203|Reactome:R-HSA-73856|Reactome:R-HSA-77595|Reactome:R-HSA-9013422|Reactome:R-HSA-9682706|Reactome:R-HSA-9694686|Reactome:R-HSA-9705671|Reactome:R-HSA-9770562|Reactome:R-HSA-9819196|Reactome:R-HSA-9820865|Reactome:R-HSA-983168|Reactome:R-HSA-9918481|Reactome:R-HSA-9930044|Reactome:R-MMU-159231|Reactome:R-MMU-159236|Reactome:R-MMU-72163|Reactome:R-MMU-72165|Reactome:R-MMU-72187|Reactome:R-MMU-72203|Reactome:R-MMU-73856|Reactome:R-MMU-77595|Reactome:R-MMU-9013422|Reactome:R-MMU-9770562|Reactome:R-MMU-983168|Reactome:R-RNO-159231|Reactome:R-RNO-72165|Reactome:R-RNO-73856|Reactome:R-RNO-77595|Reactome:R-RNO-9770562|Reactome:R-SCE-983168|Reactome:R-SPO-9770562|Reactome:R-SPO-983168|Reactome:R-XTR-77595|Reactome:R-XTR-9770562
XEN1	7136c28a0e1c5c6e58d0e0c0c1d9b1ba	385	Gene3D	G3DSA:4.10.60.10	-	341	367	2.8E-5	T	13-08-2026	-	-	-	-
Osser	393770eff8557c96258eb5b60ef8f323	334	PANTHER	PTHR47481	-	106	278	3.2E-10	T	13-08-2026	-	-	-	-
Osser	393770eff8557c96258eb5b60ef8f323	334	SUPERFAMILY	SSF57756	Retrovirus zinc finger-like domains	239	273	4.19E-5	T	13-08-2026	IPR036875	Zinc finger, CCHC-type superfamily	GO:0003676(InterPro)|GO:0008270(InterPro)	Reactome:R-BTA-159231|Reactome:R-BTA-159236|Reactome:R-BTA-72163|Reactome:R-BTA-72165|Reactome:R-BTA-72203|Reactome:R-BTA-73856|Reactome:R-BTA-77595|Reactome:R-BTA-9770562|Reactome:R-CEL-159236|Reactome:R-CEL-72163|Reactome:R-CEL-73856|Reactome:R-DME-159231|Reactome:R-DME-159236|Reactome:R-DME-1834941|Reactome:R-DME-72163|Reactome:R-DME-72165|Reactome:R-DME-72203|Reactome:R-DME-73856|Reactome:R-DME-77595|Reactome:R-DME-9770562|Reactome:R-DRE-72165|Reactome:R-HSA-1169408|Reactome:R-HSA-159231|Reactome:R-HSA-159236|Reactome:R-HSA-162585|Reactome:R-HSA-162588|Reactome:R-HSA-162592|Reactome:R-HSA-162594|Reactome:R-HSA-164516|Reactome:R-HSA-164525|Reactome:R-HSA-164843|Reactome:R-HSA-168315|Reactome:R-HSA-173107|Reactome:R-HSA-174490|Reactome:R-HSA-174495|Reactome:R-HSA-175474|Reactome:R-HSA-175567|Reactome:R-HSA-177539|Reactome:R-HSA-180689|Reactome:R-HSA-180910|Reactome:R-HSA-429947|Reactome:R-HSA-452723|Reactome:R-HSA-6784531|Reactome:R-HSA-72163|Reactome:R-HSA-72165|Reactome:R-HSA-72187|Reactome:R-HSA-72203|Reactome:R-HSA-73856|Reactome:R-HSA-77595|Reactome:R-HSA-9013422|Reactome:R-HSA-9682706|Reactome:R-HSA-9694686|Reactome:R-HSA-9705671|Reactome:R-HSA-9770562|Reactome:R-HSA-9819196|Reactome:R-HSA-9820865|Reactome:R-HSA-983168|Reactome:R-HSA-9918481|Reactome:R-HSA-9930044|Reactome:R-MMU-159231|Reactome:R-MMU-159236|Reactome:R-MMU-72163|Reactome:R-MMU-72165|Reactome:R-MMU-72187|Reactome:R-MMU-72203|Reactome:R-MMU-73856|Reactome:R-MMU-77595|Reactome:R-MMU-9013422|Reactome:R-MMU-9770562|Reactome:R-MMU-983168|Reactome:R-RNO-159231|Reactome:R-RNO-72165|Reactome:R-RNO-73856|Reactome:R-RNO-77595|Reactome:R-RNO-9770562|Reactome:R-SCE-983168|Reactome:R-SPO-9770562|Reactome:R-SPO-983168|Reactome:R-XTR-77595|Reactome:R-XTR-9770562
Osser	393770eff8557c96258eb5b60ef8f323	334	MobiDBLite	mobidb-lite	consensus disorder prediction	208	222	-	T	13-08-2026	-	-	-	-
Osser	393770eff8557c96258eb5b60ef8f323	334	MobiDBLite	mobidb-lite	consensus disorder prediction	193	222	-	T	13-08-2026	-	-	-	-
Osser	393770eff8557c96258eb5b60ef8f323	334	Pfam	PF14223	gag-polypeptide of LTR copia-type	45	179	4.7E-14	T	13-08-2026	IPR061502	Copia/RE1/RE2-like, N-terminal domain	-	-
Tto1	a9980db1da79ad5bbe748cbe1c4ba481	276	MobiDBLite	mobidb-lite	consensus disorder prediction	180	222	-	T	13-08-2026	-	-	-	-
Tto1	a9980db1da79ad5bbe748cbe1c4ba481	276	MobiDBLite	mobidb-lite	consensus disorder prediction	244	276	-	T	13-08-2026	-	-	-	-
Tto1	a9980db1da79ad5bbe748cbe1c4ba481	276	Pfam	PF14223	gag-polypeptide of LTR copia-type	38	190	3.6E-30	T	13-08-2026	IPR061502	Copia/RE1/RE2-like, N-terminal domain	-	-
Tto1	a9980db1da79ad5bbe748cbe1c4ba481	276	Gene3D	G3DSA:4.10.60.10	-	200	263	1.5E-6	T	13-08-2026	-	-	-	-
Tto1	a9980db1da79ad5bbe748cbe1c4ba481	276	PANTHER	PTHR47481	-	10	251	6.9E-17	T	13-08-2026	-	-	-	-
Tto1	a9980db1da79ad5bbe748cbe1c4ba481	276	SUPERFAMILY	SSF57756	Retrovirus zinc finger-like domains	210	251	1.22E-6	T	13-08-2026	IPR036875	Zinc finger, CCHC-type superfamily	GO:0003676(InterPro)|GO:0008270(InterPro)	Reactome:R-BTA-159231|Reactome:R-BTA-159236|Reactome:R-BTA-72163|Reactome:R-BTA-72165|Reactome:R-BTA-72203|Reactome:R-BTA-73856|Reactome:R-BTA-77595|Reactome:R-BTA-9770562|Reactome:R-CEL-159236|Reactome:R-CEL-72163|Reactome:R-CEL-73856|Reactome:R-DME-159231|Reactome:R-DME-159236|Reactome:R-DME-1834941|Reactome:R-DME-72163|Reactome:R-DME-72165|Reactome:R-DME-72203|Reactome:R-DME-73856|Reactome:R-DME-77595|Reactome:R-DME-9770562|Reactome:R-DRE-72165|Reactome:R-HSA-1169408|Reactome:R-HSA-159231|Reactome:R-HSA-159236|Reactome:R-HSA-162585|Reactome:R-HSA-162588|Reactome:R-HSA-162592|Reactome:R-HSA-162594|Reactome:R-HSA-164516|Reactome:R-HSA-164525|Reactome:R-HSA-164843|Reactome:R-HSA-168315|Reactome:R-HSA-173107|Reactome:R-HSA-174490|Reactome:R-HSA-174495|Reactome:R-HSA-175474|Reactome:R-HSA-175567|Reactome:R-HSA-177539|Reactome:R-HSA-180689|Reactome:R-HSA-180910|Reactome:R-HSA-429947|Reactome:R-HSA-452723|Reactome:R-HSA-6784531|Reactome:R-HSA-72163|Reactome:R-HSA-72165|Reactome:R-HSA-72187|Reactome:R-HSA-72203|Reactome:R-HSA-73856|Reactome:R-HSA-77595|Reactome:R-HSA-9013422|Reactome:R-HSA-9682706|Reactome:R-HSA-9694686|Reactome:R-HSA-9705671|Reactome:R-HSA-9770562|Reactome:R-HSA-9819196|Reactome:R-HSA-9820865|Reactome:R-HSA-983168|Reactome:R-HSA-9918481|Reactome:R-HSA-9930044|Reactome:R-MMU-159231|Reactome:R-MMU-159236|Reactome:R-MMU-72163|Reactome:R-MMU-72165|Reactome:R-MMU-72187|Reactome:R-MMU-72203|Reactome:R-MMU-73856|Reactome:R-MMU-77595|Reactome:R-MMU-9013422|Reactome:R-MMU-9770562|Reactome:R-MMU-983168|Reactome:R-RNO-159231|Reactome:R-RNO-72165|Reactome:R-RNO-73856|Reactome:R-RNO-77595|Reactome:R-RNO-9770562|Reactome:R-SCE-983168|Reactome:R-SPO-9770562|Reactome:R-SPO-983168|Reactome:R-XTR-77595|Reactome:R-XTR-9770562
Xanthias	54528247c60ea5acd2b261d7ad3a594f	260	SUPERFAMILY	SSF57756	Retrovirus zinc finger-like domains	214	248	1.36E-7	T	13-08-2026	IPR036875	Zinc finger, CCHC-type superfamily	GO:0003676(InterPro)|GO:0008270(InterPro)	Reactome:R-BTA-159231|Reactome:R-BTA-159236|Reactome:R-BTA-72163|Reactome:R-BTA-72165|Reactome:R-BTA-72203|Reactome:R-BTA-73856|Reactome:R-BTA-77595|Reactome:R-BTA-9770562|Reactome:R-CEL-159236|Reactome:R-CEL-72163|Reactome:R-CEL-73856|Reactome:R-DME-159231|Reactome:R-DME-159236|Reactome:R-DME-1834941|Reactome:R-DME-72163|Reactome:R-DME-72165|Reactome:R-DME-72203|Reactome:R-DME-73856|Reactome:R-DME-77595|Reactome:R-DME-9770562|Reactome:R-DRE-72165|Reactome:R-HSA-1169408|Reactome:R-HSA-159231|Reactome:R-HSA-159236|Reactome:R-HSA-162585|Reactome:R-HSA-162588|Reactome:R-HSA-162592|Reactome:R-HSA-162594|Reactome:R-HSA-164516|Reactome:R-HSA-164525|Reactome:R-HSA-164843|Reactome:R-HSA-168315|Reactome:R-HSA-173107|Reactome:R-HSA-174490|Reactome:R-HSA-174495|Reactome:R-HSA-175474|Reactome:R-HSA-175567|Reactome:R-HSA-177539|Reactome:R-HSA-180689|Reactome:R-HSA-180910|Reactome:R-HSA-429947|Reactome:R-HSA-452723|Reactome:R-HSA-6784531|Reactome:R-HSA-72163|Reactome:R-HSA-72165|Reactome:R-HSA-72187|Reactome:R-HSA-72203|Reactome:R-HSA-73856|Reactome:R-HSA-77595|Reactome:R-HSA-9013422|Reactome:R-HSA-9682706|Reactome:R-HSA-9694686|Reactome:R-HSA-9705671|Reactome:R-HSA-9770562|Reactome:R-HSA-9819196|Reactome:R-HSA-9820865|Reactome:R-HSA-983168|Reactome:R-HSA-9918481|Reactome:R-HSA-9930044|Reactome:R-MMU-159231|Reactome:R-MMU-159236|Reactome:R-MMU-72163|Reactome:R-MMU-72165|Reactome:R-MMU-72187|Reactome:R-MMU-72203|Reactome:R-MMU-73856|Reactome:R-MMU-77595|Reactome:R-MMU-9013422|Reactome:R-MMU-9770562|Reactome:R-MMU-983168|Reactome:R-RNO-159231|Reactome:R-RNO-72165|Reactome:R-RNO-73856|Reactome:R-RNO-77595|Reactome:R-RNO-9770562|Reactome:R-SCE-983168|Reactome:R-SPO-9770562|Reactome:R-SPO-983168|Reactome:R-XTR-77595|Reactome:R-XTR-9770562
Xanthias	54528247c60ea5acd2b261d7ad3a594f	260	Pfam	PF14223	gag-polypeptide of LTR copia-type	22	190	3.8E-44	T	13-08-2026	IPR061502	Copia/RE1/RE2-like, N-terminal domain	-	-
Xanthias	54528247c60ea5acd2b261d7ad3a594f	260	Pfam	PF00098	Zinc knuckle	226	243	0.13	T	13-08-2026	IPR001878	Zinc finger, CCHC-type	GO:0003676(InterPro)|GO:0008270(InterPro)	Reactome:R-BTA-159231|Reactome:R-BTA-159236|Reactome:R-BTA-72163|Reactome:R-BTA-72165|Reactome:R-BTA-72203|Reactome:R-BTA-73856|Reactome:R-BTA-77595|Reactome:R-BTA-9770562|Reactome:R-CEL-159236|Reactome:R-CEL-72163|Reactome:R-CEL-73856|Reactome:R-DME-159231|Reactome:R-DME-159236|Reactome:R-DME-1834941|Reactome:R-DME-72163|Reactome:R-DME-72165|Reactome:R-DME-72203|Reactome:R-DME-73856|Reactome:R-DME-77595|Reactome:R-DME-8941326|Reactome:R-DME-9770562|Reactome:R-DME-9930044|Reactome:R-DRE-72165|Reactome:R-HSA-1169408|Reactome:R-HSA-159231|Reactome:R-HSA-159236|Reactome:R-HSA-162585|Reactome:R-HSA-162588|Reactome:R-HSA-162592|Reactome:R-HSA-162594|Reactome:R-HSA-164516|Reactome:R-HSA-164525|Reactome:R-HSA-164843|Reactome:R-HSA-168315|Reactome:R-HSA-173107|Reactome:R-HSA-174490|Reactome:R-HSA-174495|Reactome:R-HSA-175474|Reactome:R-HSA-175567|Reactome:R-HSA-177539|Reactome:R-HSA-180689|Reactome:R-HSA-180910|Reactome:R-HSA-429947|Reactome:R-HSA-452723|Reactome:R-HSA-6784531|Reactome:R-HSA-72163|Reactome:R-HSA-72165|Reactome:R-HSA-72187|Reactome:R-HSA-72203|Reactome:R-HSA-73856|Reactome:R-HSA-77595|Reactome:R-HSA-9013422|Reactome:R-HSA-9682706|Reactome:R-HSA-9694686|Reactome:R-HSA-9705671|Reactome:R-HSA-9770562|Reactome:R-HSA-9819196|Reactome:R-HSA-9820865|Reactome:R-HSA-983168|Reactome:R-HSA-9843970|Reactome:R-HSA-9918481|Reactome:R-HSA-9930044|Reactome:R-HSA-9931510|Reactome:R-MMU-159231|Reactome:R-MMU-159236|Reactome:R-MMU-72163|Reactome:R-MMU-72165|Reactome:R-MMU-72187|Reactome:R-MMU-72203|Reactome:R-MMU-73856|Reactome:R-MMU-77595|Reactome:R-MMU-9013422|Reactome:R-MMU-9770562|Reactome:R-MMU-983168|Reactome:R-MMU-9930044|Reactome:R-RNO-159231|Reactome:R-RNO-72165|Reactome:R-RNO-73856|Reactome:R-RNO-77595|Reactome:R-RNO-9770562|Reactome:R-SCE-983168|Reactome:R-SPO-9770562|Reactome:R-SPO-983168|Reactome:R-XTR-77595|Reactome:R-XTR-9770562
Xanthias	54528247c60ea5acd2b261d7ad3a594f	260	MobiDBLite	mobidb-lite	consensus disorder prediction	250	260	-	T	13-08-2026	-	-	-	-
Xanthias	54528247c60ea5acd2b261d7ad3a594f	260	MobiDBLite	mobidb-lite	consensus disorder prediction	240	260	-	T	13-08-2026	-	-	-	-
Xanthias	54528247c60ea5acd2b261d7ad3a594f	260	PANTHER	PTHR47481	-	7	249	5.1E-19	T	13-08-2026	-	-	-	-
Xanthias	54528247c60ea5acd2b261d7ad3a594f	260	SMART	SM00343	c2hcfinal6	227	243	1.7E-4	T	13-08-2026	IPR001878	Zinc finger, CCHC-type	GO:0003676(InterPro)|GO:0008270(InterPro)	Reactome:R-BTA-159231|Reactome:R-BTA-159236|Reactome:R-BTA-72163|Reactome:R-BTA-72165|Reactome:R-BTA-72203|Reactome:R-BTA-73856|Reactome:R-BTA-77595|Reactome:R-BTA-9770562|Reactome:R-CEL-159236|Reactome:R-CEL-72163|Reactome:R-CEL-73856|Reactome:R-DME-159231|Reactome:R-DME-159236|Reactome:R-DME-1834941|Reactome:R-DME-72163|Reactome:R-DME-72165|Reactome:R-DME-72203|Reactome:R-DME-73856|Reactome:R-DME-77595|Reactome:R-DME-8941326|Reactome:R-DME-9770562|Reactome:R-DME-9930044|Reactome:R-DRE-72165|Reactome:R-HSA-1169408|Reactome:R-HSA-159231|Reactome:R-HSA-159236|Reactome:R-HSA-162585|Reactome:R-HSA-162588|Reactome:R-HSA-162592|Reactome:R-HSA-162594|Reactome:R-HSA-164516|Reactome:R-HSA-164525|Reactome:R-HSA-164843|Reactome:R-HSA-168315|Reactome:R-HSA-173107|Reactome:R-HSA-174490|Reactome:R-HSA-174495|Reactome:R-HSA-175474|Reactome:R-HSA-175567|Reactome:R-HSA-177539|Reactome:R-HSA-180689|Reactome:R-HSA-180910|Reactome:R-HSA-429947|Reactome:R-HSA-452723|Reactome:R-HSA-6784531|Reactome:R-HSA-72163|Reactome:R-HSA-72165|Reactome:R-HSA-72187|Reactome:R-HSA-72203|Reactome:R-HSA-73856|Reactome:R-HSA-77595|Reactome:R-HSA-9013422|Reactome:R-HSA-9682706|Reactome:R-HSA-9694686|Reactome:R-HSA-9705671|Reactome:R-HSA-9770562|Reactome:R-HSA-9819196|Reactome:R-HSA-9820865|Reactome:R-HSA-983168|Reactome:R-HSA-9843970|Reactome:R-HSA-9918481|Reactome:R-HSA-9930044|Reactome:R-HSA-9931510|Reactome:R-MMU-159231|Reactome:R-MMU-159236|Reactome:R-MMU-72163|Reactome:R-MMU-72165|Reactome:R-MMU-72187|Reactome:R-MMU-72203|Reactome:R-MMU-73856|Reactome:R-MMU-77595|Reactome:R-MMU-9013422|Reactome:R-MMU-9770562|Reactome:R-MMU-983168|Reactome:R-MMU-9930044|Reactome:R-RNO-159231|Reactome:R-RNO-72165|Reactome:R-RNO-73856|Reactome:R-RNO-77595|Reactome:R-RNO-9770562|Reactome:R-SCE-983168|Reactome:R-SPO-9770562|Reactome:R-SPO-983168|Reactome:R-XTR-77595|Reactome:R-XTR-9770562
Xanthias	54528247c60ea5acd2b261d7ad3a594f	260	Gene3D	G3DSA:4.10.60.10	-	218	250	2.3E-6	T	13-08-2026	-	-	-	-
Xanthias	54528247c60ea5acd2b261d7ad3a594f	260	ProSiteProfiles	PS50158	Zinc finger CCHC-type profile.	227	243	9.735132	T	13-08-2026	IPR001878	Zinc finger, CCHC-type	GO:0003676(InterPro)|GO:0008270(InterPro)	Reactome:R-BTA-159231|Reactome:R-BTA-159236|Reactome:R-BTA-72163|Reactome:R-BTA-72165|Reactome:R-BTA-72203|Reactome:R-BTA-73856|Reactome:R-BTA-77595|Reactome:R-BTA-9770562|Reactome:R-CEL-159236|Reactome:R-CEL-72163|Reactome:R-CEL-73856|Reactome:R-DME-159231|Reactome:R-DME-159236|Reactome:R-DME-1834941|Reactome:R-DME-72163|Reactome:R-DME-72165|Reactome:R-DME-72203|Reactome:R-DME-73856|Reactome:R-DME-77595|Reactome:R-DME-8941326|Reactome:R-DME-9770562|Reactome:R-DME-9930044|Reactome:R-DRE-72165|Reactome:R-HSA-1169408|Reactome:R-HSA-159231|Reactome:R-HSA-159236|Reactome:R-HSA-162585|Reactome:R-HSA-162588|Reactome:R-HSA-162592|Reactome:R-HSA-162594|Reactome:R-HSA-164516|Reactome:R-HSA-164525|Reactome:R-HSA-164843|Reactome:R-HSA-168315|Reactome:R-HSA-173107|Reactome:R-HSA-174490|Reactome:R-HSA-174495|Reactome:R-HSA-175474|Reactome:R-HSA-175567|Reactome:R-HSA-177539|Reactome:R-HSA-180689|Reactome:R-HSA-180910|Reactome:R-HSA-429947|Reactome:R-HSA-452723|Reactome:R-HSA-6784531|Reactome:R-HSA-72163|Reactome:R-HSA-72165|Reactome:R-HSA-72187|Reactome:R-HSA-72203|Reactome:R-HSA-73856|Reactome:R-HSA-77595|Reactome:R-HSA-9013422|Reactome:R-HSA-9682706|Reactome:R-HSA-9694686|Reactome:R-HSA-9705671|Reactome:R-HSA-9770562|Reactome:R-HSA-9819196|Reactome:R-HSA-9820865|Reactome:R-HSA-983168|Reactome:R-HSA-9843970|Reactome:R-HSA-9918481|Reactome:R-HSA-9930044|Reactome:R-HSA-9931510|Reactome:R-MMU-159231|Reactome:R-MMU-159236|Reactome:R-MMU-72163|Reactome:R-MMU-72165|Reactome:R-MMU-72187|Reactome:R-MMU-72203|Reactome:R-MMU-73856|Reactome:R-MMU-77595|Reactome:R-MMU-9013422|Reactome:R-MMU-9770562|Reactome:R-MMU-983168|Reactome:R-MMU-9930044|Reactome:R-RNO-159231|Reactome:R-RNO-72165|Reactome:R-RNO-73856|Reactome:R-RNO-77595|Reactome:R-RNO-9770562|Reactome:R-SCE-983168|Reactome:R-SPO-9770562|Reactome:R-SPO-983168|Reactome:R-XTR-77595|Reactome:R-XTR-9770562
TSI-9	41740370d9dcaafc42c218ca64ed2f65	811	Gene3D	G3DSA:4.10.60.10	-	271	314	3.2E-7	T	13-08-2026	-	-	-	-
TSI-9	41740370d9dcaafc42c218ca64ed2f65	811	Pfam	PF14223	gag-polypeptide of LTR copia-type	26	180	4.6E-10	T	13-08-2026	IPR061502	Copia/RE1/RE2-like, N-terminal domain	-	-
TSI-9	41740370d9dcaafc42c218ca64ed2f65	811	ProSiteProfiles	PS50158	Zinc finger CCHC-type profile.	282	297	10.724101	T	13-08-2026	IPR001878	Zinc finger, CCHC-type	GO:0003676(InterPro)|GO:0008270(InterPro)	Reactome:R-BTA-159231|Reactome:R-BTA-159236|Reactome:R-BTA-72163|Reactome:R-BTA-72165|Reactome:R-BTA-72203|Reactome:R-BTA-73856|Reactome:R-BTA-77595|Reactome:R-BTA-9770562|Reactome:R-CEL-159236|Reactome:R-CEL-72163|Reactome:R-CEL-73856|Reactome:R-DME-159231|Reactome:R-DME-159236|Reactome:R-DME-1834941|Reactome:R-DME-72163|Reactome:R-DME-72165|Reactome:R-DME-72203|Reactome:R-DME-73856|Reactome:R-DME-77595|Reactome:R-DME-8941326|Reactome:R-DME-9770562|Reactome:R-DME-9930044|Reactome:R-DRE-72165|Reactome:R-HSA-1169408|Reactome:R-HSA-159231|Reactome:R-HSA-159236|Reactome:R-HSA-162585|Reactome:R-HSA-162588|Reactome:R-HSA-162592|Reactome:R-HSA-162594|Reactome:R-HSA-164516|Reactome:R-HSA-164525|Reactome:R-HSA-164843|Reactome:R-HSA-168315|Reactome:R-HSA-173107|Reactome:R-HSA-174490|Reactome:R-HSA-174495|Reactome:R-HSA-175474|Reactome:R-HSA-175567|Reactome:R-HSA-177539|Reactome:R-HSA-180689|Reactome:R-HSA-180910|Reactome:R-HSA-429947|Reactome:R-HSA-452723|Reactome:R-HSA-6784531|Reactome:R-HSA-72163|Reactome:R-HSA-72165|Reactome:R-HSA-72187|Reactome:R-HSA-72203|Reactome:R-HSA-73856|Reactome:R-HSA-77595|Reactome:R-HSA-9013422|Reactome:R-HSA-9682706|Reactome:R-HSA-9694686|Reactome:R-HSA-9705671|Reactome:R-HSA-9770562|Reactome:R-HSA-9819196|Reactome:R-HSA-9820865|Reactome:R-HSA-983168|Reactome:R-HSA-9843970|Reactome:R-HSA-9918481|Reactome:R-HSA-9930044|Reactome:R-HSA-9931510|Reactome:R-MMU-159231|Reactome:R-MMU-159236|Reactome:R-MMU-72163|Reactome:R-MMU-72165|Reactome:R-MMU-72187|Reactome:R-MMU-72203|Reactome:R-MMU-73856|Reactome:R-MMU-77595|Reactome:R-MMU-9013422|Reactome:R-MMU-9770562|Reactome:R-MMU-983168|Reactome:R-MMU-9930044|Reactome:R-RNO-159231|Reactome:R-RNO-72165|Reactome:R-RNO-73856|Reactome:R-RNO-77595|Reactome:R-RNO-9770562|Reactome:R-SCE-983168|Reactome:R-SPO-9770562|Reactome:R-SPO-983168|Reactome:R-XTR-77595|Reactome:R-XTR-9770562
TSI-9	41740370d9dcaafc42c218ca64ed2f65	811	MobiDBLite	mobidb-lite	consensus disorder prediction	200	229	-	T	13-08-2026	-	-	-	-
TSI-9	41740370d9dcaafc42c218ca64ed2f65	811	MobiDBLite	mobidb-lite	consensus disorder prediction	295	332	-	T	13-08-2026	-	-	-	-
TSI-9	41740370d9dcaafc42c218ca64ed2f65	811	MobiDBLite	mobidb-lite	consensus disorder prediction	316	328	-	T	13-08-2026	-	-	-	-
TSI-9	41740370d9dcaafc42c218ca64ed2f65	811	MobiDBLite	mobidb-lite	consensus disorder prediction	200	216	-	T	13-08-2026	-	-	-	-
TSI-9	41740370d9dcaafc42c218ca64ed2f65	811	SUPERFAMILY	SSF57756	Retrovirus zinc finger-like domains	263	301	4.01E-9	T	13-08-2026	IPR036875	Zinc finger, CCHC-type superfamily	GO:0003676(InterPro)|GO:0008270(InterPro)	Reactome:R-BTA-159231|Reactome:R-BTA-159236|Reactome:R-BTA-72163|Reactome:R-BTA-72165|Reactome:R-BTA-72203|Reactome:R-BTA-73856|Reactome:R-BTA-77595|Reactome:R-BTA-9770562|Reactome:R-CEL-159236|Reactome:R-CEL-72163|Reactome:R-CEL-73856|Reactome:R-DME-159231|Reactome:R-DME-159236|Reactome:R-DME-1834941|Reactome:R-DME-72163|Reactome:R-DME-72165|Reactome:R-DME-72203|Reactome:R-DME-73856|Reactome:R-DME-77595|Reactome:R-DME-9770562|Reactome:R-DRE-72165|Reactome:R-HSA-1169408|Reactome:R-HSA-159231|Reactome:R-HSA-159236|Reactome:R-HSA-162585|Reactome:R-HSA-162588|Reactome:R-HSA-162592|Reactome:R-HSA-162594|Reactome:R-HSA-164516|Reactome:R-HSA-164525|Reactome:R-HSA-164843|Reactome:R-HSA-168315|Reactome:R-HSA-173107|Reactome:R-HSA-174490|Reactome:R-HSA-174495|Reactome:R-HSA-175474|Reactome:R-HSA-175567|Reactome:R-HSA-177539|Reactome:R-HSA-180689|Reactome:R-HSA-180910|Reactome:R-HSA-429947|Reactome:R-HSA-452723|Reactome:R-HSA-6784531|Reactome:R-HSA-72163|Reactome:R-HSA-72165|Reactome:R-HSA-72187|Reactome:R-HSA-72203|Reactome:R-HSA-73856|Reactome:R-HSA-77595|Reactome:R-HSA-9013422|Reactome:R-HSA-9682706|Reactome:R-HSA-9694686|Reactome:R-HSA-9705671|Reactome:R-HSA-9770562|Reactome:R-HSA-9819196|Reactome:R-HSA-9820865|Reactome:R-HSA-983168|Reactome:R-HSA-9918481|Reactome:R-HSA-9930044|Reactome:R-MMU-159231|Reactome:R-MMU-159236|Reactome:R-MMU-72163|Reactome:R-MMU-72165|Reactome:R-MMU-72187|Reactome:R-MMU-72203|Reactome:R-MMU-73856|Reactome:R-MMU-77595|Reactome:R-MMU-9013422|Reactome:R-MMU-9770562|Reactome:R-MMU-983168|Reactome:R-RNO-159231|Reactome:R-RNO-72165|Reactome:R-RNO-73856|Reactome:R-RNO-77595|Reactome:R-RNO-9770562|Reactome:R-SCE-983168|Reactome:R-SPO-9770562|Reactome:R-SPO-983168|Reactome:R-XTR-77595|Reactome:R-XTR-9770562
TSI-9	41740370d9dcaafc42c218ca64ed2f65	811	SMART	SM00343	c2hcfinal6	281	297	1.7E-5	T	13-08-2026	IPR001878	Zinc finger, CCHC-type	GO:0003676(InterPro)|GO:0008270(InterPro)	Reactome:R-BTA-159231|Reactome:R-BTA-159236|Reactome:R-BTA-72163|Reactome:R-BTA-72165|Reactome:R-BTA-72203|Reactome:R-BTA-73856|Reactome:R-BTA-77595|Reactome:R-BTA-9770562|Reactome:R-CEL-159236|Reactome:R-CEL-72163|Reactome:R-CEL-73856|Reactome:R-DME-159231|Reactome:R-DME-159236|Reactome:R-DME-1834941|Reactome:R-DME-72163|Reactome:R-DME-72165|Reactome:R-DME-72203|Reactome:R-DME-73856|Reactome:R-DME-77595|Reactome:R-DME-8941326|Reactome:R-DME-9770562|Reactome:R-DME-9930044|Reactome:R-DRE-72165|Reactome:R-HSA-1169408|Reactome:R-HSA-159231|Reactome:R-HSA-159236|Reactome:R-HSA-162585|Reactome:R-HSA-162588|Reactome:R-HSA-162592|Reactome:R-HSA-162594|Reactome:R-HSA-164516|Reactome:R-HSA-164525|Reactome:R-HSA-164843|Reactome:R-HSA-168315|Reactome:R-HSA-173107|Reactome:R-HSA-174490|Reactome:R-HSA-174495|Reactome:R-HSA-175474|Reactome:R-HSA-175567|Reactome:R-HSA-177539|Reactome:R-HSA-180689|Reactome:R-HSA-180910|Reactome:R-HSA-429947|Reactome:R-HSA-452723|Reactome:R-HSA-6784531|Reactome:R-HSA-72163|Reactome:R-HSA-72165|Reactome:R-HSA-72187|Reactome:R-HSA-72203|Reactome:R-HSA-73856|Reactome:R-HSA-77595|Reactome:R-HSA-9013422|Reactome:R-HSA-9682706|Reactome:R-HSA-9694686|Reactome:R-HSA-9705671|Reactome:R-HSA-9770562|Reactome:R-HSA-9819196|Reactome:R-HSA-9820865|Reactome:R-HSA-983168|Reactome:R-HSA-9843970|Reactome:R-HSA-9918481|Reactome:R-HSA-9930044|Reactome:R-HSA-9931510|Reactome:R-MMU-159231|Reactome:R-MMU-159236|Reactome:R-MMU-72163|Reactome:R-MMU-72165|Reactome:R-MMU-72187|Reactome:R-MMU-72203|Reactome:R-MMU-73856|Reactome:R-MMU-77595|Reactome:R-MMU-9013422|Reactome:R-MMU-9770562|Reactome:R-MMU-983168|Reactome:R-MMU-9930044|Reactome:R-RNO-159231|Reactome:R-RNO-72165|Reactome:R-RNO-73856|Reactome:R-RNO-77595|Reactome:R-RNO-9770562|Reactome:R-SCE-983168|Reactome:R-SPO-9770562|Reactome:R-SPO-983168|Reactome:R-XTR-77595|Reactome:R-XTR-9770562
TSI-9	41740370d9dcaafc42c218ca64ed2f65	811	PANTHER	PTHR35317	OS04G0629600 PROTEIN	9	199	1.5E-16	T	13-08-2026	-	-	-	-
TSI-9	41740370d9dcaafc42c218ca64ed2f65	811	Coils	Coil	Coil	408	449	-	T	13-08-2026	-	-	-	-
TSI-9	41740370d9dcaafc42c218ca64ed2f65	811	Pfam	PF00098	Zinc knuckle	281	297	0.0081	T	13-08-2026	IPR001878	Zinc finger, CCHC-type	GO:0003676(InterPro)|GO:0008270(InterPro)	Reactome:R-BTA-159231|Reactome:R-BTA-159236|Reactome:R-BTA-72163|Reactome:R-BTA-72165|Reactome:R-BTA-72203|Reactome:R-BTA-73856|Reactome:R-BTA-77595|Reactome:R-BTA-9770562|Reactome:R-CEL-159236|Reactome:R-CEL-72163|Reactome:R-CEL-73856|Reactome:R-DME-159231|Reactome:R-DME-159236|Reactome:R-DME-1834941|Reactome:R-DME-72163|Reactome:R-DME-72165|Reactome:R-DME-72203|Reactome:R-DME-73856|Reactome:R-DME-77595|Reactome:R-DME-8941326|Reactome:R-DME-9770562|Reactome:R-DME-9930044|Reactome:R-DRE-72165|Reactome:R-HSA-1169408|Reactome:R-HSA-159231|Reactome:R-HSA-159236|Reactome:R-HSA-162585|Reactome:R-HSA-162588|Reactome:R-HSA-162592|Reactome:R-HSA-162594|Reactome:R-HSA-164516|Reactome:R-HSA-164525|Reactome:R-HSA-164843|Reactome:R-HSA-168315|Reactome:R-HSA-173107|Reactome:R-HSA-174490|Reactome:R-HSA-174495|Reactome:R-HSA-175474|Reactome:R-HSA-175567|Reactome:R-HSA-177539|Reactome:R-HSA-180689|Reactome:R-HSA-180910|Reactome:R-HSA-429947|Reactome:R-HSA-452723|Reactome:R-HSA-6784531|Reactome:R-HSA-72163|Reactome:R-HSA-72165|Reactome:R-HSA-72187|Reactome:R-HSA-72203|Reactome:R-HSA-73856|Reactome:R-HSA-77595|Reactome:R-HSA-9013422|Reactome:R-HSA-9682706|Reactome:R-HSA-9694686|Reactome:R-HSA-9705671|Reactome:R-HSA-9770562|Reactome:R-HSA-9819196|Reactome:R-HSA-9820865|Reactome:R-HSA-983168|Reactome:R-HSA-9843970|Reactome:R-HSA-9918481|Reactome:R-HSA-9930044|Reactome:R-HSA-9931510|Reactome:R-MMU-159231|Reactome:R-MMU-159236|Reactome:R-MMU-72163|Reactome:R-MMU-72165|Reactome:R-MMU-72187|Reactome:R-MMU-72203|Reactome:R-MMU-73856|Reactome:R-MMU-77595|Reactome:R-MMU-9013422|Reactome:R-MMU-9770562|Reactome:R-MMU-983168|Reactome:R-MMU-9930044|Reactome:R-RNO-159231|Reactome:R-RNO-72165|Reactome:R-RNO-73856|Reactome:R-RNO-77595|Reactome:R-RNO-9770562|Reactome:R-SCE-983168|Reactome:R-SPO-9770562|Reactome:R-SPO-983168|Reactome:R-XTR-77595|Reactome:R-XTR-9770562
Humnum	6016540a25a4fd6d3e6e4114a29caa9e	253	PANTHER	PTHR47481	-	6	245	1.1E-13	T	13-08-2026	-	-	-	-
Humnum	6016540a25a4fd6d3e6e4114a29caa9e	253	SUPERFAMILY	SSF57756	Retrovirus zinc finger-like domains	227	244	2.51E-5	T	13-08-2026	IPR036875	Zinc finger, CCHC-type superfamily	GO:0003676(InterPro)|GO:0008270(InterPro)	Reactome:R-BTA-159231|Reactome:R-BTA-159236|Reactome:R-BTA-72163|Reactome:R-BTA-72165|Reactome:R-BTA-72203|Reactome:R-BTA-73856|Reactome:R-BTA-77595|Reactome:R-BTA-9770562|Reactome:R-CEL-159236|Reactome:R-CEL-72163|Reactome:R-CEL-73856|Reactome:R-DME-159231|Reactome:R-DME-159236|Reactome:R-DME-1834941|Reactome:R-DME-72163|Reactome:R-DME-72165|Reactome:R-DME-72203|Reactome:R-DME-73856|Reactome:R-DME-77595|Reactome:R-DME-9770562|Reactome:R-DRE-72165|Reactome:R-HSA-1169408|Reactome:R-HSA-159231|Reactome:R-HSA-159236|Reactome:R-HSA-162585|Reactome:R-HSA-162588|Reactome:R-HSA-162592|Reactome:R-HSA-162594|Reactome:R-HSA-164516|Reactome:R-HSA-164525|Reactome:R-HSA-164843|Reactome:R-HSA-168315|Reactome:R-HSA-173107|Reactome:R-HSA-174490|Reactome:R-HSA-174495|Reactome:R-HSA-175474|Reactome:R-HSA-175567|Reactome:R-HSA-177539|Reactome:R-HSA-180689|Reactome:R-HSA-180910|Reactome:R-HSA-429947|Reactome:R-HSA-452723|Reactome:R-HSA-6784531|Reactome:R-HSA-72163|Reactome:R-HSA-72165|Reactome:R-HSA-72187|Reactome:R-HSA-72203|Reactome:R-HSA-73856|Reactome:R-HSA-77595|Reactome:R-HSA-9013422|Reactome:R-HSA-9682706|Reactome:R-HSA-9694686|Reactome:R-HSA-9705671|Reactome:R-HSA-9770562|Reactome:R-HSA-9819196|Reactome:R-HSA-9820865|Reactome:R-HSA-983168|Reactome:R-HSA-9918481|Reactome:R-HSA-9930044|Reactome:R-MMU-159231|Reactome:R-MMU-159236|Reactome:R-MMU-72163|Reactome:R-MMU-72165|Reactome:R-MMU-72187|Reactome:R-MMU-72203|Reactome:R-MMU-73856|Reactome:R-MMU-77595|Reactome:R-MMU-9013422|Reactome:R-MMU-9770562|Reactome:R-MMU-983168|Reactome:R-RNO-159231|Reactome:R-RNO-72165|Reactome:R-RNO-73856|Reactome:R-RNO-77595|Reactome:R-RNO-9770562|Reactome:R-SCE-983168|Reactome:R-SPO-9770562|Reactome:R-SPO-983168|Reactome:R-XTR-77595|Reactome:R-XTR-9770562
Humnum	6016540a25a4fd6d3e6e4114a29caa9e	253	Gene3D	G3DSA:4.10.60.10	-	205	252	3.1E-5	T	13-08-2026	-	-	-	-
Humnum	6016540a25a4fd6d3e6e4114a29caa9e	253	Pfam	PF00098	Zinc knuckle	227	243	0.065	T	13-08-2026	IPR001878	Zinc finger, CCHC-type	GO:0003676(InterPro)|GO:0008270(InterPro)	Reactome:R-BTA-159231|Reactome:R-BTA-159236|Reactome:R-BTA-72163|Reactome:R-BTA-72165|Reactome:R-BTA-72203|Reactome:R-BTA-73856|Reactome:R-BTA-77595|Reactome:R-BTA-9770562|Reactome:R-CEL-159236|Reactome:R-CEL-72163|Reactome:R-CEL-73856|Reactome:R-DME-159231|Reactome:R-DME-159236|Reactome:R-DME-1834941|Reactome:R-DME-72163|Reactome:R-DME-72165|Reactome:R-DME-72203|Reactome:R-DME-73856|Reactome:R-DME-77595|Reactome:R-DME-8941326|Reactome:R-DME-9770562|Reactome:R-DME-9930044|Reactome:R-DRE-72165|Reactome:R-HSA-1169408|Reactome:R-HSA-159231|Reactome:R-HSA-159236|Reactome:R-HSA-162585|Reactome:R-HSA-162588|Reactome:R-HSA-162592|Reactome:R-HSA-162594|Reactome:R-HSA-164516|Reactome:R-HSA-164525|Reactome:R-HSA-164843|Reactome:R-HSA-168315|Reactome:R-HSA-173107|Reactome:R-HSA-174490|Reactome:R-HSA-174495|Reactome:R-HSA-175474|Reactome:R-HSA-175567|Reactome:R-HSA-177539|Reactome:R-HSA-180689|Reactome:R-HSA-180910|Reactome:R-HSA-429947|Reactome:R-HSA-452723|Reactome:R-HSA-6784531|Reactome:R-HSA-72163|Reactome:R-HSA-72165|Reactome:R-HSA-72187|Reactome:R-HSA-72203|Reactome:R-HSA-73856|Reactome:R-HSA-77595|Reactome:R-HSA-9013422|Reactome:R-HSA-9682706|Reactome:R-HSA-9694686|Reactome:R-HSA-9705671|Reactome:R-HSA-9770562|Reactome:R-HSA-9819196|Reactome:R-HSA-9820865|Reactome:R-HSA-983168|Reactome:R-HSA-9843970|Reactome:R-HSA-9918481|Reactome:R-HSA-9930044|Reactome:R-HSA-9931510|Reactome:R-MMU-159231|Reactome:R-MMU-159236|Reactome:R-MMU-72163|Reactome:R-MMU-72165|Reactome:R-MMU-72187|Reactome:R-MMU-72203|Reactome:R-MMU-73856|Reactome:R-MMU-77595|Reactome:R-MMU-9013422|Reactome:R-MMU-9770562|Reactome:R-MMU-983168|Reactome:R-MMU-9930044|Reactome:R-RNO-159231|Reactome:R-RNO-72165|Reactome:R-RNO-73856|Reactome:R-RNO-77595|Reactome:R-RNO-9770562|Reactome:R-SCE-983168|Reactome:R-SPO-9770562|Reactome:R-SPO-983168|Reactome:R-XTR-77595|Reactome:R-XTR-9770562
Humnum	6016540a25a4fd6d3e6e4114a29caa9e	253	Pfam	PF14223	gag-polypeptide of LTR copia-type	51	186	1.1E-19	T	13-08-2026	IPR061502	Copia/RE1/RE2-like, N-terminal domain	-	-
Humnum	6016540a25a4fd6d3e6e4114a29caa9e	253	ProSiteProfiles	PS50158	Zinc finger CCHC-type profile.	229	242	9.323063	T	13-08-2026	IPR001878	Zinc finger, CCHC-type	GO:0003676(InterPro)|GO:0008270(InterPro)	Reactome:R-BTA-159231|Reactome:R-BTA-159236|Reactome:R-BTA-72163|Reactome:R-BTA-72165|Reactome:R-BTA-72203|Reactome:R-BTA-73856|Reactome:R-BTA-77595|Reactome:R-BTA-9770562|Reactome:R-CEL-159236|Reactome:R-CEL-72163|Reactome:R-CEL-73856|Reactome:R-DME-159231|Reactome:R-DME-159236|Reactome:R-DME-1834941|Reactome:R-DME-72163|Reactome:R-DME-72165|Reactome:R-DME-72203|Reactome:R-DME-73856|Reactome:R-DME-77595|Reactome:R-DME-8941326|Reactome:R-DME-9770562|Reactome:R-DME-9930044|Reactome:R-DRE-72165|Reactome:R-HSA-1169408|Reactome:R-HSA-159231|Reactome:R-HSA-159236|Reactome:R-HSA-162585|Reactome:R-HSA-162588|Reactome:R-HSA-162592|Reactome:R-HSA-162594|Reactome:R-HSA-164516|Reactome:R-HSA-164525|Reactome:R-HSA-164843|Reactome:R-HSA-168315|Reactome:R-HSA-173107|Reactome:R-HSA-174490|Reactome:R-HSA-174495|Reactome:R-HSA-175474|Reactome:R-HSA-175567|Reactome:R-HSA-177539|Reactome:R-HSA-180689|Reactome:R-HSA-180910|Reactome:R-HSA-429947|Reactome:R-HSA-452723|Reactome:R-HSA-6784531|Reactome:R-HSA-72163|Reactome:R-HSA-72165|Reactome:R-HSA-72187|Reactome:R-HSA-72203|Reactome:R-HSA-73856|Reactome:R-HSA-77595|Reactome:R-HSA-9013422|Reactome:R-HSA-9682706|Reactome:R-HSA-9694686|Reactome:R-HSA-9705671|Reactome:R-HSA-9770562|Reactome:R-HSA-9819196|Reactome:R-HSA-9820865|Reactome:R-HSA-983168|Reactome:R-HSA-9843970|Reactome:R-HSA-9918481|Reactome:R-HSA-9930044|Reactome:R-HSA-9931510|Reactome:R-MMU-159231|Reactome:R-MMU-159236|Reactome:R-MMU-72163|Reactome:R-MMU-72165|Reactome:R-MMU-72187|Reactome:R-MMU-72203|Reactome:R-MMU-73856|Reactome:R-MMU-77595|Reactome:R-MMU-9013422|Reactome:R-MMU-9770562|Reactome:R-MMU-983168|Reactome:R-MMU-9930044|Reactome:R-RNO-159231|Reactome:R-RNO-72165|Reactome:R-RNO-73856|Reactome:R-RNO-77595|Reactome:R-RNO-9770562|Reactome:R-SCE-983168|Reactome:R-SPO-9770562|Reactome:R-SPO-983168|Reactome:R-XTR-77595|Reactome:R-XTR-9770562
Humnum	6016540a25a4fd6d3e6e4114a29caa9e	253	SMART	SM00343	c2hcfinal6	228	244	0.0056	T	13-08-2026	IPR001878	Zinc finger, CCHC-type	GO:0003676(InterPro)|GO:0008270(InterPro)	Reactome:R-BTA-159231|Reactome:R-BTA-159236|Reactome:R-BTA-72163|Reactome:R-BTA-72165|Reactome:R-BTA-72203|Reactome:R-BTA-73856|Reactome:R-BTA-77595|Reactome:R-BTA-9770562|Reactome:R-CEL-159236|Reactome:R-CEL-72163|Reactome:R-CEL-73856|Reactome:R-DME-159231|Reactome:R-DME-159236|Reactome:R-DME-1834941|Reactome:R-DME-72163|Reactome:R-DME-72165|Reactome:R-DME-72203|Reactome:R-DME-73856|Reactome:R-DME-77595|Reactome:R-DME-8941326|Reactome:R-DME-9770562|Reactome:R-DME-9930044|Reactome:R-DRE-72165|Reactome:R-HSA-1169408|Reactome:R-HSA-159231|Reactome:R-HSA-159236|Reactome:R-HSA-162585|Reactome:R-HSA-162588|Reactome:R-HSA-162592|Reactome:R-HSA-162594|Reactome:R-HSA-164516|Reactome:R-HSA-164525|Reactome:R-HSA-164843|Reactome:R-HSA-168315|Reactome:R-HSA-173107|Reactome:R-HSA-174490|Reactome:R-HSA-174495|Reactome:R-HSA-175474|Reactome:R-HSA-175567|Reactome:R-HSA-177539|Reactome:R-HSA-180689|Reactome:R-HSA-180910|Reactome:R-HSA-429947|Reactome:R-HSA-452723|Reactome:R-HSA-6784531|Reactome:R-HSA-72163|Reactome:R-HSA-72165|Reactome:R-HSA-72187|Reactome:R-HSA-72203|Reactome:R-HSA-73856|Reactome:R-HSA-77595|Reactome:R-HSA-9013422|Reactome:R-HSA-9682706|Reactome:R-HSA-9694686|Reactome:R-HSA-9705671|Reactome:R-HSA-9770562|Reactome:R-HSA-9819196|Reactome:R-HSA-9820865|Reactome:R-HSA-983168|Reactome:R-HSA-9843970|Reactome:R-HSA-9918481|Reactome:R-HSA-9930044|Reactome:R-HSA-9931510|Reactome:R-MMU-159231|Reactome:R-MMU-159236|Reactome:R-MMU-72163|Reactome:R-MMU-72165|Reactome:R-MMU-72187|Reactome:R-MMU-72203|Reactome:R-MMU-73856|Reactome:R-MMU-77595|Reactome:R-MMU-9013422|Reactome:R-MMU-9770562|Reactome:R-MMU-983168|Reactome:R-MMU-9930044|Reactome:R-RNO-159231|Reactome:R-RNO-72165|Reactome:R-RNO-73856|Reactome:R-RNO-77595|Reactome:R-RNO-9770562|Reactome:R-SCE-983168|Reactome:R-SPO-9770562|Reactome:R-SPO-983168|Reactome:R-XTR-77595|Reactome:R-XTR-9770562
SIRE1-4	1be983714e32d3f81aa84c06fa290332	538	SMART	SM00343	c2hcfinal6	503	519	0.57	T	13-08-2026	IPR001878	Zinc finger, CCHC-type	GO:0003676(InterPro)|GO:0008270(InterPro)	Reactome:R-BTA-159231|Reactome:R-BTA-159236|Reactome:R-BTA-72163|Reactome:R-BTA-72165|Reactome:R-BTA-72203|Reactome:R-BTA-73856|Reactome:R-BTA-77595|Reactome:R-BTA-9770562|Reactome:R-CEL-159236|Reactome:R-CEL-72163|Reactome:R-CEL-73856|Reactome:R-DME-159231|Reactome:R-DME-159236|Reactome:R-DME-1834941|Reactome:R-DME-72163|Reactome:R-DME-72165|Reactome:R-DME-72203|Reactome:R-DME-73856|Reactome:R-DME-77595|Reactome:R-DME-8941326|Reactome:R-DME-9770562|Reactome:R-DME-9930044|Reactome:R-DRE-72165|Reactome:R-HSA-1169408|Reactome:R-HSA-159231|Reactome:R-HSA-159236|Reactome:R-HSA-162585|Reactome:R-HSA-162588|Reactome:R-HSA-162592|Reactome:R-HSA-162594|Reactome:R-HSA-164516|Reactome:R-HSA-164525|Reactome:R-HSA-164843|Reactome:R-HSA-168315|Reactome:R-HSA-173107|Reactome:R-HSA-174490|Reactome:R-HSA-174495|Reactome:R-HSA-175474|Reactome:R-HSA-175567|Reactome:R-HSA-177539|Reactome:R-HSA-180689|Reactome:R-HSA-180910|Reactome:R-HSA-429947|Reactome:R-HSA-452723|Reactome:R-HSA-6784531|Reactome:R-HSA-72163|Reactome:R-HSA-72165|Reactome:R-HSA-72187|Reactome:R-HSA-72203|Reactome:R-HSA-73856|Reactome:R-HSA-77595|Reactome:R-HSA-9013422|Reactome:R-HSA-9682706|Reactome:R-HSA-9694686|Reactome:R-HSA-9705671|Reactome:R-HSA-9770562|Reactome:R-HSA-9819196|Reactome:R-HSA-9820865|Reactome:R-HSA-983168|Reactome:R-HSA-9843970|Reactome:R-HSA-9918481|Reactome:R-HSA-9930044|Reactome:R-HSA-9931510|Reactome:R-MMU-159231|Reactome:R-MMU-159236|Reactome:R-MMU-72163|Reactome:R-MMU-72165|Reactome:R-MMU-72187|Reactome:R-MMU-72203|Reactome:R-MMU-73856|Reactome:R-MMU-77595|Reactome:R-MMU-9013422|Reactome:R-MMU-9770562|Reactome:R-MMU-983168|Reactome:R-MMU-9930044|Reactome:R-RNO-159231|Reactome:R-RNO-72165|Reactome:R-RNO-73856|Reactome:R-RNO-77595|Reactome:R-RNO-9770562|Reactome:R-SCE-983168|Reactome:R-SPO-9770562|Reactome:R-SPO-983168|Reactome:R-XTR-77595|Reactome:R-XTR-9770562
SIRE1-4	1be983714e32d3f81aa84c06fa290332	538	SMART	SM00343	c2hcfinal6	301	317	0.15	T	13-08-2026	IPR001878	Zinc finger, CCHC-type	GO:0003676(InterPro)|GO:0008270(InterPro)	Reactome:R-BTA-159231|Reactome:R-BTA-159236|Reactome:R-BTA-72163|Reactome:R-BTA-72165|Reactome:R-BTA-72203|Reactome:R-BTA-73856|Reactome:R-BTA-77595|Reactome:R-BTA-9770562|Reactome:R-CEL-159236|Reactome:R-CEL-72163|Reactome:R-CEL-73856|Reactome:R-DME-159231|Reactome:R-DME-159236|Reactome:R-DME-1834941|Reactome:R-DME-72163|Reactome:R-DME-72165|Reactome:R-DME-72203|Reactome:R-DME-73856|Reactome:R-DME-77595|Reactome:R-DME-8941326|Reactome:R-DME-9770562|Reactome:R-DME-9930044|Reactome:R-DRE-72165|Reactome:R-HSA-1169408|Reactome:R-HSA-159231|Reactome:R-HSA-159236|Reactome:R-HSA-162585|Reactome:R-HSA-162588|Reactome:R-HSA-162592|Reactome:R-HSA-162594|Reactome:R-HSA-164516|Reactome:R-HSA-164525|Reactome:R-HSA-164843|Reactome:R-HSA-168315|Reactome:R-HSA-173107|Reactome:R-HSA-174490|Reactome:R-HSA-174495|Reactome:R-HSA-175474|Reactome:R-HSA-175567|Reactome:R-HSA-177539|Reactome:R-HSA-180689|Reactome:R-HSA-180910|Reactome:R-HSA-429947|Reactome:R-HSA-452723|Reactome:R-HSA-6784531|Reactome:R-HSA-72163|Reactome:R-HSA-72165|Reactome:R-HSA-72187|Reactome:R-HSA-72203|Reactome:R-HSA-73856|Reactome:R-HSA-77595|Reactome:R-HSA-9013422|Reactome:R-HSA-9682706|Reactome:R-HSA-9694686|Reactome:R-HSA-9705671|Reactome:R-HSA-9770562|Reactome:R-HSA-9819196|Reactome:R-HSA-9820865|Reactome:R-HSA-983168|Reactome:R-HSA-9843970|Reactome:R-HSA-9918481|Reactome:R-HSA-9930044|Reactome:R-HSA-9931510|Reactome:R-MMU-159231|Reactome:R-MMU-159236|Reactome:R-MMU-72163|Reactome:R-MMU-72165|Reactome:R-MMU-72187|Reactome:R-MMU-72203|Reactome:R-MMU-73856|Reactome:R-MMU-77595|Reactome:R-MMU-9013422|Reactome:R-MMU-9770562|Reactome:R-MMU-983168|Reactome:R-MMU-9930044|Reactome:R-RNO-159231|Reactome:R-RNO-72165|Reactome:R-RNO-73856|Reactome:R-RNO-77595|Reactome:R-RNO-9770562|Reactome:R-SCE-983168|Reactome:R-SPO-9770562|Reactome:R-SPO-983168|Reactome:R-XTR-77595|Reactome:R-XTR-9770562
SIRE1-4	1be983714e32d3f81aa84c06fa290332	538	MobiDBLite	mobidb-lite	consensus disorder prediction	479	498	-	T	13-08-2026	-	-	-	-
SIRE1-4	1be983714e32d3f81aa84c06fa290332	538	MobiDBLite	mobidb-lite	consensus disorder prediction	485	498	-	T	13-08-2026	-	-	-	-
SIRE1-4	1be983714e32d3f81aa84c06fa290332	538	Coils	Coil	Coil	381	422	-	T	13-08-2026	-	-	-	-
SIRE1-4	1be983714e32d3f81aa84c06fa290332	538	PANTHER	PTHR35317	OS04G0629600 PROTEIN	13	303	1.1E-33	T	13-08-2026	-	-	-	-
SIRE1-4	1be983714e32d3f81aa84c06fa290332	538	Pfam	PF14223	gag-polypeptide of LTR copia-type	64	210	1.1E-22	T	13-08-2026	IPR061502	Copia/RE1/RE2-like, N-terminal domain	-	-
Tas	98c922ec3ea9c921df23b24aacd1ef63	271	PANTHER	PTHR47331	PHD-TYPE DOMAIN-CONTAINING PROTEIN	1	270	4.5E-18	T	13-08-2026	-	-	-	-
Tas	98c922ec3ea9c921df23b24aacd1ef63	271	MobiDBLite	mobidb-lite	consensus disorder prediction	180	207	-	T	13-08-2026	-	-	-	-
Tas	98c922ec3ea9c921df23b24aacd1ef63	271	MobiDBLite	mobidb-lite	consensus disorder prediction	180	196	-	T	13-08-2026	-	-	-	-
Tas	98c922ec3ea9c921df23b24aacd1ef63	271	Pfam	PF03564	Protein of unknown function (DUF1759)	9	146	5.9E-46	T	13-08-2026	IPR005312	Domain of unknown function DUF1759	-	-
PyERV	30a5494ab84592641a85871aef58b247	561	Pfam	PF00098	Zinc knuckle	447	462	0.12	T	13-08-2026	IPR001878	Zinc finger, CCHC-type	GO:0003676(InterPro)|GO:0008270(InterPro)	Reactome:R-BTA-159231|Reactome:R-BTA-159236|Reactome:R-BTA-72163|Reactome:R-BTA-72165|Reactome:R-BTA-72203|Reactome:R-BTA-73856|Reactome:R-BTA-77595|Reactome:R-BTA-9770562|Reactome:R-CEL-159236|Reactome:R-CEL-72163|Reactome:R-CEL-73856|Reactome:R-DME-159231|Reactome:R-DME-159236|Reactome:R-DME-1834941|Reactome:R-DME-72163|Reactome:R-DME-72165|Reactome:R-DME-72203|Reactome:R-DME-73856|Reactome:R-DME-77595|Reactome:R-DME-8941326|Reactome:R-DME-9770562|Reactome:R-DME-9930044|Reactome:R-DRE-72165|Reactome:R-HSA-1169408|Reactome:R-HSA-159231|Reactome:R-HSA-159236|Reactome:R-HSA-162585|Reactome:R-HSA-162588|Reactome:R-HSA-162592|Reactome:R-HSA-162594|Reactome:R-HSA-164516|Reactome:R-HSA-164525|Reactome:R-HSA-164843|Reactome:R-HSA-168315|Reactome:R-HSA-173107|Reactome:R-HSA-174490|Reactome:R-HSA-174495|Reactome:R-HSA-175474|Reactome:R-HSA-175567|Reactome:R-HSA-177539|Reactome:R-HSA-180689|Reactome:R-HSA-180910|Reactome:R-HSA-429947|Reactome:R-HSA-452723|Reactome:R-HSA-6784531|Reactome:R-HSA-72163|Reactome:R-HSA-72165|Reactome:R-HSA-72187|Reactome:R-HSA-72203|Reactome:R-HSA-73856|Reactome:R-HSA-77595|Reactome:R-HSA-9013422|Reactome:R-HSA-9682706|Reactome:R-HSA-9694686|Reactome:R-HSA-9705671|Reactome:R-HSA-9770562|Reactome:R-HSA-9819196|Reactome:R-HSA-9820865|Reactome:R-HSA-983168|Reactome:R-HSA-9843970|Reactome:R-HSA-9918481|Reactome:R-HSA-9930044|Reactome:R-HSA-9931510|Reactome:R-MMU-159231|Reactome:R-MMU-159236|Reactome:R-MMU-72163|Reactome:R-MMU-72165|Reactome:R-MMU-72187|Reactome:R-MMU-72203|Reactome:R-MMU-73856|Reactome:R-MMU-77595|Reactome:R-MMU-9013422|Reactome:R-MMU-9770562|Reactome:R-MMU-983168|Reactome:R-MMU-9930044|Reactome:R-RNO-159231|Reactome:R-RNO-72165|Reactome:R-RNO-73856|Reactome:R-RNO-77595|Reactome:R-RNO-9770562|Reactome:R-SCE-983168|Reactome:R-SPO-9770562|Reactome:R-SPO-983168|Reactome:R-XTR-77595|Reactome:R-XTR-9770562
PyERV	30a5494ab84592641a85871aef58b247	561	Gene3D	G3DSA:1.10.1200.30	-	326	425	6.9E-27	T	13-08-2026	IPR008916	Retrovirus capsid, C-terminal	-	Reactome:R-HSA-1169408|Reactome:R-HSA-162585|Reactome:R-HSA-162588|Reactome:R-HSA-162592|Reactome:R-HSA-162594|Reactome:R-HSA-164516|Reactome:R-HSA-164525|Reactome:R-HSA-164843|Reactome:R-HSA-173107|Reactome:R-HSA-174490|Reactome:R-HSA-174495|Reactome:R-HSA-175474|Reactome:R-HSA-175567|Reactome:R-HSA-177539|Reactome:R-HSA-180689|Reactome:R-HSA-180910
PyERV	30a5494ab84592641a85871aef58b247	561	SUPERFAMILY	SSF47943	Retrovirus capsid protein, N-terminal core domain	175	325	1.49E-30	T	13-08-2026	IPR008919	Retrovirus capsid, N-terminal	GO:0016032(InterPro)	Reactome:R-HSA-1169408|Reactome:R-HSA-162585|Reactome:R-HSA-162588|Reactome:R-HSA-162592|Reactome:R-HSA-162594|Reactome:R-HSA-164516|Reactome:R-HSA-164525|Reactome:R-HSA-164843|Reactome:R-HSA-173107|Reactome:R-HSA-174490|Reactome:R-HSA-174495|Reactome:R-HSA-175474|Reactome:R-HSA-175567|Reactome:R-HSA-177539|Reactome:R-HSA-180689|Reactome:R-HSA-180910
PyERV	30a5494ab84592641a85871aef58b247	561	PANTHER	PTHR40389	ENDOGENOUS RETROVIRUS GROUP K MEMBER 24 GAG POLYPROTEIN-RELATED	139	506	5.0E-83	T	13-08-2026	IPR050195	Primate lentivirus group Gag polyprotein-like	-	Reactome:R-HSA-1169408|Reactome:R-HSA-162585|Reactome:R-HSA-162588|Reactome:R-HSA-162592|Reactome:R-HSA-162594|Reactome:R-HSA-164516|Reactome:R-HSA-164525|Reactome:R-HSA-164843|Reactome:R-HSA-173107|Reactome:R-HSA-174490|Reactome:R-HSA-174495|Reactome:R-HSA-175474|Reactome:R-HSA-175567|Reactome:R-HSA-177539|Reactome:R-HSA-180689|Reactome:R-HSA-180910
PyERV	30a5494ab84592641a85871aef58b247	561	SUPERFAMILY	SSF47353	Retrovirus capsid dimerization domain-like	334	415	1.12E-21	T	13-08-2026	-	-	-	-
PyERV	30a5494ab84592641a85871aef58b247	561	Gene3D	G3DSA:4.10.60.10	-	443	509	6.3E-10	T	13-08-2026	-	-	-	-
PyERV	30a5494ab84592641a85871aef58b247	561	SUPERFAMILY	SSF47836	Retroviral matrix proteins	1	95	4.24E-14	T	13-08-2026	IPR010999	Retroviral matrix protein	-	Reactome:R-HSA-1169408|Reactome:R-HSA-162585|Reactome:R-HSA-162588|Reactome:R-HSA-162592|Reactome:R-HSA-162594|Reactome:R-HSA-164516|Reactome:R-HSA-164525|Reactome:R-HSA-164843|Reactome:R-HSA-173107|Reactome:R-HSA-174490|Reactome:R-HSA-174495|Reactome:R-HSA-175474|Reactome:R-HSA-175567|Reactome:R-HSA-177539|Reactome:R-HSA-180689|Reactome:R-HSA-180910|Reactome:R-HSA-198933
PyERV	30a5494ab84592641a85871aef58b247	561	Gene3D	G3DSA:1.10.150.490	Retroviral GAG p10 protein	1	104	1.4E-10	T	13-08-2026	IPR038124	Beta-retroviral matrix superfamily	-	-
PyERV	30a5494ab84592641a85871aef58b247	561	SUPERFAMILY	SSF57756	Retrovirus zinc finger-like domains	479	499	2.39E-7	T	13-08-2026	IPR036875	Zinc finger, CCHC-type superfamily	GO:0003676(InterPro)|GO:0008270(InterPro)	Reactome:R-BTA-159231|Reactome:R-BTA-159236|Reactome:R-BTA-72163|Reactome:R-BTA-72165|Reactome:R-BTA-72203|Reactome:R-BTA-73856|Reactome:R-BTA-77595|Reactome:R-BTA-9770562|Reactome:R-CEL-159236|Reactome:R-CEL-72163|Reactome:R-CEL-73856|Reactome:R-DME-159231|Reactome:R-DME-159236|Reactome:R-DME-1834941|Reactome:R-DME-72163|Reactome:R-DME-72165|Reactome:R-DME-72203|Reactome:R-DME-73856|Reactome:R-DME-77595|Reactome:R-DME-9770562|Reactome:R-DRE-72165|Reactome:R-HSA-1169408|Reactome:R-HSA-159231|Reactome:R-HSA-159236|Reactome:R-HSA-162585|Reactome:R-HSA-162588|Reactome:R-HSA-162592|Reactome:R-HSA-162594|Reactome:R-HSA-164516|Reactome:R-HSA-164525|Reactome:R-HSA-164843|Reactome:R-HSA-168315|Reactome:R-HSA-173107|Reactome:R-HSA-174490|Reactome:R-HSA-174495|Reactome:R-HSA-175474|Reactome:R-HSA-175567|Reactome:R-HSA-177539|Reactome:R-HSA-180689|Reactome:R-HSA-180910|Reactome:R-HSA-429947|Reactome:R-HSA-452723|Reactome:R-HSA-6784531|Reactome:R-HSA-72163|Reactome:R-HSA-72165|Reactome:R-HSA-72187|Reactome:R-HSA-72203|Reactome:R-HSA-73856|Reactome:R-HSA-77595|Reactome:R-HSA-9013422|Reactome:R-HSA-9682706|Reactome:R-HSA-9694686|Reactome:R-HSA-9705671|Reactome:R-HSA-9770562|Reactome:R-HSA-9819196|Reactome:R-HSA-9820865|Reactome:R-HSA-983168|Reactome:R-HSA-9918481|Reactome:R-HSA-9930044|Reactome:R-MMU-159231|Reactome:R-MMU-159236|Reactome:R-MMU-72163|Reactome:R-MMU-72165|Reactome:R-MMU-72187|Reactome:R-MMU-72203|Reactome:R-MMU-73856|Reactome:R-MMU-77595|Reactome:R-MMU-9013422|Reactome:R-MMU-9770562|Reactome:R-MMU-983168|Reactome:R-RNO-159231|Reactome:R-RNO-72165|Reactome:R-RNO-73856|Reactome:R-RNO-77595|Reactome:R-RNO-9770562|Reactome:R-SCE-983168|Reactome:R-SPO-9770562|Reactome:R-SPO-983168|Reactome:R-XTR-77595|Reactome:R-XTR-9770562
PyERV	30a5494ab84592641a85871aef58b247	561	Pfam	PF19317	Gag protein p24 C-terminal domain	333	403	5.7E-12	T	13-08-2026	IPR045345	Retroviral nucleocapsid Gag protein p24, C-terminal domain	-	Reactome:R-HSA-1169408|Reactome:R-HSA-162585|Reactome:R-HSA-162588|Reactome:R-HSA-162592|Reactome:R-HSA-162594|Reactome:R-HSA-164516|Reactome:R-HSA-164525|Reactome:R-HSA-164843|Reactome:R-HSA-173107|Reactome:R-HSA-174490|Reactome:R-HSA-174495|Reactome:R-HSA-175474|Reactome:R-HSA-175567|Reactome:R-HSA-177539|Reactome:R-HSA-180689|Reactome:R-HSA-180910
PyERV	30a5494ab84592641a85871aef58b247	561	SMART	SM00343	c2hcfinal6	482	498	0.022	T	13-08-2026	IPR001878	Zinc finger, CCHC-type	GO:0003676(InterPro)|GO:0008270(InterPro)	Reactome:R-BTA-159231|Reactome:R-BTA-159236|Reactome:R-BTA-72163|Reactome:R-BTA-72165|Reactome:R-BTA-72203|Reactome:R-BTA-73856|Reactome:R-BTA-77595|Reactome:R-BTA-9770562|Reactome:R-CEL-159236|Reactome:R-CEL-72163|Reactome:R-CEL-73856|Reactome:R-DME-159231|Reactome:R-DME-159236|Reactome:R-DME-1834941|Reactome:R-DME-72163|Reactome:R-DME-72165|Reactome:R-DME-72203|Reactome:R-DME-73856|Reactome:R-DME-77595|Reactome:R-DME-8941326|Reactome:R-DME-9770562|Reactome:R-DME-9930044|Reactome:R-DRE-72165|Reactome:R-HSA-1169408|Reactome:R-HSA-159231|Reactome:R-HSA-159236|Reactome:R-HSA-162585|Reactome:R-HSA-162588|Reactome:R-HSA-162592|Reactome:R-HSA-162594|Reactome:R-HSA-164516|Reactome:R-HSA-164525|Reactome:R-HSA-164843|Reactome:R-HSA-168315|Reactome:R-HSA-173107|Reactome:R-HSA-174490|Reactome:R-HSA-174495|Reactome:R-HSA-175474|Reactome:R-HSA-175567|Reactome:R-HSA-177539|Reactome:R-HSA-180689|Reactome:R-HSA-180910|Reactome:R-HSA-429947|Reactome:R-HSA-452723|Reactome:R-HSA-6784531|Reactome:R-HSA-72163|Reactome:R-HSA-72165|Reactome:R-HSA-72187|Reactome:R-HSA-72203|Reactome:R-HSA-73856|Reactome:R-HSA-77595|Reactome:R-HSA-9013422|Reactome:R-HSA-9682706|Reactome:R-HSA-9694686|Reactome:R-HSA-9705671|Reactome:R-HSA-9770562|Reactome:R-HSA-9819196|Reactome:R-HSA-9820865|Reactome:R-HSA-983168|Reactome:R-HSA-9843970|Reactome:R-HSA-9918481|Reactome:R-HSA-9930044|Reactome:R-HSA-9931510|Reactome:R-MMU-159231|Reactome:R-MMU-159236|Reactome:R-MMU-72163|Reactome:R-MMU-72165|Reactome:R-MMU-72187|Reactome:R-MMU-72203|Reactome:R-MMU-73856|Reactome:R-MMU-77595|Reactome:R-MMU-9013422|Reactome:R-MMU-9770562|Reactome:R-MMU-983168|Reactome:R-MMU-9930044|Reactome:R-RNO-159231|Reactome:R-RNO-72165|Reactome:R-RNO-73856|Reactome:R-RNO-77595|Reactome:R-RNO-9770562|Reactome:R-SCE-983168|Reactome:R-SPO-9770562|Reactome:R-SPO-983168|Reactome:R-XTR-77595|Reactome:R-XTR-9770562
PyERV	30a5494ab84592641a85871aef58b247	561	SMART	SM00343	c2hcfinal6	447	463	2.3E-4	T	13-08-2026	IPR001878	Zinc finger, CCHC-type	GO:0003676(InterPro)|GO:0008270(InterPro)	Reactome:R-BTA-159231|Reactome:R-BTA-159236|Reactome:R-BTA-72163|Reactome:R-BTA-72165|Reactome:R-BTA-72203|Reactome:R-BTA-73856|Reactome:R-BTA-77595|Reactome:R-BTA-9770562|Reactome:R-CEL-159236|Reactome:R-CEL-72163|Reactome:R-CEL-73856|Reactome:R-DME-159231|Reactome:R-DME-159236|Reactome:R-DME-1834941|Reactome:R-DME-72163|Reactome:R-DME-72165|Reactome:R-DME-72203|Reactome:R-DME-73856|Reactome:R-DME-77595|Reactome:R-DME-8941326|Reactome:R-DME-9770562|Reactome:R-DME-9930044|Reactome:R-DRE-72165|Reactome:R-HSA-1169408|Reactome:R-HSA-159231|Reactome:R-HSA-159236|Reactome:R-HSA-162585|Reactome:R-HSA-162588|Reactome:R-HSA-162592|Reactome:R-HSA-162594|Reactome:R-HSA-164516|Reactome:R-HSA-164525|Reactome:R-HSA-164843|Reactome:R-HSA-168315|Reactome:R-HSA-173107|Reactome:R-HSA-174490|Reactome:R-HSA-174495|Reactome:R-HSA-175474|Reactome:R-HSA-175567|Reactome:R-HSA-177539|Reactome:R-HSA-180689|Reactome:R-HSA-180910|Reactome:R-HSA-429947|Reactome:R-HSA-452723|Reactome:R-HSA-6784531|Reactome:R-HSA-72163|Reactome:R-HSA-72165|Reactome:R-HSA-72187|Reactome:R-HSA-72203|Reactome:R-HSA-73856|Reactome:R-HSA-77595|Reactome:R-HSA-9013422|Reactome:R-HSA-9682706|Reactome:R-HSA-9694686|Reactome:R-HSA-9705671|Reactome:R-HSA-9770562|Reactome:R-HSA-9819196|Reactome:R-HSA-9820865|Reactome:R-HSA-983168|Reactome:R-HSA-9843970|Reactome:R-HSA-9918481|Reactome:R-HSA-9930044|Reactome:R-HSA-9931510|Reactome:R-MMU-159231|Reactome:R-MMU-159236|Reactome:R-MMU-72163|Reactome:R-MMU-72165|Reactome:R-MMU-72187|Reactome:R-MMU-72203|Reactome:R-MMU-73856|Reactome:R-MMU-77595|Reactome:R-MMU-9013422|Reactome:R-MMU-9770562|Reactome:R-MMU-983168|Reactome:R-MMU-9930044|Reactome:R-RNO-159231|Reactome:R-RNO-72165|Reactome:R-RNO-73856|Reactome:R-RNO-77595|Reactome:R-RNO-9770562|Reactome:R-SCE-983168|Reactome:R-SPO-9770562|Reactome:R-SPO-983168|Reactome:R-XTR-77595|Reactome:R-XTR-9770562
PyERV	30a5494ab84592641a85871aef58b247	561	Pfam	PF00607	gag protein p24 N-terminal domain	204	325	6.4E-24	T	13-08-2026	-	-	-	-
PyERV	30a5494ab84592641a85871aef58b247	561	ProSiteProfiles	PS50158	Zinc finger CCHC-type profile.	448	462	10.295547	T	13-08-2026	IPR001878	Zinc finger, CCHC-type	GO:0003676(InterPro)|GO:0008270(InterPro)	Reactome:R-BTA-159231|Reactome:R-BTA-159236|Reactome:R-BTA-72163|Reactome:R-BTA-72165|Reactome:R-BTA-72203|Reactome:R-BTA-73856|Reactome:R-BTA-77595|Reactome:R-BTA-9770562|Reactome:R-CEL-159236|Reactome:R-CEL-72163|Reactome:R-CEL-73856|Reactome:R-DME-159231|Reactome:R-DME-159236|Reactome:R-DME-1834941|Reactome:R-DME-72163|Reactome:R-DME-72165|Reactome:R-DME-72203|Reactome:R-DME-73856|Reactome:R-DME-77595|Reactome:R-DME-8941326|Reactome:R-DME-9770562|Reactome:R-DME-9930044|Reactome:R-DRE-72165|Reactome:R-HSA-1169408|Reactome:R-HSA-159231|Reactome:R-HSA-159236|Reactome:R-HSA-162585|Reactome:R-HSA-162588|Reactome:R-HSA-162592|Reactome:R-HSA-162594|Reactome:R-HSA-164516|Reactome:R-HSA-164525|Reactome:R-HSA-164843|Reactome:R-HSA-168315|Reactome:R-HSA-173107|Reactome:R-HSA-174490|Reactome:R-HSA-174495|Reactome:R-HSA-175474|Reactome:R-HSA-175567|Reactome:R-HSA-177539|Reactome:R-HSA-180689|Reactome:R-HSA-180910|Reactome:R-HSA-429947|Reactome:R-HSA-452723|Reactome:R-HSA-6784531|Reactome:R-HSA-72163|Reactome:R-HSA-72165|Reactome:R-HSA-72187|Reactome:R-HSA-72203|Reactome:R-HSA-73856|Reactome:R-HSA-77595|Reactome:R-HSA-9013422|Reactome:R-HSA-9682706|Reactome:R-HSA-9694686|Reactome:R-HSA-9705671|Reactome:R-HSA-9770562|Reactome:R-HSA-9819196|Reactome:R-HSA-9820865|Reactome:R-HSA-983168|Reactome:R-HSA-9843970|Reactome:R-HSA-9918481|Reactome:R-HSA-9930044|Reactome:R-HSA-9931510|Reactome:R-MMU-159231|Reactome:R-MMU-159236|Reactome:R-MMU-72163|Reactome:R-MMU-72165|Reactome:R-MMU-72187|Reactome:R-MMU-72203|Reactome:R-MMU-73856|Reactome:R-MMU-77595|Reactome:R-MMU-9013422|Reactome:R-MMU-9770562|Reactome:R-MMU-983168|Reactome:R-MMU-9930044|Reactome:R-RNO-159231|Reactome:R-RNO-72165|Reactome:R-RNO-73856|Reactome:R-RNO-77595|Reactome:R-RNO-9770562|Reactome:R-SCE-983168|Reactome:R-SPO-9770562|Reactome:R-SPO-983168|Reactome:R-XTR-77595|Reactome:R-XTR-9770562
PyERV	30a5494ab84592641a85871aef58b247	561	SUPERFAMILY	SSF57756	Retrovirus zinc finger-like domains	440	467	8.63E-6	T	13-08-2026	IPR036875	Zinc finger, CCHC-type superfamily	GO:0003676(InterPro)|GO:0008270(InterPro)	Reactome:R-BTA-159231|Reactome:R-BTA-159236|Reactome:R-BTA-72163|Reactome:R-BTA-72165|Reactome:R-BTA-72203|Reactome:R-BTA-73856|Reactome:R-BTA-77595|Reactome:R-BTA-9770562|Reactome:R-CEL-159236|Reactome:R-CEL-72163|Reactome:R-CEL-73856|Reactome:R-DME-159231|Reactome:R-DME-159236|Reactome:R-DME-1834941|Reactome:R-DME-72163|Reactome:R-DME-72165|Reactome:R-DME-72203|Reactome:R-DME-73856|Reactome:R-DME-77595|Reactome:R-DME-9770562|Reactome:R-DRE-72165|Reactome:R-HSA-1169408|Reactome:R-HSA-159231|Reactome:R-HSA-159236|Reactome:R-HSA-162585|Reactome:R-HSA-162588|Reactome:R-HSA-162592|Reactome:R-HSA-162594|Reactome:R-HSA-164516|Reactome:R-HSA-164525|Reactome:R-HSA-164843|Reactome:R-HSA-168315|Reactome:R-HSA-173107|Reactome:R-HSA-174490|Reactome:R-HSA-174495|Reactome:R-HSA-175474|Reactome:R-HSA-175567|Reactome:R-HSA-177539|Reactome:R-HSA-180689|Reactome:R-HSA-180910|Reactome:R-HSA-429947|Reactome:R-HSA-452723|Reactome:R-HSA-6784531|Reactome:R-HSA-72163|Reactome:R-HSA-72165|Reactome:R-HSA-72187|Reactome:R-HSA-72203|Reactome:R-HSA-73856|Reactome:R-HSA-77595|Reactome:R-HSA-9013422|Reactome:R-HSA-9682706|Reactome:R-HSA-9694686|Reactome:R-HSA-9705671|Reactome:R-HSA-9770562|Reactome:R-HSA-9819196|Reactome:R-HSA-9820865|Reactome:R-HSA-983168|Reactome:R-HSA-9918481|Reactome:R-HSA-9930044|Reactome:R-MMU-159231|Reactome:R-MMU-159236|Reactome:R-MMU-72163|Reactome:R-MMU-72165|Reactome:R-MMU-72187|Reactome:R-MMU-72203|Reactome:R-MMU-73856|Reactome:R-MMU-77595|Reactome:R-MMU-9013422|Reactome:R-MMU-9770562|Reactome:R-MMU-983168|Reactome:R-RNO-159231|Reactome:R-RNO-72165|Reactome:R-RNO-73856|Reactome:R-RNO-77595|Reactome:R-RNO-9770562|Reactome:R-SCE-983168|Reactome:R-SPO-9770562|Reactome:R-SPO-983168|Reactome:R-XTR-77595|Reactome:R-XTR-9770562
PyERV	30a5494ab84592641a85871aef58b247	561	Gene3D	G3DSA:1.10.375.10	Human Immunodeficiency Virus Type 1 Capsid Protein	196	325	2.5E-31	T	13-08-2026	IPR008919	Retrovirus capsid, N-terminal	GO:0016032(InterPro)	Reactome:R-HSA-1169408|Reactome:R-HSA-162585|Reactome:R-HSA-162588|Reactome:R-HSA-162592|Reactome:R-HSA-162594|Reactome:R-HSA-164516|Reactome:R-HSA-164525|Reactome:R-HSA-164843|Reactome:R-HSA-173107|Reactome:R-HSA-174490|Reactome:R-HSA-174495|Reactome:R-HSA-175474|Reactome:R-HSA-175567|Reactome:R-HSA-177539|Reactome:R-HSA-180689|Reactome:R-HSA-180910
PyERV	30a5494ab84592641a85871aef58b247	561	Pfam	PF02337	Retroviral GAG p10 protein	37	95	2.8E-4	T	13-08-2026	IPR003322	Beta-retroviral matrix protein	GO:0005198(InterPro)	-
PyERV	30a5494ab84592641a85871aef58b247	561	Pfam	PF14787	GAG-polyprotein viral zinc-finger	482	498	7.6E-4	T	13-08-2026	-	-	-	-
PyERV	30a5494ab84592641a85871aef58b247	561	MobiDBLite	mobidb-lite	consensus disorder prediction	512	531	-	T	13-08-2026	-	-	-	-
CoDi5.2	f4b043e4cae39558fc86f4561c018f64	337	Coils	Coil	Coil	31	51	-	T	13-08-2026	-	-	-	-
ASSBSV	d834e1aa98a3ec5363d21aa831f96198	749	Gene3D	G3DSA:4.10.60.10	-	676	735	4.4E-7	T	13-08-2026	-	-	-	-
ASSBSV	d834e1aa98a3ec5363d21aa831f96198	749	SUPERFAMILY	SSF57756	Retrovirus zinc finger-like domains	667	704	5.23E-8	T	13-08-2026	IPR036875	Zinc finger, CCHC-type superfamily	GO:0003676(InterPro)|GO:0008270(InterPro)	Reactome:R-BTA-159231|Reactome:R-BTA-159236|Reactome:R-BTA-72163|Reactome:R-BTA-72165|Reactome:R-BTA-72203|Reactome:R-BTA-73856|Reactome:R-BTA-77595|Reactome:R-BTA-9770562|Reactome:R-CEL-159236|Reactome:R-CEL-72163|Reactome:R-CEL-73856|Reactome:R-DME-159231|Reactome:R-DME-159236|Reactome:R-DME-1834941|Reactome:R-DME-72163|Reactome:R-DME-72165|Reactome:R-DME-72203|Reactome:R-DME-73856|Reactome:R-DME-77595|Reactome:R-DME-9770562|Reactome:R-DRE-72165|Reactome:R-HSA-1169408|Reactome:R-HSA-159231|Reactome:R-HSA-159236|Reactome:R-HSA-162585|Reactome:R-HSA-162588|Reactome:R-HSA-162592|Reactome:R-HSA-162594|Reactome:R-HSA-164516|Reactome:R-HSA-164525|Reactome:R-HSA-164843|Reactome:R-HSA-168315|Reactome:R-HSA-173107|Reactome:R-HSA-174490|Reactome:R-HSA-174495|Reactome:R-HSA-175474|Reactome:R-HSA-175567|Reactome:R-HSA-177539|Reactome:R-HSA-180689|Reactome:R-HSA-180910|Reactome:R-HSA-429947|Reactome:R-HSA-452723|Reactome:R-HSA-6784531|Reactome:R-HSA-72163|Reactome:R-HSA-72165|Reactome:R-HSA-72187|Reactome:R-HSA-72203|Reactome:R-HSA-73856|Reactome:R-HSA-77595|Reactome:R-HSA-9013422|Reactome:R-HSA-9682706|Reactome:R-HSA-9694686|Reactome:R-HSA-9705671|Reactome:R-HSA-9770562|Reactome:R-HSA-9819196|Reactome:R-HSA-9820865|Reactome:R-HSA-983168|Reactome:R-HSA-9918481|Reactome:R-HSA-9930044|Reactome:R-MMU-159231|Reactome:R-MMU-159236|Reactome:R-MMU-72163|Reactome:R-MMU-72165|Reactome:R-MMU-72187|Reactome:R-MMU-72203|Reactome:R-MMU-73856|Reactome:R-MMU-77595|Reactome:R-MMU-9013422|Reactome:R-MMU-9770562|Reactome:R-MMU-983168|Reactome:R-RNO-159231|Reactome:R-RNO-72165|Reactome:R-RNO-73856|Reactome:R-RNO-77595|Reactome:R-RNO-9770562|Reactome:R-SCE-983168|Reactome:R-SPO-9770562|Reactome:R-SPO-983168|Reactome:R-XTR-77595|Reactome:R-XTR-9770562
ASSBSV	d834e1aa98a3ec5363d21aa831f96198	749	Pfam	PF00098	Zinc knuckle	683	698	1.7E-4	T	13-08-2026	IPR001878	Zinc finger, CCHC-type	GO:0003676(InterPro)|GO:0008270(InterPro)	Reactome:R-BTA-159231|Reactome:R-BTA-159236|Reactome:R-BTA-72163|Reactome:R-BTA-72165|Reactome:R-BTA-72203|Reactome:R-BTA-73856|Reactome:R-BTA-77595|Reactome:R-BTA-9770562|Reactome:R-CEL-159236|Reactome:R-CEL-72163|Reactome:R-CEL-73856|Reactome:R-DME-159231|Reactome:R-DME-159236|Reactome:R-DME-1834941|Reactome:R-DME-72163|Reactome:R-DME-72165|Reactome:R-DME-72203|Reactome:R-DME-73856|Reactome:R-DME-77595|Reactome:R-DME-8941326|Reactome:R-DME-9770562|Reactome:R-DME-9930044|Reactome:R-DRE-72165|Reactome:R-HSA-1169408|Reactome:R-HSA-159231|Reactome:R-HSA-159236|Reactome:R-HSA-162585|Reactome:R-HSA-162588|Reactome:R-HSA-162592|Reactome:R-HSA-162594|Reactome:R-HSA-164516|Reactome:R-HSA-164525|Reactome:R-HSA-164843|Reactome:R-HSA-168315|Reactome:R-HSA-173107|Reactome:R-HSA-174490|Reactome:R-HSA-174495|Reactome:R-HSA-175474|Reactome:R-HSA-175567|Reactome:R-HSA-177539|Reactome:R-HSA-180689|Reactome:R-HSA-180910|Reactome:R-HSA-429947|Reactome:R-HSA-452723|Reactome:R-HSA-6784531|Reactome:R-HSA-72163|Reactome:R-HSA-72165|Reactome:R-HSA-72187|Reactome:R-HSA-72203|Reactome:R-HSA-73856|Reactome:R-HSA-77595|Reactome:R-HSA-9013422|Reactome:R-HSA-9682706|Reactome:R-HSA-9694686|Reactome:R-HSA-9705671|Reactome:R-HSA-9770562|Reactome:R-HSA-9819196|Reactome:R-HSA-9820865|Reactome:R-HSA-983168|Reactome:R-HSA-9843970|Reactome:R-HSA-9918481|Reactome:R-HSA-9930044|Reactome:R-HSA-9931510|Reactome:R-MMU-159231|Reactome:R-MMU-159236|Reactome:R-MMU-72163|Reactome:R-MMU-72165|Reactome:R-MMU-72187|Reactome:R-MMU-72203|Reactome:R-MMU-73856|Reactome:R-MMU-77595|Reactome:R-MMU-9013422|Reactome:R-MMU-9770562|Reactome:R-MMU-983168|Reactome:R-MMU-9930044|Reactome:R-RNO-159231|Reactome:R-RNO-72165|Reactome:R-RNO-73856|Reactome:R-RNO-77595|Reactome:R-RNO-9770562|Reactome:R-SCE-983168|Reactome:R-SPO-9770562|Reactome:R-SPO-983168|Reactome:R-XTR-77595|Reactome:R-XTR-9770562
ASSBSV	d834e1aa98a3ec5363d21aa831f96198	749	Coils	Coil	Coil	576	596	-	T	13-08-2026	-	-	-	-
ASSBSV	d834e1aa98a3ec5363d21aa831f96198	749	ProSiteProfiles	PS50158	Zinc finger CCHC-type profile.	684	698	11.399896	T	13-08-2026	IPR001878	Zinc finger, CCHC-type	GO:0003676(InterPro)|GO:0008270(InterPro)	Reactome:R-BTA-159231|Reactome:R-BTA-159236|Reactome:R-BTA-72163|Reactome:R-BTA-72165|Reactome:R-BTA-72203|Reactome:R-BTA-73856|Reactome:R-BTA-77595|Reactome:R-BTA-9770562|Reactome:R-CEL-159236|Reactome:R-CEL-72163|Reactome:R-CEL-73856|Reactome:R-DME-159231|Reactome:R-DME-159236|Reactome:R-DME-1834941|Reactome:R-DME-72163|Reactome:R-DME-72165|Reactome:R-DME-72203|Reactome:R-DME-73856|Reactome:R-DME-77595|Reactome:R-DME-8941326|Reactome:R-DME-9770562|Reactome:R-DME-9930044|Reactome:R-DRE-72165|Reactome:R-HSA-1169408|Reactome:R-HSA-159231|Reactome:R-HSA-159236|Reactome:R-HSA-162585|Reactome:R-HSA-162588|Reactome:R-HSA-162592|Reactome:R-HSA-162594|Reactome:R-HSA-164516|Reactome:R-HSA-164525|Reactome:R-HSA-164843|Reactome:R-HSA-168315|Reactome:R-HSA-173107|Reactome:R-HSA-174490|Reactome:R-HSA-174495|Reactome:R-HSA-175474|Reactome:R-HSA-175567|Reactome:R-HSA-177539|Reactome:R-HSA-180689|Reactome:R-HSA-180910|Reactome:R-HSA-429947|Reactome:R-HSA-452723|Reactome:R-HSA-6784531|Reactome:R-HSA-72163|Reactome:R-HSA-72165|Reactome:R-HSA-72187|Reactome:R-HSA-72203|Reactome:R-HSA-73856|Reactome:R-HSA-77595|Reactome:R-HSA-9013422|Reactome:R-HSA-9682706|Reactome:R-HSA-9694686|Reactome:R-HSA-9705671|Reactome:R-HSA-9770562|Reactome:R-HSA-9819196|Reactome:R-HSA-9820865|Reactome:R-HSA-983168|Reactome:R-HSA-9843970|Reactome:R-HSA-9918481|Reactome:R-HSA-9930044|Reactome:R-HSA-9931510|Reactome:R-MMU-159231|Reactome:R-MMU-159236|Reactome:R-MMU-72163|Reactome:R-MMU-72165|Reactome:R-MMU-72187|Reactome:R-MMU-72203|Reactome:R-MMU-73856|Reactome:R-MMU-77595|Reactome:R-MMU-9013422|Reactome:R-MMU-9770562|Reactome:R-MMU-983168|Reactome:R-MMU-9930044|Reactome:R-RNO-159231|Reactome:R-RNO-72165|Reactome:R-RNO-73856|Reactome:R-RNO-77595|Reactome:R-RNO-9770562|Reactome:R-SCE-983168|Reactome:R-SPO-9770562|Reactome:R-SPO-983168|Reactome:R-XTR-77595|Reactome:R-XTR-9770562
ASSBSV	d834e1aa98a3ec5363d21aa831f96198	749	SMART	SM00343	c2hcfinal6	683	699	1.0E-5	T	13-08-2026	IPR001878	Zinc finger, CCHC-type	GO:0003676(InterPro)|GO:0008270(InterPro)	Reactome:R-BTA-159231|Reactome:R-BTA-159236|Reactome:R-BTA-72163|Reactome:R-BTA-72165|Reactome:R-BTA-72203|Reactome:R-BTA-73856|Reactome:R-BTA-77595|Reactome:R-BTA-9770562|Reactome:R-CEL-159236|Reactome:R-CEL-72163|Reactome:R-CEL-73856|Reactome:R-DME-159231|Reactome:R-DME-159236|Reactome:R-DME-1834941|Reactome:R-DME-72163|Reactome:R-DME-72165|Reactome:R-DME-72203|Reactome:R-DME-73856|Reactome:R-DME-77595|Reactome:R-DME-8941326|Reactome:R-DME-9770562|Reactome:R-DME-9930044|Reactome:R-DRE-72165|Reactome:R-HSA-1169408|Reactome:R-HSA-159231|Reactome:R-HSA-159236|Reactome:R-HSA-162585|Reactome:R-HSA-162588|Reactome:R-HSA-162592|Reactome:R-HSA-162594|Reactome:R-HSA-164516|Reactome:R-HSA-164525|Reactome:R-HSA-164843|Reactome:R-HSA-168315|Reactome:R-HSA-173107|Reactome:R-HSA-174490|Reactome:R-HSA-174495|Reactome:R-HSA-175474|Reactome:R-HSA-175567|Reactome:R-HSA-177539|Reactome:R-HSA-180689|Reactome:R-HSA-180910|Reactome:R-HSA-429947|Reactome:R-HSA-452723|Reactome:R-HSA-6784531|Reactome:R-HSA-72163|Reactome:R-HSA-72165|Reactome:R-HSA-72187|Reactome:R-HSA-72203|Reactome:R-HSA-73856|Reactome:R-HSA-77595|Reactome:R-HSA-9013422|Reactome:R-HSA-9682706|Reactome:R-HSA-9694686|Reactome:R-HSA-9705671|Reactome:R-HSA-9770562|Reactome:R-HSA-9819196|Reactome:R-HSA-9820865|Reactome:R-HSA-983168|Reactome:R-HSA-9843970|Reactome:R-HSA-9918481|Reactome:R-HSA-9930044|Reactome:R-HSA-9931510|Reactome:R-MMU-159231|Reactome:R-MMU-159236|Reactome:R-MMU-72163|Reactome:R-MMU-72165|Reactome:R-MMU-72187|Reactome:R-MMU-72203|Reactome:R-MMU-73856|Reactome:R-MMU-77595|Reactome:R-MMU-9013422|Reactome:R-MMU-9770562|Reactome:R-MMU-983168|Reactome:R-MMU-9930044|Reactome:R-RNO-159231|Reactome:R-RNO-72165|Reactome:R-RNO-73856|Reactome:R-RNO-77595|Reactome:R-RNO-9770562|Reactome:R-SCE-983168|Reactome:R-SPO-9770562|Reactome:R-SPO-983168|Reactome:R-XTR-77595|Reactome:R-XTR-9770562
ASSBSV	d834e1aa98a3ec5363d21aa831f96198	749	MobiDBLite	mobidb-lite	consensus disorder prediction	708	749	-	T	13-08-2026	-	-	-	-
ASSBSV	d834e1aa98a3ec5363d21aa831f96198	749	MobiDBLite	mobidb-lite	consensus disorder prediction	730	740	-	T	13-08-2026	-	-	-	-
ASSBSV	d834e1aa98a3ec5363d21aa831f96198	749	MobiDBLite	mobidb-lite	consensus disorder prediction	631	651	-	T	13-08-2026	-	-	-	-
ASSBSV	d834e1aa98a3ec5363d21aa831f96198	749	MobiDBLite	mobidb-lite	consensus disorder prediction	628	674	-	T	13-08-2026	-	-	-	-
ASSBSV	d834e1aa98a3ec5363d21aa831f96198	749	MobiDBLite	mobidb-lite	consensus disorder prediction	196	293	-	T	13-08-2026	-	-	-	-
ASSBSV	d834e1aa98a3ec5363d21aa831f96198	749	MobiDBLite	mobidb-lite	consensus disorder prediction	258	274	-	T	13-08-2026	-	-	-	-
ASSBSV	d834e1aa98a3ec5363d21aa831f96198	749	MobiDBLite	mobidb-lite	consensus disorder prediction	276	292	-	T	13-08-2026	-	-	-	-
ASSBSV	d834e1aa98a3ec5363d21aa831f96198	749	MobiDBLite	mobidb-lite	consensus disorder prediction	652	671	-	T	13-08-2026	-	-	-	-
ASSBSV	d834e1aa98a3ec5363d21aa831f96198	749	MobiDBLite	mobidb-lite	consensus disorder prediction	133	176	-	T	13-08-2026	-	-	-	-
Endovir1-1	c07dd780ffeea1f838beba3575b0eb74	603	Coils	Coil	Coil	410	437	-	T	13-08-2026	-	-	-	-
Endovir1-1	c07dd780ffeea1f838beba3575b0eb74	603	Coils	Coil	Coil	445	465	-	T	13-08-2026	-	-	-	-
Endovir1-1	c07dd780ffeea1f838beba3575b0eb74	603	MobiDBLite	mobidb-lite	consensus disorder prediction	327	346	-	T	13-08-2026	-	-	-	-
Endovir1-1	c07dd780ffeea1f838beba3575b0eb74	603	MobiDBLite	mobidb-lite	consensus disorder prediction	336	346	-	T	13-08-2026	-	-	-	-
Endovir1-1	c07dd780ffeea1f838beba3575b0eb74	603	MobiDBLite	mobidb-lite	consensus disorder prediction	510	538	-	T	13-08-2026	-	-	-	-
Endovir1-1	c07dd780ffeea1f838beba3575b0eb74	603	MobiDBLite	mobidb-lite	consensus disorder prediction	255	280	-	T	13-08-2026	-	-	-	-
Endovir1-1	c07dd780ffeea1f838beba3575b0eb74	603	MobiDBLite	mobidb-lite	consensus disorder prediction	364	387	-	T	13-08-2026	-	-	-	-
Endovir1-1	c07dd780ffeea1f838beba3575b0eb74	603	MobiDBLite	mobidb-lite	consensus disorder prediction	513	527	-	T	13-08-2026	-	-	-	-
Endovir1-1	c07dd780ffeea1f838beba3575b0eb74	603	PANTHER	PTHR35317	OS04G0629600 PROTEIN	14	298	2.0E-30	T	13-08-2026	-	-	-	-
Endovir1-1	c07dd780ffeea1f838beba3575b0eb74	603	SUPERFAMILY	SSF57756	Retrovirus zinc finger-like domains	535	567	2.44E-5	T	13-08-2026	IPR036875	Zinc finger, CCHC-type superfamily	GO:0003676(InterPro)|GO:0008270(InterPro)	Reactome:R-BTA-159231|Reactome:R-BTA-159236|Reactome:R-BTA-72163|Reactome:R-BTA-72165|Reactome:R-BTA-72203|Reactome:R-BTA-73856|Reactome:R-BTA-77595|Reactome:R-BTA-9770562|Reactome:R-CEL-159236|Reactome:R-CEL-72163|Reactome:R-CEL-73856|Reactome:R-DME-159231|Reactome:R-DME-159236|Reactome:R-DME-1834941|Reactome:R-DME-72163|Reactome:R-DME-72165|Reactome:R-DME-72203|Reactome:R-DME-73856|Reactome:R-DME-77595|Reactome:R-DME-9770562|Reactome:R-DRE-72165|Reactome:R-HSA-1169408|Reactome:R-HSA-159231|Reactome:R-HSA-159236|Reactome:R-HSA-162585|Reactome:R-HSA-162588|Reactome:R-HSA-162592|Reactome:R-HSA-162594|Reactome:R-HSA-164516|Reactome:R-HSA-164525|Reactome:R-HSA-164843|Reactome:R-HSA-168315|Reactome:R-HSA-173107|Reactome:R-HSA-174490|Reactome:R-HSA-174495|Reactome:R-HSA-175474|Reactome:R-HSA-175567|Reactome:R-HSA-177539|Reactome:R-HSA-180689|Reactome:R-HSA-180910|Reactome:R-HSA-429947|Reactome:R-HSA-452723|Reactome:R-HSA-6784531|Reactome:R-HSA-72163|Reactome:R-HSA-72165|Reactome:R-HSA-72187|Reactome:R-HSA-72203|Reactome:R-HSA-73856|Reactome:R-HSA-77595|Reactome:R-HSA-9013422|Reactome:R-HSA-9682706|Reactome:R-HSA-9694686|Reactome:R-HSA-9705671|Reactome:R-HSA-9770562|Reactome:R-HSA-9819196|Reactome:R-HSA-9820865|Reactome:R-HSA-983168|Reactome:R-HSA-9918481|Reactome:R-HSA-9930044|Reactome:R-MMU-159231|Reactome:R-MMU-159236|Reactome:R-MMU-72163|Reactome:R-MMU-72165|Reactome:R-MMU-72187|Reactome:R-MMU-72203|Reactome:R-MMU-73856|Reactome:R-MMU-77595|Reactome:R-MMU-9013422|Reactome:R-MMU-9770562|Reactome:R-MMU-983168|Reactome:R-RNO-159231|Reactome:R-RNO-72165|Reactome:R-RNO-73856|Reactome:R-RNO-77595|Reactome:R-RNO-9770562|Reactome:R-SCE-983168|Reactome:R-SPO-9770562|Reactome:R-SPO-983168|Reactome:R-XTR-77595|Reactome:R-XTR-9770562
Endovir1-1	c07dd780ffeea1f838beba3575b0eb74	603	ProSiteProfiles	PS50158	Zinc finger CCHC-type profile.	550	563	9.570305	T	13-08-2026	IPR001878	Zinc finger, CCHC-type	GO:0003676(InterPro)|GO:0008270(InterPro)	Reactome:R-BTA-159231|Reactome:R-BTA-159236|Reactome:R-BTA-72163|Reactome:R-BTA-72165|Reactome:R-BTA-72203|Reactome:R-BTA-73856|Reactome:R-BTA-77595|Reactome:R-BTA-9770562|Reactome:R-CEL-159236|Reactome:R-CEL-72163|Reactome:R-CEL-73856|Reactome:R-DME-159231|Reactome:R-DME-159236|Reactome:R-DME-1834941|Reactome:R-DME-72163|Reactome:R-DME-72165|Reactome:R-DME-72203|Reactome:R-DME-73856|Reactome:R-DME-77595|Reactome:R-DME-8941326|Reactome:R-DME-9770562|Reactome:R-DME-9930044|Reactome:R-DRE-72165|Reactome:R-HSA-1169408|Reactome:R-HSA-159231|Reactome:R-HSA-159236|Reactome:R-HSA-162585|Reactome:R-HSA-162588|Reactome:R-HSA-162592|Reactome:R-HSA-162594|Reactome:R-HSA-164516|Reactome:R-HSA-164525|Reactome:R-HSA-164843|Reactome:R-HSA-168315|Reactome:R-HSA-173107|Reactome:R-HSA-174490|Reactome:R-HSA-174495|Reactome:R-HSA-175474|Reactome:R-HSA-175567|Reactome:R-HSA-177539|Reactome:R-HSA-180689|Reactome:R-HSA-180910|Reactome:R-HSA-429947|Reactome:R-HSA-452723|Reactome:R-HSA-6784531|Reactome:R-HSA-72163|Reactome:R-HSA-72165|Reactome:R-HSA-72187|Reactome:R-HSA-72203|Reactome:R-HSA-73856|Reactome:R-HSA-77595|Reactome:R-HSA-9013422|Reactome:R-HSA-9682706|Reactome:R-HSA-9694686|Reactome:R-HSA-9705671|Reactome:R-HSA-9770562|Reactome:R-HSA-9819196|Reactome:R-HSA-9820865|Reactome:R-HSA-983168|Reactome:R-HSA-9843970|Reactome:R-HSA-9918481|Reactome:R-HSA-9930044|Reactome:R-HSA-9931510|Reactome:R-MMU-159231|Reactome:R-MMU-159236|Reactome:R-MMU-72163|Reactome:R-MMU-72165|Reactome:R-MMU-72187|Reactome:R-MMU-72203|Reactome:R-MMU-73856|Reactome:R-MMU-77595|Reactome:R-MMU-9013422|Reactome:R-MMU-9770562|Reactome:R-MMU-983168|Reactome:R-MMU-9930044|Reactome:R-RNO-159231|Reactome:R-RNO-72165|Reactome:R-RNO-73856|Reactome:R-RNO-77595|Reactome:R-RNO-9770562|Reactome:R-SCE-983168|Reactome:R-SPO-9770562|Reactome:R-SPO-983168|Reactome:R-XTR-77595|Reactome:R-XTR-9770562
Endovir1-1	c07dd780ffeea1f838beba3575b0eb74	603	SMART	SM00343	c2hcfinal6	549	565	0.15	T	13-08-2026	IPR001878	Zinc finger, CCHC-type	GO:0003676(InterPro)|GO:0008270(InterPro)	Reactome:R-BTA-159231|Reactome:R-BTA-159236|Reactome:R-BTA-72163|Reactome:R-BTA-72165|Reactome:R-BTA-72203|Reactome:R-BTA-73856|Reactome:R-BTA-77595|Reactome:R-BTA-9770562|Reactome:R-CEL-159236|Reactome:R-CEL-72163|Reactome:R-CEL-73856|Reactome:R-DME-159231|Reactome:R-DME-159236|Reactome:R-DME-1834941|Reactome:R-DME-72163|Reactome:R-DME-72165|Reactome:R-DME-72203|Reactome:R-DME-73856|Reactome:R-DME-77595|Reactome:R-DME-8941326|Reactome:R-DME-9770562|Reactome:R-DME-9930044|Reactome:R-DRE-72165|Reactome:R-HSA-1169408|Reactome:R-HSA-159231|Reactome:R-HSA-159236|Reactome:R-HSA-162585|Reactome:R-HSA-162588|Reactome:R-HSA-162592|Reactome:R-HSA-162594|Reactome:R-HSA-164516|Reactome:R-HSA-164525|Reactome:R-HSA-164843|Reactome:R-HSA-168315|Reactome:R-HSA-173107|Reactome:R-HSA-174490|Reactome:R-HSA-174495|Reactome:R-HSA-175474|Reactome:R-HSA-175567|Reactome:R-HSA-177539|Reactome:R-HSA-180689|Reactome:R-HSA-180910|Reactome:R-HSA-429947|Reactome:R-HSA-452723|Reactome:R-HSA-6784531|Reactome:R-HSA-72163|Reactome:R-HSA-72165|Reactome:R-HSA-72187|Reactome:R-HSA-72203|Reactome:R-HSA-73856|Reactome:R-HSA-77595|Reactome:R-HSA-9013422|Reactome:R-HSA-9682706|Reactome:R-HSA-9694686|Reactome:R-HSA-9705671|Reactome:R-HSA-9770562|Reactome:R-HSA-9819196|Reactome:R-HSA-9820865|Reactome:R-HSA-983168|Reactome:R-HSA-9843970|Reactome:R-HSA-9918481|Reactome:R-HSA-9930044|Reactome:R-HSA-9931510|Reactome:R-MMU-159231|Reactome:R-MMU-159236|Reactome:R-MMU-72163|Reactome:R-MMU-72165|Reactome:R-MMU-72187|Reactome:R-MMU-72203|Reactome:R-MMU-73856|Reactome:R-MMU-77595|Reactome:R-MMU-9013422|Reactome:R-MMU-9770562|Reactome:R-MMU-983168|Reactome:R-MMU-9930044|Reactome:R-RNO-159231|Reactome:R-RNO-72165|Reactome:R-RNO-73856|Reactome:R-RNO-77595|Reactome:R-RNO-9770562|Reactome:R-SCE-983168|Reactome:R-SPO-9770562|Reactome:R-SPO-983168|Reactome:R-XTR-77595|Reactome:R-XTR-9770562
Endovir1-1	c07dd780ffeea1f838beba3575b0eb74	603	SMART	SM00343	c2hcfinal6	307	323	1.6	T	13-08-2026	IPR001878	Zinc finger, CCHC-type	GO:0003676(InterPro)|GO:0008270(InterPro)	Reactome:R-BTA-159231|Reactome:R-BTA-159236|Reactome:R-BTA-72163|Reactome:R-BTA-72165|Reactome:R-BTA-72203|Reactome:R-BTA-73856|Reactome:R-BTA-77595|Reactome:R-BTA-9770562|Reactome:R-CEL-159236|Reactome:R-CEL-72163|Reactome:R-CEL-73856|Reactome:R-DME-159231|Reactome:R-DME-159236|Reactome:R-DME-1834941|Reactome:R-DME-72163|Reactome:R-DME-72165|Reactome:R-DME-72203|Reactome:R-DME-73856|Reactome:R-DME-77595|Reactome:R-DME-8941326|Reactome:R-DME-9770562|Reactome:R-DME-9930044|Reactome:R-DRE-72165|Reactome:R-HSA-1169408|Reactome:R-HSA-159231|Reactome:R-HSA-159236|Reactome:R-HSA-162585|Reactome:R-HSA-162588|Reactome:R-HSA-162592|Reactome:R-HSA-162594|Reactome:R-HSA-164516|Reactome:R-HSA-164525|Reactome:R-HSA-164843|Reactome:R-HSA-168315|Reactome:R-HSA-173107|Reactome:R-HSA-174490|Reactome:R-HSA-174495|Reactome:R-HSA-175474|Reactome:R-HSA-175567|Reactome:R-HSA-177539|Reactome:R-HSA-180689|Reactome:R-HSA-180910|Reactome:R-HSA-429947|Reactome:R-HSA-452723|Reactome:R-HSA-6784531|Reactome:R-HSA-72163|Reactome:R-HSA-72165|Reactome:R-HSA-72187|Reactome:R-HSA-72203|Reactome:R-HSA-73856|Reactome:R-HSA-77595|Reactome:R-HSA-9013422|Reactome:R-HSA-9682706|Reactome:R-HSA-9694686|Reactome:R-HSA-9705671|Reactome:R-HSA-9770562|Reactome:R-HSA-9819196|Reactome:R-HSA-9820865|Reactome:R-HSA-983168|Reactome:R-HSA-9843970|Reactome:R-HSA-9918481|Reactome:R-HSA-9930044|Reactome:R-HSA-9931510|Reactome:R-MMU-159231|Reactome:R-MMU-159236|Reactome:R-MMU-72163|Reactome:R-MMU-72165|Reactome:R-MMU-72187|Reactome:R-MMU-72203|Reactome:R-MMU-73856|Reactome:R-MMU-77595|Reactome:R-MMU-9013422|Reactome:R-MMU-9770562|Reactome:R-MMU-983168|Reactome:R-MMU-9930044|Reactome:R-RNO-159231|Reactome:R-RNO-72165|Reactome:R-RNO-73856|Reactome:R-RNO-77595|Reactome:R-RNO-9770562|Reactome:R-SCE-983168|Reactome:R-SPO-9770562|Reactome:R-SPO-983168|Reactome:R-XTR-77595|Reactome:R-XTR-9770562
Endovir1-1	c07dd780ffeea1f838beba3575b0eb74	603	SMART	SM00343	c2hcfinal6	284	300	0.037	T	13-08-2026	IPR001878	Zinc finger, CCHC-type	GO:0003676(InterPro)|GO:0008270(InterPro)	Reactome:R-BTA-159231|Reactome:R-BTA-159236|Reactome:R-BTA-72163|Reactome:R-BTA-72165|Reactome:R-BTA-72203|Reactome:R-BTA-73856|Reactome:R-BTA-77595|Reactome:R-BTA-9770562|Reactome:R-CEL-159236|Reactome:R-CEL-72163|Reactome:R-CEL-73856|Reactome:R-DME-159231|Reactome:R-DME-159236|Reactome:R-DME-1834941|Reactome:R-DME-72163|Reactome:R-DME-72165|Reactome:R-DME-72203|Reactome:R-DME-73856|Reactome:R-DME-77595|Reactome:R-DME-8941326|Reactome:R-DME-9770562|Reactome:R-DME-9930044|Reactome:R-DRE-72165|Reactome:R-HSA-1169408|Reactome:R-HSA-159231|Reactome:R-HSA-159236|Reactome:R-HSA-162585|Reactome:R-HSA-162588|Reactome:R-HSA-162592|Reactome:R-HSA-162594|Reactome:R-HSA-164516|Reactome:R-HSA-164525|Reactome:R-HSA-164843|Reactome:R-HSA-168315|Reactome:R-HSA-173107|Reactome:R-HSA-174490|Reactome:R-HSA-174495|Reactome:R-HSA-175474|Reactome:R-HSA-175567|Reactome:R-HSA-177539|Reactome:R-HSA-180689|Reactome:R-HSA-180910|Reactome:R-HSA-429947|Reactome:R-HSA-452723|Reactome:R-HSA-6784531|Reactome:R-HSA-72163|Reactome:R-HSA-72165|Reactome:R-HSA-72187|Reactome:R-HSA-72203|Reactome:R-HSA-73856|Reactome:R-HSA-77595|Reactome:R-HSA-9013422|Reactome:R-HSA-9682706|Reactome:R-HSA-9694686|Reactome:R-HSA-9705671|Reactome:R-HSA-9770562|Reactome:R-HSA-9819196|Reactome:R-HSA-9820865|Reactome:R-HSA-983168|Reactome:R-HSA-9843970|Reactome:R-HSA-9918481|Reactome:R-HSA-9930044|Reactome:R-HSA-9931510|Reactome:R-MMU-159231|Reactome:R-MMU-159236|Reactome:R-MMU-72163|Reactome:R-MMU-72165|Reactome:R-MMU-72187|Reactome:R-MMU-72203|Reactome:R-MMU-73856|Reactome:R-MMU-77595|Reactome:R-MMU-9013422|Reactome:R-MMU-9770562|Reactome:R-MMU-983168|Reactome:R-MMU-9930044|Reactome:R-RNO-159231|Reactome:R-RNO-72165|Reactome:R-RNO-73856|Reactome:R-RNO-77595|Reactome:R-RNO-9770562|Reactome:R-SCE-983168|Reactome:R-SPO-9770562|Reactome:R-SPO-983168|Reactome:R-XTR-77595|Reactome:R-XTR-9770562
Endovir1-1	c07dd780ffeea1f838beba3575b0eb74	603	Coils	Coil	Coil	227	247	-	T	13-08-2026	-	-	-	-
Endovir1-1	c07dd780ffeea1f838beba3575b0eb74	603	Pfam	PF14223	gag-polypeptide of LTR copia-type	61	209	3.4E-22	T	13-08-2026	IPR061502	Copia/RE1/RE2-like, N-terminal domain	-	-
Endovir1-1	c07dd780ffeea1f838beba3575b0eb74	603	SUPERFAMILY	SSF57756	Retrovirus zinc finger-like domains	275	323	3.92E-7	T	13-08-2026	IPR036875	Zinc finger, CCHC-type superfamily	GO:0003676(InterPro)|GO:0008270(InterPro)	Reactome:R-BTA-159231|Reactome:R-BTA-159236|Reactome:R-BTA-72163|Reactome:R-BTA-72165|Reactome:R-BTA-72203|Reactome:R-BTA-73856|Reactome:R-BTA-77595|Reactome:R-BTA-9770562|Reactome:R-CEL-159236|Reactome:R-CEL-72163|Reactome:R-CEL-73856|Reactome:R-DME-159231|Reactome:R-DME-159236|Reactome:R-DME-1834941|Reactome:R-DME-72163|Reactome:R-DME-72165|Reactome:R-DME-72203|Reactome:R-DME-73856|Reactome:R-DME-77595|Reactome:R-DME-9770562|Reactome:R-DRE-72165|Reactome:R-HSA-1169408|Reactome:R-HSA-159231|Reactome:R-HSA-159236|Reactome:R-HSA-162585|Reactome:R-HSA-162588|Reactome:R-HSA-162592|Reactome:R-HSA-162594|Reactome:R-HSA-164516|Reactome:R-HSA-164525|Reactome:R-HSA-164843|Reactome:R-HSA-168315|Reactome:R-HSA-173107|Reactome:R-HSA-174490|Reactome:R-HSA-174495|Reactome:R-HSA-175474|Reactome:R-HSA-175567|Reactome:R-HSA-177539|Reactome:R-HSA-180689|Reactome:R-HSA-180910|Reactome:R-HSA-429947|Reactome:R-HSA-452723|Reactome:R-HSA-6784531|Reactome:R-HSA-72163|Reactome:R-HSA-72165|Reactome:R-HSA-72187|Reactome:R-HSA-72203|Reactome:R-HSA-73856|Reactome:R-HSA-77595|Reactome:R-HSA-9013422|Reactome:R-HSA-9682706|Reactome:R-HSA-9694686|Reactome:R-HSA-9705671|Reactome:R-HSA-9770562|Reactome:R-HSA-9819196|Reactome:R-HSA-9820865|Reactome:R-HSA-983168|Reactome:R-HSA-9918481|Reactome:R-HSA-9930044|Reactome:R-MMU-159231|Reactome:R-MMU-159236|Reactome:R-MMU-72163|Reactome:R-MMU-72165|Reactome:R-MMU-72187|Reactome:R-MMU-72203|Reactome:R-MMU-73856|Reactome:R-MMU-77595|Reactome:R-MMU-9013422|Reactome:R-MMU-9770562|Reactome:R-MMU-983168|Reactome:R-RNO-159231|Reactome:R-RNO-72165|Reactome:R-RNO-73856|Reactome:R-RNO-77595|Reactome:R-RNO-9770562|Reactome:R-SCE-983168|Reactome:R-SPO-9770562|Reactome:R-SPO-983168|Reactome:R-XTR-77595|Reactome:R-XTR-9770562
Endovir1-1	c07dd780ffeea1f838beba3575b0eb74	603	Gene3D	G3DSA:4.10.60.10	-	261	330	2.7E-8	T	13-08-2026	-	-	-	-
pCal	dc4e1849edee2cddc1a581f33f2b62da	324	MobiDBLite	mobidb-lite	consensus disorder prediction	306	324	-	T	13-08-2026	-	-	-	-
pCal	dc4e1849edee2cddc1a581f33f2b62da	324	MobiDBLite	mobidb-lite	consensus disorder prediction	273	324	-	T	13-08-2026	-	-	-	-
pCal	dc4e1849edee2cddc1a581f33f2b62da	324	MobiDBLite	mobidb-lite	consensus disorder prediction	293	305	-	T	13-08-2026	-	-	-	-
pCretro6	99ab743542a646a08117f4b2385a36ce	287	Pfam	PF14223	gag-polypeptide of LTR copia-type	58	216	1.0E-24	T	13-08-2026	IPR061502	Copia/RE1/RE2-like, N-terminal domain	-	-
pCretro6	99ab743542a646a08117f4b2385a36ce	287	MobiDBLite	mobidb-lite	consensus disorder prediction	226	237	-	T	13-08-2026	-	-	-	-
pCretro6	99ab743542a646a08117f4b2385a36ce	287	MobiDBLite	mobidb-lite	consensus disorder prediction	209	262	-	T	13-08-2026	-	-	-	-
pCretro6	99ab743542a646a08117f4b2385a36ce	287	MobiDBLite	mobidb-lite	consensus disorder prediction	209	218	-	T	13-08-2026	-	-	-	-
pCretro6	99ab743542a646a08117f4b2385a36ce	287	Pfam	PF00098	Zinc knuckle	234	248	1.1	T	13-08-2026	IPR001878	Zinc finger, CCHC-type	GO:0003676(InterPro)|GO:0008270(InterPro)	Reactome:R-BTA-159231|Reactome:R-BTA-159236|Reactome:R-BTA-72163|Reactome:R-BTA-72165|Reactome:R-BTA-72203|Reactome:R-BTA-73856|Reactome:R-BTA-77595|Reactome:R-BTA-9770562|Reactome:R-CEL-159236|Reactome:R-CEL-72163|Reactome:R-CEL-73856|Reactome:R-DME-159231|Reactome:R-DME-159236|Reactome:R-DME-1834941|Reactome:R-DME-72163|Reactome:R-DME-72165|Reactome:R-DME-72203|Reactome:R-DME-73856|Reactome:R-DME-77595|Reactome:R-DME-8941326|Reactome:R-DME-9770562|Reactome:R-DME-9930044|Reactome:R-DRE-72165|Reactome:R-HSA-1169408|Reactome:R-HSA-159231|Reactome:R-HSA-159236|Reactome:R-HSA-162585|Reactome:R-HSA-162588|Reactome:R-HSA-162592|Reactome:R-HSA-162594|Reactome:R-HSA-164516|Reactome:R-HSA-164525|Reactome:R-HSA-164843|Reactome:R-HSA-168315|Reactome:R-HSA-173107|Reactome:R-HSA-174490|Reactome:R-HSA-174495|Reactome:R-HSA-175474|Reactome:R-HSA-175567|Reactome:R-HSA-177539|Reactome:R-HSA-180689|Reactome:R-HSA-180910|Reactome:R-HSA-429947|Reactome:R-HSA-452723|Reactome:R-HSA-6784531|Reactome:R-HSA-72163|Reactome:R-HSA-72165|Reactome:R-HSA-72187|Reactome:R-HSA-72203|Reactome:R-HSA-73856|Reactome:R-HSA-77595|Reactome:R-HSA-9013422|Reactome:R-HSA-9682706|Reactome:R-HSA-9694686|Reactome:R-HSA-9705671|Reactome:R-HSA-9770562|Reactome:R-HSA-9819196|Reactome:R-HSA-9820865|Reactome:R-HSA-983168|Reactome:R-HSA-9843970|Reactome:R-HSA-9918481|Reactome:R-HSA-9930044|Reactome:R-HSA-9931510|Reactome:R-MMU-159231|Reactome:R-MMU-159236|Reactome:R-MMU-72163|Reactome:R-MMU-72165|Reactome:R-MMU-72187|Reactome:R-MMU-72203|Reactome:R-MMU-73856|Reactome:R-MMU-77595|Reactome:R-MMU-9013422|Reactome:R-MMU-9770562|Reactome:R-MMU-983168|Reactome:R-MMU-9930044|Reactome:R-RNO-159231|Reactome:R-RNO-72165|Reactome:R-RNO-73856|Reactome:R-RNO-77595|Reactome:R-RNO-9770562|Reactome:R-SCE-983168|Reactome:R-SPO-9770562|Reactome:R-SPO-983168|Reactome:R-XTR-77595|Reactome:R-XTR-9770562
pCretro6	99ab743542a646a08117f4b2385a36ce	287	ProSiteProfiles	PS50158	Zinc finger CCHC-type profile.	234	248	10.394444	T	13-08-2026	IPR001878	Zinc finger, CCHC-type	GO:0003676(InterPro)|GO:0008270(InterPro)	Reactome:R-BTA-159231|Reactome:R-BTA-159236|Reactome:R-BTA-72163|Reactome:R-BTA-72165|Reactome:R-BTA-72203|Reactome:R-BTA-73856|Reactome:R-BTA-77595|Reactome:R-BTA-9770562|Reactome:R-CEL-159236|Reactome:R-CEL-72163|Reactome:R-CEL-73856|Reactome:R-DME-159231|Reactome:R-DME-159236|Reactome:R-DME-1834941|Reactome:R-DME-72163|Reactome:R-DME-72165|Reactome:R-DME-72203|Reactome:R-DME-73856|Reactome:R-DME-77595|Reactome:R-DME-8941326|Reactome:R-DME-9770562|Reactome:R-DME-9930044|Reactome:R-DRE-72165|Reactome:R-HSA-1169408|Reactome:R-HSA-159231|Reactome:R-HSA-159236|Reactome:R-HSA-162585|Reactome:R-HSA-162588|Reactome:R-HSA-162592|Reactome:R-HSA-162594|Reactome:R-HSA-164516|Reactome:R-HSA-164525|Reactome:R-HSA-164843|Reactome:R-HSA-168315|Reactome:R-HSA-173107|Reactome:R-HSA-174490|Reactome:R-HSA-174495|Reactome:R-HSA-175474|Reactome:R-HSA-175567|Reactome:R-HSA-177539|Reactome:R-HSA-180689|Reactome:R-HSA-180910|Reactome:R-HSA-429947|Reactome:R-HSA-452723|Reactome:R-HSA-6784531|Reactome:R-HSA-72163|Reactome:R-HSA-72165|Reactome:R-HSA-72187|Reactome:R-HSA-72203|Reactome:R-HSA-73856|Reactome:R-HSA-77595|Reactome:R-HSA-9013422|Reactome:R-HSA-9682706|Reactome:R-HSA-9694686|Reactome:R-HSA-9705671|Reactome:R-HSA-9770562|Reactome:R-HSA-9819196|Reactome:R-HSA-9820865|Reactome:R-HSA-983168|Reactome:R-HSA-9843970|Reactome:R-HSA-9918481|Reactome:R-HSA-9930044|Reactome:R-HSA-9931510|Reactome:R-MMU-159231|Reactome:R-MMU-159236|Reactome:R-MMU-72163|Reactome:R-MMU-72165|Reactome:R-MMU-72187|Reactome:R-MMU-72203|Reactome:R-MMU-73856|Reactome:R-MMU-77595|Reactome:R-MMU-9013422|Reactome:R-MMU-9770562|Reactome:R-MMU-983168|Reactome:R-MMU-9930044|Reactome:R-RNO-159231|Reactome:R-RNO-72165|Reactome:R-RNO-73856|Reactome:R-RNO-77595|Reactome:R-RNO-9770562|Reactome:R-SCE-983168|Reactome:R-SPO-9770562|Reactome:R-SPO-983168|Reactome:R-XTR-77595|Reactome:R-XTR-9770562
pCretro6	99ab743542a646a08117f4b2385a36ce	287	PANTHER	PTHR35317	OS04G0629600 PROTEIN	27	244	1.3E-9	T	13-08-2026	-	-	-	-
pCretro6	99ab743542a646a08117f4b2385a36ce	287	Gene3D	G3DSA:4.10.60.10	-	206	278	7.5E-6	T	13-08-2026	-	-	-	-
pCretro6	99ab743542a646a08117f4b2385a36ce	287	SMART	SM00343	c2hcfinal6	234	250	0.0037	T	13-08-2026	IPR001878	Zinc finger, CCHC-type	GO:0003676(InterPro)|GO:0008270(InterPro)	Reactome:R-BTA-159231|Reactome:R-BTA-159236|Reactome:R-BTA-72163|Reactome:R-BTA-72165|Reactome:R-BTA-72203|Reactome:R-BTA-73856|Reactome:R-BTA-77595|Reactome:R-BTA-9770562|Reactome:R-CEL-159236|Reactome:R-CEL-72163|Reactome:R-CEL-73856|Reactome:R-DME-159231|Reactome:R-DME-159236|Reactome:R-DME-1834941|Reactome:R-DME-72163|Reactome:R-DME-72165|Reactome:R-DME-72203|Reactome:R-DME-73856|Reactome:R-DME-77595|Reactome:R-DME-8941326|Reactome:R-DME-9770562|Reactome:R-DME-9930044|Reactome:R-DRE-72165|Reactome:R-HSA-1169408|Reactome:R-HSA-159231|Reactome:R-HSA-159236|Reactome:R-HSA-162585|Reactome:R-HSA-162588|Reactome:R-HSA-162592|Reactome:R-HSA-162594|Reactome:R-HSA-164516|Reactome:R-HSA-164525|Reactome:R-HSA-164843|Reactome:R-HSA-168315|Reactome:R-HSA-173107|Reactome:R-HSA-174490|Reactome:R-HSA-174495|Reactome:R-HSA-175474|Reactome:R-HSA-175567|Reactome:R-HSA-177539|Reactome:R-HSA-180689|Reactome:R-HSA-180910|Reactome:R-HSA-429947|Reactome:R-HSA-452723|Reactome:R-HSA-6784531|Reactome:R-HSA-72163|Reactome:R-HSA-72165|Reactome:R-HSA-72187|Reactome:R-HSA-72203|Reactome:R-HSA-73856|Reactome:R-HSA-77595|Reactome:R-HSA-9013422|Reactome:R-HSA-9682706|Reactome:R-HSA-9694686|Reactome:R-HSA-9705671|Reactome:R-HSA-9770562|Reactome:R-HSA-9819196|Reactome:R-HSA-9820865|Reactome:R-HSA-983168|Reactome:R-HSA-9843970|Reactome:R-HSA-9918481|Reactome:R-HSA-9930044|Reactome:R-HSA-9931510|Reactome:R-MMU-159231|Reactome:R-MMU-159236|Reactome:R-MMU-72163|Reactome:R-MMU-72165|Reactome:R-MMU-72187|Reactome:R-MMU-72203|Reactome:R-MMU-73856|Reactome:R-MMU-77595|Reactome:R-MMU-9013422|Reactome:R-MMU-9770562|Reactome:R-MMU-983168|Reactome:R-MMU-9930044|Reactome:R-RNO-159231|Reactome:R-RNO-72165|Reactome:R-RNO-73856|Reactome:R-RNO-77595|Reactome:R-RNO-9770562|Reactome:R-SCE-983168|Reactome:R-SPO-9770562|Reactome:R-SPO-983168|Reactome:R-XTR-77595|Reactome:R-XTR-9770562
pCretro6	99ab743542a646a08117f4b2385a36ce	287	SUPERFAMILY	SSF57756	Retrovirus zinc finger-like domains	226	249	2.79E-5	T	13-08-2026	IPR036875	Zinc finger, CCHC-type superfamily	GO:0003676(InterPro)|GO:0008270(InterPro)	Reactome:R-BTA-159231|Reactome:R-BTA-159236|Reactome:R-BTA-72163|Reactome:R-BTA-72165|Reactome:R-BTA-72203|Reactome:R-BTA-73856|Reactome:R-BTA-77595|Reactome:R-BTA-9770562|Reactome:R-CEL-159236|Reactome:R-CEL-72163|Reactome:R-CEL-73856|Reactome:R-DME-159231|Reactome:R-DME-159236|Reactome:R-DME-1834941|Reactome:R-DME-72163|Reactome:R-DME-72165|Reactome:R-DME-72203|Reactome:R-DME-73856|Reactome:R-DME-77595|Reactome:R-DME-9770562|Reactome:R-DRE-72165|Reactome:R-HSA-1169408|Reactome:R-HSA-159231|Reactome:R-HSA-159236|Reactome:R-HSA-162585|Reactome:R-HSA-162588|Reactome:R-HSA-162592|Reactome:R-HSA-162594|Reactome:R-HSA-164516|Reactome:R-HSA-164525|Reactome:R-HSA-164843|Reactome:R-HSA-168315|Reactome:R-HSA-173107|Reactome:R-HSA-174490|Reactome:R-HSA-174495|Reactome:R-HSA-175474|Reactome:R-HSA-175567|Reactome:R-HSA-177539|Reactome:R-HSA-180689|Reactome:R-HSA-180910|Reactome:R-HSA-429947|Reactome:R-HSA-452723|Reactome:R-HSA-6784531|Reactome:R-HSA-72163|Reactome:R-HSA-72165|Reactome:R-HSA-72187|Reactome:R-HSA-72203|Reactome:R-HSA-73856|Reactome:R-HSA-77595|Reactome:R-HSA-9013422|Reactome:R-HSA-9682706|Reactome:R-HSA-9694686|Reactome:R-HSA-9705671|Reactome:R-HSA-9770562|Reactome:R-HSA-9819196|Reactome:R-HSA-9820865|Reactome:R-HSA-983168|Reactome:R-HSA-9918481|Reactome:R-HSA-9930044|Reactome:R-MMU-159231|Reactome:R-MMU-159236|Reactome:R-MMU-72163|Reactome:R-MMU-72165|Reactome:R-MMU-72187|Reactome:R-MMU-72203|Reactome:R-MMU-73856|Reactome:R-MMU-77595|Reactome:R-MMU-9013422|Reactome:R-MMU-9770562|Reactome:R-MMU-983168|Reactome:R-RNO-159231|Reactome:R-RNO-72165|Reactome:R-RNO-73856|Reactome:R-RNO-77595|Reactome:R-RNO-9770562|Reactome:R-SCE-983168|Reactome:R-SPO-9770562|Reactome:R-SPO-983168|Reactome:R-XTR-77595|Reactome:R-XTR-9770562
SnRV	72393bd558fa29f3b0c5e4245f0e65c9	618	Coils	Coil	Coil	181	229	-	T	13-08-2026	-	-	-	-
SnRV	72393bd558fa29f3b0c5e4245f0e65c9	618	SMART	SM00343	c2hcfinal6	536	552	1.9E-4	T	13-08-2026	IPR001878	Zinc finger, CCHC-type	GO:0003676(InterPro)|GO:0008270(InterPro)	Reactome:R-BTA-159231|Reactome:R-BTA-159236|Reactome:R-BTA-72163|Reactome:R-BTA-72165|Reactome:R-BTA-72203|Reactome:R-BTA-73856|Reactome:R-BTA-77595|Reactome:R-BTA-9770562|Reactome:R-CEL-159236|Reactome:R-CEL-72163|Reactome:R-CEL-73856|Reactome:R-DME-159231|Reactome:R-DME-159236|Reactome:R-DME-1834941|Reactome:R-DME-72163|Reactome:R-DME-72165|Reactome:R-DME-72203|Reactome:R-DME-73856|Reactome:R-DME-77595|Reactome:R-DME-8941326|Reactome:R-DME-9770562|Reactome:R-DME-9930044|Reactome:R-DRE-72165|Reactome:R-HSA-1169408|Reactome:R-HSA-159231|Reactome:R-HSA-159236|Reactome:R-HSA-162585|Reactome:R-HSA-162588|Reactome:R-HSA-162592|Reactome:R-HSA-162594|Reactome:R-HSA-164516|Reactome:R-HSA-164525|Reactome:R-HSA-164843|Reactome:R-HSA-168315|Reactome:R-HSA-173107|Reactome:R-HSA-174490|Reactome:R-HSA-174495|Reactome:R-HSA-175474|Reactome:R-HSA-175567|Reactome:R-HSA-177539|Reactome:R-HSA-180689|Reactome:R-HSA-180910|Reactome:R-HSA-429947|Reactome:R-HSA-452723|Reactome:R-HSA-6784531|Reactome:R-HSA-72163|Reactome:R-HSA-72165|Reactome:R-HSA-72187|Reactome:R-HSA-72203|Reactome:R-HSA-73856|Reactome:R-HSA-77595|Reactome:R-HSA-9013422|Reactome:R-HSA-9682706|Reactome:R-HSA-9694686|Reactome:R-HSA-9705671|Reactome:R-HSA-9770562|Reactome:R-HSA-9819196|Reactome:R-HSA-9820865|Reactome:R-HSA-983168|Reactome:R-HSA-9843970|Reactome:R-HSA-9918481|Reactome:R-HSA-9930044|Reactome:R-HSA-9931510|Reactome:R-MMU-159231|Reactome:R-MMU-159236|Reactome:R-MMU-72163|Reactome:R-MMU-72165|Reactome:R-MMU-72187|Reactome:R-MMU-72203|Reactome:R-MMU-73856|Reactome:R-MMU-77595|Reactome:R-MMU-9013422|Reactome:R-MMU-9770562|Reactome:R-MMU-983168|Reactome:R-MMU-9930044|Reactome:R-RNO-159231|Reactome:R-RNO-72165|Reactome:R-RNO-73856|Reactome:R-RNO-77595|Reactome:R-RNO-9770562|Reactome:R-SCE-983168|Reactome:R-SPO-9770562|Reactome:R-SPO-983168|Reactome:R-XTR-77595|Reactome:R-XTR-9770562
SnRV	72393bd558fa29f3b0c5e4245f0e65c9	618	Coils	Coil	Coil	142	169	-	T	13-08-2026	-	-	-	-
SnRV	72393bd558fa29f3b0c5e4245f0e65c9	618	MobiDBLite	mobidb-lite	consensus disorder prediction	290	305	-	T	13-08-2026	-	-	-	-
SnRV	72393bd558fa29f3b0c5e4245f0e65c9	618	Coils	Coil	Coil	19	39	-	T	13-08-2026	-	-	-	-
SnRV	72393bd558fa29f3b0c5e4245f0e65c9	618	ProSiteProfiles	PS50158	Zinc finger CCHC-type profile.	537	550	10.493341	T	13-08-2026	IPR001878	Zinc finger, CCHC-type	GO:0003676(InterPro)|GO:0008270(InterPro)	Reactome:R-BTA-159231|Reactome:R-BTA-159236|Reactome:R-BTA-72163|Reactome:R-BTA-72165|Reactome:R-BTA-72203|Reactome:R-BTA-73856|Reactome:R-BTA-77595|Reactome:R-BTA-9770562|Reactome:R-CEL-159236|Reactome:R-CEL-72163|Reactome:R-CEL-73856|Reactome:R-DME-159231|Reactome:R-DME-159236|Reactome:R-DME-1834941|Reactome:R-DME-72163|Reactome:R-DME-72165|Reactome:R-DME-72203|Reactome:R-DME-73856|Reactome:R-DME-77595|Reactome:R-DME-8941326|Reactome:R-DME-9770562|Reactome:R-DME-9930044|Reactome:R-DRE-72165|Reactome:R-HSA-1169408|Reactome:R-HSA-159231|Reactome:R-HSA-159236|Reactome:R-HSA-162585|Reactome:R-HSA-162588|Reactome:R-HSA-162592|Reactome:R-HSA-162594|Reactome:R-HSA-164516|Reactome:R-HSA-164525|Reactome:R-HSA-164843|Reactome:R-HSA-168315|Reactome:R-HSA-173107|Reactome:R-HSA-174490|Reactome:R-HSA-174495|Reactome:R-HSA-175474|Reactome:R-HSA-175567|Reactome:R-HSA-177539|Reactome:R-HSA-180689|Reactome:R-HSA-180910|Reactome:R-HSA-429947|Reactome:R-HSA-452723|Reactome:R-HSA-6784531|Reactome:R-HSA-72163|Reactome:R-HSA-72165|Reactome:R-HSA-72187|Reactome:R-HSA-72203|Reactome:R-HSA-73856|Reactome:R-HSA-77595|Reactome:R-HSA-9013422|Reactome:R-HSA-9682706|Reactome:R-HSA-9694686|Reactome:R-HSA-9705671|Reactome:R-HSA-9770562|Reactome:R-HSA-9819196|Reactome:R-HSA-9820865|Reactome:R-HSA-983168|Reactome:R-HSA-9843970|Reactome:R-HSA-9918481|Reactome:R-HSA-9930044|Reactome:R-HSA-9931510|Reactome:R-MMU-159231|Reactome:R-MMU-159236|Reactome:R-MMU-72163|Reactome:R-MMU-72165|Reactome:R-MMU-72187|Reactome:R-MMU-72203|Reactome:R-MMU-73856|Reactome:R-MMU-77595|Reactome:R-MMU-9013422|Reactome:R-MMU-9770562|Reactome:R-MMU-983168|Reactome:R-MMU-9930044|Reactome:R-RNO-159231|Reactome:R-RNO-72165|Reactome:R-RNO-73856|Reactome:R-RNO-77595|Reactome:R-RNO-9770562|Reactome:R-SCE-983168|Reactome:R-SPO-9770562|Reactome:R-SPO-983168|Reactome:R-XTR-77595|Reactome:R-XTR-9770562
SnRV	72393bd558fa29f3b0c5e4245f0e65c9	618	SUPERFAMILY	SSF57756	Retrovirus zinc finger-like domains	517	557	6.8E-6	T	13-08-2026	IPR036875	Zinc finger, CCHC-type superfamily	GO:0003676(InterPro)|GO:0008270(InterPro)	Reactome:R-BTA-159231|Reactome:R-BTA-159236|Reactome:R-BTA-72163|Reactome:R-BTA-72165|Reactome:R-BTA-72203|Reactome:R-BTA-73856|Reactome:R-BTA-77595|Reactome:R-BTA-9770562|Reactome:R-CEL-159236|Reactome:R-CEL-72163|Reactome:R-CEL-73856|Reactome:R-DME-159231|Reactome:R-DME-159236|Reactome:R-DME-1834941|Reactome:R-DME-72163|Reactome:R-DME-72165|Reactome:R-DME-72203|Reactome:R-DME-73856|Reactome:R-DME-77595|Reactome:R-DME-9770562|Reactome:R-DRE-72165|Reactome:R-HSA-1169408|Reactome:R-HSA-159231|Reactome:R-HSA-159236|Reactome:R-HSA-162585|Reactome:R-HSA-162588|Reactome:R-HSA-162592|Reactome:R-HSA-162594|Reactome:R-HSA-164516|Reactome:R-HSA-164525|Reactome:R-HSA-164843|Reactome:R-HSA-168315|Reactome:R-HSA-173107|Reactome:R-HSA-174490|Reactome:R-HSA-174495|Reactome:R-HSA-175474|Reactome:R-HSA-175567|Reactome:R-HSA-177539|Reactome:R-HSA-180689|Reactome:R-HSA-180910|Reactome:R-HSA-429947|Reactome:R-HSA-452723|Reactome:R-HSA-6784531|Reactome:R-HSA-72163|Reactome:R-HSA-72165|Reactome:R-HSA-72187|Reactome:R-HSA-72203|Reactome:R-HSA-73856|Reactome:R-HSA-77595|Reactome:R-HSA-9013422|Reactome:R-HSA-9682706|Reactome:R-HSA-9694686|Reactome:R-HSA-9705671|Reactome:R-HSA-9770562|Reactome:R-HSA-9819196|Reactome:R-HSA-9820865|Reactome:R-HSA-983168|Reactome:R-HSA-9918481|Reactome:R-HSA-9930044|Reactome:R-MMU-159231|Reactome:R-MMU-159236|Reactome:R-MMU-72163|Reactome:R-MMU-72165|Reactome:R-MMU-72187|Reactome:R-MMU-72203|Reactome:R-MMU-73856|Reactome:R-MMU-77595|Reactome:R-MMU-9013422|Reactome:R-MMU-9770562|Reactome:R-MMU-983168|Reactome:R-RNO-159231|Reactome:R-RNO-72165|Reactome:R-RNO-73856|Reactome:R-RNO-77595|Reactome:R-RNO-9770562|Reactome:R-SCE-983168|Reactome:R-SPO-9770562|Reactome:R-SPO-983168|Reactome:R-XTR-77595|Reactome:R-XTR-9770562
SnRV	72393bd558fa29f3b0c5e4245f0e65c9	618	Coils	Coil	Coil	585	605	-	T	13-08-2026	-	-	-	-
SnRV	72393bd558fa29f3b0c5e4245f0e65c9	618	Pfam	PF00098	Zinc knuckle	536	550	0.24	T	13-08-2026	IPR001878	Zinc finger, CCHC-type	GO:0003676(InterPro)|GO:0008270(InterPro)	Reactome:R-BTA-159231|Reactome:R-BTA-159236|Reactome:R-BTA-72163|Reactome:R-BTA-72165|Reactome:R-BTA-72203|Reactome:R-BTA-73856|Reactome:R-BTA-77595|Reactome:R-BTA-9770562|Reactome:R-CEL-159236|Reactome:R-CEL-72163|Reactome:R-CEL-73856|Reactome:R-DME-159231|Reactome:R-DME-159236|Reactome:R-DME-1834941|Reactome:R-DME-72163|Reactome:R-DME-72165|Reactome:R-DME-72203|Reactome:R-DME-73856|Reactome:R-DME-77595|Reactome:R-DME-8941326|Reactome:R-DME-9770562|Reactome:R-DME-9930044|Reactome:R-DRE-72165|Reactome:R-HSA-1169408|Reactome:R-HSA-159231|Reactome:R-HSA-159236|Reactome:R-HSA-162585|Reactome:R-HSA-162588|Reactome:R-HSA-162592|Reactome:R-HSA-162594|Reactome:R-HSA-164516|Reactome:R-HSA-164525|Reactome:R-HSA-164843|Reactome:R-HSA-168315|Reactome:R-HSA-173107|Reactome:R-HSA-174490|Reactome:R-HSA-174495|Reactome:R-HSA-175474|Reactome:R-HSA-175567|Reactome:R-HSA-177539|Reactome:R-HSA-180689|Reactome:R-HSA-180910|Reactome:R-HSA-429947|Reactome:R-HSA-452723|Reactome:R-HSA-6784531|Reactome:R-HSA-72163|Reactome:R-HSA-72165|Reactome:R-HSA-72187|Reactome:R-HSA-72203|Reactome:R-HSA-73856|Reactome:R-HSA-77595|Reactome:R-HSA-9013422|Reactome:R-HSA-9682706|Reactome:R-HSA-9694686|Reactome:R-HSA-9705671|Reactome:R-HSA-9770562|Reactome:R-HSA-9819196|Reactome:R-HSA-9820865|Reactome:R-HSA-983168|Reactome:R-HSA-9843970|Reactome:R-HSA-9918481|Reactome:R-HSA-9930044|Reactome:R-HSA-9931510|Reactome:R-MMU-159231|Reactome:R-MMU-159236|Reactome:R-MMU-72163|Reactome:R-MMU-72165|Reactome:R-MMU-72187|Reactome:R-MMU-72203|Reactome:R-MMU-73856|Reactome:R-MMU-77595|Reactome:R-MMU-9013422|Reactome:R-MMU-9770562|Reactome:R-MMU-983168|Reactome:R-MMU-9930044|Reactome:R-RNO-159231|Reactome:R-RNO-72165|Reactome:R-RNO-73856|Reactome:R-RNO-77595|Reactome:R-RNO-9770562|Reactome:R-SCE-983168|Reactome:R-SPO-9770562|Reactome:R-SPO-983168|Reactome:R-XTR-77595|Reactome:R-XTR-9770562
SnRV	72393bd558fa29f3b0c5e4245f0e65c9	618	MobiDBLite	mobidb-lite	consensus disorder prediction	554	583	-	T	13-08-2026	-	-	-	-
SnRV	72393bd558fa29f3b0c5e4245f0e65c9	618	Gene3D	G3DSA:4.10.60.10	-	517	569	2.4E-5	T	13-08-2026	-	-	-	-
SnRV	72393bd558fa29f3b0c5e4245f0e65c9	618	MobiDBLite	mobidb-lite	consensus disorder prediction	20	55	-	T	13-08-2026	-	-	-	-
SnRV	72393bd558fa29f3b0c5e4245f0e65c9	618	MobiDBLite	mobidb-lite	consensus disorder prediction	20	38	-	T	13-08-2026	-	-	-	-
SnRV	72393bd558fa29f3b0c5e4245f0e65c9	618	MobiDBLite	mobidb-lite	consensus disorder prediction	288	318	-	T	13-08-2026	-	-	-	-
Mabel	8989f45862590adb2d32b36e2baa443d	287	PANTHER	PTHR47331	PHD-TYPE DOMAIN-CONTAINING PROTEIN	2	285	1.8E-25	T	13-08-2026	-	-	-	-
Mabel	8989f45862590adb2d32b36e2baa443d	287	Coils	Coil	Coil	102	122	-	T	13-08-2026	-	-	-	-
Mabel	8989f45862590adb2d32b36e2baa443d	287	ProSiteProfiles	PS50158	Zinc finger CCHC-type profile.	254	269	8.89451	T	13-08-2026	IPR001878	Zinc finger, CCHC-type	GO:0003676(InterPro)|GO:0008270(InterPro)	Reactome:R-BTA-159231|Reactome:R-BTA-159236|Reactome:R-BTA-72163|Reactome:R-BTA-72165|Reactome:R-BTA-72203|Reactome:R-BTA-73856|Reactome:R-BTA-77595|Reactome:R-BTA-9770562|Reactome:R-CEL-159236|Reactome:R-CEL-72163|Reactome:R-CEL-73856|Reactome:R-DME-159231|Reactome:R-DME-159236|Reactome:R-DME-1834941|Reactome:R-DME-72163|Reactome:R-DME-72165|Reactome:R-DME-72203|Reactome:R-DME-73856|Reactome:R-DME-77595|Reactome:R-DME-8941326|Reactome:R-DME-9770562|Reactome:R-DME-9930044|Reactome:R-DRE-72165|Reactome:R-HSA-1169408|Reactome:R-HSA-159231|Reactome:R-HSA-159236|Reactome:R-HSA-162585|Reactome:R-HSA-162588|Reactome:R-HSA-162592|Reactome:R-HSA-162594|Reactome:R-HSA-164516|Reactome:R-HSA-164525|Reactome:R-HSA-164843|Reactome:R-HSA-168315|Reactome:R-HSA-173107|Reactome:R-HSA-174490|Reactome:R-HSA-174495|Reactome:R-HSA-175474|Reactome:R-HSA-175567|Reactome:R-HSA-177539|Reactome:R-HSA-180689|Reactome:R-HSA-180910|Reactome:R-HSA-429947|Reactome:R-HSA-452723|Reactome:R-HSA-6784531|Reactome:R-HSA-72163|Reactome:R-HSA-72165|Reactome:R-HSA-72187|Reactome:R-HSA-72203|Reactome:R-HSA-73856|Reactome:R-HSA-77595|Reactome:R-HSA-9013422|Reactome:R-HSA-9682706|Reactome:R-HSA-9694686|Reactome:R-HSA-9705671|Reactome:R-HSA-9770562|Reactome:R-HSA-9819196|Reactome:R-HSA-9820865|Reactome:R-HSA-983168|Reactome:R-HSA-9843970|Reactome:R-HSA-9918481|Reactome:R-HSA-9930044|Reactome:R-HSA-9931510|Reactome:R-MMU-159231|Reactome:R-MMU-159236|Reactome:R-MMU-72163|Reactome:R-MMU-72165|Reactome:R-MMU-72187|Reactome:R-MMU-72203|Reactome:R-MMU-73856|Reactome:R-MMU-77595|Reactome:R-MMU-9013422|Reactome:R-MMU-9770562|Reactome:R-MMU-983168|Reactome:R-MMU-9930044|Reactome:R-RNO-159231|Reactome:R-RNO-72165|Reactome:R-RNO-73856|Reactome:R-RNO-77595|Reactome:R-RNO-9770562|Reactome:R-SCE-983168|Reactome:R-SPO-9770562|Reactome:R-SPO-983168|Reactome:R-XTR-77595|Reactome:R-XTR-9770562
Mabel	8989f45862590adb2d32b36e2baa443d	287	Pfam	PF03564	Protein of unknown function (DUF1759)	9	136	7.2E-24	T	13-08-2026	IPR005312	Domain of unknown function DUF1759	-	-
Cer10-1	387d5ea523106e9233551bbd2332e97b	360	Pfam	PF03564	Protein of unknown function (DUF1759)	14	151	0.0053	T	13-08-2026	IPR005312	Domain of unknown function DUF1759	-	-
CoDi6.2	0957768ac7cf843053fefc21003e5e0c	373	ProSiteProfiles	PS50158	Zinc finger CCHC-type profile.	269	285	8.960441	T	13-08-2026	IPR001878	Zinc finger, CCHC-type	GO:0003676(InterPro)|GO:0008270(InterPro)	Reactome:R-BTA-159231|Reactome:R-BTA-159236|Reactome:R-BTA-72163|Reactome:R-BTA-72165|Reactome:R-BTA-72203|Reactome:R-BTA-73856|Reactome:R-BTA-77595|Reactome:R-BTA-9770562|Reactome:R-CEL-159236|Reactome:R-CEL-72163|Reactome:R-CEL-73856|Reactome:R-DME-159231|Reactome:R-DME-159236|Reactome:R-DME-1834941|Reactome:R-DME-72163|Reactome:R-DME-72165|Reactome:R-DME-72203|Reactome:R-DME-73856|Reactome:R-DME-77595|Reactome:R-DME-8941326|Reactome:R-DME-9770562|Reactome:R-DME-9930044|Reactome:R-DRE-72165|Reactome:R-HSA-1169408|Reactome:R-HSA-159231|Reactome:R-HSA-159236|Reactome:R-HSA-162585|Reactome:R-HSA-162588|Reactome:R-HSA-162592|Reactome:R-HSA-162594|Reactome:R-HSA-164516|Reactome:R-HSA-164525|Reactome:R-HSA-164843|Reactome:R-HSA-168315|Reactome:R-HSA-173107|Reactome:R-HSA-174490|Reactome:R-HSA-174495|Reactome:R-HSA-175474|Reactome:R-HSA-175567|Reactome:R-HSA-177539|Reactome:R-HSA-180689|Reactome:R-HSA-180910|Reactome:R-HSA-429947|Reactome:R-HSA-452723|Reactome:R-HSA-6784531|Reactome:R-HSA-72163|Reactome:R-HSA-72165|Reactome:R-HSA-72187|Reactome:R-HSA-72203|Reactome:R-HSA-73856|Reactome:R-HSA-77595|Reactome:R-HSA-9013422|Reactome:R-HSA-9682706|Reactome:R-HSA-9694686|Reactome:R-HSA-9705671|Reactome:R-HSA-9770562|Reactome:R-HSA-9819196|Reactome:R-HSA-9820865|Reactome:R-HSA-983168|Reactome:R-HSA-9843970|Reactome:R-HSA-9918481|Reactome:R-HSA-9930044|Reactome:R-HSA-9931510|Reactome:R-MMU-159231|Reactome:R-MMU-159236|Reactome:R-MMU-72163|Reactome:R-MMU-72165|Reactome:R-MMU-72187|Reactome:R-MMU-72203|Reactome:R-MMU-73856|Reactome:R-MMU-77595|Reactome:R-MMU-9013422|Reactome:R-MMU-9770562|Reactome:R-MMU-983168|Reactome:R-MMU-9930044|Reactome:R-RNO-159231|Reactome:R-RNO-72165|Reactome:R-RNO-73856|Reactome:R-RNO-77595|Reactome:R-RNO-9770562|Reactome:R-SCE-983168|Reactome:R-SPO-9770562|Reactome:R-SPO-983168|Reactome:R-XTR-77595|Reactome:R-XTR-9770562
CoDi6.2	0957768ac7cf843053fefc21003e5e0c	373	SUPERFAMILY	SSF57756	Retrovirus zinc finger-like domains	308	333	4.01E-6	T	13-08-2026	IPR036875	Zinc finger, CCHC-type superfamily	GO:0003676(InterPro)|GO:0008270(InterPro)	Reactome:R-BTA-159231|Reactome:R-BTA-159236|Reactome:R-BTA-72163|Reactome:R-BTA-72165|Reactome:R-BTA-72203|Reactome:R-BTA-73856|Reactome:R-BTA-77595|Reactome:R-BTA-9770562|Reactome:R-CEL-159236|Reactome:R-CEL-72163|Reactome:R-CEL-73856|Reactome:R-DME-159231|Reactome:R-DME-159236|Reactome:R-DME-1834941|Reactome:R-DME-72163|Reactome:R-DME-72165|Reactome:R-DME-72203|Reactome:R-DME-73856|Reactome:R-DME-77595|Reactome:R-DME-9770562|Reactome:R-DRE-72165|Reactome:R-HSA-1169408|Reactome:R-HSA-159231|Reactome:R-HSA-159236|Reactome:R-HSA-162585|Reactome:R-HSA-162588|Reactome:R-HSA-162592|Reactome:R-HSA-162594|Reactome:R-HSA-164516|Reactome:R-HSA-164525|Reactome:R-HSA-164843|Reactome:R-HSA-168315|Reactome:R-HSA-173107|Reactome:R-HSA-174490|Reactome:R-HSA-174495|Reactome:R-HSA-175474|Reactome:R-HSA-175567|Reactome:R-HSA-177539|Reactome:R-HSA-180689|Reactome:R-HSA-180910|Reactome:R-HSA-429947|Reactome:R-HSA-452723|Reactome:R-HSA-6784531|Reactome:R-HSA-72163|Reactome:R-HSA-72165|Reactome:R-HSA-72187|Reactome:R-HSA-72203|Reactome:R-HSA-73856|Reactome:R-HSA-77595|Reactome:R-HSA-9013422|Reactome:R-HSA-9682706|Reactome:R-HSA-9694686|Reactome:R-HSA-9705671|Reactome:R-HSA-9770562|Reactome:R-HSA-9819196|Reactome:R-HSA-9820865|Reactome:R-HSA-983168|Reactome:R-HSA-9918481|Reactome:R-HSA-9930044|Reactome:R-MMU-159231|Reactome:R-MMU-159236|Reactome:R-MMU-72163|Reactome:R-MMU-72165|Reactome:R-MMU-72187|Reactome:R-MMU-72203|Reactome:R-MMU-73856|Reactome:R-MMU-77595|Reactome:R-MMU-9013422|Reactome:R-MMU-9770562|Reactome:R-MMU-983168|Reactome:R-RNO-159231|Reactome:R-RNO-72165|Reactome:R-RNO-73856|Reactome:R-RNO-77595|Reactome:R-RNO-9770562|Reactome:R-SCE-983168|Reactome:R-SPO-9770562|Reactome:R-SPO-983168|Reactome:R-XTR-77595|Reactome:R-XTR-9770562
CoDi6.2	0957768ac7cf843053fefc21003e5e0c	373	ProSiteProfiles	PS50158	Zinc finger CCHC-type profile.	313	328	9.735132	T	13-08-2026	IPR001878	Zinc finger, CCHC-type	GO:0003676(InterPro)|GO:0008270(InterPro)	Reactome:R-BTA-159231|Reactome:R-BTA-159236|Reactome:R-BTA-72163|Reactome:R-BTA-72165|Reactome:R-BTA-72203|Reactome:R-BTA-73856|Reactome:R-BTA-77595|Reactome:R-BTA-9770562|Reactome:R-CEL-159236|Reactome:R-CEL-72163|Reactome:R-CEL-73856|Reactome:R-DME-159231|Reactome:R-DME-159236|Reactome:R-DME-1834941|Reactome:R-DME-72163|Reactome:R-DME-72165|Reactome:R-DME-72203|Reactome:R-DME-73856|Reactome:R-DME-77595|Reactome:R-DME-8941326|Reactome:R-DME-9770562|Reactome:R-DME-9930044|Reactome:R-DRE-72165|Reactome:R-HSA-1169408|Reactome:R-HSA-159231|Reactome:R-HSA-159236|Reactome:R-HSA-162585|Reactome:R-HSA-162588|Reactome:R-HSA-162592|Reactome:R-HSA-162594|Reactome:R-HSA-164516|Reactome:R-HSA-164525|Reactome:R-HSA-164843|Reactome:R-HSA-168315|Reactome:R-HSA-173107|Reactome:R-HSA-174490|Reactome:R-HSA-174495|Reactome:R-HSA-175474|Reactome:R-HSA-175567|Reactome:R-HSA-177539|Reactome:R-HSA-180689|Reactome:R-HSA-180910|Reactome:R-HSA-429947|Reactome:R-HSA-452723|Reactome:R-HSA-6784531|Reactome:R-HSA-72163|Reactome:R-HSA-72165|Reactome:R-HSA-72187|Reactome:R-HSA-72203|Reactome:R-HSA-73856|Reactome:R-HSA-77595|Reactome:R-HSA-9013422|Reactome:R-HSA-9682706|Reactome:R-HSA-9694686|Reactome:R-HSA-9705671|Reactome:R-HSA-9770562|Reactome:R-HSA-9819196|Reactome:R-HSA-9820865|Reactome:R-HSA-983168|Reactome:R-HSA-9843970|Reactome:R-HSA-9918481|Reactome:R-HSA-9930044|Reactome:R-HSA-9931510|Reactome:R-MMU-159231|Reactome:R-MMU-159236|Reactome:R-MMU-72163|Reactome:R-MMU-72165|Reactome:R-MMU-72187|Reactome:R-MMU-72203|Reactome:R-MMU-73856|Reactome:R-MMU-77595|Reactome:R-MMU-9013422|Reactome:R-MMU-9770562|Reactome:R-MMU-983168|Reactome:R-MMU-9930044|Reactome:R-RNO-159231|Reactome:R-RNO-72165|Reactome:R-RNO-73856|Reactome:R-RNO-77595|Reactome:R-RNO-9770562|Reactome:R-SCE-983168|Reactome:R-SPO-9770562|Reactome:R-SPO-983168|Reactome:R-XTR-77595|Reactome:R-XTR-9770562
CoDi6.2	0957768ac7cf843053fefc21003e5e0c	373	SMART	SM00343	c2hcfinal6	313	329	0.0047	T	13-08-2026	IPR001878	Zinc finger, CCHC-type	GO:0003676(InterPro)|GO:0008270(InterPro)	Reactome:R-BTA-159231|Reactome:R-BTA-159236|Reactome:R-BTA-72163|Reactome:R-BTA-72165|Reactome:R-BTA-72203|Reactome:R-BTA-73856|Reactome:R-BTA-77595|Reactome:R-BTA-9770562|Reactome:R-CEL-159236|Reactome:R-CEL-72163|Reactome:R-CEL-73856|Reactome:R-DME-159231|Reactome:R-DME-159236|Reactome:R-DME-1834941|Reactome:R-DME-72163|Reactome:R-DME-72165|Reactome:R-DME-72203|Reactome:R-DME-73856|Reactome:R-DME-77595|Reactome:R-DME-8941326|Reactome:R-DME-9770562|Reactome:R-DME-9930044|Reactome:R-DRE-72165|Reactome:R-HSA-1169408|Reactome:R-HSA-159231|Reactome:R-HSA-159236|Reactome:R-HSA-162585|Reactome:R-HSA-162588|Reactome:R-HSA-162592|Reactome:R-HSA-162594|Reactome:R-HSA-164516|Reactome:R-HSA-164525|Reactome:R-HSA-164843|Reactome:R-HSA-168315|Reactome:R-HSA-173107|Reactome:R-HSA-174490|Reactome:R-HSA-174495|Reactome:R-HSA-175474|Reactome:R-HSA-175567|Reactome:R-HSA-177539|Reactome:R-HSA-180689|Reactome:R-HSA-180910|Reactome:R-HSA-429947|Reactome:R-HSA-452723|Reactome:R-HSA-6784531|Reactome:R-HSA-72163|Reactome:R-HSA-72165|Reactome:R-HSA-72187|Reactome:R-HSA-72203|Reactome:R-HSA-73856|Reactome:R-HSA-77595|Reactome:R-HSA-9013422|Reactome:R-HSA-9682706|Reactome:R-HSA-9694686|Reactome:R-HSA-9705671|Reactome:R-HSA-9770562|Reactome:R-HSA-9819196|Reactome:R-HSA-9820865|Reactome:R-HSA-983168|Reactome:R-HSA-9843970|Reactome:R-HSA-9918481|Reactome:R-HSA-9930044|Reactome:R-HSA-9931510|Reactome:R-MMU-159231|Reactome:R-MMU-159236|Reactome:R-MMU-72163|Reactome:R-MMU-72165|Reactome:R-MMU-72187|Reactome:R-MMU-72203|Reactome:R-MMU-73856|Reactome:R-MMU-77595|Reactome:R-MMU-9013422|Reactome:R-MMU-9770562|Reactome:R-MMU-983168|Reactome:R-MMU-9930044|Reactome:R-RNO-159231|Reactome:R-RNO-72165|Reactome:R-RNO-73856|Reactome:R-RNO-77595|Reactome:R-RNO-9770562|Reactome:R-SCE-983168|Reactome:R-SPO-9770562|Reactome:R-SPO-983168|Reactome:R-XTR-77595|Reactome:R-XTR-9770562
CoDi6.2	0957768ac7cf843053fefc21003e5e0c	373	SMART	SM00343	c2hcfinal6	269	285	0.044	T	13-08-2026	IPR001878	Zinc finger, CCHC-type	GO:0003676(InterPro)|GO:0008270(InterPro)	Reactome:R-BTA-159231|Reactome:R-BTA-159236|Reactome:R-BTA-72163|Reactome:R-BTA-72165|Reactome:R-BTA-72203|Reactome:R-BTA-73856|Reactome:R-BTA-77595|Reactome:R-BTA-9770562|Reactome:R-CEL-159236|Reactome:R-CEL-72163|Reactome:R-CEL-73856|Reactome:R-DME-159231|Reactome:R-DME-159236|Reactome:R-DME-1834941|Reactome:R-DME-72163|Reactome:R-DME-72165|Reactome:R-DME-72203|Reactome:R-DME-73856|Reactome:R-DME-77595|Reactome:R-DME-8941326|Reactome:R-DME-9770562|Reactome:R-DME-9930044|Reactome:R-DRE-72165|Reactome:R-HSA-1169408|Reactome:R-HSA-159231|Reactome:R-HSA-159236|Reactome:R-HSA-162585|Reactome:R-HSA-162588|Reactome:R-HSA-162592|Reactome:R-HSA-162594|Reactome:R-HSA-164516|Reactome:R-HSA-164525|Reactome:R-HSA-164843|Reactome:R-HSA-168315|Reactome:R-HSA-173107|Reactome:R-HSA-174490|Reactome:R-HSA-174495|Reactome:R-HSA-175474|Reactome:R-HSA-175567|Reactome:R-HSA-177539|Reactome:R-HSA-180689|Reactome:R-HSA-180910|Reactome:R-HSA-429947|Reactome:R-HSA-452723|Reactome:R-HSA-6784531|Reactome:R-HSA-72163|Reactome:R-HSA-72165|Reactome:R-HSA-72187|Reactome:R-HSA-72203|Reactome:R-HSA-73856|Reactome:R-HSA-77595|Reactome:R-HSA-9013422|Reactome:R-HSA-9682706|Reactome:R-HSA-9694686|Reactome:R-HSA-9705671|Reactome:R-HSA-9770562|Reactome:R-HSA-9819196|Reactome:R-HSA-9820865|Reactome:R-HSA-983168|Reactome:R-HSA-9843970|Reactome:R-HSA-9918481|Reactome:R-HSA-9930044|Reactome:R-HSA-9931510|Reactome:R-MMU-159231|Reactome:R-MMU-159236|Reactome:R-MMU-72163|Reactome:R-MMU-72165|Reactome:R-MMU-72187|Reactome:R-MMU-72203|Reactome:R-MMU-73856|Reactome:R-MMU-77595|Reactome:R-MMU-9013422|Reactome:R-MMU-9770562|Reactome:R-MMU-983168|Reactome:R-MMU-9930044|Reactome:R-RNO-159231|Reactome:R-RNO-72165|Reactome:R-RNO-73856|Reactome:R-RNO-77595|Reactome:R-RNO-9770562|Reactome:R-SCE-983168|Reactome:R-SPO-9770562|Reactome:R-SPO-983168|Reactome:R-XTR-77595|Reactome:R-XTR-9770562
CoDi6.2	0957768ac7cf843053fefc21003e5e0c	373	Pfam	PF14223	gag-polypeptide of LTR copia-type	114	232	6.2E-8	T	13-08-2026	IPR061502	Copia/RE1/RE2-like, N-terminal domain	-	-
CoDi6.2	0957768ac7cf843053fefc21003e5e0c	373	Pfam	PF00098	Zinc knuckle	312	328	0.38	T	13-08-2026	IPR001878	Zinc finger, CCHC-type	GO:0003676(InterPro)|GO:0008270(InterPro)	Reactome:R-BTA-159231|Reactome:R-BTA-159236|Reactome:R-BTA-72163|Reactome:R-BTA-72165|Reactome:R-BTA-72203|Reactome:R-BTA-73856|Reactome:R-BTA-77595|Reactome:R-BTA-9770562|Reactome:R-CEL-159236|Reactome:R-CEL-72163|Reactome:R-CEL-73856|Reactome:R-DME-159231|Reactome:R-DME-159236|Reactome:R-DME-1834941|Reactome:R-DME-72163|Reactome:R-DME-72165|Reactome:R-DME-72203|Reactome:R-DME-73856|Reactome:R-DME-77595|Reactome:R-DME-8941326|Reactome:R-DME-9770562|Reactome:R-DME-9930044|Reactome:R-DRE-72165|Reactome:R-HSA-1169408|Reactome:R-HSA-159231|Reactome:R-HSA-159236|Reactome:R-HSA-162585|Reactome:R-HSA-162588|Reactome:R-HSA-162592|Reactome:R-HSA-162594|Reactome:R-HSA-164516|Reactome:R-HSA-164525|Reactome:R-HSA-164843|Reactome:R-HSA-168315|Reactome:R-HSA-173107|Reactome:R-HSA-174490|Reactome:R-HSA-174495|Reactome:R-HSA-175474|Reactome:R-HSA-175567|Reactome:R-HSA-177539|Reactome:R-HSA-180689|Reactome:R-HSA-180910|Reactome:R-HSA-429947|Reactome:R-HSA-452723|Reactome:R-HSA-6784531|Reactome:R-HSA-72163|Reactome:R-HSA-72165|Reactome:R-HSA-72187|Reactome:R-HSA-72203|Reactome:R-HSA-73856|Reactome:R-HSA-77595|Reactome:R-HSA-9013422|Reactome:R-HSA-9682706|Reactome:R-HSA-9694686|Reactome:R-HSA-9705671|Reactome:R-HSA-9770562|Reactome:R-HSA-9819196|Reactome:R-HSA-9820865|Reactome:R-HSA-983168|Reactome:R-HSA-9843970|Reactome:R-HSA-9918481|Reactome:R-HSA-9930044|Reactome:R-HSA-9931510|Reactome:R-MMU-159231|Reactome:R-MMU-159236|Reactome:R-MMU-72163|Reactome:R-MMU-72165|Reactome:R-MMU-72187|Reactome:R-MMU-72203|Reactome:R-MMU-73856|Reactome:R-MMU-77595|Reactome:R-MMU-9013422|Reactome:R-MMU-9770562|Reactome:R-MMU-983168|Reactome:R-MMU-9930044|Reactome:R-RNO-159231|Reactome:R-RNO-72165|Reactome:R-RNO-73856|Reactome:R-RNO-77595|Reactome:R-RNO-9770562|Reactome:R-SCE-983168|Reactome:R-SPO-9770562|Reactome:R-SPO-983168|Reactome:R-XTR-77595|Reactome:R-XTR-9770562
CoDi6.2	0957768ac7cf843053fefc21003e5e0c	373	Gene3D	G3DSA:4.10.60.10	-	248	338	7.0E-12	T	13-08-2026	-	-	-	-
CoDi6.2	0957768ac7cf843053fefc21003e5e0c	373	SUPERFAMILY	SSF57756	Retrovirus zinc finger-like domains	267	291	2.51E-5	T	13-08-2026	IPR036875	Zinc finger, CCHC-type superfamily	GO:0003676(InterPro)|GO:0008270(InterPro)	Reactome:R-BTA-159231|Reactome:R-BTA-159236|Reactome:R-BTA-72163|Reactome:R-BTA-72165|Reactome:R-BTA-72203|Reactome:R-BTA-73856|Reactome:R-BTA-77595|Reactome:R-BTA-9770562|Reactome:R-CEL-159236|Reactome:R-CEL-72163|Reactome:R-CEL-73856|Reactome:R-DME-159231|Reactome:R-DME-159236|Reactome:R-DME-1834941|Reactome:R-DME-72163|Reactome:R-DME-72165|Reactome:R-DME-72203|Reactome:R-DME-73856|Reactome:R-DME-77595|Reactome:R-DME-9770562|Reactome:R-DRE-72165|Reactome:R-HSA-1169408|Reactome:R-HSA-159231|Reactome:R-HSA-159236|Reactome:R-HSA-162585|Reactome:R-HSA-162588|Reactome:R-HSA-162592|Reactome:R-HSA-162594|Reactome:R-HSA-164516|Reactome:R-HSA-164525|Reactome:R-HSA-164843|Reactome:R-HSA-168315|Reactome:R-HSA-173107|Reactome:R-HSA-174490|Reactome:R-HSA-174495|Reactome:R-HSA-175474|Reactome:R-HSA-175567|Reactome:R-HSA-177539|Reactome:R-HSA-180689|Reactome:R-HSA-180910|Reactome:R-HSA-429947|Reactome:R-HSA-452723|Reactome:R-HSA-6784531|Reactome:R-HSA-72163|Reactome:R-HSA-72165|Reactome:R-HSA-72187|Reactome:R-HSA-72203|Reactome:R-HSA-73856|Reactome:R-HSA-77595|Reactome:R-HSA-9013422|Reactome:R-HSA-9682706|Reactome:R-HSA-9694686|Reactome:R-HSA-9705671|Reactome:R-HSA-9770562|Reactome:R-HSA-9819196|Reactome:R-HSA-9820865|Reactome:R-HSA-983168|Reactome:R-HSA-9918481|Reactome:R-HSA-9930044|Reactome:R-MMU-159231|Reactome:R-MMU-159236|Reactome:R-MMU-72163|Reactome:R-MMU-72165|Reactome:R-MMU-72187|Reactome:R-MMU-72203|Reactome:R-MMU-73856|Reactome:R-MMU-77595|Reactome:R-MMU-9013422|Reactome:R-MMU-9770562|Reactome:R-MMU-983168|Reactome:R-RNO-159231|Reactome:R-RNO-72165|Reactome:R-RNO-73856|Reactome:R-RNO-77595|Reactome:R-RNO-9770562|Reactome:R-SCE-983168|Reactome:R-SPO-9770562|Reactome:R-SPO-983168|Reactome:R-XTR-77595|Reactome:R-XTR-9770562
CoDi6.3	46ca6c672a56ff9a6441a6cffb792d84	343	Pfam	PF14223	gag-polypeptide of LTR copia-type	76	226	1.6E-6	T	13-08-2026	IPR061502	Copia/RE1/RE2-like, N-terminal domain	-	-
CoDi6.3	46ca6c672a56ff9a6441a6cffb792d84	343	SMART	SM00343	c2hcfinal6	249	265	0.032	T	13-08-2026	IPR001878	Zinc finger, CCHC-type	GO:0003676(InterPro)|GO:0008270(InterPro)	Reactome:R-BTA-159231|Reactome:R-BTA-159236|Reactome:R-BTA-72163|Reactome:R-BTA-72165|Reactome:R-BTA-72203|Reactome:R-BTA-73856|Reactome:R-BTA-77595|Reactome:R-BTA-9770562|Reactome:R-CEL-159236|Reactome:R-CEL-72163|Reactome:R-CEL-73856|Reactome:R-DME-159231|Reactome:R-DME-159236|Reactome:R-DME-1834941|Reactome:R-DME-72163|Reactome:R-DME-72165|Reactome:R-DME-72203|Reactome:R-DME-73856|Reactome:R-DME-77595|Reactome:R-DME-8941326|Reactome:R-DME-9770562|Reactome:R-DME-9930044|Reactome:R-DRE-72165|Reactome:R-HSA-1169408|Reactome:R-HSA-159231|Reactome:R-HSA-159236|Reactome:R-HSA-162585|Reactome:R-HSA-162588|Reactome:R-HSA-162592|Reactome:R-HSA-162594|Reactome:R-HSA-164516|Reactome:R-HSA-164525|Reactome:R-HSA-164843|Reactome:R-HSA-168315|Reactome:R-HSA-173107|Reactome:R-HSA-174490|Reactome:R-HSA-174495|Reactome:R-HSA-175474|Reactome:R-HSA-175567|Reactome:R-HSA-177539|Reactome:R-HSA-180689|Reactome:R-HSA-180910|Reactome:R-HSA-429947|Reactome:R-HSA-452723|Reactome:R-HSA-6784531|Reactome:R-HSA-72163|Reactome:R-HSA-72165|Reactome:R-HSA-72187|Reactome:R-HSA-72203|Reactome:R-HSA-73856|Reactome:R-HSA-77595|Reactome:R-HSA-9013422|Reactome:R-HSA-9682706|Reactome:R-HSA-9694686|Reactome:R-HSA-9705671|Reactome:R-HSA-9770562|Reactome:R-HSA-9819196|Reactome:R-HSA-9820865|Reactome:R-HSA-983168|Reactome:R-HSA-9843970|Reactome:R-HSA-9918481|Reactome:R-HSA-9930044|Reactome:R-HSA-9931510|Reactome:R-MMU-159231|Reactome:R-MMU-159236|Reactome:R-MMU-72163|Reactome:R-MMU-72165|Reactome:R-MMU-72187|Reactome:R-MMU-72203|Reactome:R-MMU-73856|Reactome:R-MMU-77595|Reactome:R-MMU-9013422|Reactome:R-MMU-9770562|Reactome:R-MMU-983168|Reactome:R-MMU-9930044|Reactome:R-RNO-159231|Reactome:R-RNO-72165|Reactome:R-RNO-73856|Reactome:R-RNO-77595|Reactome:R-RNO-9770562|Reactome:R-SCE-983168|Reactome:R-SPO-9770562|Reactome:R-SPO-983168|Reactome:R-XTR-77595|Reactome:R-XTR-9770562
CoDi6.3	46ca6c672a56ff9a6441a6cffb792d84	343	SMART	SM00343	c2hcfinal6	284	300	0.15	T	13-08-2026	IPR001878	Zinc finger, CCHC-type	GO:0003676(InterPro)|GO:0008270(InterPro)	Reactome:R-BTA-159231|Reactome:R-BTA-159236|Reactome:R-BTA-72163|Reactome:R-BTA-72165|Reactome:R-BTA-72203|Reactome:R-BTA-73856|Reactome:R-BTA-77595|Reactome:R-BTA-9770562|Reactome:R-CEL-159236|Reactome:R-CEL-72163|Reactome:R-CEL-73856|Reactome:R-DME-159231|Reactome:R-DME-159236|Reactome:R-DME-1834941|Reactome:R-DME-72163|Reactome:R-DME-72165|Reactome:R-DME-72203|Reactome:R-DME-73856|Reactome:R-DME-77595|Reactome:R-DME-8941326|Reactome:R-DME-9770562|Reactome:R-DME-9930044|Reactome:R-DRE-72165|Reactome:R-HSA-1169408|Reactome:R-HSA-159231|Reactome:R-HSA-159236|Reactome:R-HSA-162585|Reactome:R-HSA-162588|Reactome:R-HSA-162592|Reactome:R-HSA-162594|Reactome:R-HSA-164516|Reactome:R-HSA-164525|Reactome:R-HSA-164843|Reactome:R-HSA-168315|Reactome:R-HSA-173107|Reactome:R-HSA-174490|Reactome:R-HSA-174495|Reactome:R-HSA-175474|Reactome:R-HSA-175567|Reactome:R-HSA-177539|Reactome:R-HSA-180689|Reactome:R-HSA-180910|Reactome:R-HSA-429947|Reactome:R-HSA-452723|Reactome:R-HSA-6784531|Reactome:R-HSA-72163|Reactome:R-HSA-72165|Reactome:R-HSA-72187|Reactome:R-HSA-72203|Reactome:R-HSA-73856|Reactome:R-HSA-77595|Reactome:R-HSA-9013422|Reactome:R-HSA-9682706|Reactome:R-HSA-9694686|Reactome:R-HSA-9705671|Reactome:R-HSA-9770562|Reactome:R-HSA-9819196|Reactome:R-HSA-9820865|Reactome:R-HSA-983168|Reactome:R-HSA-9843970|Reactome:R-HSA-9918481|Reactome:R-HSA-9930044|Reactome:R-HSA-9931510|Reactome:R-MMU-159231|Reactome:R-MMU-159236|Reactome:R-MMU-72163|Reactome:R-MMU-72165|Reactome:R-MMU-72187|Reactome:R-MMU-72203|Reactome:R-MMU-73856|Reactome:R-MMU-77595|Reactome:R-MMU-9013422|Reactome:R-MMU-9770562|Reactome:R-MMU-983168|Reactome:R-MMU-9930044|Reactome:R-RNO-159231|Reactome:R-RNO-72165|Reactome:R-RNO-73856|Reactome:R-RNO-77595|Reactome:R-RNO-9770562|Reactome:R-SCE-983168|Reactome:R-SPO-9770562|Reactome:R-SPO-983168|Reactome:R-XTR-77595|Reactome:R-XTR-9770562
CoDi6.3	46ca6c672a56ff9a6441a6cffb792d84	343	Gene3D	G3DSA:4.10.60.10	-	224	310	1.2E-8	T	13-08-2026	-	-	-	-
CoDi6.3	46ca6c672a56ff9a6441a6cffb792d84	343	Coils	Coil	Coil	216	236	-	T	13-08-2026	-	-	-	-
CoDi6.3	46ca6c672a56ff9a6441a6cffb792d84	343	SUPERFAMILY	SSF57756	Retrovirus zinc finger-like domains	247	301	4.93E-6	T	13-08-2026	IPR036875	Zinc finger, CCHC-type superfamily	GO:0003676(InterPro)|GO:0008270(InterPro)	Reactome:R-BTA-159231|Reactome:R-BTA-159236|Reactome:R-BTA-72163|Reactome:R-BTA-72165|Reactome:R-BTA-72203|Reactome:R-BTA-73856|Reactome:R-BTA-77595|Reactome:R-BTA-9770562|Reactome:R-CEL-159236|Reactome:R-CEL-72163|Reactome:R-CEL-73856|Reactome:R-DME-159231|Reactome:R-DME-159236|Reactome:R-DME-1834941|Reactome:R-DME-72163|Reactome:R-DME-72165|Reactome:R-DME-72203|Reactome:R-DME-73856|Reactome:R-DME-77595|Reactome:R-DME-9770562|Reactome:R-DRE-72165|Reactome:R-HSA-1169408|Reactome:R-HSA-159231|Reactome:R-HSA-159236|Reactome:R-HSA-162585|Reactome:R-HSA-162588|Reactome:R-HSA-162592|Reactome:R-HSA-162594|Reactome:R-HSA-164516|Reactome:R-HSA-164525|Reactome:R-HSA-164843|Reactome:R-HSA-168315|Reactome:R-HSA-173107|Reactome:R-HSA-174490|Reactome:R-HSA-174495|Reactome:R-HSA-175474|Reactome:R-HSA-175567|Reactome:R-HSA-177539|Reactome:R-HSA-180689|Reactome:R-HSA-180910|Reactome:R-HSA-429947|Reactome:R-HSA-452723|Reactome:R-HSA-6784531|Reactome:R-HSA-72163|Reactome:R-HSA-72165|Reactome:R-HSA-72187|Reactome:R-HSA-72203|Reactome:R-HSA-73856|Reactome:R-HSA-77595|Reactome:R-HSA-9013422|Reactome:R-HSA-9682706|Reactome:R-HSA-9694686|Reactome:R-HSA-9705671|Reactome:R-HSA-9770562|Reactome:R-HSA-9819196|Reactome:R-HSA-9820865|Reactome:R-HSA-983168|Reactome:R-HSA-9918481|Reactome:R-HSA-9930044|Reactome:R-MMU-159231|Reactome:R-MMU-159236|Reactome:R-MMU-72163|Reactome:R-MMU-72165|Reactome:R-MMU-72187|Reactome:R-MMU-72203|Reactome:R-MMU-73856|Reactome:R-MMU-77595|Reactome:R-MMU-9013422|Reactome:R-MMU-9770562|Reactome:R-MMU-983168|Reactome:R-RNO-159231|Reactome:R-RNO-72165|Reactome:R-RNO-73856|Reactome:R-RNO-77595|Reactome:R-RNO-9770562|Reactome:R-SCE-983168|Reactome:R-SPO-9770562|Reactome:R-SPO-983168|Reactome:R-XTR-77595|Reactome:R-XTR-9770562
CoDi6.3	46ca6c672a56ff9a6441a6cffb792d84	343	Coils	Coil	Coil	303	323	-	T	13-08-2026	-	-	-	-
CoDi6.3	46ca6c672a56ff9a6441a6cffb792d84	343	MobiDBLite	mobidb-lite	consensus disorder prediction	257	279	-	T	13-08-2026	-	-	-	-
CoDi6.3	46ca6c672a56ff9a6441a6cffb792d84	343	MobiDBLite	mobidb-lite	consensus disorder prediction	303	325	-	T	13-08-2026	-	-	-	-
CoDi6.3	46ca6c672a56ff9a6441a6cffb792d84	343	MobiDBLite	mobidb-lite	consensus disorder prediction	257	269	-	T	13-08-2026	-	-	-	-
CoDi6.3	46ca6c672a56ff9a6441a6cffb792d84	343	MobiDBLite	mobidb-lite	consensus disorder prediction	303	317	-	T	13-08-2026	-	-	-	-
CoDi6.3	46ca6c672a56ff9a6441a6cffb792d84	343	ProSiteProfiles	PS50158	Zinc finger CCHC-type profile.	249	265	9.273614	T	13-08-2026	IPR001878	Zinc finger, CCHC-type	GO:0003676(InterPro)|GO:0008270(InterPro)	Reactome:R-BTA-159231|Reactome:R-BTA-159236|Reactome:R-BTA-72163|Reactome:R-BTA-72165|Reactome:R-BTA-72203|Reactome:R-BTA-73856|Reactome:R-BTA-77595|Reactome:R-BTA-9770562|Reactome:R-CEL-159236|Reactome:R-CEL-72163|Reactome:R-CEL-73856|Reactome:R-DME-159231|Reactome:R-DME-159236|Reactome:R-DME-1834941|Reactome:R-DME-72163|Reactome:R-DME-72165|Reactome:R-DME-72203|Reactome:R-DME-73856|Reactome:R-DME-77595|Reactome:R-DME-8941326|Reactome:R-DME-9770562|Reactome:R-DME-9930044|Reactome:R-DRE-72165|Reactome:R-HSA-1169408|Reactome:R-HSA-159231|Reactome:R-HSA-159236|Reactome:R-HSA-162585|Reactome:R-HSA-162588|Reactome:R-HSA-162592|Reactome:R-HSA-162594|Reactome:R-HSA-164516|Reactome:R-HSA-164525|Reactome:R-HSA-164843|Reactome:R-HSA-168315|Reactome:R-HSA-173107|Reactome:R-HSA-174490|Reactome:R-HSA-174495|Reactome:R-HSA-175474|Reactome:R-HSA-175567|Reactome:R-HSA-177539|Reactome:R-HSA-180689|Reactome:R-HSA-180910|Reactome:R-HSA-429947|Reactome:R-HSA-452723|Reactome:R-HSA-6784531|Reactome:R-HSA-72163|Reactome:R-HSA-72165|Reactome:R-HSA-72187|Reactome:R-HSA-72203|Reactome:R-HSA-73856|Reactome:R-HSA-77595|Reactome:R-HSA-9013422|Reactome:R-HSA-9682706|Reactome:R-HSA-9694686|Reactome:R-HSA-9705671|Reactome:R-HSA-9770562|Reactome:R-HSA-9819196|Reactome:R-HSA-9820865|Reactome:R-HSA-983168|Reactome:R-HSA-9843970|Reactome:R-HSA-9918481|Reactome:R-HSA-9930044|Reactome:R-HSA-9931510|Reactome:R-MMU-159231|Reactome:R-MMU-159236|Reactome:R-MMU-72163|Reactome:R-MMU-72165|Reactome:R-MMU-72187|Reactome:R-MMU-72203|Reactome:R-MMU-73856|Reactome:R-MMU-77595|Reactome:R-MMU-9013422|Reactome:R-MMU-9770562|Reactome:R-MMU-983168|Reactome:R-MMU-9930044|Reactome:R-RNO-159231|Reactome:R-RNO-72165|Reactome:R-RNO-73856|Reactome:R-RNO-77595|Reactome:R-RNO-9770562|Reactome:R-SCE-983168|Reactome:R-SPO-9770562|Reactome:R-SPO-983168|Reactome:R-XTR-77595|Reactome:R-XTR-9770562
Cico1	15bac1e200b60b7b9e092ec6f206c6d7	255	Pfam	PF12353	Eukaryotic translation initiation factor 3 subunit G	176	234	0.078	T	13-08-2026	IPR024675	Eukaryotic translation initiation factor 3 subunit G, N-terminal	-	Reactome:R-CEL-156827|Reactome:R-CEL-72649|Reactome:R-CEL-72689|Reactome:R-CEL-72695|Reactome:R-CEL-72702|Reactome:R-DDI-156827|Reactome:R-DDI-72689|Reactome:R-DDI-72695|Reactome:R-DDI-72702|Reactome:R-DME-156827|Reactome:R-DME-72649|Reactome:R-DME-72689|Reactome:R-DME-72695|Reactome:R-DME-72702|Reactome:R-DRE-156827|Reactome:R-DRE-72649|Reactome:R-DRE-72689|Reactome:R-DRE-72695|Reactome:R-DRE-72702|Reactome:R-HSA-156827|Reactome:R-HSA-72649|Reactome:R-HSA-72689|Reactome:R-HSA-72695|Reactome:R-HSA-72702|Reactome:R-HSA-72706|Reactome:R-MMU-156827|Reactome:R-MMU-72649|Reactome:R-MMU-72689|Reactome:R-MMU-72695|Reactome:R-MMU-72702|Reactome:R-MMU-72706|Reactome:R-RNO-156827|Reactome:R-RNO-72649|Reactome:R-RNO-72689|Reactome:R-RNO-72695|Reactome:R-RNO-72702|Reactome:R-SCE-156827|Reactome:R-SCE-72649|Reactome:R-SCE-72695|Reactome:R-SCE-72702|Reactome:R-SPO-156827|Reactome:R-SPO-72649|Reactome:R-SPO-72689|Reactome:R-SPO-72695|Reactome:R-SPO-72702|Reactome:R-SPO-72706|Reactome:R-XTR-156827|Reactome:R-XTR-72695|Reactome:R-XTR-72702
